number(0), number(1), t, x(0), x(1), x(2), data 
0, 0, 3.026935e+00, -3.016106e-16, 0.000000e+00, 6.930000e-01, 1.564814e-01, 1.472780e-01, 1.703443e-01, -8.920935e-01, -2.664092e-03, 7.059589e-01, -1.050568e-02, 7.490895e+00, -1.248766e-03
0, 0, 3.016812e+00, -3.016106e-16, 0.000000e+00, 6.930000e-01, 8.260071e-02, 1.519332e-01, 1.496494e-01, -6.012851e-01, 1.933095e-03, 9.544502e-01, -1.221774e-02, 7.770750e+00, -2.483256e-03
0, 0, 3.006688e+00, -3.016106e-16, 0.000000e+00, 6.930000e-01, -3.516353e-03, 1.657284e-01, 1.387998e-01, -4.019621e-01, 3.768366e-03, 1.092049e+00, -1.143003e-02, 8.113192e+00, -3.765059e-04
0, 0, 2.996565e+00, -3.016106e-16, 0.000000e+00, 6.930000e-01, -9.546261e-02, 1.787532e-01, 1.407479e-01, -3.634036e-01, 2.275620e-03, 1.111032e+00, -8.680406e-03, 8.516882e+00, 1.614281e-03
0, 0, 2.986441e+00, -3.016106e-16, 0.000000e+00, 6.930000e-01, -1.850659e-01, 1.820066e-01, 1.470779e-01, -4.802182e-01, -3.426197e-04, 1.083849e+00, -5.572530e-03, 8.961081e+00, 1.798437e-03
0, 0, 2.976318e+00, -3.016106e-16, 0.000000e+00, 6.930000e-01, -2.625205e-01, 1.738901e-01, 1.473129e-01, -6.912723e-01, -1.938053e-03, 1.092111e+00, -4.406505e-03, 9.391798e+00, 3.780296e-04
0, 0, 2.966194e+00, -3.016106e-16, 0.000000e+00, 6.930000e-01, -3.194070e-01, 1.598095e-01, 1.406919e-01, -9.215000e-01, -6.360664e-04, 1.148139e+00, -7.331332e-03, 9.737015e+00, -1.639447e-03
0, 0, 2.956071e+00, -3.016106e-16, 0.000000e+00, 6.930000e-01, -3.541276e-01, 1.485367e-01, 1.368650e-01, -1.110827e+00, 1.858639e-03, 1.189445e+00, -1.344528e-02, 9.948565e+00, -2.311647e-03
0, 0, 2.945947e+00, -3.016106e-16, 0.000000e+00, 6.930000e-01, -3.743039e-01, 1.455692e-01, 1.467567e-01, -1.221811e+00, 1.628745e-03, 1.147395e+00, -1.813164e-02, 1.003402e+01, -5.695342e-04
0, 0, 2.935824e+00, -3.016106e-16, 0.000000e+00, 6.930000e-01, -3.917968e-01, 1.488556e-01, 1.727401e-01, -1.243443e+00, -1.380058e-03, 1.018731e+00, -1.714388e-02, 1.004760e+01, 2.007463e-03
0, 0, 2.925700e+00, -3.016106e-16, 0.000000e+00, 6.930000e-01, -4.145959e-01, 1.516366e-01, 2.058654e-01, -1.197637e+00, -3.297332e-03, 8.740358e-01, -1.004902e-02, 1.004957e+01, 2.531388e-03
0, 0, 2.915577e+00, -3.016106e-16, 0.000000e+00, 6.930000e-01, -4.430614e-01, 1.487616e-01, 2.320683e-01, -1.135973e+00, -1.885667e-03, 7.989029e-01, -3.515976e-04, 1.006991e+01, 6.357880e-04
0, 0, 2.905453e+00, -3.016106e-16, 0.000000e+00, 6.930000e-01, -4.722590e-01, 1.395347e-01, 2.431421e-01, -1.117440e+00, 1.464356e-03, 8.200671e-01, 5.369909e-03, 1.010176e+01, -1.513572e-03
0, 0, 2.895330e+00, -3.016106e-16, 0.000000e+00, 6.930000e-01, -4.972104e-01, 1.260015e-01, 2.431729e-01, -1.171938e+00, 4.055153e-03, 8.850750e-01, 1.520285e-03, 1.012386e+01, -2.422225e-03
0, 0, 2.885206e+00, -3.016106e-16, 0.000000e+00, 6.930000e-01, -5.164325e-01, 1.113540e-01, 2.436616e-01, -1.271085e+00, 3.352111e-03, 9.168804e-01, -9.741642e-03, 1.012891e+01, -1.634465e-03
0, 0, 2.875083e+00, -3.016106e-16, 0.000000e+00, 6.930000e-01, -5.305460e-01, 9.875902e-02, 2.524959e-01, -1.338112e+00, -7.115264e-04, 8.857030e-01, -1.924042e-02, 1.013115e+01, 9.256543e-04
0, 0, 2.864959e+00, -3.016106e-16, 0.000000e+00, 6.930000e-01, -5.389972e-01, 8.869891e-02, 2.682706e-01, -1.300417e+00, -4.538837e-03, 8.254660e-01, -2.122128e-02, 1.015161e+01, 3.004537e-03
0, 0, 2.854835e+00, -3.016106e-16, 0.000000e+00, 6.930000e-01, -5.408707e-01, 7.778620e-02, 2.833788e-01, -1.139531e+00, -4.166257e-03, 7.917507e-01, -1.914700e-02, 1.020197e+01, 1.875843e-03
0, 0, 2.844712e+00, -3.016106e-16, 0.000000e+00, 6.930000e-01, -5.388327e-01, 6.147364e-02, 2.913029e-01, -9.013233e-01, -3.579765e-04, 8.080946e-01, -1.792186e-02, 1.027616e+01, -9.787673e-04
0, 0, 2.834588e+00, -3.016106e-16, 0.000000e+00, 6.930000e-01, -5.400702e-01, 3.661905e-02, 2.926538e-01, -6.687903e-01, 2.652447e-03, 8.453705e-01, -1.440938e-02, 1.034553e+01, -2.187311e-03
0, 0, 2.824465e+00, -3.016106e-16, 0.000000e+00, 6.930000e-01, -5.543090e-01, 2.982127e-03, 2.936782e-01, -5.171869e-01, 3.010449e-03, 8.528608e-01, -1.322302e-03, 1.036976e+01, -9.787400e-04
0, 0, 2.814341e+00, -3.016106e-16, 0.000000e+00, 6.930000e-01, -5.931016e-01, -3.518196e-02, 2.978972e-01, -4.768888e-01, 1.638144e-03, 8.131924e-01, 1.788244e-02, 1.033594e+01, 6.827636e-04
0, 0, 2.804218e+00, -3.016106e-16, 0.000000e+00, 6.930000e-01, -6.659441e-01, -7.042047e-02, 3.005262e-01, -5.237032e-01, 2.137453e-04, 7.689775e-01, 2.277206e-02, 1.029027e+01, 9.454637e-04
0, 0, 2.794094e+00, -3.016106e-16, 0.000000e+00, 6.930000e-01, -7.657971e-01, -9.619137e-02, 2.915960e-01, -6.025525e-01, -2.088623e-04, 7.923594e-01, -4.225141e-03, 1.030412e+01, -8.922518e-05
0, 0, 2.783971e+00, -3.016106e-16, 0.000000e+00, 6.930000e-01, -8.528771e-01, -1.100037e-01, 2.641184e-01, -6.658679e-01, -5.698414e-04, 9.247258e-01, -4.765110e-02, 1.038060e+01, -1.075109e-03
0, 0, 2.773847e+00, -3.016106e-16, 0.000000e+00, 6.930000e-01, -8.619862e-01, -1.127872e-01, 2.198066e-01, -6.990961e-01, -2.051144e-03, 1.140588e+00, -6.220787e-02, 1.040208e+01, -5.832770e-04
0, 0, 2.763724e+00, -3.016106e-16, 0.000000e+00, 6.930000e-01, -7.458364e-01, -1.069118e-01, 1.689000e-01, -7.223818e-01, -3.201288e-03, 1.358815e+00, -2.125083e-02, 1.021581e+01, 1.043523e-03
0, 0, 2.753600e+00, -3.016106e-16, 0.000000e+00, 6.930000e-01, -5.231603e-01, -9.597998e-02, 1.243568e-01, -7.693337e-01, -1.443381e-03, 1.492904e+00, 4.275959e-02, 9.802236e+00, 1.983927e-03
0, 0, 2.743477e+00, -3.016106e-16, 0.000000e+00, 6.930000e-01, -2.715009e-01, -8.486100e-02, 9.322351e-02, -8.610508e-01, 2.019428e-03, 1.505999e+00, 6.267703e-02, 9.320164e+00, 1.273292e-03
0, 0, 2.733353e+00, -3.016106e-16, 0.000000e+00, 6.930000e-01, -4.801370e-02, -7.892677e-02, 7.055282e-02, -9.990857e-01, 3.853798e-03, 1.427626e+00, 8.810260e-03, 8.918186e+00, -8.437144e-04
0, 0, 2.723230e+00, -3.016106e-16, 0.000000e+00, 6.930000e-01, 1.849155e-01, -8.098748e-02, 3.930585e-02, -1.174529e+00, 3.438343e-03, 1.327174e+00, -7.025890e-02, 8.509239e+00, -2.958916e-03
0, 0, 2.713106e+00, -3.016106e-16, 0.000000e+00, 6.930000e-01, 5.266714e-01, -8.789171e-02, -2.265871e-02, -1.373628e+00, 9.849323e-04, 1.272026e+00, -9.274096e-02, 7.838145e+00, -3.017013e-03
0, 0, 2.702983e+00, -3.016106e-16, 0.000000e+00, 6.930000e-01, 1.001413e+00, -9.244932e-02, -1.301653e-01, -1.575394e+00, -3.113885e-03, 1.295260e+00, -3.348723e-02, 6.870889e+00, -4.646310e-04
0, 0, 2.692859e+00, -3.016106e-16, 0.000000e+00, 6.930000e-01, 1.455012e+00, -8.840038e-02, -2.800059e-01, -1.751276e+00, -5.551150e-03, 1.388019e+00, 4.567561e-02, 6.091518e+00, 3.174094e-03
0, 0, 2.682735e+00, -3.016106e-16, 0.000000e+00, 6.930000e-01, 1.624043e+00, -7.338443e-02, -4.495023e-01, -1.875653e+00, -3.945959e-03, 1.512959e+00, 6.532569e-02, 6.270278e+00, 5.461181e-03
0, 0, 2.672612e+00, -3.016106e-16, 0.000000e+00, 6.930000e-01, 1.349659e+00, -5.011830e-02, -6.051271e-01, -1.945056e+00, 5.040882e-04, 1.620349e+00, 1.447400e-02, 7.794802e+00, 3.746438e-03
0, 0, 2.662488e+00, -3.016106e-16, 0.000000e+00, 6.930000e-01, 7.393918e-01, -2.413859e-02, -7.168460e-01, -1.988033e+00, 5.861931e-03, 1.661459e+00, -4.624235e-02, 1.019866e+01, -2.592097e-03
0, 0, 2.652365e+00, -3.016106e-16, 0.000000e+00, 6.930000e-01, 1.055217e-01, 8.181766e-04, -7.720075e-01, -2.043405e+00, 8.558156e-03, 1.609804e+00, -5.737350e-02, 1.242047e+01, -8.995268e-03
0, 0, 2.642241e+00, -3.016106e-16, 0.000000e+00, 6.930000e-01, -2.722219e-01, 2.386446e-02, -7.808639e-01, -2.117523e+00, 4.594911e-03, 1.486518e+00, -2.031192e-02, 1.360127e+01, -7.802791e-03
0, 0, 2.632118e+00, -3.016106e-16, 0.000000e+00, 6.930000e-01, -3.365881e-01, 4.416499e-02, -7.690206e-01, -2.170678e+00, -4.969704e-03, 1.357034e+00, 1.664732e-02, 1.367130e+01, 2.256737e-03
0, 0, 2.621994e+00, -3.016106e-16, 0.000000e+00, 6.930000e-01, -2.344302e-01, 5.825434e-02, -7.617040e-01, -2.152064e+00, -1.271688e-02, 1.288337e+00, 1.859465e-02, 1.321837e+01, 1.185886e-02
0, 0, 2.611871e+00, -3.016106e-16, 0.000000e+00, 6.930000e-01, -1.444385e-01, 6.104188e-02, -7.688055e-01, -2.045677e+00, -1.188929e-02, 1.300148e+00, -3.952917e-03, 1.286016e+01, 1.038308e-02
0, 0, 2.601747e+00, -3.016106e-16, 0.000000e+00, 6.930000e-01, -1.347928e-01, 4.723233e-02, -7.762319e-01, -1.883151e+00, -1.919173e-03, 1.344837e+00, -2.137637e-02, 1.276075e+01, -3.662204e-03
0, 0, 2.591624e+00, -3.016106e-16, 0.000000e+00, 6.930000e-01, -1.653767e-01, 1.268592e-02, -7.516419e-01, -1.701233e+00, 1.281546e-02, 1.343256e+00, -2.237473e-02, 1.267288e+01, -1.766662e-02
0, 0, 2.581500e+00, -3.016106e-16, 0.000000e+00, 6.930000e-01, -1.844011e-01, -3.974365e-02, -6.662397e-01, -1.473694e+00, 2.124430e-02, 1.261783e+00, -1.615242e-02, 1.232012e+01, -1.336436e-02
0, 0, 2.571377e+00, -3.016106e-16, 0.000000e+00, 6.930000e-01, -1.935000e-01, -9.754232e-02, -5.168424e-01, -1.099306e+00, 1.344126e-02, 1.153595e+00, -1.198223e-02, 1.167627e+01, 1.054438e-02
0, 0, 2.561253e+00, -3.016106e-16, 0.000000e+00, 6.930000e-01, -2.286218e-01, -1.419720e-01, -3.301209e-01, -4.858144e-01, -6.175536e-03, 1.117499e+00, -8.463123e-03, 1.093073e+01, 3.036037e-02
0, 0, 2.551130e+00, -3.016106e-16, 0.000000e+00, 6.930000e-01, -3.074208e-01, -1.539059e-01, -1.427179e-01, 3.388544e-01, -2.330625e-02, 1.214818e+00, -8.070055e-04, 1.027438e+01, 2.122698e-02
0, 0, 2.541006e+00, -3.016106e-16, 0.000000e+00, 6.930000e-01, -4.084436e-01, -1.254210e-01, 3.142041e-02, 1.186471e+00, -2.418818e-02, 1.405855e+00, 7.394870e-03, 9.738958e+00, -1.329140e-02
0, 0, 2.530883e+00, -3.016106e-16, 0.000000e+00, 6.930000e-01, -4.920159e-01, -7.123221e-02, 2.155828e-01, 1.779160e+00, -5.632722e-03, 1.552440e+00, 5.559794e-03, 9.202407e+00, -4.183388e-02
0, 0, 2.520759e+00, -3.016106e-16, 0.000000e+00, 6.930000e-01, -5.295234e-01, -2.539080e-02, 4.398429e-01, 1.896484e+00, 1.794683e-02, 1.512980e+00, -8.675115e-03, 8.534885e+00, -3.470008e-02
0, 0, 2.510635e+00, -3.016106e-16, 0.000000e+00, 6.930000e-01, -5.115222e-01, -2.128523e-02, 6.853756e-01, 1.484192e+00, 2.576778e-02, 1.262726e+00, -2.324675e-02, 7.769009e+00, 5.622864e-03
0, 0, 2.500512e+00, -3.016106e-16, 0.000000e+00, 6.930000e-01, -4.375709e-01, -7.008071e-02, 8.638626e-01, 6.417381e-01, 1.177836e-02, 9.231616e-01, -2.552774e-02, 7.148402e+00, 4.145178e-02
0, 0, 2.490388e+00, -3.016106e-16, 0.000000e+00, 6.930000e-01, -3.123889e-01, -1.519550e-01, 8.663340e-01, -4.541856e-01, -9.126150e-03, 6.805211e-01, -1.489636e-02, 6.989702e+00, 3.820394e-02
0, 0, 2.480265e+00, -3.016106e-16, 0.000000e+00, 6.930000e-01, -1.556249e-01, -2.265721e-01, 6.515949e-01, -1.602073e+00, -1.855178e-02, 6.597458e-01, -8.047126e-04, 7.438773e+00, 2.464042e-03
0, 0, 2.470141e+00, -3.016106e-16, 0.000000e+00, 6.930000e-01, -5.972477e-03, -2.615429e-01, 2.992898e-01, -2.595661e+00, -1.110674e-02, 8.422248e-01, 5.334920e-03, 8.313165e+00, -2.886428e-02
0, 0, 2.460018e+00, -3.016106e-16, 0.000000e+00, 6.930000e-01, 9.318192e-02, -2.544645e-01, -3.243202e-02, -3.255057e+00, 4.122468e-03, 1.097480e+00, -3.694196e-04, 9.198542e+00, -2.842824e-02
0, 0, 2.449894e+00, -3.016106e-16, 0.000000e+00, 6.930000e-01, 1.186815e-01, -2.275226e-01, -2.175522e-01, -3.498111e+00, 1.114409e-02, 1.297744e+00, -1.058450e-02, 9.743684e+00, -2.977314e-03
0, 0, 2.439771e+00, -3.016106e-16, 0.000000e+00, 6.930000e-01, 8.443419e-02, -2.068156e-01, -2.424732e-01, -3.412682e+00, 5.171645e-03, 1.398019e+00, -1.550072e-02, 9.889038e+00, 1.772689e-02
0, 0, 2.429647e+00, -3.016106e-16, 0.000000e+00, 6.930000e-01, 3.261328e-02, -2.038763e-01, -1.901380e-01, -3.232201e+00, -3.343137e-03, 1.426593e+00, -1.275514e-02, 9.834632e+00, 1.535098e-02
0, 0, 2.419524e+00, -3.016106e-16, 0.000000e+00, 6.930000e-01, 2.545211e-03, -2.114303e-01, -1.542855e-01, -3.187195e+00, -5.461503e-03, 1.430320e+00, -7.035027e-03, 9.812055e+00, -4.714938e-04
0, 0, 2.409400e+00, -3.016106e-16, 0.000000e+00, 6.930000e-01, 5.049380e-03, -2.155655e-01, -1.666523e-01, -3.354496e+00, -7.035673e-04, 1.429717e+00, -4.400432e-03, 9.888674e+00, -1.036476e-02
0, 0, 2.399277e+00, -3.016106e-16, 0.000000e+00, 6.930000e-01, 2.299954e-02, -2.076015e-01, -1.964191e-01, -3.636304e+00, 5.153718e-03, 1.416779e+00, -6.516355e-03, 9.968891e+00, -7.894253e-03
0, 0, 2.389153e+00, -3.016106e-16, 0.000000e+00, 6.930000e-01, 3.179748e-02, -1.857391e-01, -2.036035e-01, -3.867124e+00, 4.279031e-03, 1.387655e+00, -8.866881e-03, 9.944083e+00, 1.994511e-04
0, 0, 2.379030e+00, -3.016106e-16, 0.000000e+00, 6.930000e-01, 2.029130e-02, -1.527485e-01, -1.805826e-01, -3.942192e+00, -2.737624e-03, 1.357988e+00, -7.912466e-03, 9.805057e+00, 6.044493e-03
0, 0, 2.368906e+00, -3.016106e-16, 0.000000e+00, 6.930000e-01, -5.125926e-03, -1.143675e-01, -1.481027e-01, -3.860363e+00, -7.427237e-03, 1.348314e+00, -5.770947e-03, 9.623838e+00, 6.667548e-03
0, 0, 2.358783e+00, -3.016106e-16, 0.000000e+00, 6.930000e-01, -3.296991e-02, -7.764719e-02, -1.280877e-01, -3.672158e+00, -5.459630e-03, 1.375715e+00, -5.350333e-03, 9.471799e+00, 3.058078e-03
0, 0, 2.348659e+00, -3.016106e-16, 0.000000e+00, 6.930000e-01, -5.625855e-02, -4.935445e-02, -1.260231e-01, -3.430184e+00, 1.936607e-03, 1.444426e+00, -7.620588e-03, 9.366316e+00, -2.816016e-03
0, 0, 2.338535e+00, -3.016106e-16, 0.000000e+00, 6.930000e-01, -7.122736e-02, -3.389056e-02, -1.327702e-01, -3.194738e+00, 9.812582e-03, 1.526507e+00, -1.100227e-02, 9.279705e+00, -8.271550e-03
0, 0, 2.328412e+00, -3.016106e-16, 0.000000e+00, 6.930000e-01, -7.435982e-02, -3.023304e-02, -1.365559e-01, -3.039956e+00, 9.665979e-03, 1.568980e+00, -1.119353e-02, 9.180453e+00, -8.197102e-03
0, 0, 2.318288e+00, -3.016106e-16, 0.000000e+00, 6.930000e-01, -6.188647e-02, -3.233192e-02, -1.318795e-01, -3.022339e+00, 2.443565e-04, 1.530815e+00, -7.583197e-03, 9.054188e+00, -1.082244e-04
0, 0, 2.308165e+00, -3.016106e-16, 0.000000e+00, 6.930000e-01, -3.360585e-02, -3.295354e-02, -1.222960e-01, -3.130768e+00, -9.317487e-03, 1.428429e+00, -4.179223e-03, 8.904647e+00, 9.700846e-03
0, 0, 2.298041e+00, -3.016106e-16, 0.000000e+00, 6.930000e-01, 2.916324e-03, -2.737858e-02, -1.193746e-01, -3.266922e+00, -1.158634e-02, 1.350397e+00, -3.187370e-03, 8.752505e+00, 1.153574e-02
0, 0, 2.287918e+00, -3.016106e-16, 0.000000e+00, 6.930000e-01, 3.795119e-02, -1.747954e-02, -1.336535e-01, -3.310106e+00, -5.626559e-03, 1.385417e+00, -4.352296e-03, 8.616278e+00, 2.790314e-03
0, 0, 2.277794e+00, -3.016106e-16, 0.000000e+00, 6.930000e-01, 6.896477e-02, -1.239790e-02, -1.617799e-01, -3.226365e+00, 3.704634e-03, 1.518597e+00, -6.704030e-03, 8.486623e+00, -8.042893e-03
0, 0, 2.267671e+00, -3.016106e-16, 0.000000e+00, 6.930000e-01, 1.037389e-01, -2.294333e-02, -1.850269e-01, -3.112125e+00, 9.446801e-03, 1.618116e+00, -1.085961e-02, 8.324332e+00, -1.063480e-02
0, 0, 2.257547e+00, -3.016106e-16, 0.000000e+00, 6.930000e-01, 1.553423e-01, -5.310927e-02, -1.845132e-01, -3.134536e+00, 9.927369e-03, 1.536220e+00, -1.588481e-02, 8.090312e+00, -4.546109e-03
0, 0, 2.247424e+00, -3.016106e-16, 0.000000e+00, 6.930000e-01, 2.306090e-01, -9.200087e-02, -1.624359e-01, -3.404609e+00, 4.759019e-03, 1.251297e+00, -1.391045e-02, 7.790762e+00, 4.294486e-03
0, 0, 2.237300e+00, -3.016106e-16, 0.000000e+00, 6.930000e-01, 3.244992e-01, -1.172483e-01, -1.444415e-01, -3.878909e+00, -4.636958e-03, 9.058129e-01, -2.729991e-03, 7.482021e+00, 7.983409e-03
0, 0, 2.227177e+00, -3.016106e-16, 0.000000e+00, 6.930000e-01, 4.224974e-01, -1.091838e-01, -1.570510e-01, -4.374939e+00, -1.054569e-02, 6.848788e-01, 6.921434e-03, 7.225310e+00, 2.671383e-03
0, 0, 2.217053e+00, -3.016106e-16, 0.000000e+00, 6.930000e-01, 5.044229e-01, -5.810823e-02, -2.072922e-01, -4.667571e+00, -1.093283e-02, 6.876214e-01, 6.239785e-03, 7.049303e+00, -2.024119e-03
0, 0, 2.206930e+00, -3.016106e-16, 0.000000e+00, 6.930000e-01, 5.575474e-01, 2.855011e-02, -2.775385e-01, -4.625392e+00, -3.796546e-03, 8.839020e-01, -6.694896e-03, 6.936253e+00, -6.840710e-04
0, 0, 2.196806e+00, -3.016106e-16, 0.000000e+00, 6.930000e-01, 5.877314e-01, 1.233103e-01, -3.389149e-01, -4.305500e+00, 1.349071e-02, 1.154844e+00, -2.461003e-02, 6.838719e+00, -1.367688e-03
0, 0, 2.186683e+00, -3.016106e-16, 0.000000e+00, 6.930000e-01, 6.093677e-01, 1.958138e-01, -3.779064e-01, -3.878777e+00, 2.333123e-02, 1.406465e+00, -2.825497e-02, 6.724472e+00, -3.784802e-03
0, 0, 2.176559e+00, -3.016106e-16, 0.000000e+00, 6.930000e-01, 6.307097e-01, 2.260257e-01, -4.007353e-01, -3.473882e+00, 9.139169e-03, 1.614101e+00, -9.831175e-03, 6.585242e+00, -2.142574e-03
0, 0, 2.166435e+00, -3.016106e-16, 0.000000e+00, 6.930000e-01, 6.475562e-01, 2.091973e-01, -4.172392e-01, -3.091439e+00, -1.828230e-02, 1.783647e+00, 1.380767e-02, 6.418251e+00, 1.779084e-03
0, 0, 2.156312e+00, -3.016106e-16, 0.000000e+00, 6.930000e-01, 6.459965e-01, 1.657737e-01, -4.354548e-01, -2.634988e+00, -3.379901e-02, 1.947504e+00, 2.092849e-02, 6.236006e+00, 5.159643e-03
0, 0, 2.146188e+00, -3.016106e-16, 0.000000e+00, 6.930000e-01, 6.207280e-01, 1.321725e-01, -4.591196e-01, -2.083957e+00, -1.876244e-02, 2.127989e+00, 3.703017e-03, 6.074109e+00, 4.779262e-03
0, 0, 2.136065e+00, -3.016106e-16, 0.000000e+00, 6.930000e-01, 5.886392e-01, 1.309870e-01, -4.839158e-01, -1.634442e+00, 1.602059e-02, 2.272983e+00, -2.362361e-02, 5.982069e+00, -4.041571e-04
0, 0, 2.125941e+00, -3.016106e-16, 0.000000e+00, 6.930000e-01, 5.760606e-01, 1.512628e-01, -5.002101e-01, -1.599826e+00, 3.606704e-02, 2.273339e+00, -3.526285e-02, 6.011095e+00, -5.127890e-03
0, 0, 2.115818e+00, -3.016106e-16, 0.000000e+00, 6.930000e-01, 5.946740e-01, 1.564561e-01, -4.972493e-01, -2.149852e+00, 2.308813e-02, 2.045470e+00, -2.168830e-02, 6.182601e+00, -5.362669e-03
0, 0, 2.105694e+00, -3.016106e-16, 0.000000e+00, 6.930000e-01, 6.270117e-01, 1.192715e-01, -4.707666e-01, -3.114200e+00, -7.630924e-03, 1.623977e+00, 2.414549e-03, 6.462312e+00, -1.567859e-03
0, 0, 2.095571e+00, -3.016106e-16, 0.000000e+00, 6.930000e-01, 6.355656e-01, 5.078623e-02, -4.287348e-01, -4.047204e+00, -2.511049e-02, 1.169007e+00, 1.573527e-02, 6.768275e+00, 2.759400e-03
0, 0, 2.085447e+00, -3.016106e-16, 0.000000e+00, 6.930000e-01, 5.927937e-01, -8.087052e-03, -3.871066e-01, -4.525259e+00, -1.730733e-02, 8.553234e-01, 1.033106e-02, 7.002743e+00, 4.717445e-03
0, 0, 2.075324e+00, -3.016106e-16, 0.000000e+00, 6.930000e-01, 5.029198e-01, -2.306396e-02, -3.595122e-01, -4.412001e+00, -1.073344e-04, 7.588414e-01, -3.938340e-03, 7.096621e+00, 4.044116e-03
0, 0, 2.065200e+00, -3.016106e-16, 0.000000e+00, 6.930000e-01, 3.981692e-01, 4.295037e-03, -3.461780e-01, -3.898877e+00, 1.150843e-02, 8.202234e-01, -1.655756e-02, 7.029513e+00, -1.072505e-03
0, 0, 2.055077e+00, -3.016106e-16, 0.000000e+00, 6.930000e-01, 3.125144e-01, 4.468309e-02, -3.353529e-01, -3.314238e+00, 1.156964e-02, 9.133596e-01, -2.234677e-02, 6.824841e+00, -6.736203e-03
0, 0, 2.044953e+00, -3.016106e-16, 0.000000e+00, 6.930000e-01, 2.553894e-01, 7.139488e-02, -3.154357e-01, -2.875933e+00, 4.104880e-04, 9.555934e-01, -1.635535e-02, 6.538998e+00, -3.123121e-03
0, 0, 2.034830e+00, -3.016106e-16, 0.000000e+00, 6.930000e-01, 2.138436e-01, 7.468672e-02, -2.803385e-01, -2.607286e+00, -7.853408e-03, 9.296585e-01, -3.109026e-03, 6.229813e+00, 4.520086e-03
0, 0, 2.024706e+00, -3.016106e-16, 0.000000e+00, 6.930000e-01, 1.675806e-01, 6.189951e-02, -2.349874e-01, -2.395545e+00, -3.548757e-03, 8.706718e-01, 8.071748e-03, 5.942681e+00, 4.216680e-03
0, 0, 2.014582e+00, -3.016106e-16, 0.000000e+00, 6.930000e-01, 9.883807e-02, 5.216498e-02, -1.966950e-01, -2.092594e+00, 3.861342e-03, 8.540143e-01, 1.341660e-02, 5.715385e+00, -7.185116e-04
0, 0, 2.004459e+00, -3.016106e-16, 0.000000e+00, 6.930000e-01, 3.804139e-03, 5.817153e-02, -1.767077e-01, -1.633601e+00, 4.126918e-03, 9.194764e-01, 8.145246e-03, 5.557240e+00, -3.335134e-03
0, 0, 1.994335e+00, -3.016106e-16, 0.000000e+00, 6.930000e-01, -1.048473e-01, 7.793786e-02, -1.686182e-01, -1.076823e+00, -1.801411e-03, 1.036280e+00, -1.121255e-02, 5.442234e+00, -1.971320e-03
0, 0, 1.984212e+00, -3.016106e-16, 0.000000e+00, 6.930000e-01, -2.077297e-01, 1.044156e-01, -1.590225e-01, -5.348640e-01, -2.968628e-03, 1.152220e+00, -3.809329e-02, 5.337238e+00, 4.541039e-04
0, 0, 1.974088e+00, -3.016106e-16, 0.000000e+00, 6.930000e-01, -2.917134e-01, 1.310767e-01, -1.409529e-01, -8.727267e-02, 2.750848e-03, 1.236208e+00, -4.989903e-02, 5.230595e+00, 3.532229e-04
0, 0, 1.963965e+00, -3.016106e-16, 0.000000e+00, 6.930000e-01, -3.603536e-01, 1.525493e-01, -1.202184e-01, 2.683315e-01, -2.875322e-03, 1.303136e+00, -1.840503e-02, 5.140942e+00, 3.654313e-03
0, 0, 1.953841e+00, -3.016106e-16, 0.000000e+00, 6.930000e-01, -4.270324e-01, 1.584499e-01, -1.029719e-01, 5.685130e-01, -9.404830e-03, 1.372260e+00, 4.315510e-02, 5.081649e+00, 5.187223e-03
0, 0, 1.943718e+00, -3.016106e-16, 0.000000e+00, 6.930000e-01, -5.059566e-01, 1.404935e-01, -8.594024e-02, 8.191759e-01, 5.858205e-03, 1.426498e+00, 7.982983e-02, 5.042293e+00, -4.683551e-03
0, 0, 1.933594e+00, -3.016106e-16, 0.000000e+00, 6.930000e-01, -6.144673e-01, 1.132010e-01, -6.978747e-02, 1.034190e+00, 1.265732e-02, 1.476056e+00, 5.735321e-02, 5.030695e+00, -6.931564e-03
0, 0, 1.923471e+00, -3.016106e-16, 0.000000e+00, 6.930000e-01, -7.490416e-01, 9.206307e-02, -4.986970e-02, 1.219175e+00, 1.176650e-04, 1.516494e+00, -2.494876e-02, 5.037333e+00, 1.941699e-03
0, 0, 1.913347e+00, -3.016106e-16, 0.000000e+00, 6.930000e-01, -8.721538e-01, 7.372385e-02, -1.313020e-02, 1.357764e+00, -3.809219e-03, 1.497764e+00, -1.233368e-01, 5.010752e+00, 2.101082e-03
0, 0, 1.903224e+00, -3.016106e-16, 0.000000e+00, 6.930000e-01, -9.516698e-01, 5.953991e-02, 3.063885e-02, 1.517718e+00, -5.517971e-03, 1.471915e+00, -1.492152e-01, 4.951698e+00, 4.375806e-05
0, 0, 1.893100e+00, -3.016106e-16, 0.000000e+00, 6.930000e-01, -9.863344e-01, 4.962803e-02, 6.249501e-02, 1.771020e+00, -8.306934e-03, 1.526486e+00, -6.487213e-02, 4.903189e+00, 1.861093e-03
0, 0, 1.882977e+00, -3.016106e-16, 0.000000e+00, 6.930000e-01, -1.017305e+00, 3.271030e-02, 8.165257e-02, 2.056865e+00, -6.256605e-04, 1.636221e+00, 7.072179e-02, 4.901091e+00, 7.044343e-04
0, 0, 1.872853e+00, -3.016106e-16, 0.000000e+00, 6.930000e-01, -1.129569e+00, 6.924082e-03, 9.515955e-02, 2.262411e+00, 9.059783e-03, 1.737239e+00, 1.627569e-01, 4.995595e+00, -6.885733e-04
0, 0, 1.862730e+00, -3.016106e-16, 0.000000e+00, 6.930000e-01, -1.389084e+00, -2.006353e-02, 1.138435e-01, 2.305429e+00, 1.086743e-02, 1.777417e+00, 1.492373e-01, 5.207483e+00, -1.337888e-03
0, 0, 1.852606e+00, -3.016106e-16, 0.000000e+00, 6.930000e-01, -1.763176e+00, -4.145558e-02, 1.457590e-01, 2.167918e+00, 3.306212e-03, 1.732604e+00, 4.400133e-02, 5.491920e+00, -2.233024e-03
0, 0, 1.842482e+00, -3.016106e-16, 0.000000e+00, 6.930000e-01, -2.102882e+00, -5.186980e-02, 1.808386e-01, 1.911652e+00, -9.092637e-03, 1.645251e+00, -8.080085e-02, 5.793611e+00, -8.077470e-04
0, 0, 1.832359e+00, -3.016106e-16, 0.000000e+00, 6.930000e-01, -2.202971e+00, -5.100770e-02, 1.912797e-01, 1.620635e+00, -1.447432e-02, 1.592371e+00, -1.551727e-01, 6.119519e+00, 2.705469e-03
0, 0, 1.822235e+00, -3.016106e-16, 0.000000e+00, 6.930000e-01, -1.911635e+00, -4.346991e-02, 1.461823e-01, 1.336750e+00, -5.021059e-03, 1.629026e+00, -1.450099e-01, 6.542192e+00, 4.684107e-03
0, 0, 1.812112e+00, -3.016106e-16, 0.000000e+00, 6.930000e-01, -1.221395e+00, -3.398534e-02, 3.217268e-02, 1.039424e+00, 1.013577e-02, 1.754660e+00, -5.762828e-02, 7.098992e+00, 1.432861e-03
0, 0, 1.801988e+00, -3.016106e-16, 0.000000e+00, 6.930000e-01, -2.861924e-01, -2.806353e-02, -1.319576e-01, 6.735341e-01, 1.459285e-02, 1.908419e+00, 5.728096e-02, 7.691100e+00, -5.922362e-03
0, 0, 1.791865e+00, -3.016106e-16, 0.000000e+00, 6.930000e-01, 6.346873e-01, -3.133556e-02, -2.993664e-01, 2.216822e-01, 5.358351e-03, 2.007775e+00, 1.258944e-01, 8.126363e+00, -9.247286e-03
0, 0, 1.781741e+00, -3.016106e-16, 0.000000e+00, 6.930000e-01, 1.278304e+00, -4.343317e-02, -4.199348e-01, -2.332919e-01, -7.872574e-03, 2.012674e+00, 1.014121e-01, 8.292441e+00, -2.181472e-04
0, 0, 1.771618e+00, -3.016106e-16, 0.000000e+00, 6.930000e-01, 1.492258e+00, -5.597356e-02, -4.695745e-01, -5.372918e-01, -1.389256e-02, 1.957033e+00, 7.653646e-03, 8.268551e+00, 1.564278e-02
0, 0, 1.761494e+00, -3.016106e-16, 0.000000e+00, 6.930000e-01, 1.310031e+00, -6.074479e-02, -4.589527e-01, -5.989375e-01, -4.580446e-03, 1.898582e+00, -7.776643e-02, 8.234153e+00, 1.505946e-02
0, 0, 1.751371e+00, -3.016106e-16, 0.000000e+00, 6.930000e-01, 9.233086e-01, -5.767504e-02, -4.206499e-01, -4.829564e-01, 8.548790e-03, 1.866534e+00, -8.626861e-02, 8.298309e+00, -1.058536e-02
0, 0, 1.741247e+00, -3.016106e-16, 0.000000e+00, 6.930000e-01, 5.576508e-01, -5.568317e-02, -3.833865e-01, -3.599497e-01, 5.589214e-03, 1.852673e+00, -2.214561e-02, 8.425878e+00, -3.220614e-02
0, 0, 1.731124e+00, -3.016106e-16, 0.000000e+00, 6.930000e-01, 3.435667e-01, -6.729942e-02, -3.470964e-01, -3.891765e-01, -4.597481e-03, 1.799290e+00, 3.815915e-02, 8.489088e+00, -1.769451e-02
0, 0, 1.721000e+00, -3.016106e-16, 0.000000e+00, 6.930000e-01, 2.655987e-01, -9.044524e-02, -2.957554e-01, -6.062764e-01, -2.161215e-03, 1.659092e+00, 3.576293e-02, 8.413309e+00, 2.662077e-02
0, 0, 1.710877e+00, -3.016106e-16, 0.000000e+00, 6.930000e-01, 2.227298e-01, -1.024700e-01, -2.290928e-01, -9.259254e-01, 1.167612e-02, 1.459479e+00, -8.712649e-03, 8.257898e+00, 5.186369e-02
0, 0, 1.700753e+00, -3.016106e-16, 0.000000e+00, 6.930000e-01, 1.381753e-01, -8.291894e-02, -1.615866e-01, -1.251444e+00, 1.545002e-02, 1.259521e+00, -3.342798e-02, 8.126078e+00, 1.916420e-02
0, 0, 1.690630e+00, -3.016106e-16, 0.000000e+00, 6.930000e-01, 4.381438e-03, -3.294178e-02, -9.458841e-02, -1.485070e+00, -8.012555e-03, 1.102496e+00, -9.098615e-03, 8.033818e+00, -4.010658e-02
0, 0, 1.680506e+00, -3.016106e-16, 0.000000e+00, 6.930000e-01, -1.486587e-01, 2.795342e-02, 4.716347e-03, -1.483379e+00, -3.386012e-02, 9.927737e-01, 2.814183e-02, 7.867198e+00, -5.783597e-02
0, 0, 1.670382e+00, -3.016106e-16, 0.000000e+00, 6.930000e-01, -2.902753e-01, 8.121196e-02, 1.739842e-01, -1.178106e+00, -1.774446e-02, 8.883959e-01, 2.139164e-02, 7.500923e+00, -1.856681e-02
0, 0, 1.660259e+00, -3.016106e-16, 0.000000e+00, 6.930000e-01, -3.945183e-01, 1.268152e-01, 3.830168e-01, -7.965747e-01, 2.226096e-02, 7.457268e-01, -1.857772e-02, 7.009177e+00, 3.562530e-02
0, 0, 1.650135e+00, -3.016106e-16, 0.000000e+00, 6.930000e-01, -4.265954e-01, 1.692512e-01, 5.212569e-01, -8.574248e-01, 3.098078e-02, 5.588775e-01, -3.186303e-02, 6.686118e+00, 5.506056e-02
0, 0, 1.640012e+00, -3.016106e-16, 0.000000e+00, 6.930000e-01, -3.517746e-01, 1.840710e-01, 4.980915e-01, -1.780646e+00, 1.278488e-02, 3.246447e-01, -1.759603e-02, 6.768742e+00, 1.076152e-02
0, 0, 1.629888e+00, -3.016106e-16, 0.000000e+00, 6.930000e-01, -2.053225e-01, 1.514287e-01, 3.227032e-01, -3.311599e+00, -1.146242e-02, 1.364638e-01, -4.648613e-04, 7.225088e+00, -3.957583e-02
0, 0, 1.619765e+00, -3.016106e-16, 0.000000e+00, 6.930000e-01, -1.032813e-01, 9.619891e-02, 9.811677e-02, -4.527081e+00, -2.731304e-02, 2.009361e-01, 1.065729e-02, 7.790582e+00, -2.772756e-02
0, 0, 1.609641e+00, -3.016106e-16, 0.000000e+00, 6.930000e-01, -1.313686e-01, 4.999475e-02, -4.835711e-02, -4.690733e+00, -1.255943e-02, 5.663592e-01, 4.643030e-03, 8.167633e+00, 1.077603e-02
0, 0, 1.599518e+00, -3.016106e-16, 0.000000e+00, 6.930000e-01, -2.778132e-01, 3.148784e-02, -8.145675e-02, -3.901619e+00, 1.284259e-02, 1.089400e+00, -2.092555e-03, 8.298970e+00, 2.147456e-02
0, 0, 1.589394e+00, -3.016106e-16, 0.000000e+00, 6.930000e-01, -4.609340e-01, 3.813897e-02, -6.775822e-02, -2.902796e+00, 1.653139e-02, 1.583667e+00, 4.120459e-03, 8.359450e+00, 2.889367e-03
0, 0, 1.579271e+00, -3.016106e-16, 0.000000e+00, 6.930000e-01, -6.030260e-01, 3.981222e-02, -7.296380e-02, -2.353455e+00, 1.462749e-03, 1.918375e+00, 8.949708e-03, 8.491481e+00, -1.178439e-02
0, 0, 1.569147e+00, -3.016106e-16, 0.000000e+00, 6.930000e-01, -6.865055e-01, 1.202731e-02, -9.951109e-02, -2.306260e+00, -7.702451e-03, 2.091702e+00, -1.195405e-03, 8.671950e+00, -5.720100e-03
0, 0, 1.559024e+00, -3.016106e-16, 0.000000e+00, 6.930000e-01, -7.317700e-01, -3.807962e-02, -1.149518e-01, -2.406317e+00, -1.626469e-03, 2.182524e+00, -1.916888e-02, 8.802861e+00, 4.241713e-03
0, 0, 1.548900e+00, -3.016106e-16, 0.000000e+00, 6.930000e-01, -7.500759e-01, -8.145762e-02, -1.088348e-01, -2.397211e+00, 7.764753e-04, 2.254389e+00, -1.724751e-02, 8.845298e+00, 4.472933e-03
0, 0, 1.538777e+00, -3.016106e-16, 0.000000e+00, 6.930000e-01, -7.309864e-01, -1.009905e-01, -9.995381e-02, -2.313024e+00, -6.173350e-03, 2.321076e+00, 5.269902e-03, 8.832034e+00, 4.879119e-04
0, 0, 1.528653e+00, -3.016106e-16, 0.000000e+00, 6.930000e-01, -6.622400e-01, -1.076362e-01, -1.036503e-01, -2.285868e+00, 1.454635e-03, 2.372138e+00, 5.673852e-03, 8.801297e+00, -2.249503e-03
0, 0, 1.518530e+00, -3.016106e-16, 0.000000e+00, 6.930000e-01, -5.652887e-01, -1.113640e-01, -1.183746e-01, -2.286242e+00, 1.382040e-02, 2.417368e+00, -1.165431e-02, 8.777568e+00, -2.835183e-03
0, 0, 1.508406e+00, -3.016106e-16, 0.000000e+00, 6.930000e-01, -4.825900e-01, -1.093898e-01, -1.377681e-01, -2.174473e+00, -1.290631e-03, 2.487944e+00, -1.278655e-03, 8.784833e+00, 6.336859e-04
0, 0, 1.498282e+00, -3.016106e-16, 0.000000e+00, 6.930000e-01, -4.196196e-01, -1.162614e-01, -1.557786e-01, -1.983316e+00, -1.569871e-02, 2.576568e+00, 1.164126e-02, 8.820260e+00, 3.269081e-03
0, 0, 1.488159e+00, -3.016106e-16, 0.000000e+00, 6.930000e-01, -3.638708e-01, -1.454341e-01, -1.670811e-01, -1.841882e+00, -3.199113e-04, 2.641364e+00, -4.430807e-03, 8.853093e+00, 3.153018e-04
0, 0, 1.478035e+00, -3.016106e-16, 0.000000e+00, 6.930000e-01, -3.310167e-01, -1.739854e-01, -1.715761e-01, -1.715186e+00, 1.015650e-02, 2.675521e+00, -1.102618e-02, 8.870271e+00, -1.731592e-03
0, 0, 1.467912e+00, -3.016106e-16, 0.000000e+00, 6.930000e-01, -3.240132e-01, -1.854613e-01, -1.706148e-01, -1.561670e+00, 1.514047e-03, 2.685998e+00, 1.455720e-03, 8.881923e+00, -3.560132e-04
0, 0, 1.457788e+00, -3.016106e-16, 0.000000e+00, 6.930000e-01, -3.175428e-01, -1.935260e-01, -1.637241e-01, -1.456006e+00, -2.453540e-03, 2.657065e+00, 3.817352e-03, 8.902450e+00, -3.288677e-04
0, 0, 1.447665e+00, -3.016106e-16, 0.000000e+00, 6.930000e-01, -3.069681e-01, -2.010346e-01, -1.532388e-01, -1.386901e+00, -7.896409e-04, 2.597127e+00, -3.234145e-04, 8.945264e+00, -7.319822e-04
0, 0, 1.437541e+00, -3.016106e-16, 0.000000e+00, 6.930000e-01, -3.048558e-01, -2.003010e-01, -1.425040e-01, -1.267011e+00, -1.029781e-03, 2.539171e+00, -1.889238e-03, 9.008091e+00, 5.881303e-04
0, 0, 1.427418e+00, -3.016106e-16, 0.000000e+00, 6.930000e-01, -3.119256e-01, -1.961239e-01, -1.320532e-01, -1.079501e+00, -1.158493e-03, 2.494344e+00, -4.576860e-03, 9.073301e+00, 1.725968e-03
0, 0, 1.417294e+00, -3.016106e-16, 0.000000e+00, 6.930000e-01, -3.215216e-01, -1.955012e-01, -1.215924e-01, -8.458585e-01, 5.109282e-04, 2.458230e+00, -6.329503e-03, 9.133658e+00, 9.037462e-04
0, 0, 1.407171e+00, -3.016106e-16, 0.000000e+00, 6.930000e-01, -3.294015e-01, -1.985896e-01, -1.112866e-01, -5.750346e-01, 3.254286e-03, 2.429579e+00, -4.072673e-03, 9.200956e+00, -1.140890e-03
0, 0, 1.397047e+00, -3.016106e-16, 0.000000e+00, 6.930000e-01, -3.393731e-01, -2.015252e-01, -1.010794e-01, -2.614506e-01, 1.585752e-03, 2.412702e+00, 1.673520e-03, 9.284095e+00, -1.709477e-03
0, 0, 1.386924e+00, -3.016106e-16, 0.000000e+00, 6.930000e-01, -3.595074e-01, -2.008888e-01, -8.976038e-02, 8.932014e-02, -3.348552e-03, 2.404611e+00, 4.134861e-03, 9.369621e+00, -2.663819e-04
0, 0, 1.376800e+00, -3.016106e-16, 0.000000e+00, 6.930000e-01, -3.925399e-01, -1.958671e-01, -7.641143e-02, 4.374187e-01, -4.200674e-03, 2.389513e+00, 8.656796e-04, 9.447812e+00, 9.341470e-04
0, 0, 1.366677e+00, -3.016106e-16, 0.000000e+00, 6.930000e-01, -4.331636e-01, -1.860461e-01, -6.343898e-02, 7.376022e-01, 5.723230e-04, 2.358468e+00, -2.066062e-03, 9.544916e+00, 9.609410e-04
0, 0, 1.356553e+00, -3.016106e-16, 0.000000e+00, 6.930000e-01, -4.707115e-01, -1.727678e-01, -5.392757e-02, 9.521648e-01, 5.857495e-03, 2.306302e+00, -3.743228e-03, 9.689094e+00, -2.890216e-04
0, 0, 1.346430e+00, -3.016106e-16, 0.000000e+00, 6.930000e-01, -5.027180e-01, -1.579864e-01, -4.859842e-02, 1.072118e+00, 1.730753e-03, 2.229737e+00, -1.655780e-03, 9.866100e+00, -9.721344e-04
0, 0, 1.336306e+00, -3.016106e-16, 0.000000e+00, 6.930000e-01, -5.373461e-01, -1.433206e-01, -4.630569e-02, 1.134160e+00, -5.824357e-03, 2.143255e+00, 1.953226e-03, 1.004125e+01, 4.567826e-04
0, 0, 1.326182e+00, -3.016106e-16, 0.000000e+00, 6.930000e-01, -5.775651e-01, -1.328423e-01, -4.459217e-02, 1.179295e+00, -9.697666e-04, 2.063992e+00, -5.225679e-03, 1.021059e+01, 4.943544e-04
0, 0, 1.316059e+00, -3.016106e-16, 0.000000e+00, 6.930000e-01, -6.252739e-01, -1.236351e-01, -4.304367e-02, 1.259590e+00, 5.092938e-03, 2.004079e+00, -8.642858e-03, 1.040911e+01, -9.922890e-04
0, 0, 1.305935e+00, -3.016106e-16, 0.000000e+00, 6.930000e-01, -6.834940e-01, -1.087335e-01, -4.387095e-02, 1.405373e+00, -8.268119e-04, 1.970473e+00, 5.972384e-03, 1.065558e+01, 2.216288e-04
0, 0, 1.295812e+00, -3.016106e-16, 0.000000e+00, 6.930000e-01, -7.442639e-01, -9.593809e-02, -4.648340e-02, 1.550669e+00, -5.589002e-03, 1.945396e+00, 1.016352e-02, 1.091640e+01, 2.008164e-03
0, 0, 1.285688e+00, -3.016106e-16, 0.000000e+00, 6.930000e-01, -8.039660e-01, -9.301516e-02, -4.867812e-02, 1.641217e+00, 2.067218e-04, 1.911542e+00, -4.779406e-03, 1.116383e+01, 2.549263e-04
0, 0, 1.275565e+00, -3.016106e-16, 0.000000e+00, 6.930000e-01, -8.688623e-01, -9.146041e-02, -5.026606e-02, 1.707009e+00, 6.478796e-03, 1.872215e+00, -1.090988e-02, 1.142431e+01, -3.450580e-03
0, 0, 1.265441e+00, -3.016106e-16, 0.000000e+00, 6.930000e-01, -9.371703e-01, -8.472671e-02, -5.377396e-02, 1.771826e+00, 1.242980e-03, 1.837698e+00, 8.579920e-04, 1.173327e+01, 2.407557e-04
0, 0, 1.255318e+00, -3.016106e-16, 0.000000e+00, 6.930000e-01, -1.002487e+00, -7.939553e-02, -5.727483e-02, 1.819400e+00, -3.719429e-03, 1.800923e+00, 6.436317e-03, 1.206979e+01, 2.587745e-03
0, 0, 1.245194e+00, -3.016106e-16, 0.000000e+00, 6.930000e-01, -1.069118e+00, -8.036838e-02, -5.754928e-02, 1.840532e+00, 1.111972e-03, 1.750054e+00, -3.230863e-03, 1.239469e+01, -2.682356e-03
0, 0, 1.235071e+00, -3.016106e-16, 0.000000e+00, 6.930000e-01, -1.148496e+00, -7.808302e-02, -6.114490e-02, 1.871443e+00, 1.825040e-03, 1.714233e+00, -4.556601e-03, 1.273267e+01, -1.147052e-03
0, 0, 1.224947e+00, -3.016106e-16, 0.000000e+00, 6.930000e-01, -1.234635e+00, -7.108264e-02, -6.775602e-02, 1.916183e+00, -4.306919e-03, 1.692743e+00, 5.265142e-03, 1.312133e+01, 2.615113e-03
0, 0, 1.214824e+00, -3.016106e-16, 0.000000e+00, 6.930000e-01, -1.313251e+00, -6.805155e-02, -7.264387e-02, 1.923627e+00, -7.002616e-03, 1.657803e+00, 7.627000e-03, 1.355394e+01, 3.601418e-03
0, 0, 1.204700e+00, -3.016106e-16, 0.000000e+00, 6.930000e-01, -1.384848e+00, -7.163223e-02, -7.516718e-02, 1.859466e+00, 8.812658e-04, 1.599810e+00, -6.215005e-03, 1.399815e+01, 2.497207e-04
0, 0, 1.194577e+00, -3.016106e-16, 0.000000e+00, 6.930000e-01, -1.460124e+00, -7.961342e-02, -7.579029e-02, 1.738985e+00, 9.700933e-03, 1.519343e+00, -1.635806e-02, 1.444581e+01, -4.171209e-03
0, 0, 1.184453e+00, -3.016106e-16, 0.000000e+00, 6.930000e-01, -1.542136e+00, -9.170257e-02, -7.504954e-02, 1.582633e+00, 6.292873e-03, 1.419104e+00, -4.428738e-03, 1.492681e+01, -3.255011e-03
0, 0, 1.174329e+00, -3.016106e-16, 0.000000e+00, 6.930000e-01, -1.625110e+00, -1.142058e-01, -7.090758e-02, 1.376156e+00, -4.201959e-03, 1.292861e+00, 1.362424e-02, 1.545869e+01, 1.296132e-03
0, 0, 1.164206e+00, -3.016106e-16, 0.000000e+00, 6.930000e-01, -1.712471e+00, -1.476011e-01, -6.196602e-02, 1.119761e+00, -7.638263e-03, 1.142459e+00, 1.273447e-02, 1.602699e+01, 3.091479e-03
0, 0, 1.154082e+00, -3.016106e-16, 0.000000e+00, 6.930000e-01, -1.818253e+00, -1.778071e-01, -5.107988e-02, 8.651248e-01, -1.460932e-03, 9.892239e-01, -3.284111e-03, 1.662293e+01, 6.736593e-04
0, 0, 1.143959e+00, -3.016106e-16, 0.000000e+00, 6.930000e-01, -1.946577e+00, -1.891814e-01, -4.289605e-02, 6.702706e-01, 4.070019e-03, 8.570879e-01, -1.218054e-02, 1.726451e+01, -1.343600e-03
0, 0, 1.133835e+00, -3.016106e-16, 0.000000e+00, 6.930000e-01, -2.082876e+00, -1.825228e-01, -3.845048e-02, 5.355743e-01, 2.742562e-03, 7.489505e-01, -7.653776e-03, 1.796570e+01, -6.127388e-04
0, 0, 1.123712e+00, -3.016106e-16, 0.000000e+00, 6.930000e-01, -2.210961e+00, -1.713908e-01, -3.495202e-02, 4.168677e-01, -1.165267e-03, 6.501667e-01, 7.741017e-04, 1.870697e+01, 4.152789e-04
0, 0, 1.113588e+00, -3.016106e-16, 0.000000e+00, 6.930000e-01, -2.328637e+00, -1.637610e-01, -3.048554e-02, 2.937436e-01, -1.866717e-03, 5.533783e-01, 9.183382e-03, 1.945904e+01, 1.885148e-04
0, 0, 1.103465e+00, -3.016106e-16, 0.000000e+00, 6.930000e-01, -2.439720e+00, -1.569359e-01, -2.578071e-02, 1.887823e-01, 1.282618e-04, 4.663121e-01, 1.471379e-02, 2.021928e+01, -1.870019e-04
0, 0, 1.093341e+00, -3.016106e-16, 0.000000e+00, 6.930000e-01, -2.541837e+00, -1.472944e-01, -2.182194e-02, 1.242501e-01, 8.676945e-04, 3.962897e-01, 6.247624e-03, 2.100305e+01, -3.967486e-05
0, 0, 1.083218e+00, -3.016106e-16, 0.000000e+00, 6.930000e-01, -2.630830e+00, -1.360349e-01, -1.844938e-02, 8.870731e-02, -1.108022e-04, 3.393750e-01, -1.779306e-02, 2.181251e+01, 1.130933e-04
0, 0, 1.073094e+00, -3.016106e-16, 0.000000e+00, 6.930000e-01, -2.705032e+00, -1.254729e-01, -1.523790e-02, 5.733477e-02, -5.243790e-04, 2.875986e-01, -3.668242e-02, 2.262692e+01, 2.611758e-05
0, 0, 1.062971e+00, -3.016106e-16, 0.000000e+00, 6.930000e-01, -2.759450e+00, -1.158103e-01, -1.220260e-02, 2.305359e-02, 2.954346e-04, 2.387561e-01, -2.172269e-02, 2.342476e+01, -6.261012e-05
0, 0, 1.052847e+00, -3.016106e-16, 0.000000e+00, 6.930000e-01, -2.784266e+00, -1.065541e-01, -9.441095e-03, -8.710712e-03, 8.710413e-04, 1.941819e-01, 3.300119e-02, 2.419929e+01, -8.473443e-05
0, 0, 1.042724e+00, -3.016106e-16, 0.000000e+00, 6.930000e-01, -2.770965e+00, -9.765132e-02, -6.890139e-03, -3.674845e-02, 7.369559e-06, 1.534974e-01, 8.648793e-02, 2.494310e+01, -4.586795e-05
0, 0, 1.032600e+00, -3.016106e-16, 0.000000e+00, 6.930000e-01, -2.714021e+00, -8.931166e-02, -4.460973e-03, -6.470159e-02, -1.585876e-03, 1.153421e-01, 6.387416e-02, 2.563169e+01, 1.402853e-04
0, 0, 1.022477e+00, -3.016106e-16, 0.000000e+00, 6.930000e-01, -2.607688e+00, -8.166075e-02, -2.128143e-03, -9.252088e-02, -1.902379e-03, 8.028257e-02, -6.594377e-02, 2.623504e+01, 2.974464e-04
0, 0, 1.012353e+00, -3.016106e-16, 0.000000e+00, 6.930000e-01, -2.447902e+00, -7.488667e-02, 1.181765e-04, -1.174034e-01, 1.311774e-03, 4.998494e-02, -2.031210e-01, 2.674200e+01, -1.135936e-05
0, 0, 1.002229e+00, -3.016106e-16, 0.000000e+00, 6.930000e-01, -2.226769e+00, -6.849658e-02, 2.183776e-03, -1.367767e-01, 4.561224e-03, 2.414091e-02, -1.655512e-01, 2.714030e+01, -4.675291e-04
0, 0, 9.921059e-01, -3.016106e-16, 0.000000e+00, 6.930000e-01, -1.923283e+00, -6.127223e-02, 3.870079e-03, -1.474018e-01, 5.334644e-04, 1.370595e-03, 1.199512e-01, 2.737840e+01, -1.535559e-04
0, 0, 9.819824e-01, -3.016106e-16, 0.000000e+00, 6.930000e-01, -1.511769e+00, -5.420833e-02, 5.324187e-03, -1.545473e-01, -5.427510e-03, -1.854425e-02, 4.498753e-01, 2.738830e+01, 4.529569e-04
0, 0, 9.718589e-01, -3.016106e-16, 0.000000e+00, 6.930000e-01, -9.791527e-01, -4.846690e-02, 6.736621e-03, -1.594161e-01, -1.548051e-03, -3.241326e-02, 4.205383e-01, 2.713543e+01, 7.622846e-05
0, 0, 9.617354e-01, -3.016106e-16, 0.000000e+00, 6.930000e-01, -3.287273e-01, -4.040177e-02, 7.383112e-03, -1.349455e-01, 5.405878e-03, -3.278991e-02, -1.753920e-01, 2.661510e+01, -7.170652e-04
0, 0, 9.516118e-01, -3.016106e-16, 0.000000e+00, 6.930000e-01, 4.468695e-01, -2.748249e-02, 6.526657e-03, -7.215156e-02, 8.962596e-04, -2.043411e-02, -9.462454e-01, 2.578613e+01, -3.306704e-04
0, 0, 9.414883e-01, -3.016106e-16, 0.000000e+00, 6.930000e-01, 1.407537e+00, -1.454262e-02, 4.731453e-03, -1.355534e-02, -6.574853e-03, -6.978772e-03, -1.051116e+00, 2.451576e+01, 1.356509e-03
0, 0, 9.313648e-01, -3.016106e-16, 0.000000e+00, 6.930000e-01, 2.662111e+00, -7.507286e-03, 3.484544e-03, 2.945128e-03, -2.962991e-05, -1.115717e-03, -2.769920e-02, 2.260491e+01, 8.626363e-04
0, 0, 9.212412e-01, -3.016106e-16, 0.000000e+00, 6.930000e-01, 4.237968e+00, -3.623060e-03, 2.880197e-03, 8.220234e-04, 6.545176e-03, -7.759031e-04, 1.535501e+00, 1.994972e+01, -1.691672e-03
0, 0, 9.111177e-01, -3.016106e-16, 0.000000e+00, 6.930000e-01, 5.965301e+00, 4.459728e-03, 1.025103e-03, 2.602810e-02, -8.762306e-04, 6.089204e-03, 2.230439e+00, 1.670635e+01, -4.865977e-04
0, 0, 9.009942e-01, -3.016106e-16, 0.000000e+00, 6.930000e-01, 7.654408e+00, 8.560093e-03, -7.149631e-04, 3.706446e-02, -3.386332e-03, 1.111522e-02, 9.772340e-01, 1.312138e+01, 1.045350e-03
0, 0, 8.908706e-01, -3.016106e-16, 0.000000e+00, 6.930000e-01, 9.445615e+00, 2.436854e-03, -3.060694e-04, 8.043739e-03, 1.077444e-03, 3.313332e-03, -1.604184e+00, 9.044111e+00, -1.877865e-04
0, 0, 8.807471e-01, -3.016106e-16, 0.000000e+00, 6.930000e-01, 1.201088e+01, -7.832575e-04, 1.147916e-04, -2.918308e-03, 4.030693e-04, -9.724877e-04, -3.315758e+00, 3.535726e+00, -1.242126e-04
0, 0, 8.706236e-01, -3.016106e-16, 0.000000e+00, 6.930000e-01, 1.621671e+01, 2.425607e-04, -3.256265e-05, 1.055335e-03, -2.922993e-04, 1.839570e-04, -2.379594e+00, -4.798213e+00, 1.129258e-04
0, 0, 8.605001e-01, -3.016106e-16, 0.000000e+00, 6.930000e-01, 2.203413e+01, -2.486184e-05, 1.792182e-05, -4.108982e-04, 1.586637e-04, -1.348328e-04, 7.046043e-01, -1.636449e+01, -8.953391e-05
0, 0, 8.503765e-01, -3.016106e-16, 0.000000e+00, 6.930000e-01, 2.755008e+01, -6.580019e-06, -1.699230e-05, 1.904750e-05, -6.407343e-05, -5.741067e-06, 3.333033e+00, -2.897866e+01, 3.520916e-05
0, 0, 8.402530e-01, -3.016106e-16, 0.000000e+00, 6.930000e-01, 2.942848e+01, 1.371906e-05, -4.166572e-05, 6.597837e-06, 1.832209e-05, 4.603506e-05, 3.103145e+00, -3.799765e+01, 6.999521e-06
0, 0, 8.301295e-01, -3.016106e-16, 0.000000e+00, 6.930000e-01, 2.502341e+01, -3.932323e-05, -2.252706e-05, -4.223270e-05, -4.230192e-07, -2.309607e-06, 2.780230e-01, -3.888936e+01, -1.519776e-05
0, 0, 8.200059e-01, -3.016106e-16, 0.000000e+00, 6.930000e-01, 1.476995e+01, -2.614008e-08, -1.099766e-05, -4.181623e-05, -5.006466e-06, -4.217001e-05, -2.390553e+00, -3.072726e+01, -2.478555e-05
0, 0, 8.098824e-01, -3.016106e-16, 0.000000e+00, 6.930000e-01, 2.719292e+00, 1.551354e-05, -1.229488e-05, -9.553179e-05, 9.048583e-06, -9.028678e-05, -2.544279e+00, -1.770749e+01, 2.863319e-05
0, 0, 7.997589e-01, -3.016106e-16, 0.000000e+00, 6.930000e-01, -5.923562e+00, 3.245927e-05, -5.916303e-06, -6.666489e-05, 9.442461e-06, -7.851177e-05, -4.730683e-01, -6.641320e+00, 2.616087e-05
0, 0, 7.896353e-01, -3.016106e-16, 0.000000e+00, 6.930000e-01, -8.475291e+00, 3.259610e-06, 2.044492e-05, -9.418731e-05, -2.783768e-05, -1.161412e-04, 1.461836e+00, -2.103229e+00, -3.574494e-05
0, 0, 7.795118e-01, -3.016106e-16, 0.000000e+00, 6.930000e-01, -6.388463e+00, -1.374365e-05, 8.377458e-06, -6.539054e-05, 1.474970e-05, -8.957979e-05, 1.448821e+00, -3.505261e+00, -5.310490e-06
0, 0, 7.693883e-01, -3.016106e-16, 0.000000e+00, 6.930000e-01, -3.492856e+00, 1.816943e-05, -1.258486e-05, -3.591866e-05, 1.441192e-05, -4.935284e-05, 6.300419e-02, -6.536813e+00, 2.499251e-05
0, 0, 7.592648e-01, -3.016106e-16, 0.000000e+00, 6.930000e-01, -2.550669e+00, 1.408382e-05, -3.809801e-06, -4.056592e-05, -2.389121e-05, -5.852123e-05, -8.666350e-01, -7.463105e+00, -1.256951e-05
0, 0, 7.491412e-01, -3.016106e-16, 0.000000e+00, 6.930000e-01, -3.402546e+00, -9.714484e-06, 1.307413e-06, -5.603975e-05, -8.055844e-07, -6.795784e-05, -5.503342e-01, -6.041626e+00, 6.429934e-07
0, 0, 7.390177e-01, -3.016106e-16, 0.000000e+00, 6.930000e-01, -4.219652e+00, 1.567455e-05, -7.217107e-06, -4.528028e-05, 2.265399e-06, -3.995288e-05, 2.317395e-01, -4.464424e+00, 2.303155e-05
0, 0, 7.288942e-01, -3.016106e-16, 0.000000e+00, 6.930000e-01, -3.883195e+00, 1.754649e-05, 3.355536e-06, -4.700687e-05, -1.015047e-07, -5.818010e-05, 4.298805e-01, -4.353797e+00, -2.008625e-05
0, 0, 7.187706e-01, -3.016106e-16, 0.000000e+00, 6.930000e-01, -2.857889e+00, 3.109848e-06, 4.211954e-06, -4.784500e-05, 5.879303e-06, -6.440880e-05, 2.963870e-02, -5.309637e+00, -2.172318e-05
0, 0, 7.086471e-01, -3.016106e-16, 0.000000e+00, 6.930000e-01, -2.151774e+00, 1.652989e-05, -8.225506e-06, -2.099724e-05, -9.509919e-06, -3.387200e-05, -2.347576e-01, -6.013850e+00, 9.882516e-06
0, 0, 6.985236e-01, -3.016106e-16, 0.000000e+00, 6.930000e-01, -2.025625e+00, 1.097281e-05, -9.929962e-06, -8.751330e-07, 1.208125e-05, -1.468991e-05, -8.254106e-02, -5.987617e+00, 3.189906e-05
0, 0, 6.884000e-01, -3.016106e-16, 0.000000e+00, 6.930000e-01, -2.028325e+00, -1.817667e-05, 5.922147e-06, -3.672859e-05, -1.049394e-05, -5.491438e-05, 1.229886e-01, -5.736651e+00, -3.248541e-06
0, 0, 6.782765e-01, -3.016106e-16, 0.000000e+00, 6.930000e-01, -1.862426e+00, -3.112608e-05, 1.689978e-05, -4.683220e-05, -1.227441e-05, -6.939779e-05, 8.403312e-02, -5.669276e+00, -3.746540e-05
0, 0, 6.681530e-01, -3.016106e-16, 0.000000e+00, 6.930000e-01, -1.690955e+00, 1.286866e-05, -5.227710e-06, 2.197032e-07, 2.852410e-05, -6.219847e-06, -5.282814e-02, -5.601038e+00, 1.926215e-05
0, 0, 6.580295e-01, -3.016106e-16, 0.000000e+00, 6.930000e-01, -1.723857e+00, 3.932585e-05, -1.207941e-05, -8.932389e-06, -1.091621e-05, -9.948610e-06, -3.465294e-02, -5.242561e+00, 1.223351e-05
0, 0, 6.479059e-01, -3.016106e-16, 0.000000e+00, 6.930000e-01, -1.870220e+00, -5.851925e-06, 6.711188e-06, -3.904620e-05, -1.574436e-05, -5.370013e-05, 5.314200e-02, -4.704854e+00, -2.543527e-05
0, 0, 6.377824e-01, -3.016106e-16, 0.000000e+00, 6.930000e-01, -1.929880e+00, -7.193960e-06, -1.035706e-07, -1.494278e-05, 2.431797e-05, -1.950945e-05, -9.607743e-03, -4.271298e+00, 1.809044e-05
0, 0, 6.276589e-01, -3.016106e-16, 0.000000e+00, 6.930000e-01, -1.918040e+00, 1.114035e-05, -3.712022e-06, -2.249284e-05, -1.073993e-05, -1.916968e-05, -1.416552e-01, -3.929556e+00, 1.067776e-05
0, 0, 6.175353e-01, -3.016106e-16, 0.000000e+00, 6.930000e-01, -1.983402e+00, -1.465794e-05, 1.119833e-05, -4.005204e-05, -1.827634e-05, -6.027692e-05, -7.204997e-02, -3.456081e+00, -3.195933e-05
0, 0, 6.074118e-01, -3.016106e-16, 0.000000e+00, 6.930000e-01, -2.140723e+00, -2.651836e-06, 5.271559e-07, -6.854523e-06, 3.020232e-05, -1.850312e-05, 1.706039e-01, -2.812335e+00, 1.662511e-05
0, 0, 5.972883e-01, -3.016106e-16, 0.000000e+00, 6.930000e-01, -2.263205e+00, 2.558004e-05, -8.167752e-06, -1.577298e-05, -1.353597e-05, -9.506712e-06, 2.017010e-01, -2.191320e+00, 1.726637e-05
0, 0, 5.871647e-01, -3.016106e-16, 0.000000e+00, 6.930000e-01, -2.334606e+00, -7.571995e-06, 8.117700e-06, -2.860061e-05, -1.573489e-05, -4.453813e-05, -5.817721e-02, -1.626371e+00, -2.551581e-05
0, 0, 5.770412e-01, -3.016106e-16, 0.000000e+00, 6.930000e-01, -2.489559e+00, -5.139105e-06, 2.337750e-06, -8.511311e-06, 2.389024e-05, -1.353495e-05, -1.969174e-01, -8.914425e-01, 6.765278e-06
0, 0, 5.669177e-01, -3.016106e-16, 0.000000e+00, 6.930000e-01, -2.719155e+00, 1.750345e-05, -3.486170e-06, -2.834423e-05, -1.082345e-05, -2.078839e-05, -3.121404e-02, 1.257599e-02, 2.531983e-06
0, 0, 5.567942e-01, -3.016106e-16, 0.000000e+00, 6.930000e-01, -2.811335e+00, -4.242574e-06, 3.791056e-06, -1.827358e-05, -2.796648e-06, -2.972287e-05, 1.027843e-01, 7.051799e-01, -8.094293e-06
0, 0, 5.466706e-01, -3.016106e-16, 0.000000e+00, 6.930000e-01, -2.672235e+00, -2.561225e-06, -1.513654e-06, -7.232290e-06, 6.265934e-06, -7.234069e-06, 1.753429e-02, 9.783940e-01, 1.753494e-05
0, 0, 5.365471e-01, -3.016106e-16, 0.000000e+00, 6.930000e-01, -2.454550e+00, 6.899791e-07, 1.834504e-06, -2.426853e-05, -9.109509e-06, -2.024992e-05, -5.991172e-02, 1.077156e+00, -5.543143e-06
0, 0, 5.264236e-01, -3.016106e-16, 0.000000e+00, 6.930000e-01, -2.275023e+00, -3.825442e-06, 5.151900e-06, -1.712583e-05, 3.836983e-06, -2.221530e-05, -2.504360e-02, 1.217742e+00, -1.135528e-05
0, 0, 5.163000e-01, -3.016106e-16, 0.000000e+00, 6.930000e-01, -2.100188e+00, 1.374020e-05, -2.881056e-06, -8.306137e-06, 2.695977e-06, -6.363276e-06, 2.473144e-02, 1.341808e+00, 4.135179e-06
0, 0, 5.061765e-01, -3.016106e-16, 0.000000e+00, 6.930000e-01, -1.903351e+00, 1.532942e-05, -3.531346e-06, -5.885404e-06, -2.437770e-06, -3.280502e-06, 7.926925e-02, 1.396928e+00, 2.226442e-06
0, 0, 4.960530e-01, -3.016106e-16, 0.000000e+00, 6.930000e-01, -1.692749e+00, 2.938467e-06, -3.092822e-08, -3.551218e-06, 1.000547e-06, -5.130968e-06, 1.076004e-01, 1.404872e+00, 1.473678e-06
0, 0, 4.859294e-01, -3.016106e-16, 0.000000e+00, 6.930000e-01, -1.437835e+00, -2.486562e-06, 1.299676e-06, -7.206753e-06, -2.291515e-06, -7.743035e-06, -4.528745e-02, 1.322042e+00, 9.800934e-07
0, 0, 4.758059e-01, -3.016106e-16, 0.000000e+00, 6.930000e-01, -1.154355e+00, -1.113183e-06, 1.466744e-06, -6.177021e-06, 2.984251e-07, -5.672026e-06, -2.405174e-01, 1.154925e+00, -2.764711e-06
0, 0, 4.656824e-01, -3.016106e-16, 0.000000e+00, 6.930000e-01, -9.305741e-01, 4.829541e-06, -3.766137e-07, -4.047090e-06, 1.037497e-06, -3.760246e-06, -7.843751e-02, 1.019347e+00, -3.644033e-07
0, 0, 4.555589e-01, -3.016106e-16, 0.000000e+00, 6.930000e-01, -7.122312e-01, 8.413935e-06, -1.789719e-06, -1.332534e-06, -1.247258e-06, 2.032455e-07, 2.231508e-01, 8.526124e-01, -1.645173e-07
0, 0, 4.454353e-01, -3.016106e-16, 0.000000e+00, 6.930000e-01, -3.650202e-01, 5.565420e-06, -1.647315e-06, 8.196465e-07, 1.529202e-06, 3.027668e-06, 1.048405e-01, 4.696906e-01, 1.433423e-06
0, 0, 4.353118e-01, -3.016106e-16, 0.000000e+00, 6.930000e-01, -4.906542e-02, 2.582085e-06, -6.482192e-07, -2.097583e-07, -1.160515e-06, 7.504809e-07, -1.136637e-01, 7.031450e-02, -1.002836e-07
0, 0, 4.251883e-01, -3.016106e-16, 0.000000e+00, 6.930000e-01, 2.160625e-02, -6.785233e-07, 3.088991e-07, -1.185161e-08, 3.935070e-07, -4.588319e-07, -2.322086e-02, -2.971949e-02, -7.118378e-07
0, 0, 4.150647e-01, -3.016106e-16, 0.000000e+00, 6.930000e-01, -9.129169e-03, -1.387731e-07, -4.604164e-08, 9.396422e-08, 2.411086e-07, 1.636244e-07, 3.016672e-02, 1.196695e-02, 4.155522e-07
0, 0, 4.049412e-01, -3.016106e-16, 0.000000e+00, 6.930000e-01, 5.506317e-04, 2.466070e-07, -4.361644e-08, -1.052584e-07, -2.759381e-07, -3.147144e-08, -1.520561e-02, -2.213055e-04, -8.329484e-08
0, 0, 3.948177e-01, -3.016106e-16, 0.000000e+00, 6.930000e-01, 2.064819e-03, -1.293780e-07, 4.403070e-08, 3.058160e-08, 1.103318e-07, -2.945388e-08, 3.132103e-03, -3.177109e-03, -6.900738e-08
0, 0, 3.846941e-01, -3.016106e-16, 0.000000e+00, 6.930000e-01, -1.644876e-03, 2.483217e-08, -2.188105e-08, 1.010579e-08, -5.201218e-09, 3.581849e-08, 1.564615e-03, 2.429085e-03, 8.720053e-08
0, 0, 3.745706e-01, -3.016106e-16, 0.000000e+00, 6.930000e-01, 8.030659e-04, 1.798551e-08, 6.253714e-09, -1.924639e-08, -3.767660e-08, -2.449880e-08, -2.096524e-03, -1.166937e-03, -6.064680e-08
0, 0, 3.644471e-01, -3.016106e-16, 0.000000e+00, 6.930000e-01, -2.977950e-04, -2.350426e-08, 6.831124e-11, 1.677596e-08, 3.864200e-08, 1.461795e-08, 1.433504e-03, 4.233451e-04, 3.431528e-08
0, 0, 3.543236e-01, -3.016106e-16, 0.000000e+00, 6.930000e-01, 8.453126e-05, 1.743694e-08, -1.442171e-09, -1.148717e-08, -2.815737e-08, -8.418056e-09, -7.863592e-04, -1.131519e-04, -1.788468e-08
0, 0, 3.442000e-01, -3.016106e-16, 0.000000e+00, 6.930000e-01, -1.573873e-05, -1.019351e-08, 1.156230e-09, 6.176266e-09, 1.576075e-08, 3.995467e-09, 3.909618e-04, 1.563395e-05, 9.236725e-09
0, 0, 3.340765e-01, -3.016106e-16, 0.000000e+00, 6.930000e-01, -1.458676e-08, 5.312010e-09, -6.341200e-10, -3.181409e-09, -7.943786e-09, -1.992565e-09, -1.878797e-04, 4.485669e-06, -4.851563e-09
0, 0, 3.239530e-01, -3.016106e-16, 0.000000e+00, 6.930000e-01, 1.116798e-06, -2.524935e-09, 2.684437e-10, 1.410500e-09, 3.529442e-09, 9.249346e-10, 9.031912e-05, -3.894786e-06, 2.636956e-09
0, 0, 3.138294e-01, -3.016106e-16, 0.000000e+00, 6.930000e-01, 1.031330e-07, 1.092219e-09, -7.350328e-11, -4.711040e-10, -1.186492e-09, -3.055423e-10, -4.350492e-05, 7.061547e-07, -1.453064e-09
0, 0, 3.037059e-01, -3.016106e-16, 0.000000e+00, 6.930000e-01, -8.079901e-07, -3.827953e-10, -9.082377e-12, 1.926783e-11, 1.001550e-10, 3.288182e-11, 2.021172e-05, 1.067650e-06, 7.446633e-10
0, 0, 2.935824e-01, -3.016106e-16, 0.000000e+00, 6.930000e-01, 8.482210e-07, 6.729395e-11, 2.933125e-11, 1.171767e-10, 2.613909e-10, 6.767267e-11, -8.294784e-06, -1.412660e-06, -3.151251e-10
0, 0, 2.834588e-01, -3.016106e-16, 0.000000e+00, 6.930000e-01, -5.722117e-07, 3.264979e-11, -2.209546e-11, -1.045386e-10, -2.396703e-10, -6.438114e-11, 2.489638e-06, 1.033950e-06, 8.160527e-11
0, 0, 2.733353e-01, -3.016106e-16, 0.000000e+00, 6.930000e-01, 2.709188e-07, -3.570720e-11, 9.833643e-12, 4.409201e-11, 1.065321e-10, 2.686879e-11, -1.890934e-07, -5.153422e-07, 5.668464e-12
0, 0, 2.632118e-01, -3.016106e-16, 0.000000e+00, 6.930000e-01, -7.961806e-08, 1.496642e-11, -2.145170e-12, -6.752555e-12, -1.833938e-11, -2.962711e-12, -3.138490e-07, 1.578530e-07, -1.599957e-11
0, 0, 2.530883e-01, -3.016106e-16, 0.000000e+00, 6.930000e-01, 3.975902e-09, -2.017102e-12, -2.778195e-13, -3.448105e-12, -6.938032e-12, -2.914103e-12, 1.903833e-07, -8.567898e-09, 6.187344e-12
0, 0, 2.429647e-01, -3.016106e-16, 0.000000e+00, 6.930000e-01, 7.986367e-09, -9.802580e-13, 3.357624e-13, 1.969967e-12, 4.519121e-12, 1.357426e-12, -3.528645e-08, -1.643378e-08, -2.351716e-13
0, 0, 2.328412e-01, -3.016106e-16, 0.000000e+00, 6.930000e-01, -2.863081e-09, 4.631875e-13, -6.056088e-14, -1.116011e-13, -3.723893e-13, -1.944152e-15, -1.191002e-08, 6.004107e-09, -5.785514e-13
0, 0, 2.227177e-01, -3.016106e-16, 0.000000e+00, 6.930000e-01, -1.825324e-10, 1.326800e-14, -1.780785e-14, -1.819410e-13, -3.862622e-13, -1.504607e-13, 5.544204e-09, 4.101476e-10, 1.043501e-13
0, 0, 2.125941e-01, -3.016106e-16, 0.000000e+00, 6.930000e-01, 2.463081e-10, -3.720830e-14, 5.841363e-15, 1.500205e-14, 4.293288e-14, 2.810619e-15, 7.565761e-10, -5.331575e-10, 4.154307e-14
0, 0, 2.024706e-01, -3.016106e-16, 0.000000e+00, 6.930000e-01, 1.691598e-11, -2.607945e-15, 1.269578e-15, 1.493114e-14, 3.179553e-14, 1.254391e-14, -3.765279e-10, -3.817499e-11, -4.768144e-15
0, 0, 1.923471e-01, -3.016106e-16, 0.000000e+00, 6.930000e-01, -1.312843e-11, 1.773747e-15, -1.773806e-16, 1.442429e-15, 2.311894e-15, 1.868481e-15, -1.011365e-10, 2.882542e-11, -3.008047e-15
0, 0, 1.822235e-01, -3.016106e-16, 0.000000e+00, 6.930000e-01, -3.220370e-12, 4.559344e-16, -8.769486e-17, -4.673440e-16, -1.099779e-15, -2.763299e-16, 1.183138e-13, 7.101499e-12, -3.522692e-16
0, 0, 1.721000e-01, -3.016106e-16, 0.000000e+00, 6.930000e-01, -1.425559e-13, 4.214851e-17, -1.239278e-17, -1.925464e-16, -3.930727e-16, -1.641109e-16, 4.993693e-12, 3.041930e-13, 3.018924e-17
0, 0, 1.619765e-01, -3.016106e-16, 0.000000e+00, 6.930000e-01, 9.037798e-14, -3.437379e-18, -5.163726e-19, -4.221313e-17, -8.052491e-17, -4.124992e-17, 1.493058e-12, -2.016767e-13, 2.077330e-17
0, 0, 1.518530e-01, -3.016106e-16, 0.000000e+00, 6.930000e-01, 3.138276e-14, -1.884154e-18, 1.203577e-19, -8.396056e-18, -1.540076e-17, -8.748090e-18, 3.020356e-13, -6.903931e-14, 5.437684e-18
0, 0, 1.417294e-01, -3.016106e-16, 0.000000e+00, 6.930000e-01, 6.791187e-15, -3.405418e-19, 3.241585e-20, -1.813933e-18, -3.336323e-18, -1.874116e-18, 5.467787e-14, -1.478028e-14, 1.043238e-18
0, 0, 1.316059e-01, -3.016106e-16, 0.000000e+00, 6.930000e-01, 1.204549e-15, -1.174791e-20, 2.398696e-22, -3.489100e-19, -6.657967e-19, -3.485832e-19, 9.815855e-15, -2.605075e-15, 1.422779e-19
0, 0, 1.214824e-01, -3.016106e-16, 0.000000e+00, 6.930000e-01, 1.819858e-16, 9.856737e-21, -1.482469e-21, -4.411954e-20, -8.812388e-20, -3.967729e-20, 1.708553e-15, -3.953712e-16, 4.440673e-21
0, 0, 1.113588e-01, -3.016106e-16, 0.000000e+00, 6.930000e-01, 2.100341e-17, 2.389172e-21, -3.878448e-22, -6.727160e-22, -2.784823e-21, 2.158259e-22, 2.657480e-16, -4.672578e-17, -2.330960e-21
0, 0, 1.012353e-01, -3.016106e-16, 0.000000e+00, 6.930000e-01, 3.787061e-20, 1.932954e-22, -3.461193e-23, 6.443426e-22, 1.088604e-21, 7.266924e-22, 1.979084e-17, -6.754781e-19, -4.214300e-22
0, 0, 9.111177e-02, -3.016106e-16, 0.000000e+00, 6.930000e-01, -5.482758e-19, -2.118517e-23, 1.793798e-24, 6.149048e-23, 1.335685e-22, 5.465409e-23, -3.729458e-18, 1.073935e-18, -2.625364e-24
0, 0, 8.098824e-02, -3.016106e-16, 0.000000e+00, 6.930000e-01, -1.164079e-20, -1.414370e-24, 3.646917e-25, -9.474930e-24, -1.741963e-23, -1.045162e-23, -2.419891e-19, 3.313333e-20, 4.500840e-24
0, 0, 7.086471e-02, -3.016106e-16, 0.000000e+00, 6.930000e-01, 3.437266e-21, 1.496660e-25, -3.559005e-26, 5.235685e-25, 9.191556e-25, 6.176244e-25, 3.062820e-20, -7.711415e-21, -3.002275e-25
0, 0, 6.074118e-02, -3.016106e-16, 0.000000e+00, 6.930000e-01, -1.714829e-22, -5.686946e-27, 1.575070e-27, -2.436252e-26, -4.234016e-26, -2.895482e-26, -1.354545e-21, 3.806181e-22, 1.310263e-26
0, 0, 5.061765e-02, -3.016106e-16, 0.000000e+00, 6.930000e-01, 3.767718e-24, 4.122074e-29, -2.996749e-29, 6.191135e-28, 1.108034e-27, 6.742584e-28, 2.826073e-23, -8.694909e-24, -2.617227e-28
0, 0, 4.049412e-02, -3.016106e-16, 0.000000e+00, 6.930000e-01, 7.875718e-27, 1.303827e-30, -1.623830e-31, 8.360908e-31, 9.306013e-31, 1.593497e-30, 4.376664e-26, -1.231909e-27, -8.874143e-31
0, 0, 3.037059e-02, -3.016106e-16, 0.000000e+00, 6.930000e-01, -3.358366e-29, 1.577955e-33, 1.033516e-34, -2.835272e-33, -5.728139e-33, -2.526312e-33, -2.171312e-28, 1.162103e-28, 1.431485e-33
0, 0, 2.024706e-02, -3.016106e-16, 0.000000e+00, 6.930000e-01, 1.258042e-33, 3.111931e-37, -9.508571e-38, 1.227941e-36, 2.202021e-36, 1.412220e-36, 8.086842e-33, 3.208509e-33, -5.591162e-37
0, 0, 1.012353e-02, -3.016106e-16, 0.000000e+00, 6.930000e-01, 1.557305e-40, -1.121039e-44, 5.605194e-45, -3.222986e-44, -6.726233e-44, -4.344025e-44, 8.353112e-40, -4.017509e-40, 2.802597e-44
0, 0, 0.000000e+00, -3.016106e-16, 0.000000e+00, 6.930000e-01, 0.000000e+00, 0.000000e+00, 0.000000e+00, 0.000000e+00, 0.000000e+00, 0.000000e+00, 0.000000e+00, 0.000000e+00, 0.000000e+00
1, 1, 3.026935e+00, -3.016106e-16, 0.000000e+00, 5.543000e+00, -3.203747e+00, 1.130548e-01, 3.435115e-01, 3.321680e+00, 7.152800e-03, -1.272768e+00, -1.359527e-02, 9.182815e+00, -6.211129e-03
1, 1, 3.016812e+00, -3.016106e-16, 0.000000e+00, 5.543000e+00, -3.052982e+00, 8.249322e-02, 3.421336e-01, 3.500853e+00, 1.430545e-02, -1.194065e+00, 3.452410e-02, 8.601427e+00, -9.508426e-03
1, 1, 3.006688e+00, -3.016106e-16, 0.000000e+00, 5.543000e+00, -2.863605e+00, 3.570930e-02, 3.377507e-01, 3.516937e+00, 9.360077e-03, -1.132314e+00, 5.651120e-02, 7.934294e+00, -5.458530e-03
1, 1, 2.996565e+00, -3.016106e-16, 0.000000e+00, 5.543000e+00, -2.639595e+00, -6.672894e-03, 3.258029e-01, 3.330178e+00, -3.314274e-03, -1.069154e+00, 8.684613e-03, 7.217561e+00, 2.566443e-03
1, 1, 2.986441e+00, -3.016106e-16, 0.000000e+00, 5.543000e+00, -2.361310e+00, -2.399476e-02, 2.894458e-01, 2.994750e+00, -1.362731e-02, -8.980440e-01, -7.531147e-02, 6.442460e+00, 9.147614e-03
1, 1, 2.976318e+00, -3.016106e-16, 0.000000e+00, 5.543000e+00, -1.988179e+00, -8.801497e-03, 2.165138e-01, 2.630123e+00, -1.344658e-02, -5.274978e-01, -1.014831e-01, 5.506447e+00, 9.425237e-03
1, 1, 2.966194e+00, -3.016106e-16, 0.000000e+00, 5.543000e+00, -1.501681e+00, 2.892650e-02, 1.129120e-01, 2.336619e+00, -2.768972e-03, 2.436296e-02, -1.370047e-02, 4.315940e+00, 2.676150e-03
1, 1, 2.956071e+00, -3.016106e-16, 0.000000e+00, 5.543000e+00, -9.492606e-01, 7.052415e-02, -1.329261e-03, 2.129256e+00, 8.328417e-03, 6.378663e-01, 1.254728e-01, 2.946805e+00, -5.219164e-03
1, 1, 2.945947e+00, -3.016106e-16, 0.000000e+00, 5.543000e+00, -4.196405e-01, 9.833360e-02, -1.039433e-01, 1.942706e+00, 1.077119e-02, 1.169047e+00, 1.740506e-01, 1.615151e+00, -8.422477e-03
1, 1, 2.935824e+00, -3.016106e-16, 0.000000e+00, 5.543000e+00, 5.892529e-02, 1.006742e-01, -1.786014e-01, 1.706434e+00, 5.540604e-03, 1.518306e+00, 5.517701e-02, 3.844867e-01, -6.130449e-03
1, 1, 2.925700e+00, -3.016106e-16, 0.000000e+00, 5.543000e+00, 6.003686e-01, 7.602157e-02, -2.193874e-01, 1.433688e+00, -2.204936e-03, 1.665636e+00, -1.409376e-01, -1.094436e+00, 5.047976e-04
1, 1, 2.915577e+00, -3.016106e-16, 0.000000e+00, 5.543000e+00, 1.396542e+00, 3.326800e-02, -2.316677e-01, 1.225034e+00, -6.629297e-03, 1.669426e+00, -2.286908e-01, -3.394823e+00, 6.960887e-03
1, 1, 2.905453e+00, -3.016106e-16, 0.000000e+00, 5.543000e+00, 2.500895e+00, -1.258932e-02, -2.295859e-01, 1.174877e+00, -3.292655e-03, 1.632829e+00, -1.155406e-01, -6.653685e+00, 5.956386e-03
1, 1, 2.895330e+00, -3.016106e-16, 0.000000e+00, 5.543000e+00, 3.638573e+00, -4.485086e-02, -2.303920e-01, 1.293424e+00, 2.682866e-03, 1.650562e+00, 9.714853e-02, -1.001221e+01, -1.203107e-03
1, 1, 2.885206e+00, -3.016106e-16, 0.000000e+00, 5.543000e+00, 4.274690e+00, -5.322554e-02, -2.423082e-01, 1.512823e+00, 2.543921e-03, 1.744882e+00, 2.129476e-01, -1.186295e+01, -4.931327e-03
1, 1, 2.875083e+00, -3.016106e-16, 0.000000e+00, 5.543000e+00, 3.972085e+00, -4.183348e-02, -2.566283e-01, 1.745272e+00, -1.535910e-03, 1.846695e+00, 1.349080e-01, -1.094638e+01, -2.149592e-03
1, 1, 2.864959e+00, -3.016106e-16, 0.000000e+00, 5.543000e+00, 2.765761e+00, -2.362704e-02, -2.597032e-01, 1.935349e+00, -2.615429e-03, 1.873334e+00, -4.338076e-02, -7.431890e+00, 1.995158e-03
1, 1, 2.854835e+00, -3.016106e-16, 0.000000e+00, 5.543000e+00, 1.207777e+00, -7.529747e-03, -2.501755e-01, 2.065081e+00, -1.423638e-03, 1.815369e+00, -1.452190e-01, -2.980866e+00, 3.650657e-03
1, 1, 2.844712e+00, -3.016106e-16, 0.000000e+00, 5.543000e+00, 7.067421e-03, 4.506586e-03, -2.360729e-01, 2.121367e+00, 7.578460e-04, 1.713671e+00, -9.645374e-02, 3.522567e-01, 9.734043e-04
1, 1, 2.834588e+00, -3.016106e-16, 0.000000e+00, 5.543000e+00, -4.487998e-01, 1.415556e-02, -2.209948e-01, 2.086716e+00, 4.415249e-03, 1.583429e+00, 2.033598e-02, 1.495740e+00, -4.458466e-03
1, 1, 2.824465e+00, -3.016106e-16, 0.000000e+00, 5.543000e+00, -2.916655e-01, 2.513116e-02, -2.020661e-01, 1.973443e+00, 3.597528e-03, 1.408864e+00, 8.114851e-02, 8.824337e-01, -4.549312e-03
1, 1, 2.814341e+00, -3.016106e-16, 0.000000e+00, 5.543000e+00, 4.584613e-02, 3.684996e-02, -1.768084e-01, 1.834821e+00, -2.365103e-03, 1.189803e+00, 4.855878e-02, -2.174784e-01, 2.052755e-03
1, 1, 2.804218e+00, -3.016106e-16, 0.000000e+00, 5.543000e+00, 2.193362e-01, 4.143647e-02, -1.510376e-01, 1.734219e+00, -4.506733e-03, 9.796835e-01, -1.733536e-02, -8.122129e-01, 5.693855e-03
1, 1, 2.794094e+00, -3.016106e-16, 0.000000e+00, 5.543000e+00, 1.781566e-01, 3.370409e-02, -1.412475e-01, 1.715185e+00, -2.154943e-03, 8.802842e-01, -4.296267e-02, -7.556035e-01, 3.389646e-03
1, 1, 2.783971e+00, -3.016106e-16, 0.000000e+00, 5.543000e+00, 7.545696e-02, 1.626779e-02, -1.576505e-01, 1.766773e+00, 2.424770e-04, 9.427707e-01, -1.754484e-02, -4.858873e-01, -8.066791e-04
1, 1, 2.773847e+00, -3.016106e-16, 0.000000e+00, 5.543000e+00, 5.350735e-02, -3.806874e-03, -1.851381e-01, 1.815781e+00, 3.425651e-03, 1.071685e+00, 1.378740e-02, -4.319301e-01, -5.710007e-03
1, 1, 2.763724e+00, -3.016106e-16, 0.000000e+00, 5.543000e+00, 1.235591e-01, -1.580202e-02, -1.932073e-01, 1.792636e+00, 4.580343e-03, 1.086007e+00, 1.811473e-02, -6.774464e-01, -6.669434e-03
1, 1, 2.753600e+00, -3.016106e-16, 0.000000e+00, 5.543000e+00, 2.092192e-01, -1.160430e-02, -1.607227e-01, 1.700455e+00, -1.489605e-04, 8.690938e-01, 4.874640e-03, -1.056654e+00, 4.048273e-04
1, 1, 2.743477e+00, -3.016106e-16, 0.000000e+00, 5.543000e+00, 2.539730e-01, 4.887192e-03, -8.915467e-02, 1.609192e+00, -4.115477e-03, 4.521197e-01, -5.788621e-03, -1.418674e+00, 6.684471e-03
1, 1, 2.733353e+00, -3.016106e-16, 0.000000e+00, 5.543000e+00, 2.628707e-01, 2.243150e-02, -3.981828e-03, 1.592887e+00, -2.172376e-03, -6.596972e-03, -6.899661e-03, -1.727247e+00, 4.753228e-03
1, 1, 2.723230e+00, -3.016106e-16, 0.000000e+00, 5.543000e+00, 2.685933e-01, 3.365110e-02, 5.995062e-02, 1.662019e+00, -5.704509e-04, -3.290912e-01, -2.047879e-03, -1.990759e+00, 7.374413e-04
1, 1, 2.713106e+00, -3.016106e-16, 0.000000e+00, 5.543000e+00, 2.930669e-01, 3.541733e-02, 8.596003e-02, 1.739559e+00, -1.076464e-03, -4.505066e-01, 1.650082e-03, -2.206459e+00, -1.135284e-03
1, 1, 2.702983e+00, -3.016106e-16, 0.000000e+00, 5.543000e+00, 3.363336e-01, 2.694369e-02, 8.331100e-02, 1.726261e+00, 3.215931e-04, -4.375110e-01, 2.543488e-03, -2.359128e+00, -2.277207e-03
1, 1, 2.692859e+00, -3.016106e-16, 0.000000e+00, 5.543000e+00, 3.846762e-01, 1.124877e-02, 7.056252e-02, 1.604353e+00, 2.581343e-03, -3.859137e-01, 3.254348e-03, -2.436790e+00, -2.384298e-03
1, 1, 2.682735e+00, -3.016106e-16, 0.000000e+00, 5.543000e+00, 4.249164e-01, -8.579154e-03, 6.309980e-02, 1.451935e+00, 4.618790e-03, -3.533994e-01, 1.483365e-03, -2.451240e+00, -2.826496e-03
1, 1, 2.672612e+00, -3.016106e-16, 0.000000e+00, 5.543000e+00, 4.508142e-01, -3.075779e-02, 6.698009e-02, 1.367483e+00, 3.814090e-03, -3.517229e-01, -3.518438e-03, -2.433501e+00, -2.426952e-03
1, 1, 2.662488e+00, -3.016106e-16, 0.000000e+00, 5.543000e+00, 4.638318e-01, -5.289206e-02, 7.643033e-02, 1.396639e+00, -2.868098e-03, -3.518642e-01, -5.462059e-03, -2.412490e+00, 2.343971e-03
1, 1, 2.652365e+00, -3.016106e-16, 0.000000e+00, 5.543000e+00, 4.739774e-01, -7.553631e-02, 8.143327e-02, 1.509726e+00, -7.449791e-03, -3.160568e-01, -2.171053e-03, -2.409675e+00, 6.029021e-03
1, 1, 2.642241e+00, -3.016106e-16, 0.000000e+00, 5.543000e+00, 4.890524e-01, -1.018142e-01, 7.387213e-02, 1.646902e+00, -3.552383e-03, -2.196555e-01, 3.558306e-03, -2.424901e+00, 2.969439e-03
1, 1, 2.632118e+00, -3.016106e-16, 0.000000e+00, 5.543000e+00, 5.024154e-01, -1.329806e-01, 5.091069e-02, 1.778011e+00, 1.220770e-03, -5.906067e-02, 8.000851e-03, -2.432547e+00, -2.074390e-03
1, 1, 2.621994e+00, -3.016106e-16, 0.000000e+00, 5.543000e+00, 5.024755e-01, -1.697854e-01, 2.112225e-02, 1.896741e+00, 2.868298e-03, 1.217214e-01, 4.463059e-03, -2.421922e+00, -4.620769e-03
1, 1, 2.611871e+00, -3.016106e-16, 0.000000e+00, 5.543000e+00, 4.881094e-01, -2.107538e-01, -2.597069e-03, 1.984882e+00, 3.949957e-03, 2.572307e-01, -5.348370e-03, -2.406682e+00, -3.520026e-03
1, 1, 2.601747e+00, -3.016106e-16, 0.000000e+00, 5.543000e+00, 4.723131e-01, -2.488215e-01, -1.869769e-02, 2.018899e+00, 2.090473e-03, 3.388249e-01, -9.991392e-03, -2.391982e+00, 1.985348e-03
1, 1, 2.591624e+00, -3.016106e-16, 0.000000e+00, 5.543000e+00, 4.733274e-01, -2.792093e-01, -3.513884e-02, 1.992367e+00, -7.315829e-04, 4.155771e-01, -5.566590e-03, -2.365901e+00, 5.887478e-03
1, 1, 2.581500e+00, -3.016106e-16, 0.000000e+00, 5.543000e+00, 4.930282e-01, -3.032930e-01, -5.801864e-02, 1.935454e+00, -1.750089e-03, 5.371526e-01, 3.745489e-03, -2.305458e+00, 2.883408e-03
1, 1, 2.571377e+00, -3.016106e-16, 0.000000e+00, 5.543000e+00, 5.095026e-01, -3.219041e-01, -8.608171e-02, 1.920003e+00, -4.387604e-03, 7.185631e-01, 1.172895e-02, -2.196017e+00, -2.812789e-03
1, 1, 2.561253e+00, -3.016106e-16, 0.000000e+00, 5.543000e+00, 4.996810e-01, -3.349704e-01, -1.094636e-01, 2.001070e+00, -3.802416e-03, 9.162253e-01, 1.065683e-02, -2.055578e+00, -6.611578e-03
1, 1, 2.551130e+00, -3.016106e-16, 0.000000e+00, 5.543000e+00, 4.608980e-01, -3.419780e-01, -1.206869e-01, 2.171679e+00, 2.917985e-03, 1.069033e+00, -1.187789e-03, -1.911890e+00, -4.616800e-03
1, 1, 2.541006e+00, -3.016106e-16, 0.000000e+00, 5.543000e+00, 4.102497e-01, -3.415214e-01, -1.263311e-01, 2.392579e+00, 7.272141e-03, 1.174126e+00, -1.658262e-02, -1.770681e+00, 4.240197e-03
1, 1, 2.530883e+00, -3.016106e-16, 0.000000e+00, 5.543000e+00, 3.669505e-01, -3.351796e-01, -1.395913e-01, 2.621718e+00, 5.537392e-03, 1.278469e+00, -2.089270e-02, -1.620738e+00, 1.026909e-02
1, 1, 2.520759e+00, -3.016106e-16, 0.000000e+00, 5.543000e+00, 3.330135e-01, -3.228551e-01, -1.692685e-01, 2.838225e+00, -3.370351e-03, 1.435836e+00, 1.495114e-04, -1.440475e+00, 5.170502e-03
1, 1, 2.510635e+00, -3.016106e-16, 0.000000e+00, 5.543000e+00, 2.946262e-01, -2.999002e-01, -2.117622e-01, 3.049406e+00, -1.159497e-02, 1.658194e+00, 3.290733e-02, -1.207896e+00, -9.666273e-03
1, 1, 2.500512e+00, -3.016106e-16, 0.000000e+00, 5.543000e+00, 2.367805e-01, -2.627789e-01, -2.500885e-01, 3.262846e+00, -4.201339e-03, 1.878622e+00, 3.633133e-02, -9.116148e-01, -2.014233e-02
1, 1, 2.490388e+00, -3.016106e-16, 0.000000e+00, 5.543000e+00, 1.515565e-01, -2.088855e-01, -2.723719e-01, 3.491353e+00, 6.964216e-03, 2.026465e+00, -5.740163e-03, -5.480859e-01, -3.019644e-03
1, 1, 2.480265e+00, -3.016106e-16, 0.000000e+00, 5.543000e+00, 4.847950e-02, -1.446796e-01, -2.777785e-01, 3.722556e+00, 7.527918e-03, 2.078447e+00, -5.521955e-02, -1.484738e-01, 2.796906e-02
1, 1, 2.470141e+00, -3.016106e-16, 0.000000e+00, 5.543000e+00, -4.442823e-02, -8.798379e-02, -2.637894e-01, 3.861101e+00, 6.246459e-03, 1.999339e+00, -5.387218e-02, 2.063386e-01, 2.463441e-02
1, 1, 2.460018e+00, -3.016106e-16, 0.000000e+00, 5.543000e+00, -1.145732e-01, -4.487972e-02, -2.234182e-01, 3.832151e+00, 7.943815e-04, 1.717712e+00, 1.181992e-02, 4.618351e-01, -1.312321e-02
1, 1, 2.449894e+00, -3.016106e-16, 0.000000e+00, 5.543000e+00, -2.008954e-01, -1.071104e-02, -1.352328e-01, 3.741912e+00, -1.031524e-02, 1.108230e+00, 7.496143e-02, 6.642427e-01, -3.401008e-02
1, 1, 2.439771e+00, -3.016106e-16, 0.000000e+00, 5.543000e+00, -3.781010e-01, 8.489239e-03, 2.899365e-02, 3.872466e+00, -1.380169e-02, 7.603207e-02, 5.657618e-02, 9.376120e-01, -1.166896e-02
1, 1, 2.429647e+00, -3.016106e-16, 0.000000e+00, 5.543000e+00, -6.827560e-01, 3.331293e-03, 2.505465e-01, 4.451787e+00, -7.617843e-03, -1.184194e+00, -2.320112e-02, 1.386462e+00, 2.563528e-02
1, 1, 2.419524e+00, -3.016106e-16, 0.000000e+00, 5.543000e+00, -1.035479e+00, -2.664476e-02, 4.478415e-01, 5.307339e+00, 8.315120e-03, -2.192017e+00, -6.920706e-02, 1.957249e+00, 2.654093e-02
1, 1, 2.409400e+00, -3.016106e-16, 0.000000e+00, 5.543000e+00, -1.267507e+00, -7.329612e-02, 5.412934e-01, 5.852798e+00, 2.524716e-02, -2.594061e+00, -3.691977e-02, 2.412865e+00, -1.336863e-02
1, 1, 2.399277e+00, -3.016106e-16, 0.000000e+00, 5.543000e+00, -1.273382e+00, -1.217988e-01, 5.260789e-01, 5.605401e+00, 9.999696e-03, -2.504621e+00, 3.011850e-02, 2.540950e+00, -2.851710e-02
1, 1, 2.389153e+00, -3.016106e-16, 0.000000e+00, 5.543000e+00, -1.115358e+00, -1.664987e-01, 4.811192e-01, 4.671682e+00, -2.650529e-02, -2.396864e+00, 5.467132e-02, 2.355400e+00, 6.884271e-03
1, 1, 2.379030e+00, -3.016106e-16, 0.000000e+00, 5.543000e+00, -9.502608e-01, -2.161799e-01, 4.916608e-01, 3.631613e+00, -1.261661e-02, -2.617557e+00, 3.064500e-03, 2.064646e+00, 1.670285e-02
1, 1, 2.368906e+00, -3.016106e-16, 0.000000e+00, 5.543000e+00, -8.897378e-01, -2.526007e-01, 5.440311e-01, 3.010751e+00, 2.822536e-02, -2.982191e+00, -4.663265e-02, 1.918866e+00, -1.262426e-02
1, 1, 2.358783e+00, -3.016106e-16, 0.000000e+00, 5.543000e+00, -9.253802e-01, -2.359555e-01, 5.524694e-01, 2.898514e+00, 2.456295e-04, -3.031943e+00, -1.119299e-02, 2.010047e+00, 1.986446e-03
1, 1, 2.348659e+00, -3.016106e-16, 0.000000e+00, 5.543000e+00, -9.566861e-01, -1.925365e-01, 5.130915e-01, 2.948040e+00, -3.041073e-02, -2.763333e+00, 3.098187e-02, 2.149801e+00, 2.198207e-02
1, 1, 2.338535e+00, -3.016106e-16, 0.000000e+00, 5.543000e+00, -9.318334e-01, -1.704860e-01, 4.878128e-01, 2.850588e+00, 1.118213e-02, -2.550973e+00, 3.900220e-03, 2.154108e+00, -1.369210e-02
1, 1, 2.328412e+00, -3.016106e-16, 0.000000e+00, 5.543000e+00, -9.151288e-01, -1.371292e-01, 4.664725e-01, 2.743990e+00, 2.078130e-02, -2.420330e+00, -1.161921e-02, 2.135433e+00, -1.852172e-02
1, 1, 2.318288e+00, -3.016106e-16, 0.000000e+00, 5.543000e+00, -9.436654e-01, -8.284473e-02, 4.311848e-01, 2.787124e+00, -1.454503e-02, -2.242162e+00, 7.901235e-03, 2.203488e+00, 1.428843e-02
1, 1, 2.308165e+00, -3.016106e-16, 0.000000e+00, 5.543000e+00, -9.662398e-01, -6.398011e-02, 4.140862e-01, 2.829263e+00, -8.657400e-03, -2.113060e+00, -8.216982e-04, 2.257398e+00, 7.346130e-03
1, 1, 2.298041e+00, -3.016106e-16, 0.000000e+00, 5.543000e+00, -9.586881e-01, -7.433362e-02, 4.072181e-01, 2.796786e+00, 7.576384e-03, -2.023087e+00, -1.536866e-02, 2.242166e+00, -7.332626e-03
1, 1, 2.287918e+00, -3.016106e-16, 0.000000e+00, 5.543000e+00, -9.329526e-01, -7.527523e-02, 3.887526e-01, 2.733003e+00, 2.633720e-03, -1.904168e+00, -1.363920e-03, 2.176115e+00, -8.786675e-04
1, 1, 2.277794e+00, -3.016106e-16, 0.000000e+00, 5.543000e+00, -8.847067e-01, -7.414242e-02, 3.732160e-01, 2.586975e+00, 1.197571e-03, -1.837108e+00, 1.684357e-02, 2.048642e+00, -2.623499e-05
1, 1, 2.267671e+00, -3.016106e-16, 0.000000e+00, 5.543000e+00, -8.161886e-01, -7.697437e-02, 3.646814e-01, 2.341660e+00, 5.749995e-04, -1.837817e+00, 1.436995e-02, 1.888305e+00, -1.503339e-03
1, 1, 2.257547e+00, -3.016106e-16, 0.000000e+00, 5.543000e+00, -7.395157e-01, -7.437240e-02, 3.548518e-01, 2.058314e+00, -2.099051e-03, -1.845601e+00, -1.362378e-02, 1.728716e+00, 1.408894e-03
1, 1, 2.247424e+00, -3.016106e-16, 0.000000e+00, 5.543000e+00, -6.560866e-01, -6.387072e-02, 3.432550e-01, 1.796284e+00, -1.330284e-03, -1.836179e+00, -3.422032e-02, 1.547681e+00, 2.329020e-03
1, 1, 2.237300e+00, -3.016106e-16, 0.000000e+00, 5.543000e+00, -5.547860e-01, -4.529008e-02, 3.286252e-01, 1.603477e+00, -6.034618e-04, -1.789531e+00, -3.507821e-03, 1.303402e+00, 9.758829e-04
1, 1, 2.227177e+00, -3.016106e-16, 0.000000e+00, 5.543000e+00, -4.199159e-01, -2.112400e-02, 3.105233e-01, 1.492623e+00, 3.189117e-04, -1.700381e+00, 5.484392e-02, 9.681014e-01, -1.034336e-03
1, 1, 2.217053e+00, -3.016106e-16, 0.000000e+00, 5.543000e+00, -2.504845e-01, 2.661867e-03, 2.911577e-01, 1.446555e+00, 6.502813e-04, -1.585201e+00, 5.153148e-02, 5.539704e-01, -1.473863e-03
1, 1, 2.206930e+00, -3.016106e-16, 0.000000e+00, 5.543000e+00, -6.299805e-02, 1.987774e-02, 2.735297e-01, 1.440735e+00, 9.894458e-04, -1.463821e+00, -4.985073e-02, 9.937493e-02, -1.658330e-03
1, 1, 2.196806e+00, -3.016106e-16, 0.000000e+00, 5.543000e+00, 1.354882e-01, 2.743643e-02, 2.602888e-01, 1.436637e+00, 1.744441e-03, -1.358707e+00, -1.301125e-01, -3.910828e-01, -1.131144e-03
1, 1, 2.186683e+00, -3.016106e-16, 0.000000e+00, 5.543000e+00, 3.710777e-01, 2.837927e-02, 2.503035e-01, 1.406828e+00, -3.160266e-03, -1.276434e+00, -2.924746e-02, -9.916016e-01, 3.473907e-03
1, 1, 2.176559e+00, -3.016106e-16, 0.000000e+00, 5.543000e+00, 6.834768e-01, 2.512311e-02, 2.437872e-01, 1.342680e+00, -5.594951e-03, -1.220946e+00, 1.912782e-01, -1.807455e+00, 5.756536e-03
1, 1, 2.166435e+00, -3.016106e-16, 0.000000e+00, 5.543000e+00, 1.069573e+00, 1.983561e-02, 2.401284e-01, 1.247195e+00, -6.044114e-04, -1.186147e+00, 2.238432e-01, -2.820395e+00, 2.366082e-03
1, 1, 2.156312e+00, -3.016106e-16, 0.000000e+00, 5.543000e+00, 1.478182e+00, 1.640003e-02, 2.351643e-01, 1.144168e+00, 4.004769e-03, -1.143987e+00, -1.046135e-01, -3.870898e+00, -5.499604e-03
1, 1, 2.146188e+00, -3.016106e-16, 0.000000e+00, 5.543000e+00, 1.899330e+00, 1.414172e-02, 2.295557e-01, 1.046246e+00, 1.001049e-02, -1.099668e+00, -4.662638e-01, -4.931559e+00, -1.279476e-02
1, 1, 2.136065e+00, -3.016106e-16, 0.000000e+00, 5.543000e+00, 2.426759e+00, 1.458844e-02, 2.210945e-01, 9.666171e-01, 2.497059e-03, -1.049230e+00, -3.049431e-01, -6.290253e+00, -2.243199e-03
1, 1, 2.125941e+00, -3.016106e-16, 0.000000e+00, 5.543000e+00, 3.152326e+00, 1.380331e-02, 2.091879e-01, 9.249911e-01, -7.969071e-03, -9.661106e-01, 3.772672e-01, -8.224796e+00, 8.185027e-03
1, 1, 2.115818e+00, -3.016106e-16, 0.000000e+00, 5.543000e+00, 3.972656e+00, 6.138199e-03, 2.013342e-01, 8.973237e-01, 1.553918e-02, -8.796333e-01, 8.119346e-01, -1.042677e+01, -5.567638e-03
1, 1, 2.105694e+00, -3.016106e-16, 0.000000e+00, 5.543000e+00, 4.631464e+00, 2.026030e-02, 1.803090e-01, 8.936028e-01, -5.802347e-04, -7.447796e-01, 3.587534e-01, -1.210509e+01, 7.441703e-03
1, 1, 2.095571e+00, -3.016106e-16, 0.000000e+00, 5.543000e+00, 5.162634e+00, 6.539125e-02, 1.356373e-01, 9.314366e-01, -6.296614e-02, -5.057587e-01, -6.195120e-01, -1.332615e+01, 3.763530e-02
1, 1, 2.085447e+00, -3.016106e-16, 0.000000e+00, 5.543000e+00, 6.159376e+00, 8.949973e-02, 1.057485e-01, 8.872164e-01, -3.945913e-03, -3.286902e-01, -1.053403e+00, -1.587308e+01, -8.627868e-03
1, 1, 2.075324e+00, -3.016106e-16, 0.000000e+00, 5.543000e+00, 8.137781e+00, 9.426582e-02, 8.090070e-02, 7.646929e-01, 8.379618e-02, -1.985427e-01, -3.539412e-01, -2.128632e+01, -5.403912e-02
1, 1, 2.065200e+00, -3.016106e-16, 0.000000e+00, 5.543000e+00, 1.053467e+01, 1.072791e-01, 2.881565e-02, 7.040017e-01, 9.149946e-03, 3.815424e-02, 7.448586e-01, -2.785487e+01, 1.932283e-04
1, 1, 2.055077e+00, -3.016106e-16, 0.000000e+00, 5.543000e+00, 1.165059e+01, 6.040540e-02, 2.432293e-02, 5.117109e-01, -5.038379e-02, 1.988977e-02, 9.544835e-01, -3.057856e+01, 3.211775e-02
1, 1, 2.044953e+00, -3.016106e-16, 0.000000e+00, 5.543000e+00, 9.930003e+00, -5.392438e-02, 9.491897e-02, 9.641502e-02, -1.413074e-03, -3.995338e-01, 1.266570e-01, -2.498510e+01, 4.008797e-04
1, 1, 2.034830e+00, -3.016106e-16, 0.000000e+00, 5.543000e+00, 5.626704e+00, -1.255402e-01, 1.438020e-01, -1.754189e-01, 6.635435e-03, -6.819335e-01, -6.326619e-01, -1.197545e+01, -1.113125e-03
1, 1, 2.024706e+00, -3.016106e-16, 0.000000e+00, 5.543000e+00, 1.013716e+00, -1.289592e-01, 1.523710e-01, -2.216882e-01, -8.398477e-03, -6.981364e-01, -5.259029e-01, 1.637883e+00, 5.433177e-03
1, 1, 2.014582e+00, -3.016106e-16, 0.000000e+00, 5.543000e+00, -1.559895e+00, -1.085804e-01, 1.649147e-01, -2.660937e-01, 8.172359e-03, -7.225346e-01, 8.787073e-02, 9.002383e+00, -1.064245e-02
1, 1, 2.004459e+00, -3.016106e-16, 0.000000e+00, 5.543000e+00, -1.685595e+00, -7.424882e-02, 1.738330e-01, -3.188483e-01, 1.495010e-02, -7.420908e-01, 3.870592e-01, 9.140237e+00, -1.454019e-02
1, 1, 1.994335e+00, -3.016106e-16, 0.000000e+00, 5.543000e+00, -7.722607e-01, -3.985153e-02, 1.672167e-01, -3.207130e-01, 1.750073e-03, -6.834772e-01, 1.463596e-01, 6.343119e+00, 8.075397e-04
1, 1, 1.984212e+00, -3.016106e-16, 0.000000e+00, 5.543000e+00, -2.922635e-01, -2.551778e-02, 1.476567e-01, -2.723329e-01, -1.459142e-02, -5.565019e-01, -1.606822e-01, 4.905661e+00, 1.926179e-02
1, 1, 1.974088e+00, -3.016106e-16, 0.000000e+00, 5.543000e+00, -5.166848e-01, -2.988380e-02, 1.128905e-01, -1.720286e-01, -1.502656e-02, -3.471215e-01, -1.514143e-01, 5.532802e+00, 1.806037e-02
1, 1, 1.963965e+00, -3.016106e-16, 0.000000e+00, 5.543000e+00, -8.549687e-01, -3.600512e-02, 5.999500e-02, -1.948886e-02, -1.304243e-03, -4.158076e-02, 3.345241e-02, 6.472136e+00, -5.368034e-03
1, 1, 1.953841e+00, -3.016106e-16, 0.000000e+00, 5.543000e+00, -8.973871e-01, -2.938071e-02, -3.161310e-03, 1.703413e-01, 1.751277e-02, 3.161313e-01, 9.428191e-02, 6.553972e+00, -2.610280e-02
1, 1, 1.943718e+00, -3.016106e-16, 0.000000e+00, 5.543000e+00, -7.767404e-01, -1.134868e-02, -5.220123e-02, 3.438525e-01, 2.844683e-02, 5.993965e-01, 7.090127e-03, 6.170379e+00, -2.217292e-02
1, 1, 1.933594e+00, -3.016106e-16, 0.000000e+00, 5.543000e+00, -7.508258e-01, 1.293380e-02, -7.554215e-02, 4.587920e-01, -8.514708e-03, 7.438771e-01, -4.424033e-02, 6.057807e+00, 1.363581e-02
1, 1, 1.923471e+00, -3.016106e-16, 0.000000e+00, 5.543000e+00, -8.218603e-01, 3.375366e-02, -8.492792e-02, 4.865250e-01, -4.874353e-02, 8.006909e-01, -6.113488e-03, 6.233243e+00, 3.851535e-02
1, 1, 1.913347e+00, -3.016106e-16, 0.000000e+00, 5.543000e+00, -8.452417e-01, 4.161694e-02, -1.037800e-01, 4.042523e-01, -1.822888e-03, 8.780931e-01, 1.596111e-02, 6.327107e+00, 4.373006e-03
1, 1, 1.903224e+00, -3.016106e-16, 0.000000e+00, 5.543000e+00, -8.000525e-01, 5.814588e-02, -1.688774e-01, 3.058938e-01, 4.746529e-02, 1.162056e+00, -2.346302e-03, 6.326130e+00, -3.117465e-02
1, 1, 1.893100e+00, -3.016106e-16, 0.000000e+00, 5.543000e+00, -7.652022e-01, 9.242190e-02, -2.674563e-01, 2.566063e-01, 3.190348e-03, 1.592679e+00, -3.203553e-03, 6.399479e+00, -9.438197e-03
1, 1, 1.882977e+00, -3.016106e-16, 0.000000e+00, 5.543000e+00, -7.521783e-01, 1.010433e-01, -3.136804e-01, 1.267966e-01, -3.042368e-02, 1.735275e+00, 5.174087e-03, 6.431026e+00, 1.417354e-02
1, 1, 1.872853e+00, -3.016106e-16, 0.000000e+00, 5.543000e+00, -7.344547e-01, 7.470084e-02, -2.830818e-01, -7.718053e-02, 1.901561e-03, 1.502224e+00, -1.619165e-03, 6.297453e+00, 3.984593e-03
1, 1, 1.862730e+00, -3.016106e-16, 0.000000e+00, 5.543000e+00, -7.241148e-01, 5.891841e-02, -2.457465e-01, -1.517114e-01, 1.426505e-02, 1.295986e+00, -3.920496e-03, 6.133697e+00, -3.466196e-03
1, 1, 1.852606e+00, -3.016106e-16, 0.000000e+00, 5.543000e+00, -7.259570e-01, 6.255818e-02, -2.356601e-01, -1.160677e-01, -4.474321e-03, 1.259278e+00, 3.840523e-03, 6.036618e+00, 5.424830e-04
1, 1, 1.842482e+00, -3.016106e-16, 0.000000e+00, 5.543000e+00, -7.221275e-01, 6.104773e-02, -2.310113e-01, -1.388650e-01, -6.172343e-03, 1.229575e+00, 4.705151e-03, 5.953757e+00, 5.359258e-04
1, 1, 1.832359e+00, -3.016106e-16, 0.000000e+00, 5.543000e+00, -7.122439e-01, 5.497307e-02, -2.238014e-01, -1.976393e-01, 9.131008e-05, 1.176953e+00, -1.993320e-03, 5.856232e+00, 1.169293e-03
1, 1, 1.822235e+00, -3.016106e-16, 0.000000e+00, 5.543000e+00, -7.078829e-01, 5.517813e-02, -2.184714e-01, -1.958317e-01, 2.465624e-04, 1.152077e+00, -5.529613e-03, 5.762221e+00, 2.788879e-03
1, 1, 1.812112e+00, -3.016106e-16, 0.000000e+00, 5.543000e+00, -7.075424e-01, 5.699887e-02, -2.111804e-01, -1.620758e-01, 7.350613e-03, 1.131414e+00, -5.753414e-03, 5.674488e+00, -6.013150e-03
1, 1, 1.801988e+00, -3.016106e-16, 0.000000e+00, 5.543000e+00, -7.074879e-01, 5.967164e-02, -2.055131e-01, -1.351480e-01, 8.527104e-03, 1.111469e+00, 3.125524e-04, 5.592557e+00, -9.879731e-03
1, 1, 1.791865e+00, -3.016106e-16, 0.000000e+00, 5.543000e+00, -7.081721e-01, 6.672652e-02, -2.054158e-01, -9.915964e-02, 2.743080e-03, 1.112616e+00, 2.556608e-03, 5.514751e+00, -4.609544e-03
1, 1, 1.781741e+00, -3.016106e-16, 0.000000e+00, 5.543000e+00, -7.119126e-01, 7.626688e-02, -2.064449e-01, -6.116758e-02, -1.077603e-02, 1.114423e+00, 5.475919e-03, 5.445266e+00, 8.446036e-03
1, 1, 1.771618e+00, -3.016106e-16, 0.000000e+00, 5.543000e+00, -7.256480e-01, 9.429838e-02, -2.135846e-01, 1.235935e-02, -2.751158e-02, 1.149286e+00, 1.931632e-02, 5.405768e+00, 2.844412e-02
1, 1, 1.761494e+00, -3.016106e-16, 0.000000e+00, 5.543000e+00, -7.277535e-01, 1.075228e-01, -2.118540e-01, 7.738837e-02, 4.094322e-03, 1.166690e+00, -7.768036e-03, 5.329012e+00, 6.385986e-04
1, 1, 1.751371e+00, -3.016106e-16, 0.000000e+00, 5.543000e+00, -7.175524e-01, 1.205231e-01, -2.073141e-01, 1.046430e-01, 1.145810e-02, 1.149017e+00, -1.894280e-02, 5.203850e+00, -9.773989e-03
1, 1, 1.741247e+00, -3.016106e-16, 0.000000e+00, 5.543000e+00, -7.114755e-01, 1.365312e-01, -2.083441e-01, 1.533724e-01, -4.856089e-03, 1.143838e+00, 1.192246e-02, 5.082915e+00, 4.778307e-03
1, 1, 1.731124e+00, -3.016106e-16, 0.000000e+00, 5.543000e+00, -6.701052e-01, 9.401839e-02, -1.640166e-01, 5.711123e-02, 4.729357e-02, 9.502022e-01, -1.815801e-02, 4.870990e+00, -5.566211e-02
1, 1, 1.721000e+00, -3.016106e-16, 0.000000e+00, 5.543000e+00, -6.185900e-01, 3.126882e-02, -1.150765e-01, -1.392354e-01, 2.108974e-02, 6.891109e-01, -1.782129e-02, 4.639662e+00, -2.790780e-02
1, 1, 1.710877e+00, -3.016106e-16, 0.000000e+00, 5.543000e+00, -5.996824e-01, 8.743177e-03, -1.028774e-01, -2.253581e-01, -7.188534e-02, 5.731723e-01, 3.917957e-02, 4.500556e+00, 8.448924e-02
1, 1, 1.700753e+00, -3.016106e-16, 0.000000e+00, 5.543000e+00, -5.740390e-01, -2.766990e-02, -6.336181e-02, -2.981692e-01, -3.651102e-02, 3.930680e-01, 2.202500e-02, 4.342622e+00, 4.559582e-02
1, 1, 1.690630e+00, -3.016106e-16, 0.000000e+00, 5.543000e+00, -5.513684e-01, -3.764527e-02, -3.455443e-02, -3.277675e-01, 4.649071e-02, 2.957763e-01, -2.687123e-02, 4.199142e+00, -5.645170e-02
1, 1, 1.680506e+00, -3.016106e-16, 0.000000e+00, 5.543000e+00, -5.675595e-01, 5.481955e-02, -8.978943e-02, -1.962299e-01, 3.040181e-02, 5.571792e-01, -1.789828e-02, 4.173339e+00, -3.672105e-02
1, 1, 1.670382e+00, -3.016106e-16, 0.000000e+00, 5.543000e+00, -5.890628e-01, 1.647096e-01, -1.573450e-01, -5.308509e-02, -1.774348e-02, 8.554065e-01, 1.037736e-02, 4.161497e+00, 2.332986e-02
1, 1, 1.660259e+00, -3.016106e-16, 0.000000e+00, 5.543000e+00, -5.774377e-01, 1.909047e-01, -1.536648e-01, -6.415413e-02, -1.119060e-02, 8.278311e-01, 6.599322e-03, 4.048744e+00, 1.299952e-02
1, 1, 1.650135e+00, -3.016106e-16, 0.000000e+00, 5.543000e+00, -5.527270e-01, 1.709884e-01, -1.201959e-01, -1.464353e-01, 4.341570e-03, 6.568025e-01, -1.714946e-03, 3.898207e+00, -7.127724e-03
1, 1, 1.640012e+00, -3.016106e-16, 0.000000e+00, 5.543000e+00, -5.414543e-01, 1.643494e-01, -1.119583e-01, -1.706233e-01, -5.716187e-04, 5.995315e-01, 2.076268e-03, 3.789694e+00, 1.607053e-03
1, 1, 1.629888e+00, -3.016106e-16, 0.000000e+00, 5.543000e+00, -5.380026e-01, 1.588715e-01, -1.166991e-01, -1.533878e-01, -1.577464e-04, 6.090240e-01, -4.655420e-04, 3.705894e+00, 1.450428e-03
1, 1, 1.619765e+00, -3.016106e-16, 0.000000e+00, 5.543000e+00, -5.357695e-01, 1.437929e-01, -1.206384e-01, -1.360116e-01, 2.534432e-03, 6.168663e-01, -4.805904e-03, 3.629160e+00, -3.911983e-03
1, 1, 1.609641e+00, -3.016106e-16, 0.000000e+00, 5.543000e+00, -5.342548e-01, 1.315635e-01, -1.251831e-01, -1.274733e-01, -1.972018e-04, 6.250743e-01, -1.527166e-03, 3.561519e+00, -5.680706e-04
1, 1, 1.599518e+00, -3.016106e-16, 0.000000e+00, 5.543000e+00, -5.292769e-01, 1.239526e-01, -1.240902e-01, -1.381711e-01, -1.108296e-03, 6.087534e-01, 3.381269e-03, 3.488866e+00, 1.455454e-03
1, 1, 1.589394e+00, -3.016106e-16, 0.000000e+00, 5.543000e+00, -5.212102e-01, 1.184450e-01, -1.164562e-01, -1.605475e-01, -3.183119e-04, 5.653605e-01, 3.785430e-03, 3.409732e+00, 1.063783e-03
1, 1, 1.579271e+00, -3.016106e-16, 0.000000e+00, 5.543000e+00, -5.167956e-01, 1.147278e-01, -1.081505e-01, -1.776117e-01, -1.178146e-04, 5.212415e-01, -6.604001e-04, 3.348196e+00, 3.419390e-04
1, 1, 1.569147e+00, -3.016106e-16, 0.000000e+00, 5.543000e+00, -5.199437e-01, 1.106706e-01, -1.018814e-01, -1.855442e-01, 3.851682e-04, 4.878898e-01, -5.083173e-03, 3.319780e+00, -7.190564e-04
1, 1, 1.559024e+00, -3.016106e-16, 0.000000e+00, 5.543000e+00, -5.274463e-01, 1.056180e-01, -9.775976e-02, -1.864513e-01, 5.604120e-04, 4.643890e-01, -1.744321e-03, 3.307320e+00, -6.447607e-04
1, 1, 1.548900e+00, -3.016106e-16, 0.000000e+00, 5.543000e+00, -5.311058e-01, 1.000736e-01, -9.375682e-02, -1.859264e-01, 5.480924e-04, 4.424183e-01, 5.161342e-03, 3.271900e+00, -3.404377e-04
1, 1, 1.538777e+00, -3.016106e-16, 0.000000e+00, 5.543000e+00, -5.256508e-01, 9.432088e-02, -8.863701e-02, -1.889000e-01, -5.959139e-04, 4.144937e-01, 3.032133e-03, 3.194571e+00, 4.968894e-04
1, 1, 1.528653e+00, -3.016106e-16, 0.000000e+00, 5.543000e+00, -5.166995e-01, 8.848434e-02, -8.266120e-02, -1.945212e-01, -1.973931e-03, 3.827392e-01, -2.949523e-03, 3.101882e+00, 1.165607e-03
1, 1, 1.518530e+00, -3.016106e-16, 0.000000e+00, 5.543000e+00, -5.111194e-01, 8.199440e-02, -7.627576e-02, -2.009246e-01, -1.580738e-03, 3.495736e-01, -1.249546e-03, 3.022709e+00, 7.339971e-04
1, 1, 1.508406e+00, -3.016106e-16, 0.000000e+00, 5.543000e+00, -5.043472e-01, 7.498050e-02, -7.016517e-02, -2.023078e-01, 1.662717e-03, 3.202921e-01, 1.054168e-05, 2.941103e+00, -1.097014e-03
1, 1, 1.498282e+00, -3.016106e-16, 0.000000e+00, 5.543000e+00, -4.905673e-01, 6.713860e-02, -6.396653e-02, -2.024494e-01, 7.440116e-03, 2.919776e-01, -3.915367e-03, 2.836759e+00, -3.496671e-03
1, 1, 1.488159e+00, -3.016106e-16, 0.000000e+00, 5.543000e+00, -4.753146e-01, 6.045956e-02, -5.861684e-02, -2.001569e-01, 1.805326e-04, 2.633213e-01, 1.169300e-03, 2.728092e+00, 5.774224e-05
1, 1, 1.478035e+00, -3.016106e-16, 0.000000e+00, 5.543000e+00, -4.610446e-01, 5.483124e-02, -5.417986e-02, -1.904142e-01, -1.197249e-02, 2.389873e-01, 8.315438e-03, 2.624076e+00, 5.794317e-03
1, 1, 1.467912e+00, -3.016106e-16, 0.000000e+00, 5.543000e+00, -4.420140e-01, 4.594693e-02, -4.703211e-02, -1.877018e-01, -6.731306e-04, 2.099219e-01, 2.319827e-04, 2.507223e+00, 9.259825e-04
1, 1, 1.457788e+00, -3.016106e-16, 0.000000e+00, 5.543000e+00, -4.247542e-01, 4.062554e-02, -4.244241e-02, -1.570741e-01, 9.021695e-03, 2.001561e-01, -6.987332e-03, 2.396689e+00, -4.784491e-03
1, 1, 1.447665e+00, -3.016106e-16, 0.000000e+00, 5.543000e+00, -4.118076e-01, 4.125434e-02, -4.360856e-02, -8.669546e-02, 2.558829e-03, 2.199378e-01, -3.477375e-03, 2.298990e+00, -3.511747e-03
1, 1, 1.437541e+00, -3.016106e-16, 0.000000e+00, 5.543000e+00, -3.893624e-01, 3.623071e-02, -4.040539e-02, -5.762356e-02, 7.245795e-04, 2.093066e-01, -7.312456e-04, 2.172592e+00, -1.853978e-03
1, 1, 1.427418e+00, -3.016106e-16, 0.000000e+00, 5.543000e+00, -3.594814e-01, 2.609494e-02, -3.268891e-02, -7.245963e-02, -6.631445e-03, 1.633139e-01, 5.812956e-03, 2.026059e+00, 6.663545e-03
1, 1, 1.417294e+00, -3.016106e-16, 0.000000e+00, 5.543000e+00, -3.329386e-01, 1.603413e-02, -2.448134e-02, -8.381502e-02, -1.187730e-02, 1.181692e-01, 1.024851e-02, 1.894063e+00, 1.340821e-02
1, 1, 1.407171e+00, -3.016106e-16, 0.000000e+00, 5.543000e+00, -3.107896e-01, 2.411039e-03, -1.116961e-02, -1.056453e-01, -3.871259e-03, 5.597235e-02, 6.012836e-04, 1.781811e+00, 1.427092e-03
1, 1, 1.397047e+00, -3.016106e-16, 0.000000e+00, 5.543000e+00, -2.990439e-01, -1.199004e-02, 5.801838e-04, -1.136389e-01, 1.933406e-02, 9.404968e-03, -1.157521e-02, 1.706088e+00, -1.470183e-02
1, 1, 1.386924e+00, -3.016106e-16, 0.000000e+00, 5.543000e+00, -2.915212e-01, -2.977556e-02, 1.605061e-02, -1.367895e-01, 3.566540e-02, -5.853480e-02, -2.747761e-02, 1.646890e+00, -3.866999e-02
1, 1, 1.376800e+00, -3.016106e-16, 0.000000e+00, 5.543000e+00, -2.956453e-01, -3.915458e-02, 1.897771e-02, -1.592837e-01, -3.041351e-02, -1.098602e-01, 1.893535e-02, 1.619558e+00, 2.334582e-02
1, 1, 1.366677e+00, -3.016106e-16, 0.000000e+00, 5.543000e+00, -2.990724e-01, -4.802184e-02, 1.969433e-02, -1.520671e-01, -4.457588e-02, -1.235850e-01, 4.065599e-02, 1.591712e+00, 5.767079e-02
1, 1, 1.356553e+00, -3.016106e-16, 0.000000e+00, 5.543000e+00, -2.715098e-01, -9.061649e-02, 6.156566e-02, -2.334175e-01, 3.607786e-02, -2.815866e-01, -3.289869e-02, 1.479614e+00, -4.344743e-02
1, 1, 1.346430e+00, -3.016106e-16, 0.000000e+00, 5.543000e+00, -2.858080e-01, -6.702737e-02, 4.489673e-02, -1.607619e-01, 1.222819e-02, -2.123693e-01, -8.425811e-03, 1.480456e+00, -1.303238e-02
1, 1, 1.336306e+00, -3.016106e-16, 0.000000e+00, 5.543000e+00, -3.187557e-01, -6.151444e-04, -2.297155e-03, 1.058654e-03, -1.461847e-02, 2.610385e-03, 1.321951e-02, 1.535091e+00, 1.837749e-02
1, 1, 1.326182e+00, -3.016106e-16, 0.000000e+00, 5.543000e+00, -3.142638e-01, 1.676492e-03, -1.234127e-04, 2.245880e-03, 3.692485e-03, 2.886157e-03, -4.831491e-03, 1.489233e+00, -6.295704e-03
1, 1, 1.316059e+00, -3.016106e-16, 0.000000e+00, 5.543000e+00, -3.106498e-01, -1.222420e-03, 4.761781e-04, -2.193788e-03, -9.908855e-04, -2.945923e-03, 1.863227e-03, 1.444800e+00, 2.053392e-03
1, 1, 1.305935e+00, -3.016106e-16, 0.000000e+00, 5.543000e+00, -3.067597e-01, 6.543744e-04, -3.260959e-04, 1.274071e-03, 1.873045e-04, 1.714057e-03, -5.740239e-04, 1.399693e+00, -6.148656e-04
1, 1, 1.295812e+00, -3.016106e-16, 0.000000e+00, 5.543000e+00, -3.012185e-01, -2.988153e-04, 1.583728e-04, -5.944732e-04, -7.025909e-06, -7.826397e-04, 1.145686e-04, 1.350057e+00, 2.060973e-04
1, 1, 1.285688e+00, -3.016106e-16, 0.000000e+00, 5.543000e+00, -2.955147e-01, 1.218911e-04, -6.291649e-05, 2.411114e-04, -9.302450e-06, 3.027473e-04, 6.288553e-05, 1.300141e+00, -8.627777e-05
1, 1, 1.275565e+00, -3.016106e-16, 0.000000e+00, 5.543000e+00, -2.884979e-01, -5.794906e-05, 3.190566e-05, -1.079002e-04, 1.025341e-05, -1.508160e-04, -1.385995e-04, 1.246746e+00, 3.194465e-05
1, 1, 1.265441e+00, -3.016106e-16, 0.000000e+00, 5.543000e+00, -2.805508e-01, 2.910670e-05, -1.750579e-05, 4.827817e-05, -3.750512e-06, 8.458922e-05, -3.533423e-04, 1.190899e+00, -1.252055e-05
1, 1, 1.255318e+00, -3.016106e-16, 0.000000e+00, 5.543000e+00, -2.716965e-01, -8.676812e-06, 5.003934e-06, -1.727699e-05, -9.075609e-07, -2.568049e-05, 4.366652e-04, 1.132865e+00, 4.805136e-06
1, 1, 1.245194e+00, -3.016106e-16, 0.000000e+00, 5.543000e+00, -2.614434e-01, 3.411169e-06, -2.893541e-06, 2.224710e-06, -5.144537e-06, 1.094720e-05, 9.852924e-04, 1.071082e+00, 7.181855e-06
1, 1, 1.235071e+00, -3.016106e-16, 0.000000e+00, 5.543000e+00, -2.492653e-01, -2.388070e-06, 2.046862e-06, -2.513487e-06, 4.994570e-06, -8.508698e-06, -1.502769e-04, 1.004001e+00, -6.331903e-06
1, 1, 1.224947e+00, -3.016106e-16, 0.000000e+00, 5.543000e+00, -2.353753e-01, -3.373077e-06, 4.076068e-06, -5.061821e-06, 4.666273e-06, -1.760423e-05, -2.816343e-03, 9.324981e-01, -8.060935e-06
1, 1, 1.214824e+00, -3.016106e-16, 0.000000e+00, 5.543000e+00, -2.205991e-01, 5.843991e-06, -6.301020e-06, 6.705079e-06, -7.984169e-06, 2.749321e-05, -2.726341e-03, 8.593521e-01, 1.272707e-05
1, 1, 1.204700e+00, -3.016106e-16, 0.000000e+00, 5.543000e+00, -2.050648e-01, 8.726456e-07, -2.429878e-07, 1.387458e-06, 2.511625e-06, 3.486681e-06, 2.085901e-03, 7.850099e-01, -4.329780e-06
1, 1, 1.194577e+00, -3.016106e-16, 0.000000e+00, 5.543000e+00, -1.867880e-01, -3.707817e-06, 3.305709e-06, -4.831243e-06, 2.246681e-06, -1.331823e-05, 6.733353e-03, 7.028644e-01, -3.095438e-06
1, 1, 1.184453e+00, -3.016106e-16, 0.000000e+00, 5.543000e+00, -1.659150e-01, 5.139041e-07, -8.885014e-07, -7.844931e-08, -1.740464e-06, 5.347590e-06, 8.382629e-03, 6.141793e-01, 2.607168e-06
1, 1, 1.174329e+00, -3.016106e-16, 0.000000e+00, 5.543000e+00, -1.409497e-01, 4.201301e-07, -4.623303e-07, -2.315239e-07, -7.836112e-07, 3.416421e-06, -5.190812e-03, 5.145789e-01, 6.410093e-07
1, 1, 1.164206e+00, -3.016106e-16, 0.000000e+00, 5.543000e+00, -1.119669e-01, -3.145397e-07, 8.628140e-08, -4.282572e-07, 4.033221e-07, 1.014235e-06, -2.085366e-02, 4.039369e-01, -1.660394e-07
1, 1, 1.154082e+00, -3.016106e-16, 0.000000e+00, 5.543000e+00, -8.872125e-02, -1.382996e-07, 1.557349e-07, 1.033845e-07, 1.143045e-06, 7.920748e-07, 7.912808e-04, 3.140410e-01, -1.655572e-06
1, 1, 1.143959e+00, -3.016106e-16, 0.000000e+00, 5.543000e+00, -6.172350e-02, 1.033381e-06, -9.980732e-07, 1.564645e-06, -4.084322e-07, 5.358842e-06, 1.871557e-02, 2.138405e-01, 7.632851e-07
1, 1, 1.133835e+00, -3.016106e-16, 0.000000e+00, 5.543000e+00, -2.246995e-02, 1.270672e-06, -1.093680e-06, 1.787376e-06, -3.700590e-07, 5.479398e-06, -8.288412e-04, 7.708476e-02, 5.192327e-07
1, 1, 1.123712e+00, -3.016106e-16, 0.000000e+00, 5.543000e+00, 2.982258e-04, 1.226604e-07, -3.791609e-08, 2.432189e-07, 2.538536e-07, 3.436766e-07, -6.509413e-03, -7.662895e-04, -4.041831e-07
1, 1, 1.113588e+00, -3.016106e-16, 0.000000e+00, 5.543000e+00, 3.811355e-04, -6.161188e-08, 3.672228e-08, -7.459911e-08, -1.652962e-08, -1.997268e-07, 1.544145e-03, -1.338530e-03, 7.149593e-08
1, 1, 1.103465e+00, -3.016106e-16, 0.000000e+00, 5.543000e+00, -4.194319e-04, 3.140342e-08, -2.500743e-08, 3.604953e-08, -1.017620e-08, 1.225115e-07, -3.035708e-05, 1.406234e-03, 6.235727e-09
1, 1, 1.093341e+00, -3.016106e-16, 0.000000e+00, 5.543000e+00, 2.368832e-04, -1.110604e-08, 1.076330e-08, -1.112447e-08, 1.149920e-08, -4.853687e-08, -3.025620e-04, -7.836740e-04, -1.532031e-08
1, 1, 1.083218e+00, -3.016106e-16, 0.000000e+00, 5.543000e+00, -8.776680e-05, 1.904803e-09, -2.818435e-09, 1.026421e-09, -5.828627e-09, 1.140080e-08, 2.364670e-04, 2.858126e-04, 9.134647e-09
1, 1, 1.073094e+00, -3.016106e-16, 0.000000e+00, 5.543000e+00, 1.958509e-05, 6.621603e-10, -1.044979e-11, 1.268793e-09, 1.991850e-09, 8.944335e-10, -1.236077e-04, -6.118257e-05, -3.411211e-09
1, 1, 1.062971e+00, -3.016106e-16, 0.000000e+00, 5.543000e+00, 1.669952e-06, -8.307106e-10, 5.388828e-10, -1.151086e-09, -2.359866e-10, -2.704831e-09, 5.160025e-05, -7.403850e-06, 6.662533e-10
1, 1, 1.052847e+00, -3.016106e-16, 0.000000e+00, 5.543000e+00, -5.164219e-06, 5.095109e-10, -4.208128e-10, 6.360386e-10, -2.270689e-10, 1.907174e-09, -1.768249e-05, 1.785632e-05, 2.287283e-10
1, 1, 1.042724e+00, -3.016106e-16, 0.000000e+00, 5.543000e+00, 3.930975e-06, -2.512147e-10, 2.422235e-10, -2.950823e-10, 2.539364e-10, -1.040492e-09, 4.560568e-06, -1.325655e-05, -3.520280e-10
1, 1, 1.032600e+00, -3.016106e-16, 0.000000e+00, 5.543000e+00, -2.291265e-06, 1.071990e-10, -1.206837e-10, 1.201428e-10, -1.695846e-10, 4.922834e-10, -4.079765e-07, 7.634540e-06, 2.681889e-10
1, 1, 1.022477e+00, -3.016106e-16, 0.000000e+00, 5.543000e+00, 1.185070e-06, -4.136692e-11, 5.510627e-11, -4.498196e-11, 1.005262e-10, -2.116112e-10, -5.172625e-07, -3.916101e-06, -1.644677e-10
1, 1, 1.012353e+00, -3.016106e-16, 0.000000e+00, 5.543000e+00, -5.751950e-07, 1.468957e-11, -2.426531e-11, 1.456237e-11, -5.457007e-11, 8.628735e-11, 5.063495e-07, 1.888371e-06, 9.173703e-11
1, 1, 1.002229e+00, -3.016106e-16, 0.000000e+00, 5.543000e+00, 2.699237e-07, -4.453006e-12, 1.063557e-11, -4.694324e-12, 2.743965e-11, -3.532299e-11, -3.266939e-07, -8.814578e-07, -4.865178e-11
1, 1, 9.921059e-01, -3.016106e-16, 0.000000e+00, 5.543000e+00, -1.247495e-07, 1.342829e-12, -4.790616e-12, 1.276088e-12, -1.409525e-11, 1.462509e-11, 1.794290e-07, 4.056856e-07, 2.505221e-11
1, 1, 9.819824e-01, -3.016106e-16, 0.000000e+00, 5.543000e+00, 5.743398e-08, -4.773698e-13, 2.281458e-12, -4.758660e-13, 7.156049e-12, -6.635388e-12, -8.955188e-08, -1.862383e-07, -1.254621e-11
1, 1, 9.718589e-01, -3.016106e-16, 0.000000e+00, 5.543000e+00, -2.648849e-08, 2.598298e-13, -1.142716e-12, 2.009529e-13, -3.612995e-12, 3.333017e-12, 4.143565e-08, 8.577052e-08, 6.203764e-12
1, 1, 9.617354e-01, -3.016106e-16, 0.000000e+00, 5.543000e+00, 1.223922e-08, -2.070320e-13, 6.163625e-13, -1.696627e-13, 1.829282e-12, -1.880194e-12, -1.772216e-08, -3.963652e-08, -2.982427e-12
1, 1, 9.516118e-01, -3.016106e-16, 0.000000e+00, 5.543000e+00, -5.637627e-09, 1.627447e-13, -3.356775e-13, 1.042031e-13, -9.297383e-13, 1.060813e-12, 6.813774e-09, 1.828949e-08, 1.396454e-12
1, 1, 9.414883e-01, -3.016106e-16, 0.000000e+00, 5.543000e+00, 2.563993e-09, -1.229210e-13, 1.860890e-13, -7.473558e-14, 4.809969e-13, -6.119216e-13, -2.161410e-09, -8.346678e-09, -6.206979e-13
1, 1, 9.313648e-01, -3.016106e-16, 0.000000e+00, 5.543000e+00, -1.135176e-09, 8.287929e-14, -9.964797e-14, 4.550403e-14, -2.339158e-13, 3.403144e-13, 3.800881e-10, 3.715154e-09, 2.550385e-13
1, 1, 9.212412e-01, -3.016106e-16, 0.000000e+00, 5.543000e+00, 4.794942e-10, -5.214910e-14, 5.183794e-14, -2.925041e-14, 1.091457e-13, -1.865652e-13, 1.757853e-10, -1.581719e-09, -9.157682e-14
1, 1, 9.111177e-01, -3.016106e-16, 0.000000e+00, 5.543000e+00, -1.872533e-10, 3.006140e-14, -2.490278e-14, 1.638855e-14, -4.621299e-14, 9.359552e-14, -2.624530e-10, 6.253399e-10, 2.264570e-14
1, 1, 9.009942e-01, -3.016106e-16, 0.000000e+00, 5.543000e+00, 6.363866e-11, -1.575139e-14, 1.074515e-14, -8.317363e-15, 1.707516e-14, -4.247142e-14, 2.043078e-10, -2.173195e-10, 1.457753e-15
1, 1, 8.908706e-01, -3.016106e-16, 0.000000e+00, 5.543000e+00, -1.582570e-11, 7.230329e-15, -3.937742e-15, 3.894007e-15, -3.957362e-15, 1.701862e-14, -1.262127e-10, 5.732510e-11, -6.685696e-15
1, 1, 8.807471e-01, -3.016106e-16, 0.000000e+00, 5.543000e+00, 1.607109e-13, -2.833357e-15, 1.052447e-15, -1.632826e-15, -3.501900e-16, -5.537110e-15, 6.658514e-11, -3.497628e-12, 5.500271e-15
1, 1, 8.706236e-01, -3.016106e-16, 0.000000e+00, 5.543000e+00, 3.195958e-12, 8.269349e-16, -4.463127e-17, 6.069713e-16, 1.231572e-15, 1.050219e-15, -3.016693e-11, -9.057468e-12, -3.226788e-15
1, 1, 8.605001e-01, -3.016106e-16, 0.000000e+00, 5.543000e+00, -2.695974e-12, -8.204542e-17, -1.838158e-16, -1.690029e-16, -9.892912e-16, 2.700166e-16, 1.125660e-11, 8.260815e-12, 1.487677e-15
1, 1, 8.503765e-01, -3.016106e-16, 0.000000e+00, 5.543000e+00, 1.541338e-12, -1.111149e-16, 1.575764e-16, 2.012749e-17, 5.613869e-16, -4.217907e-16, -2.946882e-12, -4.871628e-12, -5.249260e-16
1, 1, 8.402530e-01, -3.016106e-16, 0.000000e+00, 5.543000e+00, -6.819067e-13, 1.061762e-16, -8.620732e-17, 1.707849e-17, -2.382056e-16, 2.767584e-16, 5.301432e-14, 2.208619e-12, 1.004803e-16
1, 1, 8.301295e-01, -3.016106e-16, 0.000000e+00, 5.543000e+00, 2.229952e-13, -5.924567e-17, 3.347732e-17, -1.809986e-17, 6.735855e-17, -1.244254e-16, 5.457888e-13, -7.471370e-13, 3.138467e-17
1, 1, 8.200059e-01, -3.016106e-16, 0.000000e+00, 5.543000e+00, -3.578119e-14, 2.235892e-17, -7.530229e-18, 1.078445e-17, 1.663196e-19, 3.815022e-17, -4.169589e-13, 1.351283e-13, -4.324488e-17
1, 1, 8.098824e-01, -3.016106e-16, 0.000000e+00, 5.543000e+00, -1.584075e-14, -4.190229e-18, -1.155621e-18, -4.591486e-18, -1.409319e-17, -3.419558e-18, 1.956449e-13, 4.186141e-14, 2.414542e-17
1, 1, 7.997589e-01, -3.016106e-16, 0.000000e+00, 5.543000e+00, 1.745570e-14, -1.462102e-18, 2.162904e-18, 1.215172e-18, 9.742738e-18, -4.532842e-18, -5.746847e-14, -5.346630e-14, -7.955043e-18
1, 1, 7.896353e-01, -3.016106e-16, 0.000000e+00, 5.543000e+00, -8.767740e-15, 1.761092e-18, -1.179810e-18, 1.389260e-20, -3.790415e-18, 3.515549e-18, 2.305236e-15, 2.806646e-14, 5.795271e-19
1, 1, 7.795118e-01, -3.016106e-16, 0.000000e+00, 5.543000e+00, 2.534023e-15, -8.236036e-19, 3.343945e-19, -2.650585e-19, 4.935056e-19, -1.376946e-18, 8.921318e-15, -8.560252e-15, 1.093466e-18
1, 1, 7.693883e-01, -3.016106e-16, 0.000000e+00, 5.543000e+00, -4.078254e-17, 1.689240e-19, 9.154115e-21, 1.688494e-19, 4.057233e-19, 2.203684e-19, -5.879188e-15, 4.176091e-16, -7.285328e-19
1, 1, 7.592648e-01, -3.016106e-16, 0.000000e+00, 5.543000e+00, -4.033200e-16, 4.945583e-20, -6.076501e-20, -5.410959e-20, -3.207569e-19, 1.009628e-19, 1.884726e-15, 1.195991e-15, 2.087329e-19
1, 1, 7.491412e-01, -3.016106e-16, 0.000000e+00, 5.543000e+00, 2.305050e-16, -5.453555e-20, 2.971731e-20, 7.275703e-22, 9.899492e-20, -8.743154e-20, -4.396904e-17, -7.329496e-16, 1.398157e-20
1, 1, 7.390177e-01, -3.016106e-16, 0.000000e+00, 5.543000e+00, -5.593051e-17, 1.860739e-20, -4.776268e-21, 9.679915e-21, 5.514276e-21, 2.799941e-20, -2.921370e-16, 1.926302e-16, -4.053817e-20
1, 1, 7.288942e-01, -3.016106e-16, 0.000000e+00, 5.543000e+00, -8.785981e-18, 1.998093e-22, -2.401267e-21, -4.945690e-21, -1.907096e-20, -1.174672e-22, 1.520050e-16, 2.025607e-17, 1.579509e-20
1, 1, 7.187706e-01, -3.016106e-16, 0.000000e+00, 5.543000e+00, 1.277127e-17, -2.960930e-21, 1.704793e-21, 7.217088e-22, 7.278655e-21, -4.022944e-21, -2.370333e-17, -3.928396e-17, -3.662593e-22
1, 1, 7.086471e-01, -3.016106e-16, 0.000000e+00, 5.543000e+00, -4.217803e-18, 1.112895e-21, -3.136385e-22, 5.556444e-22, 1.590728e-22, 1.676442e-21, -1.363797e-17, 1.403804e-17, -2.164731e-21
1, 1, 6.985236e-01, -3.016106e-16, 0.000000e+00, 5.543000e+00, -1.959477e-19, 2.915039e-23, -1.239948e-22, -3.016017e-22, -1.110344e-21, -7.017880e-23, 9.101415e-18, 1.515749e-19, 7.975801e-22
1, 1, 6.884000e-01, -3.016106e-16, 0.000000e+00, 5.543000e+00, 6.841443e-19, -1.636214e-22, 8.158999e-23, 2.685425e-23, 3.397964e-22, -2.013270e-22, -1.291776e-18, -2.088365e-18, 4.451759e-23
1, 1, 6.782765e-01, -3.016106e-16, 0.000000e+00, 5.543000e+00, -2.034419e-19, 4.402614e-23, -7.592375e-24, 3.601362e-23, 5.415000e-23, 7.247427e-23, -9.045777e-19, 6.863354e-19, -1.178150e-22
1, 1, 6.681530e-01, -3.016106e-16, 0.000000e+00, 5.543000e+00, -3.247024e-20, 9.933566e-24, -8.213115e-24, -1.380777e-23, -6.074291e-23, 3.646947e-24, 4.559953e-19, 7.811430e-20, 2.431081e-23
1, 1, 6.580295e-01, -3.016106e-16, 0.000000e+00, 5.543000e+00, 3.618765e-20, -7.841988e-24, 2.819946e-24, -1.327378e-24, 6.696537e-24, -1.007590e-23, 5.581611e-21, -1.135270e-19, 9.239459e-24
1, 1, 6.479059e-01, -3.016106e-16, 0.000000e+00, 5.543000e+00, -4.311246e-21, 3.330335e-25, 4.016487e-25, 2.065825e-24, 6.312284e-24, 1.859971e-24, -6.340845e-20, 1.677179e-20, -4.676826e-24
1, 1, 6.377824e-01, -3.016106e-16, 0.000000e+00, 5.543000e+00, -3.745710e-21, 8.628573e-25, -3.837934e-25, -1.966866e-25, -1.816173e-24, 8.102067e-25, 1.156515e-20, 1.105904e-20, -3.332776e-25
1, 1, 6.276589e-01, -3.016106e-16, 0.000000e+00, 5.543000e+00, 1.159709e-21, -1.540427e-25, 9.504488e-27, -2.209372e-25, -5.016335e-25, -3.470076e-25, 6.342358e-21, -3.934662e-21, 5.634099e-25
1, 1, 6.175353e-01, -3.016106e-16, 0.000000e+00, 5.543000e+00, 2.972730e-22, -8.016477e-26, 3.980624e-26, 4.702706e-26, 2.587130e-25, -4.252367e-26, -2.218065e-21, -8.047172e-22, -2.032224e-26
1, 1, 6.074118e-01, -3.016106e-16, 0.000000e+00, 5.543000e+00, -1.637276e-22, 2.255146e-26, -4.004972e-27, 2.006198e-26, 3.657312e-26, 4.187312e-26, -5.772356e-22, 5.362265e-22, -5.820417e-26
1, 1, 5.972883e-01, -3.016106e-16, 0.000000e+00, 5.543000e+00, -2.335172e-23, 7.399429e-27, -3.798213e-27, -6.458542e-27, -2.954234e-26, 1.396762e-27, 2.889873e-22, 5.686933e-23, 4.476700e-27
1, 1, 5.871647e-01, -3.016106e-16, 0.000000e+00, 5.543000e+00, 1.845391e-23, -2.395058e-27, 4.668472e-28, -1.962109e-27, -3.560877e-27, -4.289853e-27, 6.128559e-23, -5.991030e-23, 5.790871e-27
1, 1, 5.770412e-01, -3.016106e-16, 0.000000e+00, 5.543000e+00, 2.597911e-24, -7.806211e-28, 3.733417e-28, 6.946252e-28, 3.016194e-27, -4.380789e-29, -3.035094e-23, -6.391722e-24, -3.620475e-28
1, 1, 5.669177e-01, -3.016106e-16, 0.000000e+00, 5.543000e+00, -1.757818e-24, 2.037786e-28, -3.098477e-29, 2.345691e-28, 5.069094e-28, 4.454659e-28, -8.205237e-24, 5.790685e-24, -5.916871e-28
1, 1, 5.567942e-01, -3.016106e-16, 0.000000e+00, 5.543000e+00, -3.873758e-25, 9.402862e-29, -3.744309e-29, -6.150455e-29, -2.644940e-28, 2.513988e-29, 2.319087e-24, 1.060742e-24, -1.828593e-29
1, 1, 5.466706e-01, -3.016106e-16, 0.000000e+00, 5.543000e+00, 1.210672e-25, -8.284573e-30, -1.419168e-30, -3.362451e-29, -8.495160e-29, -4.334247e-29, 1.088529e-24, -4.223512e-25, 5.490675e-29
1, 1, 5.365471e-01, -3.016106e-16, 0.000000e+00, 5.543000e+00, 5.156949e-26, -1.027951e-29, 3.198460e-30, 1.179546e-30, 1.179074e-29, -8.306722e-30, -4.217151e-26, -1.537043e-25, 1.082489e-29
1, 1, 5.264236e-01, -3.016106e-16, 0.000000e+00, 5.543000e+00, -1.389427e-27, -1.276424e-30, 7.209229e-31, 3.598439e-30, 1.051279e-29, 2.741174e-30, -1.039291e-25, 9.355091e-27, -2.825285e-30
1, 1, 5.163000e-01, -3.016106e-16, 0.000000e+00, 5.543000e+00, -4.432144e-27, 6.022640e-31, -1.060525e-31, 7.820489e-31, 1.435896e-30, 1.343933e-30, -1.911011e-26, 1.423042e-26, -1.590053e-30
1, 1, 5.061765e-01, -3.016106e-16, 0.000000e+00, 5.543000e+00, -9.034000e-28, 2.625557e-31, -8.239382e-32, -1.061992e-31, -4.969664e-31, 9.830945e-32, 3.590411e-27, 2.526078e-27, -1.975684e-31
1, 1, 4.960530e-01, -3.016106e-16, 0.000000e+00, 5.543000e+00, 9.211935e-29, 2.958920e-32, -1.537536e-32, -9.758142e-32, -2.628907e-31, -8.246114e-32, 2.418116e-27, -3.876177e-28, 6.381364e-32
1, 1, 4.859294e-01, -3.016106e-16, 0.000000e+00, 5.543000e+00, 8.733698e-29, -9.349667e-33, 1.107208e-33, -2.487264e-32, -4.938976e-32, -3.390221e-32, 4.592642e-28, -2.794838e-28, 3.378452e-32
1, 1, 4.758059e-01, -3.016106e-16, 0.000000e+00, 5.543000e+00, 2.017066e-29, -5.076619e-33, 1.321370e-33, -1.317077e-33, 1.790124e-33, -5.229742e-33, -1.577524e-29, -5.863544e-29, 7.002761e-33
1, 1, 4.656824e-01, -3.016106e-16, 0.000000e+00, 5.543000e+00, 1.157209e-30, -1.152173e-33, 3.760858e-34, 1.118612e-33, 3.606683e-33, 3.894939e-34, -3.367554e-29, -1.907934e-30, 3.580523e-34
1, 1, 4.555589e-01, -3.016106e-16, 0.000000e+00, 5.543000e+00, -7.362714e-31, -1.202918e-34, 5.510415e-35, 5.067761e-34, 1.234270e-33, 4.728938e-34, -1.073299e-29, 2.600216e-30, -2.634507e-34
1, 1, 4.454353e-01, -3.016106e-16, 0.000000e+00, 5.543000e+00, -3.100658e-31, 1.726371e-35, 3.898093e-37, 1.228257e-34, 2.533741e-34, 1.469820e-34, -2.029434e-30, 9.810260e-31, -1.129511e-34
1, 1, 4.353118e-01, -3.016106e-16, 0.000000e+00, 5.543000e+00, -7.314420e-32, 1.199799e-35, -2.398045e-36, 2.052575e-35, 3.271157e-35, 3.067671e-35, -2.116300e-31, 2.189703e-31, -2.842615e-35
1, 1, 4.251883e-01, -3.016106e-16, 0.000000e+00, 5.543000e+00, -1.235097e-32, 3.592134e-36, -8.573282e-37, 2.159246e-36, 1.205637e-36, 4.684299e-36, 1.277877e-32, 3.491700e-32, -5.454051e-36
1, 1, 4.150647e-01, -3.016106e-16, 0.000000e+00, 5.543000e+00, -1.487436e-33, 8.164311e-37, -2.144339e-37, -6.364066e-38, -9.209874e-37, 4.449597e-37, 1.293641e-32, 3.791601e-33, -8.347128e-37
1, 1, 4.049412e-01, -3.016106e-16, 0.000000e+00, 5.543000e+00, -8.845065e-35, 1.609449e-37, -4.341806e-38, -1.010815e-37, -3.689212e-37, -1.364188e-38, 4.063427e-33, 1.204598e-34, -1.080820e-37
1, 1, 3.948177e-01, -3.016106e-16, 0.000000e+00, 5.543000e+00, 1.349397e-35, 2.915682e-38, -7.929544e-39, -3.089371e-38, -9.096424e-38, -1.712972e-38, 9.634920e-34, -6.639409e-35, -1.226338e-38
1, 1, 3.846941e-01, -3.016106e-16, 0.000000e+00, 5.543000e+00, 5.715912e-36, 5.232392e-39, -1.405798e-39, -6.647188e-39, -1.888026e-38, -4.622369e-39, 1.970631e-34, -2.130875e-35, -1.474431e-39
1, 1, 3.745706e-01, -3.016106e-16, 0.000000e+00, 5.543000e+00, 1.111488e-36, 9.612207e-40, -2.472045e-40, -1.208172e-39, -3.393862e-39, -8.290082e-40, 3.605716e-35, -3.973859e-36, -2.927046e-40
1, 1, 3.644471e-01, -3.016106e-16, 0.000000e+00, 5.543000e+00, 1.167046e-37, 1.733182e-40, -4.334777e-41, -1.600619e-40, -4.924709e-40, -8.859990e-41, 5.836105e-36, -4.499800e-37, -8.146449e-41
1, 1, 3.543236e-01, -3.016106e-16, 0.000000e+00, 5.543000e+00, -9.004822e-39, 3.007187e-41, -7.215286e-42, -1.216047e-41, -5.567079e-41, 1.130848e-42, 7.800904e-37, 1.053255e-38, -2.208446e-41
1, 1, 3.442000e-01, -3.016106e-16, 0.000000e+00, 5.543000e+00, -8.377345e-39, 4.656515e-42, -1.109828e-42, 1.378878e-42, -1.751623e-42, 3.807328e-42, 6.642233e-38, 2.226710e-38, -5.027859e-42
1, 1, 3.340765e-01, -3.016106e-16, 0.000000e+00, 5.543000e+00, -2.563636e-39, 5.871441e-43, -1.359260e-43, 8.267661e-43, 9.921193e-43, 1.228939e-42, -3.620211e-39, 7.179858e-39, -9.346661e-43
1, 1, 3.239530e-01, -3.016106e-16, 0.000000e+00, 5.543000e+00, -5.345309e-40, 4.764415e-44, -2.101948e-44, 1.709584e-43, 3.082857e-43, 2.270104e-43, -3.018575e-39, 1.513063e-39, -1.387285e-43
1, 1, 3.138294e-01, -3.016106e-16, 0.000000e+00, 5.543000e+00, -7.671268e-41, 2.802597e-45, -2.802597e-45, 2.382207e-44, 4.904545e-44, 8.407791e-45, -6.979013e-40, 2.158588e-40, -4.203895e-45
1, 1, 3.037059e-01, -3.016106e-16, 0.000000e+00, 5.543000e+00, -5.235251e-42, -2.802597e-45, 4.203895e-45, -8.407791e-45, 5.605194e-45, -5.605194e-45, -8.580991e-41, 1.430305e-41, -4.203895e-45
1, 1, 2.935824e-01, -3.016106e-16, 0.000000e+00, 5.543000e+00, 5.927493e-43, -2.802597e-45, -2.802597e-45, -1.401298e-44, 7.006492e-45, -1.401298e-45, -1.258366e-42, -1.734807e-42, 1.401298e-45
1, 1, 2.834588e-01, -3.016106e-16, 0.000000e+00, 5.543000e+00, 1.849714e-43, 2.802597e-45, -2.802597e-45, 9.809089e-45, -1.401298e-45, -7.006492e-45, 1.343845e-42, -5.156778e-43, 5.605194e-45
1, 1, 2.733353e-01, -3.016106e-16, 0.000000e+00, 5.543000e+00, 1.541428e-44, 0.000000e+00, -4.203895e-45, -8.407791e-45, -5.605194e-45, -7.006492e-45, 1.653532e-43, -2.662467e-44, -2.802597e-45
1, 1, 2.632118e-01, -3.016106e-16, 0.000000e+00, 5.543000e+00, -2.802597e-45, -2.802597e-45, -1.401298e-45, 4.203895e-45, 4.203895e-45, 2.802597e-45, -7.006492e-45, 1.401298e-45, 0.000000e+00
1, 1, 2.530883e-01, -3.016106e-16, 0.000000e+00, 5.543000e+00, 0.000000e+00, 0.000000e+00, 0.000000e+00, -1.401298e-45, 1.401298e-45, 1.401298e-45, 0.000000e+00, 0.000000e+00, 0.000000e+00
1, 1, 2.429647e-01, -3.016106e-16, 0.000000e+00, 5.543000e+00, 0.000000e+00, 0.000000e+00, 0.000000e+00, 0.000000e+00, 0.000000e+00, 0.000000e+00, 0.000000e+00, 0.000000e+00, 0.000000e+00
1, 1, 2.328412e-01, -3.016106e-16, 0.000000e+00, 5.543000e+00, 0.000000e+00, 0.000000e+00, 0.000000e+00, 0.000000e+00, 0.000000e+00, 0.000000e+00, 0.000000e+00, 0.000000e+00, 0.000000e+00
1, 1, 2.227177e-01, -3.016106e-16, 0.000000e+00, 5.543000e+00, 0.000000e+00, 0.000000e+00, 0.000000e+00, 0.000000e+00, 0.000000e+00, 0.000000e+00, 0.000000e+00, 0.000000e+00, 0.000000e+00
1, 1, 2.125941e-01, -3.016106e-16, 0.000000e+00, 5.543000e+00, 0.000000e+00, 0.000000e+00, 0.000000e+00, 0.000000e+00, 0.000000e+00, 0.000000e+00, 0.000000e+00, 0.000000e+00, 0.000000e+00
1, 1, 2.024706e-01, -3.016106e-16, 0.000000e+00, 5.543000e+00, 0.000000e+00, 0.000000e+00, 0.000000e+00, 0.000000e+00, 0.000000e+00, 0.000000e+00, 0.000000e+00, 0.000000e+00, 0.000000e+00
1, 1, 1.923471e-01, -3.016106e-16, 0.000000e+00, 5.543000e+00, 0.000000e+00, 0.000000e+00, 0.000000e+00, 0.000000e+00, 0.000000e+00, 0.000000e+00, 0.000000e+00, 0.000000e+00, 0.000000e+00
1, 1, 1.822235e-01, -3.016106e-16, 0.000000e+00, 5.543000e+00, 0.000000e+00, 0.000000e+00, 0.000000e+00, 0.000000e+00, 0.000000e+00, 0.000000e+00, 0.000000e+00, 0.000000e+00, 0.000000e+00
1, 1, 1.721000e-01, -3.016106e-16, 0.000000e+00, 5.543000e+00, 0.000000e+00, 0.000000e+00, 0.000000e+00, 0.000000e+00, 0.000000e+00, 0.000000e+00, 0.000000e+00, 0.000000e+00, 0.000000e+00
1, 1, 1.619765e-01, -3.016106e-16, 0.000000e+00, 5.543000e+00, 0.000000e+00, 0.000000e+00, 0.000000e+00, 0.000000e+00, 0.000000e+00, 0.000000e+00, 0.000000e+00, 0.000000e+00, 0.000000e+00
1, 1, 1.518530e-01, -3.016106e-16, 0.000000e+00, 5.543000e+00, 0.000000e+00, 0.000000e+00, 0.000000e+00, 0.000000e+00, 0.000000e+00, 0.000000e+00, 0.000000e+00, 0.000000e+00, 0.000000e+00
1, 1, 1.417294e-01, -3.016106e-16, 0.000000e+00, 5.543000e+00, 0.000000e+00, 0.000000e+00, 0.000000e+00, 0.000000e+00, 0.000000e+00, 0.000000e+00, 0.000000e+00, 0.000000e+00, 0.000000e+00
1, 1, 1.316059e-01, -3.016106e-16, 0.000000e+00, 5.543000e+00, 0.000000e+00, 0.000000e+00, 0.000000e+00, 0.000000e+00, 0.000000e+00, 0.000000e+00, 0.000000e+00, 0.000000e+00, 0.000000e+00
1, 1, 1.214824e-01, -3.016106e-16, 0.000000e+00, 5.543000e+00, 0.000000e+00, 0.000000e+00, 0.000000e+00, 0.000000e+00, 0.000000e+00, 0.000000e+00, 0.000000e+00, 0.000000e+00, 0.000000e+00
1, 1, 1.113588e-01, -3.016106e-16, 0.000000e+00, 5.543000e+00, 0.000000e+00, 0.000000e+00, 0.000000e+00, 0.000000e+00, 0.000000e+00, 0.000000e+00, 0.000000e+00, 0.000000e+00, 0.000000e+00
1, 1, 1.012353e-01, -3.016106e-16, 0.000000e+00, 5.543000e+00, 0.000000e+00, 0.000000e+00, 0.000000e+00, 0.000000e+00, 0.000000e+00, 0.000000e+00, 0.000000e+00, 0.000000e+00, 0.000000e+00
1, 1, 9.111177e-02, -3.016106e-16, 0.000000e+00, 5.543000e+00, 0.000000e+00, 0.000000e+00, 0.000000e+00, 0.000000e+00, 0.000000e+00, 0.000000e+00, 0.000000e+00, 0.000000e+00, 0.000000e+00
1, 1, 8.098824e-02, -3.016106e-16, 0.000000e+00, 5.543000e+00, 0.000000e+00, 0.000000e+00, 0.000000e+00, 0.000000e+00, 0.000000e+00, 0.000000e+00, 0.000000e+00, 0.000000e+00, 0.000000e+00
1, 1, 7.086471e-02, -3.016106e-16, 0.000000e+00, 5.543000e+00, 0.000000e+00, 0.000000e+00, 0.000000e+00, 0.000000e+00, 0.000000e+00, 0.000000e+00, 0.000000e+00, 0.000000e+00, 0.000000e+00
1, 1, 6.074118e-02, -3.016106e-16, 0.000000e+00, 5.543000e+00, 0.000000e+00, 0.000000e+00, 0.000000e+00, 0.000000e+00, 0.000000e+00, 0.000000e+00, 0.000000e+00, 0.000000e+00, 0.000000e+00
1, 1, 5.061765e-02, -3.016106e-16, 0.000000e+00, 5.543000e+00, 0.000000e+00, 0.000000e+00, 0.000000e+00, 0.000000e+00, 0.000000e+00, 0.000000e+00, 0.000000e+00, 0.000000e+00, 0.000000e+00
1, 1, 4.049412e-02, -3.016106e-16, 0.000000e+00, 5.543000e+00, 0.000000e+00, 0.000000e+00, 0.000000e+00, 0.000000e+00, 0.000000e+00, 0.000000e+00, 0.000000e+00, 0.000000e+00, 0.000000e+00
1, 1, 3.037059e-02, -3.016106e-16, 0.000000e+00, 5.543000e+00, 0.000000e+00, 0.000000e+00, 0.000000e+00, 0.000000e+00, 0.000000e+00, 0.000000e+00, 0.000000e+00, 0.000000e+00, 0.000000e+00
1, 1, 2.024706e-02, -3.016106e-16, 0.000000e+00, 5.543000e+00, 0.000000e+00, 0.000000e+00, 0.000000e+00, 0.000000e+00, 0.000000e+00, 0.000000e+00, 0.000000e+00, 0.000000e+00, 0.000000e+00
1, 1, 1.012353e-02, -3.016106e-16, 0.000000e+00, 5.543000e+00, 0.000000e+00, 0.000000e+00, 0.000000e+00, 0.000000e+00, 0.000000e+00, 0.000000e+00, 0.000000e+00, 0.000000e+00, 0.000000e+00
1, 1, 0.000000e+00, -3.016106e-16, 0.000000e+00, 5.543000e+00, 0.000000e+00, 0.000000e+00, 0.000000e+00, 0.000000e+00, 0.000000e+00, 0.000000e+00, 0.000000e+00, 0.000000e+00, 0.000000e+00
3, 3, 3.026935e+00, 4.900000e-01, 0.000000e+00, 4.900000e-01, 1.988501e-01, 8.973354e-02, 1.987691e-01, 8.026107e+00, -3.324664e-03, 8.026307e+00, 9.571154e-04, 6.070782e+00, 9.364716e-04
3, 3, 3.016812e+00, 4.900000e-01, 0.000000e+00, 4.900000e-01, 2.200551e-01, 8.213741e-02, 2.198944e-01, 7.987463e+00, 2.597282e-04, 7.987803e+00, -1.050432e-03, 5.981147e+00, -9.385249e-04
3, 3, 3.006688e+00, 4.900000e-01, 0.000000e+00, 4.900000e-01, 2.370453e-01, 7.182989e-02, 2.369488e-01, 7.963081e+00, 3.545502e-03, 7.963269e+00, -2.360641e-03, 5.907902e+00, -2.247808e-03
3, 3, 2.996565e+00, 4.900000e-01, 0.000000e+00, 4.900000e-01, 2.463409e-01, 5.591878e-02, 2.463670e-01, 7.942899e+00, 3.653202e-03, 7.942806e+00, -1.876413e-03, 5.880967e+00, -1.920170e-03
3, 3, 2.986441e+00, 4.900000e-01, 0.000000e+00, 4.900000e-01, 2.476827e-01, 3.386666e-02, 2.477723e-01, 7.909586e+00, 5.856928e-04, 7.909348e+00, 7.937442e-04, 5.918375e+00, 6.263584e-04
3, 3, 2.976318e+00, 4.900000e-01, 0.000000e+00, 4.900000e-01, 2.430445e-01, 9.375207e-03, 2.431260e-01, 7.857210e+00, -3.830327e-03, 7.857028e+00, 4.032252e-03, 6.020669e+00, 3.916613e-03
3, 3, 2.966194e+00, 4.900000e-01, 0.000000e+00, 4.900000e-01, 2.351450e-01, -1.240133e-02, 2.352321e-01, 7.791886e+00, -5.005166e-03, 7.791759e+00, 4.615544e-03, 6.168805e+00, 4.673162e-03
3, 3, 2.956071e+00, 4.900000e-01, 0.000000e+00, 4.900000e-01, 2.250244e-01, -2.800315e-02, 2.251641e-01, 7.723241e+00, -1.239234e-03, 7.723068e+00, 7.031890e-04, 6.343876e+00, 8.912782e-04
3, 3, 2.945947e+00, 4.900000e-01, 0.000000e+00, 4.900000e-01, 2.103315e-01, -3.844701e-02, 2.104925e-01, 7.656349e+00, 3.613421e-03, 7.656153e+00, -5.170127e-03, 6.560610e+00, -5.025778e-03
3, 3, 2.935824e+00, 4.900000e-01, 0.000000e+00, 4.900000e-01, 1.861328e-01, -4.870310e-02, 1.861814e-01, 7.583411e+00, 4.848560e-03, 7.583401e+00, -7.955004e-03, 6.880100e+00, -7.978405e-03
3, 3, 2.925700e+00, 4.900000e-01, 0.000000e+00, 4.900000e-01, 1.471873e-01, -6.360860e-02, 1.470073e-01, 7.485720e+00, 1.960128e-03, 7.486107e+00, -4.946879e-03, 7.381371e+00, -5.101143e-03
3, 3, 2.915577e+00, 4.900000e-01, 0.000000e+00, 4.900000e-01, 8.933321e-02, -8.354115e-02, 8.897010e-02, 7.352818e+00, -2.256168e-03, 7.353505e+00, 2.734223e-03, 8.109308e+00, 2.561509e-03
3, 3, 2.905453e+00, 4.900000e-01, 0.000000e+00, 4.900000e-01, 1.149885e-02, -1.047608e-01, 1.115564e-02, 7.202445e+00, -4.724563e-03, 7.203055e+00, 1.047516e-02, 9.030317e+00, 1.041212e-02
3, 3, 2.895330e+00, 4.900000e-01, 0.000000e+00, 4.900000e-01, -8.084887e-02, -1.236091e-01, -8.096982e-02, 7.080266e+00, -3.399074e-03, 7.080434e+00, 1.188617e-02, 1.002172e+01, 1.200198e-02
3, 3, 2.885206e+00, 4.900000e-01, 0.000000e+00, 4.900000e-01, -1.746489e-01, -1.383861e-01, -1.744885e-01, 7.035443e+00, 5.949184e-04, 7.035096e+00, 4.289698e-03, 1.091032e+01, 4.482495e-03
3, 3, 2.875083e+00, 4.900000e-01, 0.000000e+00, 4.900000e-01, -2.530458e-01, -1.477577e-01, -2.527406e-01, 7.088700e+00, 3.569257e-03, 7.088162e+00, -7.001253e-03, 1.154759e+01, -6.903902e-03
3, 3, 2.864959e+00, 4.900000e-01, 0.000000e+00, 4.900000e-01, -3.022313e-01, -1.499051e-01, -3.020248e-01, 7.213702e+00, 3.496095e-03, 7.213418e+00, -1.355505e-02, 1.188088e+01, -1.362061e-02
3, 3, 2.854835e+00, 4.900000e-01, 0.000000e+00, 4.900000e-01, -3.192833e-01, -1.444615e-01, -3.193234e-01, 7.350839e+00, 2.312058e-03, 7.351016e+00, -1.180155e-02, 1.197953e+01, -1.196155e-02
3, 3, 2.844712e+00, 4.900000e-01, 0.000000e+00, 4.900000e-01, -3.173411e-01, -1.329541e-01, -3.175634e-01, 7.450370e+00, 1.402586e-03, 7.450840e+00, -4.037109e-03, 1.199490e+01, -4.149348e-03
3, 3, 2.834588e+00, 4.900000e-01, 0.000000e+00, 4.900000e-01, -3.214034e-01, -1.171058e-01, -3.215935e-01, 7.505919e+00, -6.375394e-04, 7.506276e+00, 4.998324e-03, 1.207193e+01, 5.026723e-03
3, 3, 2.824465e+00, 4.900000e-01, 0.000000e+00, 4.900000e-01, -3.552157e-01, -9.653950e-02, -3.551773e-01, 7.548590e+00, -4.222751e-03, 7.548489e+00, 1.157227e-02, 1.227385e+01, 1.168307e-02
3, 3, 2.814341e+00, 4.900000e-01, 0.000000e+00, 4.900000e-01, -4.285595e-01, -6.740195e-02, -4.282743e-01, 7.612418e+00, -7.812814e-03, 7.611869e+00, 1.336985e-02, 1.257363e+01, 1.344617e-02
3, 3, 2.804218e+00, 4.900000e-01, 0.000000e+00, 4.900000e-01, -5.328232e-01, -2.676103e-02, -5.324654e-01, 7.701855e+00, -6.678292e-03, 7.701195e+00, 7.992069e-03, 1.290196e+01, 7.986177e-03
3, 3, 2.794094e+00, 4.900000e-01, 0.000000e+00, 4.900000e-01, -6.461127e-01, 2.026938e-02, -6.458872e-01, 7.785929e+00, 3.190415e-03, 7.785534e+00, -4.860860e-03, 1.319708e+01, -4.921967e-03
3, 3, 2.783971e+00, 4.900000e-01, 0.000000e+00, 4.900000e-01, -7.435474e-01, 5.944603e-02, -7.435402e-01, 7.827790e+00, 1.564402e-02, 7.827802e+00, -1.773141e-02, 1.342006e+01, -1.777122e-02
3, 3, 2.773847e+00, 4.900000e-01, 0.000000e+00, 4.900000e-01, -8.069333e-01, 7.695857e-02, -8.070847e-01, 7.823690e+00, 1.636343e-02, 7.823995e+00, -1.691362e-02, 1.354642e+01, -1.688591e-02
3, 3, 2.763724e+00, 4.900000e-01, 0.000000e+00, 4.900000e-01, -8.305470e-01, 7.257753e-02, -8.307263e-01, 7.811161e+00, -1.305734e-03, 7.811520e+00, 2.123581e-03, 1.356692e+01, 2.150791e-03
3, 3, 2.753600e+00, 4.900000e-01, 0.000000e+00, 4.900000e-01, -8.226669e-01, 6.125589e-02, -8.227875e-01, 7.841983e+00, -2.409417e-02, 7.842228e+00, 2.316736e-02, 1.350453e+01, 2.312627e-02
3, 3, 2.743477e+00, 4.900000e-01, 0.000000e+00, 4.900000e-01, -7.997144e-01, 5.637903e-02, -7.997932e-01, 7.946945e+00, -2.831161e-02, 7.947102e+00, 2.149437e-02, 1.340438e+01, 2.146069e-02
3, 3, 2.733353e+00, 4.900000e-01, 0.000000e+00, 4.900000e-01, -7.713161e-01, 4.554660e-02, -7.713870e-01, 8.123530e+00, -3.856166e-03, 8.123679e+00, -7.736232e-03, 1.326497e+01, -7.689153e-03
3, 3, 2.723230e+00, 4.900000e-01, 0.000000e+00, 4.900000e-01, -7.285334e-01, -1.336730e-02, -7.285762e-01, 8.359952e+00, 3.088067e-02, 8.360053e+00, -3.568098e-02, 1.297828e+01, -3.562801e-02
3, 3, 2.713106e+00, 4.900000e-01, 0.000000e+00, 4.900000e-01, -6.517269e-01, -1.591717e-01, -6.517270e-01, 8.665523e+00, 4.081139e-02, 8.665560e+00, -2.590672e-02, 1.239079e+01, -2.592040e-02
3, 3, 2.702983e+00, 4.900000e-01, 0.000000e+00, 4.900000e-01, -5.339705e-01, -3.790168e-01, -5.339614e-01, 9.053739e+00, 1.067473e-02, 9.053768e+00, 1.955498e-02, 1.147218e+01, 1.949894e-02
3, 3, 2.692859e+00, 4.900000e-01, 0.000000e+00, 4.900000e-01, -3.926530e-01, -5.903537e-01, -3.926612e-01, 9.474267e+00, -3.153104e-02, 9.474315e+00, 5.336024e-02, 1.040254e+01, 5.332476e-02
3, 3, 2.682735e+00, 4.900000e-01, 0.000000e+00, 4.900000e-01, -2.456290e-01, -6.834389e-01, -2.456332e-01, 9.769382e+00, -4.349538e-02, 9.769427e+00, 3.338733e-02, 9.398228e+00, 3.341453e-02
3, 3, 2.672612e+00, 4.900000e-01, 0.000000e+00, 4.900000e-01, -6.952769e-02, -6.052445e-01, -6.948191e-02, 9.733659e+00, -1.444281e-02, 9.733626e+00, -2.659366e-02, 8.384924e+00, -2.653155e-02
3, 3, 2.662488e+00, 4.900000e-01, 0.000000e+00, 4.900000e-01, 1.996016e-01, -4.117741e-01, 1.997160e-01, 9.264389e+00, 2.613217e-02, 9.264230e+00, -6.618764e-02, 6.933704e+00, -6.617177e-02
3, 3, 2.652365e+00, 4.900000e-01, 0.000000e+00, 4.900000e-01, 5.919828e-01, -2.314568e-01, 5.921259e-01, 8.485741e+00, 3.757810e-02, 8.485551e+00, -4.158000e-02, 4.726028e+00, -4.161986e-02
3, 3, 2.642241e+00, 4.900000e-01, 0.000000e+00, 4.900000e-01, 1.019337e+00, -1.683521e-01, 1.019454e+00, 7.699253e+00, 1.004382e-02, 7.699117e+00, 2.421032e-02, 2.191322e+00, 2.415495e-02
3, 3, 2.632118e+00, 4.900000e-01, 0.000000e+00, 4.900000e-01, 1.287140e+00, -2.291173e-01, 1.287230e+00, 7.149675e+00, -2.393822e-02, 7.149581e+00, 6.304728e-02, 5.647412e-01, 6.301381e-02
3, 3, 2.621994e+00, 4.900000e-01, 0.000000e+00, 4.900000e-01, 1.228784e+00, -3.312649e-01, 1.228864e+00, 6.820909e+00, -2.749724e-02, 6.820817e+00, 3.773826e-02, 1.054799e+00, 3.776626e-02
3, 3, 2.611871e+00, 4.900000e-01, 0.000000e+00, 4.900000e-01, 8.543305e-01, -3.792525e-01, 8.544050e-01, 6.473997e+00, -1.894746e-03, 6.473900e+00, -1.813892e-02, 3.758158e+00, -1.807190e-02
3, 3, 2.601747e+00, 4.900000e-01, 0.000000e+00, 4.900000e-01, 3.678930e-01, -3.404150e-01, 3.679294e-01, 5.900251e+00, 2.158730e-02, 5.900220e+00, -4.517383e-02, 7.382293e+00, -4.511698e-02
3, 3, 2.591624e+00, 4.900000e-01, 0.000000e+00, 4.900000e-01, 1.822615e-02, -2.531444e-01, 1.816626e-02, 5.159079e+00, 2.011608e-02, 5.159239e+00, -2.391912e-02, 1.015501e+01, -2.390590e-02
3, 3, 2.581500e+00, 4.900000e-01, 0.000000e+00, 4.900000e-01, -8.550801e-02, -1.734157e-01, -8.567751e-02, 4.563158e+00, -1.107491e-03, 4.563550e+00, 1.355930e-02, 1.112628e+01, 1.349878e-02
3, 3, 2.571377e+00, 4.900000e-01, 0.000000e+00, 4.900000e-01, -2.274080e-02, -1.257213e-01, -2.296564e-02, 4.408013e+00, -1.726733e-02, 4.408532e+00, 2.677360e-02, 1.067287e+01, 2.667066e-02
3, 3, 2.561253e+00, 4.900000e-01, 0.000000e+00, 4.900000e-01, 5.068067e-02, -9.827937e-02, 5.049090e-02, 4.710699e+00, -1.244717e-02, 4.711153e+00, 9.939011e-03, 9.864731e+00, 9.884361e-03
3, 3, 2.551130e+00, 4.900000e-01, 0.000000e+00, 4.900000e-01, 4.616034e-02, -7.124064e-02, 4.609162e-02, 5.212146e+00, 2.439435e-03, 5.212353e+00, -1.012526e-02, 9.460203e+00, -1.007330e-02
3, 3, 2.541006e+00, 4.900000e-01, 0.000000e+00, 4.900000e-01, -1.402114e-02, -4.213016e-02, -1.394305e-02, 5.608908e+00, 8.265435e-03, 5.608807e+00, -1.156730e-02, 9.478448e+00, -1.145644e-02
3, 3, 2.530883e+00, 4.900000e-01, 0.000000e+00, 4.900000e-01, -6.164158e-02, -2.490427e-02, -6.149171e-02, 5.764249e+00, 2.598194e-03, 5.763974e+00, -5.579169e-04, 9.540604e+00, -4.837351e-04
3, 3, 2.520759e+00, 4.900000e-01, 0.000000e+00, 4.900000e-01, -6.350207e-02, -2.983997e-02, -6.342247e-02, 5.730578e+00, -3.627837e-03, 5.730396e+00, 5.560793e-03, 9.410106e+00, 5.538639e-03
3, 3, 2.510635e+00, 4.900000e-01, 0.000000e+00, 4.900000e-01, -3.693588e-02, -5.040221e-02, -3.703066e-02, 5.613031e+00, -2.097435e-03, 5.613157e+00, 1.775451e-03, 9.155578e+00, 1.686466e-03
3, 3, 2.500512e+00, 4.900000e-01, 0.000000e+00, 4.900000e-01, -9.580396e-03, -6.987837e-02, -9.839175e-03, 5.440358e+00, 5.063439e-03, 5.440776e+00, -4.198703e-03, 8.936970e+00, -4.261386e-03
3, 3, 2.490388e+00, 4.900000e-01, 0.000000e+00, 4.900000e-01, 1.160560e-02, -7.252510e-02, 1.131533e-02, 5.182635e+00, 7.441934e-03, 5.183119e+00, -3.951794e-03, 8.795346e+00, -3.944619e-03
3, 3, 2.480265e+00, 4.900000e-01, 0.000000e+00, 4.900000e-01, 3.423465e-02, -4.864674e-02, 3.406869e-02, 4.851093e+00, -1.952543e-04, 4.851394e+00, 1.645105e-03, 8.663798e+00, 1.697146e-03
3, 3, 2.470141e+00, 4.900000e-01, 0.000000e+00, 4.900000e-01, 6.034166e-02, 3.239872e-03, 6.036754e-02, 4.541153e+00, -9.241436e-03, 4.541163e+00, 5.377310e-03, 8.493645e+00, 5.429927e-03
3, 3, 2.460018e+00, 4.900000e-01, 0.000000e+00, 4.900000e-01, 7.970455e-02, 7.590718e-02, 7.988052e-02, 4.389234e+00, -9.354198e-03, 4.388997e+00, 4.360205e-03, 8.311839e+00, 4.351837e-03
3, 3, 2.449894e+00, 4.900000e-01, 0.000000e+00, 4.900000e-01, 8.151644e-02, 1.508100e-01, 8.173616e-02, 4.484679e+00, 6.951158e-04, 4.484347e+00, 7.073496e-05, 8.170906e+00, 2.886514e-06
3, 3, 2.439771e+00, 4.900000e-01, 0.000000e+00, 4.900000e-01, 6.566904e-02, 2.017428e-01, 6.582697e-02, 4.815525e+00, 1.303890e-02, 4.815267e+00, -4.926395e-03, 8.086212e+00, -4.957670e-03
3, 3, 2.429647e+00, 4.900000e-01, 0.000000e+00, 4.900000e-01, 3.939513e-02, 2.123441e-01, 3.946200e-02, 5.293765e+00, 1.321198e-02, 5.293625e+00, -5.547413e-03, 8.038046e+00, -5.508597e-03
3, 3, 2.419524e+00, 4.900000e-01, 0.000000e+00, 4.900000e-01, 9.533696e-03, 1.883544e-01, 9.538246e-03, 5.808300e+00, -3.603350e-03, 5.808250e+00, 5.295880e-05, 8.009828e+00, 1.167602e-04
3, 3, 2.409400e+00, 4.900000e-01, 0.000000e+00, 4.900000e-01, -2.021335e-02, 1.528281e-01, -2.025942e-02, 6.262749e+00, -2.050187e-02, 6.262805e+00, 5.985793e-03, 8.007180e+00, 6.029348e-03
3, 3, 2.399277e+00, 4.900000e-01, 0.000000e+00, 4.900000e-01, -4.989304e-02, 1.312351e-01, -4.999579e-02, 6.601711e+00, -1.876912e-02, 6.601906e+00, 6.085549e-03, 8.052628e+00, 6.060867e-03
3, 3, 2.389153e+00, 4.900000e-01, 0.000000e+00, 4.900000e-01, -8.041267e-02, 1.320723e-01, -8.055884e-02, 6.811730e+00, 2.417035e-03, 6.812042e+00, -2.568877e-04, 8.161334e+00, -3.339947e-04
3, 3, 2.379030e+00, 4.900000e-01, 0.000000e+00, 4.900000e-01, -1.089631e-01, 1.402925e-01, -1.090971e-01, 6.900696e+00, 2.633781e-02, 6.900987e+00, -8.519756e-03, 8.315004e+00, -8.566946e-03
3, 3, 2.368906e+00, 4.900000e-01, 0.000000e+00, 4.900000e-01, -1.308957e-01, 1.352037e-01, -1.309249e-01, 6.893263e+00, 2.901648e-02, 6.893322e+00, -1.059748e-02, 8.469469e+00, -1.058819e-02
3, 3, 2.358783e+00, 4.900000e-01, 0.000000e+00, 4.900000e-01, -1.448476e-01, 1.137111e-01, -1.447162e-01, 6.836059e+00, 3.942568e-03, 6.835795e+00, -2.397285e-03, 8.587070e+00, -2.355793e-03
3, 3, 2.348659e+00, 4.900000e-01, 0.000000e+00, 4.900000e-01, -1.542288e-01, 9.638301e-02, -1.539808e-01, 6.783822e+00, -2.588734e-02, 6.783359e+00, 9.680354e-03, 8.659072e+00, 9.714992e-03
3, 3, 2.338535e+00, 4.900000e-01, 0.000000e+00, 4.900000e-01, -1.653171e-01, 1.116846e-01, -1.650761e-01, 6.772772e+00, -3.370158e-02, 6.772381e+00, 1.473631e-02, 8.704616e+00, 1.475243e-02
3, 3, 2.328412e+00, 4.900000e-01, 0.000000e+00, 4.900000e-01, -1.810614e-01, 1.694317e-01, -1.809446e-01, 6.792038e+00, -1.460614e-02, 6.791923e+00, 7.815539e-03, 8.741109e+00, 7.808243e-03
3, 3, 2.318288e+00, 4.900000e-01, 0.000000e+00, 4.900000e-01, -1.953768e-01, 2.491502e-01, -1.954302e-01, 6.779542e+00, 1.248656e-02, 6.779715e+00, -4.597375e-03, 8.754590e+00, -4.606956e-03
3, 3, 2.308165e+00, 4.900000e-01, 0.000000e+00, 4.900000e-01, -1.958061e-01, 3.145041e-01, -1.959965e-01, 6.667697e+00, 2.542507e-02, 6.668049e+00, -1.176348e-02, 8.708549e+00, -1.175166e-02
3, 3, 2.298041e+00, 4.900000e-01, 0.000000e+00, 4.900000e-01, -1.721930e-01, 3.384300e-01, -1.724284e-01, 6.437213e+00, 2.403316e-02, 6.437576e+00, -1.247038e-02, 8.576902e+00, -1.246891e-02
3, 3, 2.287918e+00, 4.900000e-01, 0.000000e+00, 4.900000e-01, -1.287615e-01, 3.242628e-01, -1.289495e-01, 6.152772e+00, 1.492281e-02, 6.153037e+00, -8.218637e-03, 8.375185e+00, -8.256979e-03
3, 3, 2.277794e+00, 4.900000e-01, 0.000000e+00, 4.900000e-01, -8.776823e-02, 3.037699e-01, -8.786087e-02, 5.961109e+00, -5.276295e-03, 5.961248e+00, 3.257399e-03, 8.159096e+00, 3.198946e-03
3, 3, 2.267671e+00, 4.900000e-01, 0.000000e+00, 4.900000e-01, -7.347522e-02, 3.072725e-01, -7.346316e-02, 6.012119e+00, -2.706872e-02, 6.012146e+00, 1.402190e-02, 7.978340e+00, 1.400018e-02
3, 3, 2.257547e+00, 4.900000e-01, 0.000000e+00, 4.900000e-01, -9.819488e-02, 3.455905e-01, -9.810109e-02, 6.380858e+00, -3.344350e-02, 6.380769e+00, 1.455107e-02, 7.854288e+00, 1.463160e-02
3, 3, 2.247424e+00, 4.900000e-01, 0.000000e+00, 4.900000e-01, -1.566304e-01, 4.130213e-01, -1.564924e-01, 7.017842e+00, -1.882039e-02, 7.017631e+00, 7.121751e-03, 7.789488e+00, 7.243785e-03
3, 3, 2.237300e+00, 4.900000e-01, 0.000000e+00, 4.900000e-01, -2.167537e-01, 4.863146e-01, -2.166225e-01, 7.683872e+00, 1.378142e-02, 7.683606e+00, -5.548362e-03, 7.747670e+00, -5.511811e-03
3, 3, 2.227177e+00, 4.900000e-01, 0.000000e+00, 4.900000e-01, -2.314049e-01, 5.349223e-01, -2.313475e-01, 8.022930e+00, 3.914934e-02, 8.022771e+00, -1.579466e-02, 7.648355e+00, -1.589129e-02
3, 3, 2.217053e+00, 4.900000e-01, 0.000000e+00, 4.900000e-01, -1.698064e-01, 5.401698e-01, -1.698480e-01, 7.798567e+00, 2.927959e-02, 7.798606e+00, -1.211788e-02, 7.403041e+00, -1.227561e-02
3, 3, 2.206930e+00, 4.900000e-01, 0.000000e+00, 4.900000e-01, -3.656916e-02, 5.011604e-01, -3.665026e-02, 7.075621e+00, -4.536888e-03, 7.075749e+00, 8.889564e-04, 6.953166e+00, 8.184673e-04
3, 3, 2.196806e+00, 4.900000e-01, 0.000000e+00, 4.900000e-01, 1.263938e-01, 4.376075e-01, 1.263848e-01, 6.225847e+00, -2.854889e-02, 6.225855e+00, 9.824696e-03, 6.318216e+00, 9.925495e-03
3, 3, 2.186683e+00, 4.900000e-01, 0.000000e+00, 4.900000e-01, 2.613914e-01, 3.801114e-01, 2.615199e-01, 5.709768e+00, -2.182122e-02, 5.709551e+00, 8.495023e-03, 5.608560e+00, 8.677514e-03
3, 3, 2.176559e+00, 4.900000e-01, 0.000000e+00, 4.900000e-01, 3.316541e-01, 3.451400e-01, 3.318601e-01, 5.775550e+00, 4.353980e-03, 5.775255e+00, 5.606605e-04, 4.959954e+00, 6.405959e-04
3, 3, 2.166435e+00, 4.900000e-01, 0.000000e+00, 4.900000e-01, 3.387274e-01, 3.219359e-01, 3.388470e-01, 6.346494e+00, 1.870429e-02, 6.346437e+00, -4.882210e-03, 4.455688e+00, -4.967304e-03
3, 3, 2.156312e+00, 4.900000e-01, 0.000000e+00, 4.900000e-01, 3.114700e-01, 2.839525e-01, 3.113849e-01, 7.144562e+00, 9.162299e-03, 7.144922e+00, -3.510174e-03, 4.091620e+00, -3.666797e-03
3, 3, 2.146188e+00, 4.900000e-01, 0.000000e+00, 4.900000e-01, 2.806495e-01, 2.162371e-01, 2.804162e-01, 7.907114e+00, -9.081770e-03, 7.907714e+00, 1.343786e-03, 3.803559e+00, 1.249763e-03
3, 3, 2.136065e+00, 4.900000e-01, 0.000000e+00, 4.900000e-01, 2.611229e-01, 1.292998e-01, 2.609234e-01, 8.502342e+00, -1.422007e-02, 8.502789e+00, 3.364114e-03, 3.532870e+00, 3.404182e-03
3, 3, 2.125941e+00, 4.900000e-01, 0.000000e+00, 4.900000e-01, 2.532639e-01, 4.827476e-02, 2.532429e-01, 8.890967e+00, -2.068852e-03, 8.891025e+00, -7.024993e-05, 3.265146e+00, 5.691030e-05
3, 3, 2.115818e+00, 4.900000e-01, 0.000000e+00, 4.900000e-01, 2.537460e-01, -6.689282e-03, 2.538919e-01, 9.053312e+00, 1.051179e-02, 9.053074e+00, -4.544169e-03, 3.020808e+00, -4.443665e-03
3, 3, 2.105694e+00, 4.900000e-01, 0.000000e+00, 4.900000e-01, 2.629564e-01, -3.231851e-02, 2.631195e-01, 8.978965e+00, 9.305964e-03, 8.978754e+00, -3.373303e-03, 2.816346e+00, -3.384356e-03
3, 3, 2.095571e+00, 4.900000e-01, 0.000000e+00, 4.900000e-01, 2.837250e-01, -3.792870e-02, 2.837474e-01, 8.721026e+00, -6.690701e-04, 8.721112e+00, 2.491648e-03, 2.631811e+00, 2.408244e-03
3, 3, 2.085447e+00, 4.900000e-01, 0.000000e+00, 4.900000e-01, 3.155153e-01, -3.439453e-02, 3.153626e-01, 8.412845e+00, -5.434136e-03, 8.413254e+00, 4.864268e-03, 2.417138e+00, 4.804833e-03
3, 3, 2.075324e+00, 4.900000e-01, 0.000000e+00, 4.900000e-01, 3.500385e-01, -2.557263e-02, 3.498372e-01, 8.208570e+00, -4.220157e-03, 8.209049e+00, 3.702823e-03, 2.135257e+00, 3.684340e-03
3, 3, 2.065200e+00, 4.900000e-01, 0.000000e+00, 4.900000e-01, 3.760485e-01, -1.267006e-02, 3.759592e-01, 8.189520e+00, -7.772756e-04, 8.189767e+00, 9.473333e-04, 1.810029e+00, 9.578501e-04
3, 3, 2.055077e+00, 4.900000e-01, 0.000000e+00, 4.900000e-01, 3.848087e-01, -3.004215e-03, 3.848910e-01, 8.312759e+00, 4.647782e-03, 8.312656e+00, -6.321373e-03, 1.555078e+00, -6.285365e-03
3, 3, 2.044953e+00, 4.900000e-01, 0.000000e+00, 4.900000e-01, 3.625681e-01, -5.505186e-04, 3.627681e-01, 8.487959e+00, 3.737610e-03, 8.487597e+00, -8.605100e-03, 1.564817e+00, -8.573826e-03
3, 3, 2.034830e+00, 4.900000e-01, 0.000000e+00, 4.900000e-01, 2.947978e-01, -3.617021e-03, 2.950013e-01, 8.650430e+00, -2.867385e-03, 8.650043e+00, -1.481470e-04, 2.019370e+00, -1.326275e-04
3, 3, 2.024706e+00, 4.900000e-01, 0.000000e+00, 4.900000e-01, 1.812630e-01, -1.289118e-02, 1.813705e-01, 8.766581e+00, -4.463398e-03, 8.766398e+00, 7.386213e-03, 2.950063e+00, 7.391634e-03
3, 3, 2.014582e+00, 4.900000e-01, 0.000000e+00, 4.900000e-01, 3.557511e-02, -2.331708e-02, 3.555649e-02, 8.849542e+00, -1.952737e-03, 8.849634e+00, 9.331582e-03, 4.191783e+00, 9.318206e-03
3, 3, 2.004459e+00, 4.900000e-01, 0.000000e+00, 4.900000e-01, -1.178912e-01, -2.547577e-02, -1.179968e-01, 8.927303e+00, -3.149907e-03, 8.927582e+00, 8.471535e-03, 5.441703e+00, 8.426651e-03
3, 3, 1.994335e+00, 4.900000e-01, 0.000000e+00, 4.900000e-01, -2.473183e-01, -2.088560e-02, -2.474465e-01, 8.992772e+00, -3.512334e-04, 8.993087e+00, -1.831166e-03, 6.384413e+00, -1.870719e-03
3, 3, 1.984212e+00, 4.900000e-01, 0.000000e+00, 4.900000e-01, -3.302889e-01, -1.693894e-02, -3.303851e-01, 9.010830e+00, 1.579711e-02, 9.011043e+00, -2.210885e-02, 6.848498e+00, -2.208056e-02
3, 3, 1.974088e+00, 4.900000e-01, 0.000000e+00, 4.900000e-01, -3.722953e-01, -8.505872e-03, -3.723119e-01, 8.980063e+00, 1.588361e-02, 8.980073e+00, -2.603675e-02, 6.900929e+00, -2.598953e-02
3, 3, 1.963965e+00, 4.900000e-01, 0.000000e+00, 4.900000e-01, -3.943653e-01, 1.073040e-02, -3.943034e-01, 8.929478e+00, -8.930307e-03, 8.929305e+00, -1.687996e-03, 6.751333e+00, -1.678260e-03
3, 3, 1.953841e+00, 4.900000e-01, 0.000000e+00, 4.900000e-01, -4.146301e-01, 3.534542e-02, -4.145653e-01, 8.883089e+00, -2.165117e-02, 8.882900e+00, 2.740544e-02, 6.586878e+00, 2.739589e-02
3, 3, 1.943718e+00, 4.900000e-01, 0.000000e+00, 4.900000e-01, -4.572113e-01, 6.566671e-02, -4.572073e-01, 8.931154e+00, -1.677113e-02, 8.931087e+00, 4.271596e-02, 6.530154e+00, 4.269148e-02
3, 3, 1.933594e+00, 4.900000e-01, 0.000000e+00, 4.900000e-01, -5.367881e-01, 9.821123e-02, -5.368472e-01, 9.157388e+00, -3.841654e-03, 9.157455e+00, 3.105295e-02, 6.609273e+00, 3.103687e-02
3, 3, 1.923471e+00, 4.900000e-01, 0.000000e+00, 4.900000e-01, -6.365332e-01, 1.134510e-01, -6.366169e-01, 9.495477e+00, 1.526393e-02, 9.495622e+00, -1.042543e-02, 6.755515e+00, -1.041275e-02
3, 3, 1.913347e+00, 4.900000e-01, 0.000000e+00, 4.900000e-01, -7.246667e-01, 9.949895e-02, -7.247233e-01, 9.791741e+00, 2.503384e-02, 9.791852e+00, -5.358040e-02, 6.895908e+00, -5.357303e-02
3, 3, 1.903224e+00, 4.900000e-01, 0.000000e+00, 4.900000e-01, -7.736895e-01, 6.114769e-02, -7.737045e-01, 9.906506e+00, 1.890973e-02, 9.906543e+00, -6.561027e-02, 6.989673e+00, -6.562628e-02
3, 3, 1.893100e+00, 4.900000e-01, 0.000000e+00, 4.900000e-01, -7.785346e-01, 1.096314e-02, -7.785403e-01, 9.788647e+00, 5.623885e-03, 9.788662e+00, -3.640946e-02, 7.027847e+00, -3.640853e-02
3, 3, 1.882977e+00, 4.900000e-01, 0.000000e+00, 4.900000e-01, -7.730443e-01, -3.882380e-02, -7.730666e-01, 9.538829e+00, -1.219112e-02, 9.538858e+00, 1.804575e-02, 7.050944e+00, 1.808512e-02
3, 3, 1.872853e+00, 4.900000e-01, 0.000000e+00, 4.900000e-01, -8.171703e-01, -8.548260e-02, -8.171951e-01, 9.360759e+00, -3.278088e-02, 9.360781e+00, 6.619424e-02, 7.131763e+00, 6.622666e-02
3, 3, 1.862730e+00, 4.900000e-01, 0.000000e+00, 4.900000e-01, -9.575204e-01, -1.332636e-01, -9.575254e-01, 9.412498e+00, -4.223266e-02, 9.412488e+00, 8.077910e-02, 7.333633e+00, 8.075041e-02
3, 3, 1.852606e+00, 4.900000e-01, 0.000000e+00, 4.900000e-01, -1.185852e+00, -1.766318e-01, -1.185835e+00, 9.676725e+00, -2.314191e-02, 9.676682e+00, 5.236205e-02, 7.671652e+00, 5.227934e-02
3, 3, 1.842482e+00, 4.900000e-01, 0.000000e+00, 4.900000e-01, -1.421498e+00, -1.926971e-01, -1.421469e+00, 9.920274e+00, 2.778876e-02, 9.920224e+00, -9.826523e-03, 8.092869e+00, -9.870598e-03
3, 3, 1.832359e+00, 4.900000e-01, 0.000000e+00, 4.900000e-01, -1.536828e+00, -1.558812e-01, -1.536782e+00, 9.793625e+00, 7.698066e-02, 9.793551e+00, -7.490836e-02, 8.479907e+00, -7.484391e-02
3, 3, 1.822235e+00, 4.900000e-01, 0.000000e+00, 4.900000e-01, -1.418010e+00, -6.223932e-02, -1.417915e+00, 9.075789e+00, 6.407554e-02, 9.075640e+00, -9.561609e-02, 8.653384e+00, -9.551132e-02
3, 3, 1.812112e+00, 4.900000e-01, 0.000000e+00, 4.900000e-01, -1.024136e+00, 5.660427e-02, -1.024008e+00, 7.877844e+00, -1.627137e-02, 7.877626e+00, -4.956836e-02, 8.381810e+00, -4.953276e-02
3, 3, 1.801988e+00, 4.900000e-01, 0.000000e+00, 4.900000e-01, -4.219292e-01, 1.542677e-01, -4.218453e-01, 6.625201e+00, -8.429345e-02, 6.625049e+00, 3.014915e-02, 7.507094e+00, 3.007860e-02
3, 3, 1.791865e+00, 4.900000e-01, 0.000000e+00, 4.900000e-01, 2.212722e-01, 2.111669e-01, 2.212466e-01, 5.799931e+00, -7.349398e-02, 5.799959e+00, 8.192419e-02, 6.170109e+00, 8.181050e-02
3, 3, 1.781741e+00, 4.900000e-01, 0.000000e+00, 4.900000e-01, 7.135397e-01, 2.326815e-01, 7.134252e-01, 5.540466e+00, -5.258832e-05, 5.540656e+00, 6.502305e-02, 4.856939e+00, 6.499501e-02
3, 3, 1.771618e+00, 4.900000e-01, 0.000000e+00, 4.900000e-01, 9.434302e-01, 2.147216e-01, 9.433264e-01, 5.518873e+00, 6.639237e-02, 5.519046e+00, -1.941272e-03, 4.116502e+00, -1.847897e-03
3, 3, 1.761494e+00, 4.900000e-01, 0.000000e+00, 4.900000e-01, 9.294132e-01, 1.402163e-01, 9.294178e-01, 5.341135e+00, 6.665256e-02, 5.341120e+00, -5.263466e-02, 4.169917e+00, -5.254867e-02
3, 3, 1.751371e+00, 4.900000e-01, 0.000000e+00, 4.900000e-01, 7.871519e-01, 5.534790e-03, 7.872434e-01, 4.999543e+00, 7.204677e-03, 4.999374e+00, -4.393150e-02, 4.742314e+00, -4.394142e-02
3, 3, 1.741247e+00, 4.900000e-01, 0.000000e+00, 4.900000e-01, 6.399153e-01, -1.559582e-01, 6.399684e-01, 4.873926e+00, -4.764947e-02, 4.873832e+00, 1.972929e-03, 5.308598e+00, 1.919336e-03
3, 3, 1.731124e+00, 4.900000e-01, 0.000000e+00, 4.900000e-01, 5.390042e-01, -2.858846e-01, 5.389479e-01, 5.326801e+00, -4.650808e-02, 5.326916e+00, 3.092636e-02, 5.554036e+00, 3.088577e-02
3, 3, 1.721000e+00, 4.900000e-01, 0.000000e+00, 4.900000e-01, 4.594835e-01, -3.468924e-01, 4.593717e-01, 6.341592e+00, -6.693144e-03, 6.341807e+00, 2.134387e-02, 5.574974e+00, 2.133156e-02
3, 3, 1.710877e+00, 4.900000e-01, 0.000000e+00, 4.900000e-01, 3.606842e-01, -3.544117e-01, 3.606070e-01, 7.552230e+00, 2.290193e-02, 7.552375e+00, -3.084560e-03, 5.646103e+00, -3.054040e-03
3, 3, 1.700753e+00, 4.900000e-01, 0.000000e+00, 4.900000e-01, 2.434580e-01, -3.604727e-01, 2.434659e-01, 8.541074e+00, 3.025129e-02, 8.541056e+00, -2.066789e-02, 5.874606e+00, -2.063512e-02
3, 3, 1.690630e+00, 4.900000e-01, 0.000000e+00, 4.900000e-01, 1.378202e-01, -3.949743e-01, 1.378961e-01, 9.130707e+00, 1.215312e-02, 9.130559e+00, -1.437288e-02, 6.159484e+00, -1.438374e-02
3, 3, 1.680506e+00, 4.900000e-01, 0.000000e+00, 4.900000e-01, 6.299724e-02, -4.438156e-01, 6.306846e-02, 9.413072e+00, -1.992666e-02, 9.412943e+00, 1.398549e-02, 6.382615e+00, 1.396562e-02
3, 3, 1.670382e+00, 4.900000e-01, 0.000000e+00, 4.900000e-01, 2.379784e-02, -4.914180e-01, 2.380694e-02, 9.519885e+00, -2.189432e-02, 9.519885e+00, 2.060325e-02, 6.509173e+00, 2.062323e-02
3, 3, 1.660259e+00, 4.900000e-01, 0.000000e+00, 4.900000e-01, -1.155053e-04, -5.266182e-01, -1.555814e-04, 9.572699e+00, -1.138574e-03, 9.572785e+00, -2.178661e-05, 6.602009e+00, 1.271005e-05
3, 3, 1.650135e+00, 4.900000e-01, 0.000000e+00, 4.900000e-01, -3.874247e-02, -5.430862e-01, -3.878135e-02, 9.681367e+00, 1.373960e-02, 9.681453e+00, -1.816844e-02, 6.733896e+00, -1.818676e-02
3, 3, 1.640012e+00, 4.900000e-01, 0.000000e+00, 4.900000e-01, -9.331450e-02, -5.588876e-01, -9.333118e-02, 9.831511e+00, 1.914704e-02, 9.831554e+00, -2.238955e-02, 6.889685e+00, -2.245045e-02
3, 3, 1.629888e+00, 4.900000e-01, 0.000000e+00, 4.900000e-01, -1.536483e-01, -5.845531e-01, -1.536538e-01, 9.969930e+00, 1.413486e-03, 9.969945e+00, -2.743306e-03, 7.035718e+00, -2.767747e-03
3, 3, 1.619765e+00, 4.900000e-01, 0.000000e+00, 4.900000e-01, -2.137012e-01, -6.110957e-01, -2.136855e-01, 1.007760e+01, -1.822208e-02, 1.007758e+01, 2.190161e-02, 7.171132e+00, 2.193340e-02
3, 3, 1.609641e+00, 4.900000e-01, 0.000000e+00, 4.900000e-01, -2.710485e-01, -6.271363e-01, -2.709940e-01, 1.014893e+01, -1.591325e-03, 1.014886e+01, 1.719510e-02, 7.305490e+00, 1.725048e-02
3, 3, 1.599518e+00, 4.900000e-01, 0.000000e+00, 4.900000e-01, -3.391318e-01, -6.145957e-01, -3.390584e-01, 1.024549e+01, 1.061952e-02, 1.024540e+01, 2.135582e-03, 7.458657e+00, 2.177027e-03
3, 3, 1.589394e+00, 4.900000e-01, 0.000000e+00, 4.900000e-01, -4.252633e-01, -5.822488e-01, -4.252186e-01, 1.041677e+01, -1.674328e-02, 1.041673e+01, 4.585234e-03, 7.644199e+00, 4.571116e-03
3, 3, 1.579271e+00, 4.900000e-01, 0.000000e+00, 4.900000e-01, -5.023373e-01, -5.916946e-01, -5.023569e-01, 1.056206e+01, -2.051097e-02, 1.056212e+01, -1.998723e-03, 7.837991e+00, -2.075393e-03
3, 3, 1.569147e+00, 4.900000e-01, 0.000000e+00, 4.900000e-01, -5.457506e-01, -6.784410e-01, -5.458304e-01, 1.059333e+01, 1.496646e-02, 1.059347e+01, -2.204807e-02, 8.003552e+00, -2.210716e-02
3, 3, 1.559024e+00, 4.900000e-01, 0.000000e+00, 4.900000e-01, -5.588340e-01, -8.092566e-01, -5.589222e-01, 1.054933e+01, 2.352464e-02, 1.054948e+01, -1.659551e-02, 8.133935e+00, -1.656123e-02
3, 3, 1.548900e+00, 4.900000e-01, 0.000000e+00, 4.900000e-01, -5.371702e-01, -9.506382e-01, -5.371909e-01, 1.039176e+01, 5.096930e-03, 1.039180e+01, 6.732440e-03, 8.230260e+00, 6.806325e-03
3, 3, 1.538777e+00, 4.900000e-01, 0.000000e+00, 4.900000e-01, -4.750483e-01, -1.076452e+00, -4.749906e-01, 1.003436e+01, -3.946536e-03, 1.003427e+01, 1.430254e-02, 8.281723e+00, 1.434036e-02
3, 3, 1.528653e+00, 4.900000e-01, 0.000000e+00, 4.900000e-01, -3.991726e-01, -1.135767e+00, -3.991085e-01, 9.552129e+00, -7.449079e-03, 9.552026e+00, 7.741598e-03, 8.287060e+00, 7.722083e-03
3, 3, 1.518530e+00, 4.900000e-01, 0.000000e+00, 4.900000e-01, -3.430563e-01, -1.099239e+00, -3.430566e-01, 9.090723e+00, -7.478330e-03, 9.090742e+00, -1.570005e-03, 8.260771e+00, -1.620581e-03
3, 3, 1.508406e+00, 4.900000e-01, 0.000000e+00, 4.900000e-01, -3.161091e-01, -9.920921e-01, -3.161753e-01, 8.722527e+00, -2.552378e-04, 8.722651e+00, -7.915480e-03, 8.227733e+00, -7.962438e-03
3, 3, 1.498282e+00, 4.900000e-01, 0.000000e+00, 4.900000e-01, -3.110980e-01, -8.630446e-01, -3.111742e-01, 8.455207e+00, 4.043017e-03, 8.455337e+00, -4.792366e-03, 8.217694e+00, -4.793765e-03
3, 3, 1.488159e+00, 4.900000e-01, 0.000000e+00, 4.900000e-01, -3.163875e-01, -7.523621e-01, -3.164188e-01, 8.249064e+00, 9.755869e-04, 8.249122e+00, 4.189277e-03, 8.241532e+00, 4.240175e-03
3, 3, 1.478035e+00, 4.900000e-01, 0.000000e+00, 4.900000e-01, -3.239318e-01, -6.762158e-01, -3.239003e-01, 8.048384e+00, -1.879203e-03, 8.048374e+00, 7.720111e-03, 8.281978e+00, 7.770936e-03
3, 3, 1.467912e+00, 4.900000e-01, 0.000000e+00, 4.900000e-01, -3.329577e-01, -6.247209e-01, -3.328958e-01, 7.836119e+00, -8.608854e-04, 7.836086e+00, 2.766428e-03, 8.322891e+00, 2.760575e-03
3, 3, 1.457788e+00, 4.900000e-01, 0.000000e+00, 4.900000e-01, -3.436297e-01, -5.766296e-01, -3.435989e-01, 7.635718e+00, 1.275322e-03, 7.635727e+00, -3.974075e-03, 8.373053e+00, -4.015360e-03
3, 3, 1.447665e+00, 4.900000e-01, 0.000000e+00, 4.900000e-01, -3.512309e-01, -5.198101e-01, -3.512598e-01, 7.458081e+00, 3.303246e-03, 7.458158e+00, -6.863500e-03, 8.448925e+00, -6.897594e-03
3, 3, 1.437541e+00, 4.900000e-01, 0.000000e+00, 4.900000e-01, -3.519734e-01, -4.539652e-01, -3.520261e-01, 7.295331e+00, -5.046944e-04, 7.295431e+00, -2.337862e-03, 8.545696e+00, -2.342306e-03
3, 3, 1.427418e+00, 4.900000e-01, 0.000000e+00, 4.900000e-01, -3.462515e-01, -3.844640e-01, -3.462779e-01, 7.142344e+00, -5.333916e-03, 7.142395e+00, 3.817795e-03, 8.636774e+00, 3.848397e-03
3, 3, 1.417294e+00, 4.900000e-01, 0.000000e+00, 4.900000e-01, -3.353162e-01, -3.206936e-01, -3.352931e-01, 6.986309e+00, 1.698656e-03, 6.986290e+00, 9.359432e-04, 8.709116e+00, 9.628570e-04
3, 3, 1.407171e+00, 4.900000e-01, 0.000000e+00, 4.900000e-01, -3.260408e-01, -2.622382e-01, -3.259933e-01, 6.838764e+00, 3.666109e-03, 6.838701e+00, -1.105614e-03, 8.789253e+00, -1.105275e-03
3, 3, 1.397047e+00, 4.900000e-01, 0.000000e+00, 4.900000e-01, -3.245007e-01, -2.058761e-01, -3.244754e-01, 6.714741e+00, -3.303636e-03, 6.714723e+00, 3.092206e-03, 8.905475e+00, 3.076052e-03
3, 3, 1.386924e+00, 4.900000e-01, 0.000000e+00, 4.900000e-01, -3.277256e-01, -1.589866e-01, -3.277413e-01, 6.583442e+00, 2.020460e-03, 6.583516e+00, 1.219172e-03, 9.043698e+00, 1.200616e-03
3, 3, 1.376800e+00, 4.900000e-01, 0.000000e+00, 4.900000e-01, -3.376870e-01, -1.179557e-01, -3.377240e-01, 6.454968e+00, 4.250579e-03, 6.455086e+00, -8.648053e-04, 9.177071e+00, -8.747028e-04
3, 3, 1.366677e+00, 4.900000e-01, 0.000000e+00, 4.900000e-01, -3.560282e-01, -7.814732e-02, -3.560581e-01, 6.366812e+00, -6.069790e-03, 6.366898e+00, 6.079202e-04, 9.310018e+00, 6.231619e-04
3, 3, 1.356553e+00, 4.900000e-01, 0.000000e+00, 4.900000e-01, -3.747589e-01, -5.129758e-02, -3.747614e-01, 6.302575e+00, -6.221354e-03, 6.302586e+00, -2.193240e-03, 9.467951e+00, -2.174912e-03
3, 3, 1.346430e+00, 4.900000e-01, 0.000000e+00, 4.900000e-01, -3.941800e-01, -3.933998e-02, -3.941558e-01, 6.264367e+00, 3.673888e-03, 6.264309e+00, -2.915705e-03, 9.662553e+00, -2.918082e-03
3, 3, 1.336306e+00, 4.900000e-01, 0.000000e+00, 4.900000e-01, -4.205593e-01, -3.331313e-02, -4.205311e-01, 6.269040e+00, 7.281312e-03, 6.268992e+00, 4.414408e-04, 9.874129e+00, 4.261393e-04
3, 3, 1.326182e+00, 4.900000e-01, 0.000000e+00, 4.900000e-01, -4.518524e-01, -2.438589e-02, -4.518403e-01, 6.279755e+00, 1.094725e-03, 6.279772e+00, 1.785635e-03, 1.007776e+01, 1.782964e-03
3, 3, 1.316059e+00, 4.900000e-01, 0.000000e+00, 4.900000e-01, -4.816705e-01, 3.982247e-03, -4.816688e-01, 6.252130e+00, -3.301926e-03, 6.252177e+00, 3.479432e-04, 1.028296e+01, 3.531568e-04
3, 3, 1.305935e+00, 4.900000e-01, 0.000000e+00, 4.900000e-01, -5.058631e-01, 6.767282e-02, -5.058531e-01, 6.184144e+00, 2.286959e-03, 6.184165e+00, -3.303571e-03, 1.051688e+01, -3.309310e-03
3, 3, 1.295812e+00, 4.900000e-01, 0.000000e+00, 4.900000e-01, -5.287383e-01, 1.651961e-01, -5.287172e-01, 6.110557e+00, 1.103178e-03, 6.110543e+00, -2.235821e-04, 1.078106e+01, -2.292657e-04
3, 3, 1.285688e+00, 4.900000e-01, 0.000000e+00, 4.900000e-01, -5.564423e-01, 2.670455e-01, -5.564222e-01, 6.050748e+00, -1.035355e-02, 6.050721e+00, 7.577026e-03, 1.104573e+01, 7.580931e-03
3, 3, 1.275565e+00, 4.900000e-01, 0.000000e+00, 4.900000e-01, -5.853079e-01, 3.285463e-01, -5.852993e-01, 5.974422e+00, -9.028242e-03, 5.974406e+00, 4.204722e-03, 1.129262e+01, 4.223909e-03
3, 3, 1.265441e+00, 4.900000e-01, 0.000000e+00, 4.900000e-01, -6.142962e-01, 3.367479e-01, -6.143028e-01, 5.886633e+00, 6.155507e-03, 5.886644e+00, -2.706257e-03, 1.155915e+01, -2.686034e-03
3, 3, 1.255318e+00, 4.900000e-01, 0.000000e+00, 4.900000e-01, -6.440611e-01, 3.127211e-01, -6.440772e-01, 5.815609e+00, 1.615739e-02, 5.815642e+00, -6.148132e-03, 1.187173e+01, -6.161208e-03
3, 3, 1.245194e+00, 4.900000e-01, 0.000000e+00, 4.900000e-01, -6.737586e-01, 2.767327e-01, -6.737766e-01, 5.748448e+00, 5.367995e-03, 5.748504e+00, -3.519336e-03, 1.219853e+01, -3.561886e-03
3, 3, 1.235071e+00, 4.900000e-01, 0.000000e+00, 4.900000e-01, -7.031891e-01, 2.373999e-01, -7.031991e-01, 5.660242e+00, -1.190484e-02, 5.660324e+00, 1.578420e-03, 1.250713e+01, 1.558073e-03
3, 3, 1.224947e+00, 4.900000e-01, 0.000000e+00, 4.900000e-01, -7.308134e-01, 2.000692e-01, -7.307970e-01, 5.561980e+00, -8.456628e-03, 5.562009e+00, 1.206804e-03, 1.281397e+01, 1.234794e-03
3, 3, 1.214824e+00, 4.900000e-01, 0.000000e+00, 4.900000e-01, -7.628499e-01, 1.823087e-01, -7.627847e-01, 5.525910e+00, 5.947498e-03, 5.525816e+00, -7.969444e-04, 1.316534e+01, -7.629817e-04
3, 3, 1.204700e+00, 4.900000e-01, 0.000000e+00, 4.900000e-01, -8.106445e-01, 1.943405e-01, -8.105481e-01, 5.600000e+00, 6.848888e-03, 5.599839e+00, 4.211621e-04, 1.357060e+01, 4.260214e-04
3, 3, 1.194577e+00, 4.900000e-01, 0.000000e+00, 4.900000e-01, -8.785837e-01, 2.188964e-01, -8.785063e-01, 5.742767e+00, -2.728529e-03, 5.742642e+00, 2.247665e-03, 1.399920e+01, 2.224748e-03
3, 3, 1.184453e+00, 4.900000e-01, 0.000000e+00, 4.900000e-01, -9.615719e-01, 2.336516e-01, -9.615518e-01, 5.900824e+00, -5.923064e-03, 5.900797e+00, 1.851974e-03, 1.444569e+01, 1.838263e-03
3, 3, 1.174329e+00, 4.900000e-01, 0.000000e+00, 4.900000e-01, -1.053891e+00, 2.365080e-01, -1.053918e+00, 6.082094e+00, -1.196821e-03, 6.082139e+00, 1.299141e-03, 1.494869e+01, 1.305349e-03
3, 3, 1.164206e+00, 4.900000e-01, 0.000000e+00, 4.900000e-01, -1.153786e+00, 2.353578e-01, -1.153825e+00, 6.307424e+00, 2.787489e-03, 6.307475e+00, -2.237889e-04, 1.552599e+01, -2.177772e-04
3, 3, 1.154082e+00, 4.900000e-01, 0.000000e+00, 4.900000e-01, -1.259595e+00, 2.311516e-01, -1.259622e+00, 6.552532e+00, 3.191887e-03, 6.552558e+00, -3.906239e-03, 1.614499e+01, -3.912754e-03
3, 3, 1.143959e+00, 4.900000e-01, 0.000000e+00, 4.900000e-01, -1.366003e+00, 2.246364e-01, -1.366024e+00, 6.781665e+00, 3.375922e-04, 6.781698e+00, -4.274442e-03, 1.678067e+01, -4.283412e-03
3, 3, 1.133835e+00, 4.900000e-01, 0.000000e+00, 4.900000e-01, -1.465068e+00, 2.230359e-01, -1.465099e+00, 6.986595e+00, -2.268152e-03, 6.986670e+00, 9.700109e-04, 1.745255e+01, 9.743599e-04
3, 3, 1.123712e+00, 4.900000e-01, 0.000000e+00, 4.900000e-01, -1.553837e+00, 2.299474e-01, -1.553875e+00, 7.164088e+00, -9.650133e-05, 7.164176e+00, 5.161961e-03, 1.817925e+01, 5.173273e-03
3, 3, 1.113588e+00, 4.900000e-01, 0.000000e+00, 4.900000e-01, -1.637709e+00, 2.418679e-01, -1.637747e+00, 7.308041e+00, 1.274236e-03, 7.308131e+00, 3.304709e-03, 1.893636e+01, 3.322514e-03
3, 3, 1.103465e+00, 4.900000e-01, 0.000000e+00, 4.900000e-01, -1.721653e+00, 2.571522e-01, -1.721687e+00, 7.423698e+00, -3.740882e-03, 7.423788e+00, 6.429109e-05, 1.969651e+01, 5.687123e-05
3, 3, 1.093341e+00, 4.900000e-01, 0.000000e+00, 4.900000e-01, -1.802532e+00, 2.784202e-01, -1.802560e+00, 7.523462e+00, -5.084593e-03, 7.523539e+00, -1.651117e-04, 2.047303e+01, -1.920748e-04
3, 3, 1.083218e+00, 4.900000e-01, 0.000000e+00, 4.900000e-01, -1.873495e+00, 3.039574e-01, -1.873528e+00, 7.607965e+00, 7.284674e-03, 7.608030e+00, -3.333828e-03, 2.128578e+01, -3.344593e-03
3, 3, 1.073094e+00, 4.900000e-01, 0.000000e+00, 4.900000e-01, -1.932749e+00, 3.300300e-01, -1.932772e+00, 7.664958e+00, 1.525391e-02, 7.665012e+00, -1.226618e-02, 2.211635e+01, -1.224598e-02
3, 3, 1.062971e+00, 4.900000e-01, 0.000000e+00, 4.900000e-01, -1.981451e+00, 3.676869e-01, -1.981446e+00, 7.688085e+00, 9.827190e-04, 7.688093e+00, -1.266067e-02, 2.292897e+01, -1.263853e-02
3, 3, 1.052847e+00, 4.900000e-01, 0.000000e+00, 4.900000e-01, -2.016124e+00, 4.366629e-01, -2.016086e+00, 7.662271e+00, -1.709745e-02, 7.662223e+00, 1.104972e-02, 2.371725e+01, 1.104513e-02
3, 3, 1.042724e+00, 4.900000e-01, 0.000000e+00, 4.900000e-01, -2.029759e+00, 5.355364e-01, -2.029710e+00, 7.573135e+00, -2.246688e-02, 7.573069e+00, 4.300625e-02, 2.448833e+01, 4.299141e-02
3, 3, 1.032600e+00, 4.900000e-01, 0.000000e+00, 4.900000e-01, -2.016220e+00, 6.337804e-01, -2.016182e+00, 7.427095e+00, -1.242975e-02, 7.427038e+00, 3.624044e-02, 2.521992e+01, 3.623125e-02
3, 3, 1.022477e+00, 4.900000e-01, 0.000000e+00, 4.900000e-01, -1.971992e+00, 7.079156e-01, -1.971969e+00, 7.224047e+00, 2.311816e-02, 7.224015e+00, -2.931695e-02, 2.587398e+01, -2.931498e-02
3, 3, 1.012353e+00, 4.900000e-01, 0.000000e+00, 4.900000e-01, -1.893763e+00, 7.755238e-01, -1.893747e+00, 6.945525e+00, 6.543089e-02, 6.945509e+00, -1.014555e-01, 2.643375e+01, -1.014429e-01
3, 3, 1.002229e+00, 4.900000e-01, 0.000000e+00, 4.900000e-01, -1.771578e+00, 8.696171e-01, -1.771568e+00, 6.540135e+00, 4.551081e-02, 6.540129e+00, -9.090567e-02, 2.688681e+01, -9.089705e-02
3, 3, 9.921059e-01, 4.900000e-01, 0.000000e+00, 4.900000e-01, -1.592231e+00, 1.000338e+00, -1.592226e+00, 5.957222e+00, -5.977003e-02, 5.957246e+00, 4.991197e-02, 2.718296e+01, 4.991202e-02
3, 3, 9.819824e-01, 4.900000e-01, 0.000000e+00, 4.900000e-01, -1.346256e+00, 1.148772e+00, -1.346268e+00, 5.207569e+00, -1.500312e-01, 5.207631e+00, 2.294753e-01, 2.726125e+01, 2.294773e-01
3, 3, 9.718589e-01, 4.900000e-01, 0.000000e+00, 4.900000e-01, -1.027656e+00, 1.278200e+00, -1.027682e+00, 4.368359e+00, -1.072854e-01, 4.368451e+00, 2.258124e-01, 2.709768e+01, 2.258017e-01
3, 3, 9.617354e-01, 4.900000e-01, 0.000000e+00, 4.900000e-01, -6.398667e-01, 1.379284e+00, -6.398880e-01, 3.527040e+00, 9.261121e-02, 3.527116e+00, -7.577722e-02, 2.668832e+01, -7.579684e-02
3, 3, 9.516118e-01, 4.900000e-01, 0.000000e+00, 4.900000e-01, -1.756354e-01, 1.498849e+00, -1.756433e-01, 2.589014e+00, 3.271920e-01, 2.589070e+00, -4.712013e-01, 2.597777e+01, -4.712043e-01
3, 3, 9.414883e-01, 4.900000e-01, 0.000000e+00, 4.900000e-01, 4.200348e-01, 1.697408e+00, 4.200363e-01, 1.223875e+00, 3.122238e-01, 1.223900e+00, -5.365607e-01, 2.481158e+01, -5.365281e-01
3, 3, 9.313648e-01, 4.900000e-01, 0.000000e+00, 4.900000e-01, 1.228024e+00, 1.980525e+00, 1.228037e+00, -8.619448e-01, -9.936787e-02, -8.619392e-01, -3.679963e-02, 2.299444e+01, -3.678370e-02
3, 3, 9.212412e-01, 4.900000e-01, 0.000000e+00, 4.900000e-01, 2.257134e+00, 2.283693e+00, 2.257151e+00, -3.525784e+00, -5.983922e-01, -3.525780e+00, 7.311159e-01, 2.044499e+01, 7.311068e-01
3, 3, 9.111177e-01, 4.900000e-01, 0.000000e+00, 4.900000e-01, 3.366808e+00, 2.524151e+00, 3.366799e+00, -5.999389e+00, -6.798263e-01, -5.999360e+00, 1.088415e+00, 1.733764e+01, 1.088395e+00
3, 3, 9.009942e-01, 4.900000e-01, 0.000000e+00, 4.900000e-01, 4.399113e+00, 2.637236e+00, 4.399083e+00, -7.545118e+00, -1.289261e-01, -7.545035e+00, 5.246524e-01, 1.393668e+01, 5.246391e-01
3, 3, 8.908706e-01, 4.900000e-01, 0.000000e+00, 4.900000e-01, 5.466455e+00, 2.665809e+00, 5.466417e+00, -8.687028e+00, 7.345760e-01, -8.686937e+00, -7.111057e-01, 1.007886e+01, -7.110970e-01
3, 3, 8.807471e-01, 4.900000e-01, 0.000000e+00, 4.900000e-01, 7.055697e+00, 2.876762e+00, 7.055676e+00, -1.145624e+01, 1.137280e+00, -1.145621e+01, -1.577805e+00, 4.823314e+00, -1.577796e+00
3, 3, 8.706236e-01, 4.900000e-01, 0.000000e+00, 4.900000e-01, 9.734454e+00, 3.553351e+00, 9.734453e+00, -1.788329e+01, 5.627422e-01, -1.788330e+01, -1.173599e+00, -3.153629e+00, -1.173593e+00
3, 3, 8.605001e-01, 4.900000e-01, 0.000000e+00, 4.900000e-01, 1.347397e+01, 4.566988e+00, 1.347399e+01, -2.742413e+01, -5.611376e-01, -2.742416e+01, 2.699982e-01, -1.424847e+01, 2.699863e-01
3, 3, 8.503765e-01, 4.900000e-01, 0.000000e+00, 4.900000e-01, 1.703945e+01, 5.296565e+00, 1.703947e+01, -3.513455e+01, -1.252827e+00, -3.513454e+01, 1.524550e+00, -2.649337e+01, 1.524539e+00
3, 3, 8.402530e-01, 4.900000e-01, 0.000000e+00, 4.900000e-01, 1.830675e+01, 4.968820e+00, 1.830676e+01, -3.349859e+01, -8.850797e-01, -3.349856e+01, 1.466370e+00, -3.566375e+01, 1.466367e+00
3, 3, 8.301295e-01, 4.900000e-01, 0.000000e+00, 4.900000e-01, 1.566425e+01, 3.193703e+00, 1.566425e+01, -1.799195e+01, 2.332569e-01, -1.799192e+01, 1.660468e-01, -3.764137e+01, 1.660557e-01
3, 3, 8.200059e-01, 4.900000e-01, 0.000000e+00, 4.900000e-01, 9.456809e+00, 4.242732e-01, 9.456807e+00, 8.298542e+00, 1.013293e+00, 8.298562e+00, -1.096146e+00, -3.149500e+01, -1.096149e+00
3, 3, 8.098824e-01, 4.900000e-01, 0.000000e+00, 4.900000e-01, 2.200042e+00, -2.228783e+00, 2.200044e+00, 3.522849e+01, 7.519658e-01, 3.522851e+01, -1.176249e+00, -2.074905e+01, -1.176253e+00
3, 3, 7.997589e-01, 4.900000e-01, 0.000000e+00, 4.900000e-01, -2.944325e+00, -3.776983e+00, -2.944325e+00, 5.177795e+01, -9.995261e-02, 5.177794e+01, -2.192171e-01, -1.128344e+01, -2.192134e-01
3, 3, 7.896353e-01, 4.900000e-01, 0.000000e+00, 4.900000e-01, -4.409589e+00, -3.956260e+00, -4.409588e+00, 5.383456e+01, -6.396418e-01, 5.383454e+01, 6.926605e-01, -7.139679e+00, 6.926613e-01
3, 3, 7.795118e-01, 4.900000e-01, 0.000000e+00, 4.900000e-01, -3.139005e+00, -3.298073e+00, -3.139003e+00, 4.638552e+01, -4.286369e-01, 4.638551e+01, 7.130728e-01, -7.959592e+00, 7.130784e-01
3, 3, 7.693883e-01, 4.900000e-01, 0.000000e+00, 4.900000e-01, -1.413151e+00, -2.629010e+00, -1.413149e+00, 3.813401e+01, 1.565459e-01, 3.813401e+01, 4.220481e-02, -1.023773e+01, 4.220476e-02
3, 3, 7.592648e-01, 4.900000e-01, 0.000000e+00, 4.900000e-01, -8.362738e-01, -2.360102e+00, -8.362712e-01, 3.441430e+01, 3.779927e-01, 3.441430e+01, -4.472257e-01, -1.086013e+01, -4.472337e-01
3, 3, 7.491412e-01, 4.900000e-01, 0.000000e+00, 4.900000e-01, -1.294216e+00, -2.348912e+00, -1.294219e+00, 3.428199e+01, 1.211902e-01, 3.428200e+01, -3.294877e-01, -9.548187e+00, -3.294809e-01
3, 3, 7.390177e-01, 4.900000e-01, 0.000000e+00, 4.900000e-01, -1.696929e+00, -2.275218e+00, -1.696932e+00, 3.363395e+01, -1.531011e-01, 3.363394e+01, 5.870818e-02, -8.096051e+00, 5.871005e-02
3, 3, 7.288942e-01, 4.900000e-01, 0.000000e+00, 4.900000e-01, -1.416901e+00, -1.979427e+00, -1.416899e+00, 3.048851e+01, -1.556171e-01, 3.048851e+01, 2.354525e-01, -7.842985e+00, 2.354482e-01
3, 3, 7.187706e-01, 4.900000e-01, 0.000000e+00, 4.900000e-01, -7.696784e-01, -1.591602e+00, -7.696790e-01, 2.620602e+01, 2.208284e-02, 2.620602e+01, 1.051438e-01, -8.452636e+00, 1.051452e-01
3, 3, 7.086471e-01, 4.900000e-01, 0.000000e+00, 4.900000e-01, -3.818690e-01, -1.306415e+00, -3.818707e-01, 2.297958e+01, 8.925589e-02, 2.297957e+01, -5.876144e-02, -8.812585e+00, -5.875895e-02
3, 3, 6.985236e-01, 4.900000e-01, 0.000000e+00, 4.900000e-01, -4.539368e-01, -1.151832e+00, -4.539372e-01, 2.149484e+01, -2.815439e-03, 2.149483e+01, -6.795825e-02, -8.452163e+00, -6.796087e-02
3, 3, 6.884000e-01, 4.900000e-01, 0.000000e+00, 4.900000e-01, -7.148067e-01, -1.067743e+00, -7.148084e-01, 2.084109e+01, -4.290634e-02, 2.084109e+01, -1.342728e-02, -7.783668e+00, -1.342439e-02
3, 3, 6.782765e-01, 4.900000e-01, 0.000000e+00, 4.900000e-01, -9.056304e-01, -9.941925e-01, -9.056337e-01, 2.024235e+01, -3.084452e-03, 2.024234e+01, 1.338743e-02, -7.254575e+00, 1.338922e-02
3, 3, 6.681530e-01, 4.900000e-01, 0.000000e+00, 4.900000e-01, -1.016046e+00, -9.148255e-01, -1.016046e+00, 1.974949e+01, -2.998259e-03, 1.974948e+01, 4.212521e-02, -6.845203e+00, 4.211963e-02
3, 3, 6.580295e-01, 4.900000e-01, 0.000000e+00, 4.900000e-01, -1.101660e+00, -8.394424e-01, -1.101660e+00, 1.949906e+01, -3.735691e-02, 1.949907e+01, 6.303503e-02, -6.387630e+00, 6.303865e-02
3, 3, 6.479059e-01, 4.900000e-01, 0.000000e+00, 4.900000e-01, -1.137158e+00, -7.684721e-01, -1.137159e+00, 1.924855e+01, 1.389672e-02, 1.924855e+01, -5.049441e-02, -5.915970e+00, -5.049351e-02
3, 3, 6.377824e-01, 4.900000e-01, 0.000000e+00, 4.900000e-01, -1.120757e+00, -6.836489e-01, -1.120755e+00, 1.877076e+01, 1.379723e-01, 1.877074e+01, -2.482619e-01, -5.515284e+00, -2.482679e-01
3, 3, 6.276589e-01, 4.900000e-01, 0.000000e+00, 4.900000e-01, -1.182652e+00, -5.276806e-01, -1.182652e+00, 1.834161e+01, 1.182855e-01, 1.834160e+01, -1.251104e-01, -5.044574e+00, -1.251090e-01
3, 3, 6.175353e-01, 4.900000e-01, 0.000000e+00, 4.900000e-01, -1.373863e+00, -3.260063e-01, -1.373865e+00, 1.829990e+01, -1.145988e-01, 1.829991e+01, 3.616415e-01, -4.371705e+00, 3.616438e-01
3, 3, 6.074118e-01, 4.900000e-01, 0.000000e+00, 4.900000e-01, -1.497520e+00, -2.401259e-01, -1.497517e+00, 1.829584e+01, -2.802733e-01, 1.829584e+01, 4.554598e-01, -3.703028e+00, 4.554548e-01
3, 3, 5.972883e-01, 4.900000e-01, 0.000000e+00, 4.900000e-01, -1.461835e+00, -2.094305e-01, -1.461833e+00, 1.796903e+01, -1.052771e-01, 1.796902e+01, -1.995698e-01, -3.206939e+00, -1.995694e-01
3, 3, 5.871647e-01, 4.900000e-01, 0.000000e+00, 4.900000e-01, -1.549698e+00, 1.262197e-01, -1.549699e+00, 1.792750e+01, 2.458821e-01, 1.792750e+01, -5.971266e-01, -2.561415e+00, -5.971219e-01
3, 3, 5.770412e-01, 4.900000e-01, 0.000000e+00, 4.900000e-01, -1.878705e+00, 5.629170e-01, -1.878704e+00, 1.851545e+01, 2.616747e-01, 1.851545e+01, -3.578338e-02, -1.542784e+00, -3.578626e-02
3, 3, 5.669177e-01, 4.900000e-01, 0.000000e+00, 4.900000e-01, -1.971329e+00, 1.042876e-01, -1.971326e+00, 1.847650e+01, -9.491347e-02, 1.847650e+01, 4.458718e-01, -7.347823e-01, 4.458691e-01
3, 3, 5.567942e-01, 4.900000e-01, 0.000000e+00, 4.900000e-01, -1.547433e+00, -1.410338e+00, -1.547434e+00, 1.675668e+01, -2.139994e-01, 1.675669e+01, 8.593501e-02, -6.402572e-01, 8.593515e-02
3, 3, 5.466706e-01, 4.900000e-01, 0.000000e+00, 4.900000e-01, -1.094069e+00, -2.586980e+00, -1.094071e+00, 1.444264e+01, 3.015758e-02, 1.444264e+01, -2.525484e-01, -7.424074e-01, -2.525474e-01
3, 3, 5.365471e-01, 4.900000e-01, 0.000000e+00, 4.900000e-01, -9.943772e-01, -2.609083e+00, -9.943773e-01, 1.279967e+01, 1.376538e-01, 1.279967e+01, -5.094340e-02, -4.712969e-01, -5.094333e-02
3, 3, 5.264236e-01, 4.900000e-01, 0.000000e+00, 4.900000e-01, -9.813837e-01, -2.314068e+00, -9.813828e-01, 1.146356e+01, -4.067678e-03, 1.146356e+01, 1.002176e-01, -9.581448e-02, 1.002160e-01
3, 3, 5.163000e-01, 4.900000e-01, 0.000000e+00, 4.900000e-01, -8.457795e-01, -2.355632e+00, -8.457796e-01, 9.899683e+00, -1.288262e-01, 9.899680e+00, 7.237323e-02, 8.799590e-02, 7.237309e-02
3, 3, 5.061765e-01, 4.900000e-01, 0.000000e+00, 4.900000e-01, -7.114038e-01, -2.413067e+00, -7.114043e-01, 8.443574e+00, -7.457940e-02, 8.443572e+00, 1.365557e-01, 2.314464e-01, 1.365547e-01
3, 3, 4.960530e-01, 4.900000e-01, 0.000000e+00, 4.900000e-01, -5.664613e-01, -2.365829e+00, -5.664616e-01, 7.113312e+00, 9.104744e-02, 7.113312e+00, -4.458904e-03, 3.409766e-01, -4.459170e-03
3, 3, 4.859294e-01, 4.900000e-01, 0.000000e+00, 4.900000e-01, -3.401583e-01, -2.429435e+00, -3.401586e-01, 5.495724e+00, 4.109000e-02, 5.495724e+00, -4.032577e-01, 3.016194e-01, -4.032573e-01
3, 3, 4.758059e-01, 4.900000e-01, 0.000000e+00, 4.900000e-01, -2.123529e-01, -2.482166e+00, -2.123531e-01, 4.115045e+00, 4.827630e-02, 4.115045e+00, -2.223529e-01, 2.837659e-01, -2.223531e-01
3, 3, 4.656824e-01, 4.900000e-01, 0.000000e+00, 4.900000e-01, -2.028924e-01, -2.440618e+00, -2.028925e-01, 3.245387e+00, 1.997961e-01, 3.245387e+00, 5.010373e-01, 3.524210e-01, 5.010376e-01
3, 3, 4.555589e-01, 4.900000e-01, 0.000000e+00, 4.900000e-01, 5.183613e-02, -2.675548e+00, 5.183639e-02, 1.706481e+00, -2.470890e-01, 1.706482e+00, 3.273050e-01, 1.550262e-01, 3.273045e-01
3, 3, 4.454353e-01, 4.900000e-01, 0.000000e+00, 4.900000e-01, 4.156835e-01, -2.809479e+00, 4.156835e-01, -2.348976e-02, -3.059323e-01, -2.349028e-02, -4.122025e-01, -2.549688e-01, -4.122023e-01
3, 3, 4.353118e-01, 4.900000e-01, 0.000000e+00, 4.900000e-01, 2.941693e-01, -1.630727e+00, 2.941693e-01, -2.746769e-01, 3.597972e-01, -2.746765e-01, -1.452542e-01, -2.600847e-01, -1.452541e-01
3, 3, 4.251883e-01, 4.900000e-01, 0.000000e+00, 4.900000e-01, -2.716157e-02, -2.974579e-02, -2.716152e-02, 2.666197e-02, 5.853752e-02, 2.666204e-02, 2.204893e-01, 1.406880e-02, 2.204890e-01
3, 3, 4.150647e-01, 4.900000e-01, 0.000000e+00, 4.900000e-01, -2.188531e-02, 1.646655e-01, -2.188531e-02, -3.278436e-02, -2.013247e-01, -3.278434e-02, -4.875591e-02, 2.623180e-02, -4.875581e-02
3, 3, 4.049412e-01, 4.900000e-01, 0.000000e+00, 4.900000e-01, 2.387840e-02, -1.084675e-01, 2.387839e-02, 7.901247e-03, 1.159349e-01, 7.901219e-03, -2.796415e-02, -2.384190e-02, -2.796418e-02
3, 3, 3.948177e-01, 4.900000e-01, 0.000000e+00, 4.900000e-01, -1.171880e-02, 3.193862e-02, -1.171879e-02, 4.406161e-03, -2.826981e-02, 4.406140e-03, 3.753761e-02, 1.057705e-02, 3.753760e-02
3, 3, 3.846941e-01, 4.900000e-01, 0.000000e+00, 4.900000e-01, 2.668747e-03, 6.388652e-03, 2.668746e-03, -7.449822e-03, -1.299219e-02, -7.449826e-03, -2.372444e-02, -1.739510e-03, -2.372443e-02
3, 3, 3.745706e-01, 4.900000e-01, 0.000000e+00, 4.900000e-01, 7.829222e-04, -1.386987e-02, 7.829230e-04, 6.490867e-03, 2.100227e-02, 6.490859e-03, 1.052891e-02, -1.326999e-03, 1.052891e-02
3, 3, 3.644471e-01, 4.900000e-01, 0.000000e+00, 4.900000e-01, -1.295463e-03, 1.029902e-02, -1.295464e-03, -4.453570e-03, -1.632808e-02, -4.453571e-03, -3.383565e-03, 1.579283e-03, -3.383561e-03
3, 3, 3.543236e-01, 4.900000e-01, 0.000000e+00, 4.900000e-01, 9.437733e-04, -5.804675e-03, 9.437733e-04, 2.694228e-03, 1.009469e-02, 2.694228e-03, 5.870079e-04, -1.087596e-03, 5.870073e-04
3, 3, 3.442000e-01, 4.900000e-01, 0.000000e+00, 4.900000e-01, -5.459344e-04, 2.894088e-03, -5.459344e-04, -1.532649e-03, -5.633528e-03, -1.532649e-03, 1.696145e-04, 6.205289e-04, 1.696155e-04
3, 3, 3.340765e-01, 4.900000e-01, 0.000000e+00, 4.900000e-01, 2.844250e-04, -1.386233e-03, 2.844250e-04, 8.528078e-04, 3.017287e-03, 8.528074e-04, -2.194551e-04, -3.249926e-04, -2.194552e-04
3, 3, 3.239530e-01, 4.900000e-01, 0.000000e+00, 4.900000e-01, -1.402073e-04, 6.748918e-04, -1.402073e-04, -4.703868e-04, -1.593678e-03, -4.703867e-04, 1.139209e-04, 1.632105e-04, 1.139209e-04
3, 3, 3.138294e-01, 4.900000e-01, 0.000000e+00, 4.900000e-01, 6.606062e-05, -3.411348e-04, 6.606064e-05, 2.518292e-04, 8.230875e-04, 2.518292e-04, -2.323627e-05, -7.924643e-05, -2.323631e-05
3, 3, 3.037059e-01, 4.900000e-01, 0.000000e+00, 4.900000e-01, -2.890777e-05, 1.740702e-04, -2.890777e-05, -1.228839e-04, -3.949954e-04, -1.228838e-04, -2.295209e-05, 3.616586e-05, -2.295208e-05
3, 3, 2.935824e-01, 4.900000e-01, 0.000000e+00, 4.900000e-01, 1.074437e-05, -8.309514e-05, 1.074437e-05, 4.763154e-05, 1.566524e-04, 4.763154e-05, 3.432157e-05, -1.428862e-05, 3.432154e-05
3, 3, 2.834588e-01, 4.900000e-01, 0.000000e+00, 4.900000e-01, -2.546733e-06, 3.244149e-05, -2.546733e-06, -8.642802e-06, -3.536564e-05, -8.642801e-06, -2.672613e-05, 3.853113e-06, -2.672613e-05
3, 3, 2.733353e-01, 4.900000e-01, 0.000000e+00, 4.900000e-01, -3.656191e-07, -7.200611e-06, -3.656190e-07, -5.473118e-06, -1.056084e-05, -5.473120e-06, 1.358068e-05, 2.033412e-07, 1.358068e-05
3, 3, 2.632118e-01, 4.900000e-01, 0.000000e+00, 4.900000e-01, 7.514731e-07, -1.659109e-06, 7.514730e-07, 5.602101e-06, 1.468465e-05, 5.602103e-06, -3.515397e-06, -9.550826e-07, -3.515397e-06
3, 3, 2.530883e-01, 4.900000e-01, 0.000000e+00, 4.900000e-01, -3.468281e-07, 2.135314e-06, -3.468282e-07, -1.762744e-06, -5.529635e-06, -1.762744e-06, -6.220092e-07, 4.997507e-07, -6.220088e-07
3, 3, 2.429647e-01, 4.900000e-01, 0.000000e+00, 4.900000e-01, 3.226542e-08, -5.844861e-07, 3.226539e-08, -3.090549e-07, -3.232047e-07, -3.090550e-07, 7.614240e-07, -5.908393e-08, 7.614238e-07
3, 3, 2.328412e-01, 4.900000e-01, 0.000000e+00, 4.900000e-01, 3.187992e-08, -1.138642e-07, 3.187990e-08, 2.969850e-07, 7.687833e-07, 2.969850e-07, -8.723100e-08, -4.695907e-08, -8.723102e-08
3, 3, 2.227177e-01, 4.900000e-01, 0.000000e+00, 4.900000e-01, -6.881306e-09, 6.716973e-08, -6.881308e-09, 1.847127e-08, -1.478940e-08, 1.847127e-08, -6.876652e-08, 1.143772e-08, -6.876650e-08
3, 3, 2.125941e-01, 4.900000e-01, 0.000000e+00, 4.900000e-01, -2.318387e-09, 9.798152e-09, -2.318387e-09, -2.416958e-08, -6.273230e-08, -2.416958e-08, 4.106365e-09, 3.668090e-09, 4.106367e-09
3, 3, 2.024706e-01, 4.900000e-01, 0.000000e+00, 4.900000e-01, 1.776568e-10, -2.674293e-09, 1.776568e-10, -5.189517e-09, -8.642762e-09, -5.189517e-09, 4.605356e-09, -3.296184e-10, 4.605357e-09
3, 3, 1.923471e-01, 4.900000e-01, 0.000000e+00, 4.900000e-01, 1.278194e-10, -9.145333e-10, 1.278195e-10, -7.531102e-12, 9.706733e-10, -7.531644e-12, 7.313941e-10, -2.180414e-10, 7.313937e-10
3, 3, 1.822235e-01, 4.900000e-01, 0.000000e+00, 4.900000e-01, 2.161909e-11, -1.296631e-10, 2.161908e-11, 1.783850e-10, 5.220112e-10, 1.783850e-10, 2.911071e-11, -3.572699e-11, 2.911071e-11
3, 3, 1.721000e-01, 4.900000e-01, 0.000000e+00, 4.900000e-01, 2.324417e-12, -1.315167e-11, 2.324418e-12, 4.636019e-11, 1.106507e-10, 4.636019e-11, -7.545359e-12, -3.489327e-12, -7.545362e-12
3, 3, 1.619765e-01, 4.900000e-01, 0.000000e+00, 4.900000e-01, 2.593390e-13, -1.656131e-12, 2.593392e-13, 8.025797e-12, 1.809254e-11, 8.025797e-12, -1.657136e-12, -3.280737e-13, -1.657136e-12
3, 3, 1.518530e-01, 4.900000e-01, 0.000000e+00, 4.900000e-01, 4.683533e-14, -3.472390e-13, 4.683532e-14, 1.021025e-12, 2.423196e-12, 1.021025e-12, -1.038249e-13, -5.988498e-14, -1.038248e-13
3, 3, 1.417294e-01, 4.900000e-01, 0.000000e+00, 4.900000e-01, 9.779136e-15, -7.204490e-14, 9.779137e-15, 5.148200e-14, 1.853534e-13, 5.148200e-14, 3.143744e-14, -1.425551e-14, 3.143743e-14
3, 3, 1.316059e-01, 4.900000e-01, 0.000000e+00, 4.900000e-01, 1.392218e-15, -9.047085e-15, 1.392218e-15, -1.454488e-14, -1.658606e-14, -1.454487e-14, 1.010513e-14, -2.300914e-15, 1.010513e-14
3, 3, 1.214824e-01, 4.900000e-01, 0.000000e+00, 4.900000e-01, 4.693547e-17, -7.358638e-17, 4.693546e-17, -3.067354e-15, -5.523027e-15, -3.067353e-15, 8.889703e-16, -1.175141e-16, 8.889700e-16
3, 3, 1.113588e-01, 4.900000e-01, 0.000000e+00, 4.900000e-01, -1.390029e-17, 1.010182e-16, -1.390029e-17, 3.373002e-17, -4.729854e-17, 3.373000e-17, -6.844377e-17, 1.860693e-17, -6.844381e-17
3, 3, 1.012353e-01, 4.900000e-01, 0.000000e+00, 4.900000e-01, -2.370400e-19, -1.361019e-18, -2.370410e-19, 2.676623e-17, 4.793521e-17, 2.676624e-17, -5.087509e-18, 6.141660e-19, -5.087508e-18
3, 3, 9.111177e-02, 4.900000e-01, 0.000000e+00, 4.900000e-01, 7.955092e-20, -3.891757e-19, 7.955092e-20, -2.091705e-18, -3.258436e-18, -2.091706e-18, 6.319923e-19, -1.131878e-19, 6.319924e-19
3, 3, 8.098824e-02, 4.900000e-01, 0.000000e+00, 4.900000e-01, -5.195048e-21, 3.153164e-20, -5.195050e-21, 1.015099e-19, 1.494820e-19, 1.015098e-19, -3.572648e-20, 6.672181e-21, -3.572647e-20
3, 3, 7.086471e-02, 4.900000e-01, 0.000000e+00, 4.900000e-01, 2.017498e-22, -1.149652e-21, 2.017499e-22, -5.079587e-21, -7.935964e-21, -5.079588e-21, 1.426562e-21, -2.489415e-22, 1.426562e-21
3, 3, 6.074118e-02, 4.900000e-01, 0.000000e+00, 4.900000e-01, -2.274779e-24, -3.422635e-25, -2.274781e-24, 1.456520e-22, 2.501995e-22, 1.456520e-22, -2.080752e-23, 2.998597e-24, -2.080753e-23
3, 3, 5.061765e-02, 4.900000e-01, 0.000000e+00, 4.900000e-01, -7.618755e-26, 5.755550e-25, -7.618755e-26, 1.540270e-24, 2.383113e-24, 1.540271e-24, -5.102976e-25, 8.652159e-26, -5.102974e-25
3, 3, 4.049412e-02, 4.900000e-01, 0.000000e+00, 4.900000e-01, -3.788347e-28, 3.427461e-27, -3.788343e-28, 6.340128e-27, 9.440889e-27, 6.340124e-27, -2.142582e-27, 3.098079e-28, -2.142581e-27
3, 3, 3.037059e-02, 4.900000e-01, 0.000000e+00, 4.900000e-01, -8.245760e-31, 3.901470e-30, -8.245753e-31, 2.510055e-29, 4.173171e-29, 2.510055e-29, -5.378798e-30, 9.476429e-31, -5.378797e-30
3, 3, 2.024706e-02, 4.900000e-01, 0.000000e+00, 4.900000e-01, 5.672105e-35, -3.016516e-34, 5.672103e-35, -1.624697e-33, -2.875765e-33, -1.624697e-33, 3.670001e-34, -7.679008e-35, 3.669999e-34
3, 3, 1.012353e-02, 4.900000e-01, 0.000000e+00, 4.900000e-01, 3.503246e-44, -5.947111e-42, 3.503246e-44, -2.043093e-41, -4.322585e-41, -2.043093e-41, -4.091792e-43, 2.434055e-42, -4.091792e-43
3, 3, 0.000000e+00, 4.900000e-01, 0.000000e+00, 4.900000e-01, 0.000000e+00, 0.000000e+00, 0.000000e+00, 0.000000e+00, 0.000000e+00, 0.000000e+00, 0.000000e+00, 0.000000e+00, 0.000000e+00
4, 4, 3.026935e+00, 3.919000e+00, 0.000000e+00, 3.919000e+00, 3.742547e-01, -5.395550e-02, 3.742597e-01, -6.348485e+00, -1.418977e-01, -6.348515e+00, 8.560628e-02, -1.366523e+00, 8.561865e-02
4, 4, 3.016812e+00, 3.919000e+00, 0.000000e+00, 3.919000e+00, 5.072458e-02, 5.076899e-02, 5.073943e-02, -4.287808e+00, -5.616954e-02, -4.287881e+00, 3.596616e-02, -3.308916e-01, 3.596956e-02
4, 4, 3.006688e+00, 3.919000e+00, 0.000000e+00, 3.919000e+00, -3.643199e-01, 1.675382e-01, -3.643121e-01, -1.742289e+00, 8.507188e-02, -1.742328e+00, -4.768609e-02, 1.071730e+00, -4.769229e-02
4, 4, 2.996565e+00, 3.919000e+00, 0.000000e+00, 3.919000e+00, -7.085941e-01, 2.374160e-01, -7.086011e-01, 1.300218e-01, 1.558750e-01, 1.300556e-01, -9.279425e-02, 2.452965e+00, -9.280481e-02
4, 4, 2.986441e+00, 3.919000e+00, 0.000000e+00, 3.919000e+00, -8.294401e-01, 1.962538e-01, -8.294534e-01, 4.531898e-01, 8.003682e-02, 4.532522e-01, -5.165748e-02, 3.326728e+00, -5.165711e-02
4, 4, 2.976318e+00, 3.919000e+00, 0.000000e+00, 3.919000e+00, -6.969714e-01, 3.120147e-02, -6.969779e-01, -6.638786e-01, -8.064814e-02, -6.638454e-01, 4.023420e-02, 3.447196e+00, 4.024426e-02
4, 4, 2.966194e+00, 3.919000e+00, 0.000000e+00, 3.919000e+00, -4.276353e-01, -1.961114e-01, -4.276307e-01, -2.233298e+00, -1.672307e-01, -2.233310e+00, 8.830483e-02, 3.009063e+00, 8.831160e-02
4, 4, 2.956071e+00, 3.919000e+00, 0.000000e+00, 3.919000e+00, -1.944692e-01, -3.848738e-01, -1.944653e-01, -3.233675e+00, -7.810083e-02, -3.233688e+00, 3.940167e-02, 2.486922e+00, 3.939639e-02
4, 4, 2.945947e+00, 3.919000e+00, 0.000000e+00, 3.919000e+00, -9.805360e-02, -4.720202e-01, -9.806138e-02, -3.392941e+00, 1.139708e-01, -3.392910e+00, -5.654984e-02, 2.231068e+00, -5.655995e-02
4, 4, 2.935824e+00, 3.919000e+00, 0.000000e+00, 3.919000e+00, -1.269574e-01, -4.809124e-01, -1.269739e-01, -3.087881e+00, 2.113393e-01, -3.087819e+00, -9.270997e-02, 2.271999e+00, -9.270910e-02
4, 4, 2.925700e+00, 3.919000e+00, 0.000000e+00, 3.919000e+00, -2.393396e-01, -4.888125e-01, -2.393487e-01, -2.497428e+00, 9.531289e-02, -2.497396e+00, -2.467033e-02, 2.551305e+00, -2.465898e-02
4, 4, 2.915577e+00, 3.919000e+00, 0.000000e+00, 3.919000e+00, -4.502512e-01, -5.287583e-01, -4.502430e-01, -1.088053e+00, -1.309371e-01, -1.088092e+00, 7.253309e-02, 3.209377e+00, 7.253492e-02
4, 4, 2.905453e+00, 3.919000e+00, 0.000000e+00, 3.919000e+00, -7.976264e-01, -5.118195e-01, -7.976117e-01, 1.744866e+00, -2.475507e-01, 1.744807e+00, 9.480939e-02, 4.420032e+00, 9.479795e-02
4, 4, 2.895330e+00, 3.919000e+00, 0.000000e+00, 3.919000e+00, -1.198262e+00, -2.801292e-01, -1.198256e+00, 5.340791e+00, -1.445894e-01, 5.340772e+00, 2.598793e-02, 5.828417e+00, 2.598088e-02
4, 4, 2.885206e+00, 3.919000e+00, 0.000000e+00, 3.919000e+00, -1.374231e+00, 2.195146e-01, -1.374233e+00, 7.300440e+00, 8.122234e-02, 7.300446e+00, -6.016925e-02, 6.320997e+00, -6.015592e-02
4, 4, 2.875083e+00, 3.919000e+00, 0.000000e+00, 3.919000e+00, -1.017122e+00, 8.209478e-01, -1.017123e+00, 4.974563e+00, 2.265432e-01, 4.974562e+00, -8.315793e-02, 4.716373e+00, -8.314582e-02
4, 4, 2.864959e+00, 3.919000e+00, 0.000000e+00, 3.919000e+00, -8.959543e-02, 1.221642e+00, -8.959358e-02, -2.053974e+00, 1.706066e-01, -2.053971e+00, -2.847690e-02, 9.282367e-01, -2.848619e-02
4, 4, 2.854835e+00, 3.919000e+00, 0.000000e+00, 3.919000e+00, 1.045691e+00, 1.200231e+00, 1.045683e+00, -1.092479e+01, -1.602246e-02, -1.092476e+01, 4.342337e-02, -3.580240e+00, 4.340700e-02
4, 4, 2.844712e+00, 3.919000e+00, 0.000000e+00, 3.919000e+00, 1.840428e+00, 7.852169e-01, 1.840416e+00, -1.722489e+01, -1.525257e-01, -1.722485e+01, 6.007247e-02, -6.670319e+00, 6.007076e-02
4, 4, 2.834588e+00, 3.919000e+00, 0.000000e+00, 3.919000e+00, 1.952101e+00, 2.348729e-01, 1.952102e+00, -1.816895e+01, -1.325244e-01, -1.816895e+01, 1.313177e-02, -7.056953e+00, 1.314787e-02
4, 4, 2.824465e+00, 3.919000e+00, 0.000000e+00, 3.919000e+00, 1.475661e+00, -1.603684e-01, 1.475680e+00, -1.448655e+01, -8.029419e-03, -1.448663e+01, -3.979020e-02, -5.173546e+00, -3.978108e-02
4, 4, 2.814341e+00, 3.919000e+00, 0.000000e+00, 3.919000e+00, 8.248113e-01, -2.821317e-01, 8.248278e-01, -9.454255e+00, 8.874162e-02, -9.454323e+00, -4.365455e-02, -2.662135e+00, -4.366212e-02
4, 4, 2.804218e+00, 3.919000e+00, 0.000000e+00, 3.919000e+00, 3.889861e-01, -2.200328e-01, 3.889792e-01, -6.131693e+00, 7.358049e-02, -6.131666e+00, 1.502359e-03, -1.025028e+00, 1.491766e-03
4, 4, 2.794094e+00, 3.919000e+00, 0.000000e+00, 3.919000e+00, 2.793892e-01, -1.405761e-01, 2.793693e-01, -5.346334e+00, -1.871644e-02, -5.346256e+00, 4.807406e-02, -6.587168e-01, 4.807389e-02
4, 4, 2.783971e+00, 3.919000e+00, 0.000000e+00, 3.919000e+00, 3.529665e-01, -1.387660e-01, 3.529570e-01, -5.916353e+00, -7.478817e-02, -5.916326e+00, 4.695699e-02, -9.749390e-01, 4.696509e-02
4, 4, 2.773847e+00, 3.919000e+00, 0.000000e+00, 3.919000e+00, 4.186770e-01, -1.965001e-01, 4.186876e-01, -6.329216e+00, -3.462077e-02, -6.329270e+00, -2.401306e-03, -1.221442e+00, -2.399436e-03
4, 4, 2.763724e+00, 3.919000e+00, 0.000000e+00, 3.919000e+00, 4.050261e-01, -2.537922e-01, 4.050404e-01, -6.070415e+00, 4.460934e-02, -6.070487e+00, -5.057699e-02, -1.130199e+00, -5.057814e-02
4, 4, 2.753600e+00, 3.919000e+00, 0.000000e+00, 3.919000e+00, 3.690449e-01, -2.968977e-01, 3.690467e-01, -5.631596e+00, 7.806312e-02, -5.631610e+00, -5.490092e-02, -9.310980e-01, -5.490112e-02
4, 4, 2.743477e+00, 3.919000e+00, 0.000000e+00, 3.919000e+00, 3.848471e-01, -3.567568e-01, 3.848377e-01, -5.597958e+00, 4.248537e-02, -5.597921e+00, -1.724074e-02, -9.199244e-01, -1.724127e-02
4, 4, 2.733353e+00, 3.919000e+00, 0.000000e+00, 3.919000e+00, 4.444206e-01, -4.357835e-01, 4.444094e-01, -5.916807e+00, -3.058284e-02, -5.916765e+00, 3.274498e-02, -1.095087e+00, 3.274054e-02
4, 4, 2.723230e+00, 3.919000e+00, 0.000000e+00, 3.919000e+00, 4.698872e-01, -4.787297e-01, 4.698782e-01, -6.032411e+00, -8.134965e-02, -6.032385e+00, 5.907840e-02, -1.194621e+00, 5.907776e-02
4, 4, 2.713106e+00, 3.919000e+00, 0.000000e+00, 3.919000e+00, 3.965368e-01, -4.234067e-01, 3.965289e-01, -5.512138e+00, -6.363713e-02, -5.512121e+00, 3.954923e-02, -9.811208e-01, 3.955853e-02
4, 4, 2.702983e+00, 3.919000e+00, 0.000000e+00, 3.919000e+00, 2.256443e-01, -2.639861e-01, 2.256400e-01, -4.400653e+00, 4.356797e-03, -4.400643e+00, -9.189014e-03, -4.332619e-01, -9.185676e-03
4, 4, 2.692859e+00, 3.919000e+00, 0.000000e+00, 3.919000e+00, 2.283250e-02, -7.256339e-02, 2.282905e-02, -3.131272e+00, 6.208099e-02, -3.131267e+00, -4.764985e-02, 2.519737e-01, -4.765659e-02
4, 4, 2.682735e+00, 3.919000e+00, 0.000000e+00, 3.919000e+00, -1.247729e-01, 4.376526e-02, -1.247797e-01, -2.207642e+00, 6.436700e-02, -2.207628e+00, -4.576629e-02, 7.954620e-01, -4.577327e-02
4, 4, 2.672612e+00, 3.919000e+00, 0.000000e+00, 3.919000e+00, -1.668980e-01, 2.235447e-02, -1.669022e-01, -1.878830e+00, 1.334499e-02, -1.878829e+00, -5.509187e-03, 1.022008e+00, -5.506431e-03
4, 4, 2.662488e+00, 3.919000e+00, 0.000000e+00, 3.919000e+00, -1.174028e-01, -1.142477e-01, -1.173955e-01, -2.029879e+00, -4.023131e-02, -2.029925e+00, 3.346896e-02, 9.582816e-01, 3.347671e-02
4, 4, 2.652365e+00, 3.919000e+00, 0.000000e+00, 3.919000e+00, -3.928959e-02, -2.785873e-01, -3.927112e-02, -2.309096e+00, -4.589660e-02, -2.309184e+00, 3.335286e-02, 7.937750e-01, 3.335333e-02
4, 4, 2.642241e+00, 3.919000e+00, 0.000000e+00, 3.919000e+00, -3.010958e-03, -3.762789e-01, -2.996356e-03, -2.361351e+00, -1.019615e-02, -2.361424e+00, 3.904501e-03, 7.429591e-01, 3.900479e-03
4, 4, 2.632118e+00, 3.919000e+00, 0.000000e+00, 3.919000e+00, -3.899492e-02, -3.714404e-01, -3.899458e-02, -2.044318e+00, 2.101278e-02, -2.044328e+00, -1.779093e-02, 8.943648e-01, -1.779191e-02
4, 4, 2.621994e+00, 3.919000e+00, 0.000000e+00, 3.919000e+00, -1.232415e-01, -3.083060e-01, -1.232499e-01, -1.480657e+00, 2.398521e-02, -1.480623e+00, -1.726830e-02, 1.175967e+00, -1.726517e-02
4, 4, 2.611871e+00, 3.919000e+00, 0.000000e+00, 3.919000e+00, -2.152714e-01, -2.582499e-01, -2.152805e-01, -8.730181e-01, 8.862494e-03, -8.729894e-01, -4.209901e-03, 1.473173e+00, -4.207762e-03
4, 4, 2.601747e+00, 3.919000e+00, 0.000000e+00, 3.919000e+00, -3.005177e-01, -2.538728e-01, -3.005216e-01, -2.912625e-01, -9.086713e-03, -2.912547e-01, 9.043781e-03, 1.749753e+00, 9.038324e-03
4, 4, 2.591624e+00, 3.919000e+00, 0.000000e+00, 3.919000e+00, -3.901804e-01, -2.799890e-01, -3.901819e-01, 3.301487e-01, -1.659746e-02, 3.301472e-01, 1.145974e-02, 2.040746e+00, 1.145721e-02
4, 4, 2.581500e+00, 3.919000e+00, 0.000000e+00, 3.919000e+00, -4.965934e-01, -3.030735e-01, -4.965920e-01, 1.056334e+00, -2.170865e-03, 1.056321e+00, -1.001328e-03, 2.374536e+00, -9.984323e-04
4, 4, 2.571377e+00, 3.919000e+00, 0.000000e+00, 3.919000e+00, -6.223860e-01, -2.952287e-01, -6.223815e-01, 1.888864e+00, 1.635765e-02, 1.888834e+00, -1.119888e-02, 2.748467e+00, -1.119021e-02
4, 4, 2.561253e+00, 3.919000e+00, 0.000000e+00, 3.919000e+00, -7.613224e-01, -2.515852e-01, -7.613178e-01, 2.787351e+00, 7.121692e-04, 2.787320e+00, 6.434795e-04, 3.148928e+00, 6.445092e-04
4, 4, 2.551130e+00, 3.919000e+00, 0.000000e+00, 3.919000e+00, -8.983358e-01, -1.971415e-01, -8.983355e-01, 3.688912e+00, -3.293989e-02, 3.688907e+00, 1.883528e-02, 3.551616e+00, 1.882453e-02
4, 4, 2.541006e+00, 3.919000e+00, 0.000000e+00, 3.919000e+00, -1.020561e+00, -1.588906e-01, -1.020568e+00, 4.544287e+00, -2.061212e-02, 4.544315e+00, 9.895680e-03, 3.931563e+00, 9.887750e-03
4, 4, 2.530883e+00, 3.919000e+00, 0.000000e+00, 3.919000e+00, -1.130506e+00, -1.289505e-01, -1.130509e+00, 5.349796e+00, 3.495136e-02, 5.349809e+00, -1.984910e-02, 4.284406e+00, -1.984139e-02
4, 4, 2.520759e+00, 3.919000e+00, 0.000000e+00, 3.919000e+00, -1.229948e+00, -8.161175e-02, -1.229936e+00, 6.064884e+00, 6.461771e-02, 6.064835e+00, -3.418827e-02, 4.591179e+00, -3.417775e-02
4, 4, 2.510635e+00, 3.919000e+00, 0.000000e+00, 3.919000e+00, -1.309515e+00, -1.581235e-02, -1.309494e+00, 6.599821e+00, 3.445008e-02, 6.599721e+00, -1.764090e-02, 4.814650e+00, -1.763999e-02
4, 4, 2.500512e+00, 3.919000e+00, 0.000000e+00, 3.919000e+00, -1.386809e+00, 5.063957e-02, -1.386795e+00, 7.080075e+00, -3.839259e-02, 7.080001e+00, 2.229491e-02, 5.020833e+00, 2.228419e-02
4, 4, 2.490388e+00, 3.919000e+00, 0.000000e+00, 3.919000e+00, -1.518075e+00, 1.006065e-01, -1.518077e+00, 7.926119e+00, -9.691271e-02, 7.926117e+00, 5.675867e-02, 5.404051e+00, 5.675263e-02
4, 4, 2.480265e+00, 3.919000e+00, 0.000000e+00, 3.919000e+00, -1.729581e+00, 1.177887e-01, -1.729591e+00, 9.373251e+00, -6.949040e-02, 9.373285e+00, 3.920803e-02, 6.059373e+00, 3.921835e-02
4, 4, 2.470141e+00, 3.919000e+00, 0.000000e+00, 3.919000e+00, -1.956090e+00, 1.075802e-01, -1.956096e+00, 1.095977e+01, 2.810900e-02, 1.095979e+01, -2.393129e-02, 6.758163e+00, -2.391735e-02
4, 4, 2.460018e+00, 3.919000e+00, 0.000000e+00, 3.919000e+00, -2.050826e+00, 1.049664e-01, -2.050826e+00, 1.158149e+01, 9.280924e-02, 1.158150e+01, -6.167741e-02, 6.974357e+00, -6.168179e-02
4, 4, 2.449894e+00, 3.919000e+00, 0.000000e+00, 3.919000e+00, -1.861640e+00, 1.288477e-01, -1.861646e+00, 1.015643e+01, 7.342940e-02, 1.015645e+01, -4.195948e-02, 6.189783e+00, -4.197300e-02
4, 4, 2.439771e+00, 3.919000e+00, 0.000000e+00, 3.919000e+00, -1.364026e+00, 1.688822e-01, -1.364038e+00, 6.576358e+00, 5.703249e-03, 6.576389e+00, 5.103215e-03, 4.363995e+00, 5.099201e-03
4, 4, 2.429647e+00, 3.919000e+00, 0.000000e+00, 3.919000e+00, -7.321380e-01, 2.236735e-01, -7.321364e-01, 2.112064e+00, -5.383651e-02, 2.112041e+00, 4.309484e-02, 2.132463e+00, 4.310015e-02
4, 4, 2.419524e+00, 3.919000e+00, 0.000000e+00, 3.919000e+00, -2.285886e-01, 3.003889e-01, -2.285658e-01, -1.378789e+00, -6.100835e-02, -1.378892e+00, 4.325579e-02, 4.080745e-01, 4.326337e-02
4, 4, 2.409400e+00, 3.919000e+00, 0.000000e+00, 3.919000e+00, -1.971806e-02, 3.963441e-01, -1.968776e-02, -2.758575e+00, -1.839756e-02, -2.758697e+00, 6.512704e-03, -2.528728e-01, 6.515474e-03
4, 4, 2.399277e+00, 3.919000e+00, 0.000000e+00, 3.919000e+00, -8.435417e-02, 5.021769e-01, -8.433740e-02, -2.249235e+00, 2.461893e-02, -2.249302e+00, -2.778446e-02, 3.674968e-02, -2.778787e-02
4, 4, 2.389153e+00, 3.919000e+00, 0.000000e+00, 3.919000e+00, -2.622939e-01, 5.953713e-01, -2.622983e-01, -1.018666e+00, 3.267634e-02, -1.018651e+00, -2.912079e-02, 6.907062e-01, -2.912489e-02
4, 4, 2.379030e+00, 3.919000e+00, 0.000000e+00, 3.919000e+00, -3.934916e-01, 6.427432e-01, -3.935079e-01, -1.648936e-01, 9.004039e-03, -1.648348e-01, -3.154180e-03, 1.155436e+00, -3.156058e-03
4, 4, 2.368906e+00, 3.919000e+00, 0.000000e+00, 3.919000e+00, -4.260900e-01, 6.255511e-01, -4.261032e-01, 3.180966e-03, -1.828485e-02, 3.226686e-03, 2.113231e-02, 1.274835e+00, 2.113305e-02
4, 4, 2.358783e+00, 3.919000e+00, 0.000000e+00, 3.919000e+00, -4.060852e-01, 5.575094e-01, -4.060887e-01, -1.454821e-01, -1.500155e-02, -1.454678e-01, 1.482588e-02, 1.228492e+00, 1.482929e-02
4, 4, 2.348659e+00, 3.919000e+00, 0.000000e+00, 3.919000e+00, -4.003428e-01, 4.830326e-01, -4.003421e-01, -1.480980e-01, 1.544797e-02, -1.481054e-01, -1.378015e-02, 1.243749e+00, -1.377456e-02
4, 4, 2.338535e+00, 3.919000e+00, 0.000000e+00, 3.919000e+00, -4.398180e-01, 4.478442e-01, -4.398201e-01, 1.430626e-01, 2.447615e-02, 1.430647e-01, -2.233389e-02, 1.403250e+00, -2.233481e-02
4, 4, 2.328412e+00, 3.919000e+00, 0.000000e+00, 3.919000e+00, -5.106207e-01, 4.551359e-01, -5.106300e-01, 5.794438e-01, -2.725695e-03, 5.794789e-01, 2.443711e-04, 1.639193e+00, 2.372925e-04
4, 4, 2.318288e+00, 3.919000e+00, 0.000000e+00, 3.919000e+00, -5.912748e-01, 4.679753e-01, -5.912900e-01, 1.011933e+00, -2.145087e-02, 1.011993e+00, 1.840812e-02, 1.872119e+00, 1.840651e-02
4, 4, 2.308165e+00, 3.919000e+00, 0.000000e+00, 3.919000e+00, -6.930559e-01, 4.654207e-01, -6.930659e-01, 1.515793e+00, -1.380865e-02, 1.515830e+00, 1.458108e-02, 2.134610e+00, 1.458498e-02
4, 4, 2.298041e+00, 3.919000e+00, 0.000000e+00, 3.919000e+00, -8.380923e-01, 4.584160e-01, -8.380905e-01, 2.239859e+00, -2.061082e-03, 2.239841e+00, 2.119878e-03, 2.496974e+00, 2.124493e-03
4, 4, 2.287918e+00, 3.919000e+00, 0.000000e+00, 3.919000e+00, -1.010595e+00, 4.520541e-01, -1.010587e+00, 3.113448e+00, 1.020575e-02, 3.113404e+00, -1.094499e-02, 2.920300e+00, -1.094328e-02
4, 4, 2.277794e+00, 3.919000e+00, 0.000000e+00, 3.919000e+00, -1.168027e+00, 4.404401e-01, -1.168020e+00, 3.898913e+00, 1.561690e-02, 3.898878e+00, -1.358187e-02, 3.289563e+00, -1.358660e-02
4, 4, 2.267671e+00, 3.919000e+00, 0.000000e+00, 3.919000e+00, -1.281532e+00, 4.206558e-01, -1.281530e+00, 4.445832e+00, -5.818223e-03, 4.445816e+00, 3.781515e-03, 3.533196e+00, 3.777483e-03
4, 4, 2.257547e+00, 3.919000e+00, 0.000000e+00, 3.919000e+00, -1.342856e+00, 3.826724e-01, -1.342856e+00, 4.747245e+00, -2.176883e-02, 4.747236e+00, 1.508514e-02, 3.640135e+00, 1.508669e-02
4, 4, 2.247424e+00, 3.919000e+00, 0.000000e+00, 3.919000e+00, -1.365306e+00, 3.194336e-01, -1.365302e+00, 4.892607e+00, 6.847847e-03, 4.892581e+00, -3.357180e-03, 3.650337e+00, -3.353677e-03
4, 4, 2.237300e+00, 3.919000e+00, 0.000000e+00, 3.919000e+00, -1.384475e+00, 2.486070e-01, -1.384469e+00, 5.044353e+00, 3.642329e-02, 5.044326e+00, -2.142830e-02, 3.653282e+00, -2.142524e-02
4, 4, 2.227177e+00, 3.919000e+00, 0.000000e+00, 3.919000e+00, -1.421928e+00, 1.850323e-01, -1.421926e+00, 5.285280e+00, 2.025291e-02, 5.285268e+00, -1.038142e-02, 3.699310e+00, -1.038176e-02
4, 4, 2.217053e+00, 3.919000e+00, 0.000000e+00, 3.919000e+00, -1.467033e+00, 1.252064e-01, -1.467036e+00, 5.550634e+00, -3.078701e-02, 5.550644e+00, 1.903688e-02, 3.756250e+00, 1.903399e-02
4, 4, 2.206930e+00, 3.919000e+00, 0.000000e+00, 3.919000e+00, -1.512541e+00, 8.060622e-02, -1.512550e+00, 5.828905e+00, -8.159716e-02, 5.828932e+00, 4.506791e-02, 3.806296e+00, 4.506710e-02
4, 4, 2.196806e+00, 3.919000e+00, 0.000000e+00, 3.919000e+00, -1.557906e+00, 6.463113e-02, -1.557913e+00, 6.175958e+00, -5.056220e-02, 6.175982e+00, 2.387882e-02, 3.854812e+00, 2.388240e-02
4, 4, 2.186683e+00, 3.919000e+00, 0.000000e+00, 3.919000e+00, -1.595236e+00, 7.240455e-02, -1.595237e+00, 6.562572e+00, 8.822190e-02, 6.562572e+00, -5.407973e-02, 3.880032e+00, -5.407652e-02
4, 4, 2.176559e+00, 3.919000e+00, 0.000000e+00, 3.919000e+00, -1.623413e+00, 1.029634e-01, -1.623410e+00, 6.892347e+00, 1.769209e-01, 6.892326e+00, -9.638498e-02, 3.866369e+00, -9.638716e-02
4, 4, 2.166435e+00, 3.919000e+00, 0.000000e+00, 3.919000e+00, -1.636523e+00, 1.460933e-01, -1.636520e+00, 7.037687e+00, 6.767786e-02, 7.037661e+00, -2.609447e-02, 3.784779e+00, -2.609851e-02
4, 4, 2.156312e+00, 3.919000e+00, 0.000000e+00, 3.919000e+00, -1.620150e+00, 1.809122e-01, -1.620150e+00, 6.967203e+00, -1.511379e-01, 6.967192e+00, 9.012344e-02, 3.595073e+00, 9.012395e-02
4, 4, 2.146188e+00, 3.919000e+00, 0.000000e+00, 3.919000e+00, -1.596020e+00, 2.300639e-01, -1.596019e+00, 6.961181e+00, -2.498850e-01, 6.961174e+00, 1.245401e-01, 3.373157e+00, 1.245457e-01
4, 4, 2.136065e+00, 3.919000e+00, 0.000000e+00, 3.919000e+00, -1.606525e+00, 3.450681e-01, -1.606522e+00, 7.335152e+00, -9.513420e-02, 7.335144e+00, 3.870623e-02, 3.243241e+00, 3.870945e-02
4, 4, 2.125941e+00, 3.919000e+00, 0.000000e+00, 3.919000e+00, -1.617559e+00, 5.037737e-01, -1.617557e+00, 7.790999e+00, 1.911038e-01, 7.790995e+00, -9.136594e-02, 3.078568e+00, -9.137175e-02
4, 4, 2.115818e+00, 3.919000e+00, 0.000000e+00, 3.919000e+00, -1.489966e+00, 5.759310e-01, -1.489972e+00, 7.307683e+00, 3.064293e-01, 7.307694e+00, -1.472632e-01, 2.433824e+00, -1.472654e-01
4, 4, 2.105694e+00, 3.919000e+00, 0.000000e+00, 3.919000e+00, -1.084480e+00, 4.415170e-01, -1.084488e+00, 4.879370e+00, 8.086362e-02, 4.879395e+00, -5.089192e-02, 8.610597e-01, -5.088799e-02
4, 4, 2.095571e+00, 3.919000e+00, 0.000000e+00, 3.919000e+00, -3.777665e-01, 1.234079e-01, -3.777674e-01, 3.910031e-01, -2.732301e-01, 3.910060e-01, 1.260858e-01, -1.732413e+00, 1.260879e-01
4, 4, 2.085447e+00, 3.919000e+00, 0.000000e+00, 3.919000e+00, 5.334867e-01, -2.379685e-01, 5.334910e-01, -5.346284e+00, -3.179566e-01, -5.346298e+00, 1.584296e-01, -5.047920e+00, 1.584273e-01
4, 4, 2.075324e+00, 3.919000e+00, 0.000000e+00, 3.919000e+00, 1.481266e+00, -4.918091e-01, 1.481268e+00, -1.125708e+01, 3.443857e-02, -1.125709e+01, -1.387736e-02, -8.601516e+00, -1.387854e-02
4, 4, 2.065200e+00, 3.919000e+00, 0.000000e+00, 3.919000e+00, 2.287807e+00, -5.975432e-01, 2.287807e+00, -1.648189e+01, 3.250674e-01, -1.648189e+01, -1.446862e-01, -1.190942e+01, -1.446908e-01
4, 4, 2.055077e+00, 3.919000e+00, 0.000000e+00, 3.919000e+00, 2.866659e+00, -7.358124e-01, 2.866657e+00, -2.046175e+01, 1.986484e-01, -2.046175e+01, -7.981708e-02, -1.459963e+01, -7.981773e-02
4, 4, 2.044953e+00, 3.919000e+00, 0.000000e+00, 3.919000e+00, 3.203283e+00, -1.120573e+00, 3.203283e+00, -2.262014e+01, -1.258112e-01, -2.262015e+01, 4.743768e-02, -1.630100e+01, 4.743621e-02
4, 4, 2.034830e+00, 3.919000e+00, 0.000000e+00, 3.919000e+00, 3.248111e+00, -1.641334e+00, 3.248111e+00, -2.227579e+01, -2.267490e-01, -2.227580e+01, 7.519152e-02, -1.656977e+01, 7.518816e-02
4, 4, 2.024706e+00, 3.919000e+00, 0.000000e+00, 3.919000e+00, 2.971823e+00, -1.921150e+00, 2.971822e+00, -1.947341e+01, -3.459568e-02, -1.947340e+01, 6.436388e-03, -1.531963e+01, 6.438225e-03
4, 4, 2.014582e+00, 3.919000e+00, 0.000000e+00, 3.919000e+00, 2.474108e+00, -1.727318e+00, 2.474108e+00, -1.545182e+01, 1.368826e-01, -1.545181e+01, -3.823699e-02, -1.317274e+01, -3.823715e-02
4, 4, 2.004459e+00, 3.919000e+00, 0.000000e+00, 3.919000e+00, 1.922289e+00, -1.190724e+00, 1.922289e+00, -1.161623e+01, 7.297137e-02, -1.161623e+01, -1.751725e-03, -1.098743e+01, -1.752373e-03
4, 4, 1.994335e+00, 3.919000e+00, 0.000000e+00, 3.919000e+00, 1.403293e+00, -6.204399e-01, 1.403292e+00, -8.255029e+00, -7.648452e-02, -8.255025e+00, 3.663664e-02, -9.097606e+00, 3.663733e-02
4, 4, 1.984212e+00, 3.919000e+00, 0.000000e+00, 3.919000e+00, 8.923340e-01, -1.807034e-01, 8.923336e-01, -4.730519e+00, -8.872283e-02, -4.730518e+00, 1.157285e-02, -7.258603e+00, 1.157297e-02
4, 4, 1.974088e+00, 3.919000e+00, 0.000000e+00, 3.919000e+00, 3.769993e-01, 1.684359e-01, 3.769996e-01, -8.939031e-01, 1.637977e-02, -8.939007e-01, -2.499346e-02, -5.317520e+00, -2.499333e-02
4, 4, 1.963965e+00, 3.919000e+00, 0.000000e+00, 3.919000e+00, -4.739887e-02, 4.749665e-01, -4.739894e-02, 2.322311e+00, 7.063677e-02, 2.322314e+00, -1.916275e-02, -3.660853e+00, -1.916214e-02
4, 4, 1.953841e+00, 3.919000e+00, 0.000000e+00, 3.919000e+00, -2.577949e-01, 6.824004e-01, -2.577944e-01, 3.878408e+00, 4.127752e-02, 3.878404e+00, -7.732303e-03, -2.827188e+00, -7.732672e-03
4, 4, 1.943718e+00, 3.919000e+00, 0.000000e+00, 3.919000e+00, -2.610073e-01, 7.510886e-01, -2.610078e-01, 3.801320e+00, -1.501941e-02, 3.801316e+00, 2.724495e-03, -2.824071e+00, 2.725946e-03
4, 4, 1.933594e+00, 3.919000e+00, 0.000000e+00, 3.919000e+00, -1.795249e-01, 7.395642e-01, -1.795251e-01, 3.061151e+00, -5.379201e-02, 3.061149e+00, 2.588429e-02, -3.162851e+00, 2.588263e-02
4, 4, 1.923471e+00, 3.919000e+00, 0.000000e+00, 3.919000e+00, -9.535320e-02, 7.021251e-01, -9.535366e-02, 2.401110e+00, -1.359379e-02, 2.401114e+00, 8.706307e-03, -3.467694e+00, 8.706914e-03
4, 4, 1.913347e+00, 3.919000e+00, 0.000000e+00, 3.919000e+00, -3.932249e-02, 6.770433e-01, -3.932250e-02, 1.999905e+00, 3.592382e-02, 1.999908e+00, -2.382733e-02, -3.628676e+00, -2.382685e-02
4, 4, 1.903224e+00, 3.919000e+00, 0.000000e+00, 3.919000e+00, -2.017423e-02, 6.903362e-01, -2.017323e-02, 1.805013e+00, 2.170818e-02, 1.805015e+00, -1.445113e-02, -3.674405e+00, -1.445113e-02
4, 4, 1.893100e+00, 3.919000e+00, 0.000000e+00, 3.919000e+00, 1.338103e-04, 6.973973e-01, 1.341457e-04, 1.587529e+00, -2.703108e-03, 1.587532e+00, 4.234592e-03, -3.735153e+00, 4.234144e-03
4, 4, 1.882977e+00, 3.919000e+00, 0.000000e+00, 3.919000e+00, 3.734475e-02, 6.650106e-01, 3.734441e-02, 1.277084e+00, -2.656211e-02, 1.277087e+00, 1.844345e-02, -3.837442e+00, 1.844312e-02
4, 4, 1.872853e+00, 3.919000e+00, 0.000000e+00, 3.919000e+00, 7.576631e-02, 6.132624e-01, 7.576526e-02, 9.746599e-01, -3.264291e-02, 9.746630e-01, 2.473455e-02, -3.928079e+00, 2.473566e-02
4, 4, 1.862730e+00, 3.919000e+00, 0.000000e+00, 3.919000e+00, 1.126497e-01, 5.639919e-01, 1.126491e-01, 7.081838e-01, -1.721788e-02, 7.081841e-01, 1.225720e-02, -4.009501e+00, 1.225702e-02
4, 4, 1.852606e+00, 3.919000e+00, 0.000000e+00, 3.919000e+00, 1.504686e-01, 5.137146e-01, 1.504687e-01, 4.652489e-01, 1.330712e-02, 4.652467e-01, -1.499893e-02, -4.086667e+00, -1.500043e-02
4, 4, 1.842482e+00, 3.919000e+00, 0.000000e+00, 3.919000e+00, 1.937903e-01, 4.340703e-01, 1.937896e-01, 1.993667e-01, 6.057855e-02, 1.993686e-01, -4.700826e-02, -4.171191e+00, -4.700712e-02
4, 4, 1.832359e+00, 3.919000e+00, 0.000000e+00, 3.919000e+00, 2.494997e-01, 3.032788e-01, 2.494994e-01, -9.142222e-02, 1.597779e-01, -9.142004e-02, -1.041688e-01, -4.280475e+00, -1.041680e-01
4, 4, 1.822235e+00, 3.919000e+00, 0.000000e+00, 3.919000e+00, 2.983718e-01, 1.779690e-01, 2.983726e-01, -4.387301e-01, 6.739212e-02, -4.387328e-01, -3.318530e-02, -4.360312e+00, -3.318628e-02
4, 4, 1.812112e+00, 3.919000e+00, 0.000000e+00, 3.919000e+00, 2.533360e-01, 1.879248e-01, 2.533358e-01, -4.760649e-01, -4.792548e-01, -4.760658e-01, 3.125069e-01, -4.179506e+00, 3.125073e-01
4, 4, 1.801988e+00, 3.919000e+00, 0.000000e+00, 3.919000e+00, 2.620990e-01, 1.466516e-01, 2.620982e-01, -4.252586e-01, -2.613772e-01, -4.252582e-01, 1.686801e-01, -4.150948e+00, 1.686805e-01
4, 4, 1.791865e+00, 3.919000e+00, 0.000000e+00, 3.919000e+00, 3.902310e-01, -4.591552e-04, 3.902308e-01, -7.618466e-01, 6.442098e-01, -7.618483e-01, -4.065594e-01, -4.469232e+00, -4.065598e-01
4, 4, 1.781741e+00, 3.919000e+00, 0.000000e+00, 3.919000e+00, 2.265453e-01, 2.097818e-01, 2.265448e-01, -8.908340e-02, 1.871849e-01, -8.908096e-02, -1.291789e-01, -3.954270e+00, -1.291788e-01
4, 4, 1.771618e+00, 3.919000e+00, 0.000000e+00, 3.919000e+00, 1.241228e-01, 3.218955e-01, 1.241230e-01, 1.779149e-01, -3.946604e-01, 1.779159e-01, 2.326921e-01, -3.622415e+00, 2.326912e-01
4, 4, 1.761494e+00, 3.919000e+00, 0.000000e+00, 3.919000e+00, 5.609608e-01, -2.073839e-01, 5.609603e-01, -2.254897e+00, 4.878623e-02, -2.254896e+00, -3.317555e-02, -4.875182e+00, -3.317435e-02
4, 4, 1.751371e+00, 3.919000e+00, 0.000000e+00, 3.919000e+00, 8.519712e-01, -5.796092e-01, 8.519714e-01, -4.027392e+00, 3.053706e-02, -4.027390e+00, 3.517118e-03, -5.668489e+00, 3.516882e-03
4, 4, 1.741247e+00, 3.919000e+00, 0.000000e+00, 3.919000e+00, 8.036191e-01, -5.412240e-01, 8.036202e-01, -3.772610e+00, -1.139464e-01, -3.772612e+00, 8.609153e-02, -5.417429e+00, 8.609147e-02
4, 4, 1.731124e+00, 3.919000e+00, 0.000000e+00, 3.919000e+00, 7.779121e-01, -4.771495e-01, 7.779123e-01, -3.540720e+00, 7.112883e-02, -3.540721e+00, -6.171155e-02, -5.253810e+00, -6.171077e-02
4, 4, 1.721000e+00, 3.919000e+00, 0.000000e+00, 3.919000e+00, 6.854246e-01, -3.025413e-01, 6.854243e-01, -3.121307e+00, 5.456825e-02, -3.121307e+00, -4.082571e-02, -4.953887e+00, -4.082534e-02
4, 4, 1.710877e+00, 3.919000e+00, 0.000000e+00, 3.919000e+00, 5.588510e-01, -9.406657e-02, 5.588505e-01, -2.525177e+00, -2.206819e-02, -2.525175e+00, 2.135408e-02, -4.560039e+00, 2.135419e-02
4, 4, 1.700753e+00, 3.919000e+00, 0.000000e+00, 3.919000e+00, 5.301042e-01, -2.728718e-02, 5.301040e-01, -2.397926e+00, -2.101874e-02, -2.397922e+00, 8.127689e-03, -4.418054e+00, 8.127644e-03
4, 4, 1.690630e+00, 3.919000e+00, 0.000000e+00, 3.919000e+00, 5.481982e-01, -2.347755e-02, 5.481985e-01, -2.506865e+00, -1.227527e-02, -2.506868e+00, 3.301529e-03, -4.408570e+00, 3.300811e-03
4, 4, 1.680506e+00, 3.919000e+00, 0.000000e+00, 3.919000e+00, 5.627210e-01, -1.687100e-02, 5.627209e-01, -2.573723e+00, 3.094294e-02, -2.573728e+00, -1.072344e-02, -4.378372e+00, -1.072344e-02
4, 4, 1.670382e+00, 3.919000e+00, 0.000000e+00, 3.919000e+00, 5.650409e-01, -8.877072e-03, 5.650405e-01, -2.576610e+00, 4.672665e-02, -2.576611e+00, -1.846701e-02, -4.299725e+00, -1.846622e-02
4, 4, 1.660259e+00, 3.919000e+00, 0.000000e+00, 3.919000e+00, 5.416238e-01, 2.664728e-02, 5.416238e-01, -2.476703e+00, -7.167985e-02, -2.476703e+00, 3.323559e-02, -4.154587e+00, 3.323551e-02
4, 4, 1.650135e+00, 3.919000e+00, 0.000000e+00, 3.919000e+00, 5.336231e-01, 5.724851e-02, 5.336232e-01, -2.441113e+00, -7.183047e-02, -2.441111e+00, 2.957539e-02, -4.064489e+00, 2.957516e-02
4, 4, 1.640012e+00, 3.919000e+00, 0.000000e+00, 3.919000e+00, 5.400183e-01, 8.317924e-02, 5.400180e-01, -2.467306e+00, 2.597594e-02, -2.467303e+00, -1.267612e-02, -4.031707e+00, -1.267666e-02
4, 4, 1.629888e+00, 3.919000e+00, 0.000000e+00, 3.919000e+00, 4.761596e-01, 1.573900e-01, 4.761592e-01, -2.044850e+00, 3.364722e-02, -2.044848e+00, -2.267295e-02, -3.764220e+00, -2.267292e-02
4, 4, 1.619765e+00, 3.919000e+00, 0.000000e+00, 3.919000e+00, 4.353944e-01, 1.847800e-01, 4.353940e-01, -1.668944e+00, 2.931671e-01, -1.668940e+00, -1.381555e-01, -3.567195e+00, -1.381553e-01
4, 4, 1.609641e+00, 3.919000e+00, 0.000000e+00, 3.919000e+00, 3.838670e-01, 2.786505e-01, 3.838668e-01, -1.507534e+00, 3.379844e-02, -1.507532e+00, 1.833648e-02, -3.361094e+00, 1.833630e-02
4, 4, 1.599518e+00, 3.919000e+00, 0.000000e+00, 3.919000e+00, 2.096795e-01, 5.276166e-01, 2.096793e-01, -7.325911e-01, -7.425522e-01, -7.325891e-01, 3.479326e-01, -2.732733e+00, 3.479323e-01
4, 4, 1.589394e+00, 3.919000e+00, 0.000000e+00, 3.919000e+00, 2.118212e-01, 5.537884e-01, 2.118212e-01, -3.930368e-01, 7.156227e-04, -3.930367e-01, -5.248739e-02, -2.692039e+00, -5.248761e-02
4, 4, 1.579271e+00, 3.919000e+00, 0.000000e+00, 3.919000e+00, 1.605782e-01, 6.305393e-01, 1.605787e-01, 3.549450e-01, 8.665048e-01, 3.549437e-01, -4.157558e-01, -2.488236e+00, -4.157558e-01
4, 4, 1.569147e+00, 3.919000e+00, 0.000000e+00, 3.919000e+00, -2.578423e-01, 1.111905e+00, -2.578419e-01, 2.709793e+00, -9.067896e-02, 2.709793e+00, 5.582323e-02, -1.036559e+00, 5.582394e-02
4, 4, 1.559024e+00, 3.919000e+00, 0.000000e+00, 3.919000e+00, -2.653718e-01, 1.225744e+00, -2.653717e-01, 2.307623e+00, -5.903446e-01, 2.307626e+00, 3.325484e-01, -1.084300e+00, 3.325486e-01
4, 4, 1.548900e+00, 3.919000e+00, 0.000000e+00, 3.919000e+00, 2.685089e-01, 8.320984e-01, 2.685089e-01, -1.246669e+00, 5.283889e-02, -1.246663e+00, 3.174073e-02, -2.986557e+00, 3.173969e-02
4, 4, 1.538777e+00, 3.919000e+00, 0.000000e+00, 3.919000e+00, 5.338151e-01, 6.752630e-01, 5.338151e-01, -2.876753e+00, 2.898013e-01, -2.876746e+00, -2.483442e-01, -3.797732e+00, -2.483443e-01
4, 4, 1.528653e+00, 3.919000e+00, 0.000000e+00, 3.919000e+00, 4.246041e-01, 8.750919e-01, 4.246034e-01, -2.371763e+00, 4.485567e-02, -2.371762e+00, -8.224472e-02, -3.414835e+00, -8.224431e-02
4, 4, 1.518530e+00, 3.919000e+00, 0.000000e+00, 3.919000e+00, 3.687395e-01, 1.015093e+00, 3.687399e-01, -2.255897e+00, -1.289207e-01, -2.255897e+00, 1.584238e-01, -3.254337e+00, 1.584238e-01
4, 4, 1.508406e+00, 3.919000e+00, 0.000000e+00, 3.919000e+00, 5.547724e-01, 8.141901e-01, 5.547726e-01, -3.084584e+00, -3.860478e-02, -3.084582e+00, 2.526759e-02, -3.627846e+00, 2.526753e-02
4, 4, 1.498282e+00, 3.919000e+00, 0.000000e+00, 3.919000e+00, 7.275282e-01, 5.956597e-01, 7.275280e-01, -3.852829e+00, 1.605007e-02, -3.852825e+00, -2.573685e-02, -3.950409e+00, -2.573719e-02
4, 4, 1.488159e+00, 3.919000e+00, 0.000000e+00, 3.919000e+00, 7.473105e-01, 6.050580e-01, 7.473102e-01, -3.979979e+00, -2.619182e-02, -3.979971e+00, 3.402606e-02, -3.926017e+00, 3.402686e-02
4, 4, 1.478035e+00, 3.919000e+00, 0.000000e+00, 3.919000e+00, 7.726121e-01, 6.138451e-01, 7.726121e-01, -4.064809e+00, 2.206812e-02, -4.064804e+00, -2.484806e-02, -3.902433e+00, -2.484717e-02
4, 4, 1.467912e+00, 3.919000e+00, 0.000000e+00, 3.919000e+00, 8.283940e-01, 6.004111e-01, 8.283936e-01, -4.309463e+00, 5.108706e-02, -4.309460e+00, -4.687278e-02, -3.952805e+00, -4.687265e-02
4, 4, 1.457788e+00, 3.919000e+00, 0.000000e+00, 3.919000e+00, 9.106597e-01, 6.261503e-01, 9.106598e-01, -4.705081e+00, 3.049262e-02, -4.705076e+00, -2.759174e-02, -4.065135e+00, -2.759247e-02
4, 4, 1.447665e+00, 3.919000e+00, 0.000000e+00, 3.919000e+00, 1.023302e+00, 6.573561e-01, 1.023302e+00, -5.258257e+00, -1.355627e-02, -5.258255e+00, 1.392203e-02, -4.244194e+00, 1.392278e-02
4, 4, 1.437541e+00, 3.919000e+00, 0.000000e+00, 3.919000e+00, 1.101797e+00, 6.705800e-01, 1.101798e+00, -5.635924e+00, -5.127486e-02, -5.635916e+00, 5.005608e-02, -4.336369e+00, 5.005559e-02
4, 4, 1.427418e+00, 3.919000e+00, 0.000000e+00, 3.919000e+00, 1.069393e+00, 6.192040e-01, 1.069393e+00, -5.451849e+00, -3.714444e-02, -5.451839e+00, 3.680008e-02, -4.157893e+00, 3.679964e-02
4, 4, 1.417294e+00, 3.919000e+00, 0.000000e+00, 3.919000e+00, 8.838896e-01, 4.894650e-01, 8.838896e-01, -4.510940e+00, 6.364828e-03, -4.510939e+00, -8.535197e-03, -3.619172e+00, -8.535391e-03
4, 4, 1.407171e+00, 3.919000e+00, 0.000000e+00, 3.919000e+00, 5.914539e-01, 3.134066e-01, 5.914539e-01, -3.071019e+00, 3.709455e-02, -3.071020e+00, -3.986926e-02, -2.840210e+00, -3.986878e-02
4, 4, 1.397047e+00, 3.919000e+00, 0.000000e+00, 3.919000e+00, 3.150052e-01, 1.500466e-01, 3.150050e-01, -1.738009e+00, 2.611935e-02, -1.738009e+00, -3.037853e-02, -2.122349e+00, -3.037842e-02
4, 4, 1.386924e+00, 3.919000e+00, 0.000000e+00, 3.919000e+00, 1.666931e-01, 4.633224e-02, 1.666934e-01, -1.040134e+00, -5.322620e-03, -1.040132e+00, 5.741415e-03, -1.729272e+00, 5.741013e-03
4, 4, 1.376800e+00, 3.919000e+00, 0.000000e+00, 3.919000e+00, 1.658766e-01, 5.558666e-03, 1.658764e-01, -1.049744e+00, -2.374595e-02, -1.049741e+00, 2.943948e-02, -1.695200e+00, 2.943996e-02
4, 4, 1.366677e+00, 3.919000e+00, 0.000000e+00, 3.919000e+00, 2.404670e-01, -5.490141e-03, 2.404672e-01, -1.398764e+00, -9.188099e-03, -1.398761e+00, 1.643584e-02, -1.839285e+00, 1.643525e-02
4, 4, 1.356553e+00, 3.919000e+00, 0.000000e+00, 3.919000e+00, 2.976400e-01, -2.002640e-02, 2.976401e-01, -1.662121e+00, 1.152427e-02, -1.662117e+00, -1.016220e-02, -1.934947e+00, -1.016218e-02
4, 4, 1.346430e+00, 3.919000e+00, 0.000000e+00, 3.919000e+00, 3.010141e-01, -4.123481e-02, 3.010136e-01, -1.672591e+00, 8.872148e-03, -1.672588e+00, -1.521078e-02, -1.900785e+00, -1.521020e-02
4, 4, 1.336306e+00, 3.919000e+00, 0.000000e+00, 3.919000e+00, 2.820901e-01, -6.790449e-02, 2.820899e-01, -1.586759e+00, -3.733482e-03, -1.586758e+00, -1.930866e-03, -1.812990e+00, -1.931264e-03
4, 4, 1.326182e+00, 3.919000e+00, 0.000000e+00, 3.919000e+00, 2.826830e-01, -9.971257e-02, 2.826830e-01, -1.586437e+00, -5.086322e-03, -1.586439e+00, 5.359629e-03, -1.775041e+00, 5.359833e-03
4, 4, 1.316059e+00, 3.919000e+00, 0.000000e+00, 3.919000e+00, 3.059031e-01, -1.373980e-01, 3.059031e-01, -1.696202e+00, 3.830092e-04, -1.696203e+00, 3.747712e-03, -1.790249e+00, 3.747750e-03
4, 4, 1.305935e+00, 3.919000e+00, 0.000000e+00, 3.919000e+00, 3.327757e-01, -1.772964e-01, 3.327761e-01, -1.823481e+00, -1.946364e-03, -1.823479e+00, 2.524758e-03, -1.814325e+00, 2.524601e-03
4, 4, 1.295812e+00, 3.919000e+00, 0.000000e+00, 3.919000e+00, 3.562120e-01, -2.233121e-01, 3.562124e-01, -1.934978e+00, 9.903702e-04, -1.934976e+00, -1.267719e-03, -1.827485e+00, -1.267905e-03
4, 4, 1.285688e+00, 3.919000e+00, 0.000000e+00, 3.919000e+00, 3.804761e-01, -2.778310e-01, 3.804763e-01, -2.042602e+00, 9.658415e-03, -2.042603e+00, -9.924382e-03, -1.842601e+00, -9.923900e-03
4, 4, 1.275565e+00, 3.919000e+00, 0.000000e+00, 3.919000e+00, 4.032374e-01, -3.381906e-01, 4.032369e-01, -2.154731e+00, 4.514248e-03, -2.154732e+00, -3.538663e-03, -1.852546e+00, -3.538287e-03
4, 4, 1.265441e+00, 3.919000e+00, 0.000000e+00, 3.919000e+00, 4.264815e-01, -4.017554e-01, 4.264817e-01, -2.275043e+00, -1.733686e-02, -2.275042e+00, 1.585183e-02, -1.864548e+00, 1.585154e-02
4, 4, 1.255318e+00, 3.919000e+00, 0.000000e+00, 3.919000e+00, 4.618645e-01, -4.735703e-01, 4.618648e-01, -2.445817e+00, -2.356907e-02, -2.445815e+00, 1.929237e-02, -1.903121e+00, 1.929208e-02
4, 4, 1.245194e+00, 3.919000e+00, 0.000000e+00, 3.919000e+00, 5.081707e-01, -5.523707e-01, 5.081707e-01, -2.646879e+00, 7.649574e-03, -2.646878e+00, -6.893325e-03, -1.965038e+00, -6.893651e-03
4, 4, 1.235071e+00, 3.919000e+00, 0.000000e+00, 3.919000e+00, 5.560854e-01, -6.432680e-01, 5.560850e-01, -2.837008e+00, 6.943230e-02, -2.837007e+00, -5.925104e-02, -2.027378e+00, -5.924955e-02
4, 4, 1.224947e+00, 3.919000e+00, 0.000000e+00, 3.919000e+00, 5.925290e-01, -7.456691e-01, 5.925288e-01, -3.003191e+00, 7.215033e-02, -3.003193e+00, -6.316262e-02, -2.062578e+00, -6.316295e-02
4, 4, 1.214824e+00, 3.919000e+00, 0.000000e+00, 3.919000e+00, 6.113796e-01, -8.356409e-01, 6.113799e-01, -3.168827e+00, -7.540481e-02, -3.168828e+00, 6.029876e-02, -2.057426e+00, 6.029811e-02
4, 4, 1.204700e+00, 3.919000e+00, 0.000000e+00, 3.919000e+00, 6.376222e-01, -9.242492e-01, 6.376219e-01, -3.366155e+00, -2.247417e-01, -3.366153e+00, 2.122223e-01, -2.071467e+00, 2.122223e-01
4, 4, 1.194577e+00, 3.919000e+00, 0.000000e+00, 3.919000e+00, 7.249624e-01, -1.056952e+00, 7.249624e-01, -3.727142e+00, -1.372616e-01, -3.727139e+00, 1.062907e-01, -2.219287e+00, 1.062917e-01
4, 4, 1.184453e+00, 3.919000e+00, 0.000000e+00, 3.919000e+00, 8.299289e-01, -1.216537e+00, 8.299289e-01, -4.034189e+00, 1.889443e-01, -4.034189e+00, -1.715961e-01, -2.400175e+00, -1.715968e-01
4, 4, 1.174329e+00, 3.919000e+00, 0.000000e+00, 3.919000e+00, 9.192713e-01, -1.392413e+00, 9.192716e-01, -4.170355e+00, 6.833725e-01, -4.170354e+00, -5.305762e-01, -2.537089e+00, -5.305770e-01
4, 4, 1.164206e+00, 3.919000e+00, 0.000000e+00, 3.919000e+00, 9.703590e-01, -1.532871e+00, 9.703587e-01, -4.756820e+00, 1.190463e-02, -4.756818e+00, -1.789422e-01, -2.594805e+00, -1.789428e-01
4, 4, 1.154082e+00, 3.919000e+00, 0.000000e+00, 3.919000e+00, 7.332405e-01, -1.443555e+00, 7.332407e-01, -4.256065e+00, -1.148633e+00, -4.256065e+00, 1.162660e+00, -2.005375e+00, 1.162660e+00
4, 4, 1.143959e+00, 3.919000e+00, 0.000000e+00, 3.919000e+00, 1.083563e+00, -1.883035e+00, 1.083563e+00, -5.168626e+00, 1.703005e-01, -5.168629e+00, -1.207841e-01, -2.739030e+00, -1.207843e-01
4, 4, 1.133835e+00, 3.919000e+00, 0.000000e+00, 3.919000e+00, 1.255977e+00, -2.018594e+00, 1.255977e+00, -5.641230e+00, 7.380621e-01, -5.641229e+00, -8.189180e-01, -3.043118e+00, -8.189179e-01
4, 4, 1.123712e+00, 3.919000e+00, 0.000000e+00, 3.919000e+00, 2.058180e-01, -4.741857e-01, 2.058179e-01, -1.170674e+00, -3.172683e-01, -1.170674e+00, 4.211798e-01, -5.073733e-01, 4.211797e-01
4, 4, 1.113588e+00, 3.919000e+00, 0.000000e+00, 3.919000e+00, -7.052933e-02, 1.321539e-01, -7.052933e-02, 3.261363e-01, -2.838405e-02, 3.261363e-01, -3.097460e-02, 1.719610e-01, -3.097446e-02
4, 4, 1.103465e+00, 3.919000e+00, 0.000000e+00, 3.919000e+00, 3.253301e-02, -5.247958e-02, 3.253300e-02, -1.394603e-01, 3.220547e-02, -1.394603e-01, -1.526732e-02, -7.887296e-02, -1.526733e-02
4, 4, 1.093341e+00, 3.919000e+00, 0.000000e+00, 3.919000e+00, -1.395985e-02, 2.053972e-02, -1.395985e-02, 5.618974e-02, -2.051935e-02, 5.618973e-02, 1.408467e-02, 3.371383e-02, 1.408468e-02
4, 4, 1.083218e+00, 3.919000e+00, 0.000000e+00, 3.919000e+00, 5.620181e-03, -7.930027e-03, 5.620180e-03, -2.135527e-02, 1.068405e-02, -2.135526e-02, -7.209269e-03, -1.356052e-02, -7.209267e-03
4, 4, 1.073094e+00, 3.919000e+00, 0.000000e+00, 3.919000e+00, -2.250559e-03, 3.217060e-03, -2.250560e-03, 8.304496e-03, -4.783541e-03, 8.304499e-03, 2.849309e-03, 5.441891e-03, 2.849309e-03
4, 4, 1.062971e+00, 3.919000e+00, 0.000000e+00, 3.919000e+00, 9.023970e-04, -1.389878e-03, 9.023970e-04, -3.347200e-03, 1.910768e-03, -3.347200e-03, -8.293589e-04, -2.194767e-03, -8.293592e-04
4, 4, 1.052847e+00, 3.919000e+00, 0.000000e+00, 3.919000e+00, -3.495841e-04, 6.095461e-04, -3.495841e-04, 1.351790e-03, -6.484187e-04, 1.351790e-03, 8.295446e-05, 8.585717e-04, 8.295447e-05
4, 4, 1.042724e+00, 3.919000e+00, 0.000000e+00, 3.919000e+00, 1.230484e-04, -2.542728e-04, 1.230484e-04, -5.190856e-04, 1.513285e-04, -5.190856e-04, 1.086975e-04, -3.067727e-04, 1.086975e-04
4, 4, 1.032600e+00, 3.919000e+00, 0.000000e+00, 3.919000e+00, -3.505242e-05, 9.323285e-05, -3.505241e-05, 1.761690e-04, 8.668912e-06, 1.761690e-04, -1.055446e-04, 8.977613e-05, -1.055446e-04
4, 4, 1.022477e+00, 3.919000e+00, 0.000000e+00, 3.919000e+00, 5.324278e-06, -2.616532e-05, 5.324276e-06, -4.597428e-05, -3.699226e-05, -4.597428e-05, 6.039979e-05, -1.501052e-05, 6.039977e-05
4, 4, 1.012353e+00, 3.919000e+00, 0.000000e+00, 3.919000e+00, 1.875179e-06, 3.018193e-06, 1.875179e-06, 4.734869e-06, 2.597613e-05, 4.734869e-06, -2.459462e-05, -3.894082e-06, -2.459462e-05
4, 4, 1.002229e+00, 3.919000e+00, 0.000000e+00, 3.919000e+00, -2.003882e-06, 2.153715e-06, -2.003882e-06, 3.676378e-06, -1.149871e-05, 3.676378e-06, 6.344115e-06, 4.781150e-06, 6.344113e-06
4, 4, 9.921059e-01, 3.919000e+00, 0.000000e+00, 3.919000e+00, 9.206068e-07, -1.765933e-06, 9.206069e-07, -2.881473e-06, 3.053028e-06, -2.881472e-06, -6.873602e-08, -2.290188e-06, -6.873628e-08
4, 4, 9.819824e-01, 3.919000e+00, 0.000000e+00, 3.919000e+00, -2.274708e-07, 6.768433e-07, -2.274708e-07, 1.114995e-06, 8.335692e-09, 1.114995e-06, -8.825837e-07, 5.962431e-07, -8.825836e-07
4, 4, 9.718589e-01, 3.919000e+00, 0.000000e+00, 3.919000e+00, -8.242610e-09, -1.007692e-07, -8.242646e-09, -1.995714e-07, -4.566354e-07, -1.995713e-07, 4.519767e-07, 5.711709e-09, 4.519768e-07
4, 4, 9.617354e-01, 3.919000e+00, 0.000000e+00, 3.919000e+00, 3.299092e-08, -4.408259e-08, 3.299091e-08, -4.666758e-08, 2.179269e-07, -4.666755e-08, -8.639883e-08, -7.982081e-08, -8.639882e-08
4, 4, 9.516118e-01, 3.919000e+00, 0.000000e+00, 3.919000e+00, -1.259018e-08, 3.163495e-08, -1.259017e-08, 4.485424e-08, -3.136694e-08, 4.485424e-08, -2.380923e-08, 3.246217e-08, -2.380926e-08
4, 4, 9.414883e-01, 3.919000e+00, 0.000000e+00, 3.919000e+00, 6.592076e-10, -6.306239e-09, 6.592077e-10, -1.197120e-08, -1.689538e-08, -1.197120e-08, 1.971259e-08, -2.344628e-09, 1.971259e-08
4, 4, 9.313648e-01, 3.919000e+00, 0.000000e+00, 3.919000e+00, 1.268358e-09, -1.793799e-09, 1.268359e-09, -1.075248e-09, 9.785253e-09, -1.075249e-09, -3.412173e-09, -3.086871e-09, -3.412171e-09
4, 4, 9.212412e-01, 3.919000e+00, 0.000000e+00, 3.919000e+00, -4.384463e-10, 1.272338e-09, -4.384463e-10, 1.717405e-09, -7.761415e-10, 1.717405e-09, -1.420733e-09, 1.162642e-09, -1.420732e-09
4, 4, 9.111177e-01, 3.919000e+00, 0.000000e+00, 3.919000e+00, -3.461030e-11, -1.054176e-10, -3.461037e-11, -3.454629e-10, -9.948277e-10, -3.454629e-10, 7.398225e-10, 6.135968e-11, 7.398226e-10
4, 4, 9.009942e-01, 3.919000e+00, 0.000000e+00, 3.919000e+00, 5.508073e-11, -1.227824e-10, 5.508073e-11, -1.104538e-10, 3.004992e-10, -1.104538e-10, 1.654793e-11, -1.412408e-10, 1.654794e-11
4, 4, 8.908706e-01, 3.919000e+00, 0.000000e+00, 3.919000e+00, -5.466340e-12, 3.206008e-11, -5.466342e-12, 5.908130e-11, 6.407817e-11, 5.908128e-11, -8.536475e-11, 1.715513e-11, -8.536472e-11
4, 4, 8.807471e-01, 3.919000e+00, 0.000000e+00, 3.919000e+00, -5.049761e-12, 9.213505e-12, -5.049760e-12, 2.676495e-12, -4.197288e-11, 2.676494e-12, 8.341116e-12, 1.267738e-11, 8.341116e-12
4, 4, 8.706236e-01, 3.919000e+00, 0.000000e+00, 3.919000e+00, 1.016642e-12, -4.201757e-12, 1.016642e-12, -6.530560e-12, -3.281949e-12, -6.530560e-12, 8.428968e-12, -2.940406e-12, 8.428969e-12
4, 4, 8.605001e-01, 3.919000e+00, 0.000000e+00, 3.919000e+00, 4.481264e-13, -7.342383e-13, 4.481262e-13, 2.401590e-13, 4.650317e-12, 2.401590e-13, -1.237544e-12, -1.114938e-12, -1.237544e-12
4, 4, 8.503765e-01, 3.919000e+00, 0.000000e+00, 3.919000e+00, -1.075898e-13, 4.342724e-13, -1.075898e-13, 6.525353e-13, 2.773934e-13, 6.525352e-13, -8.479708e-13, 3.120309e-13, -8.479708e-13
4, 4, 8.402530e-01, 3.919000e+00, 0.000000e+00, 3.919000e+00, -4.434186e-14, 8.092650e-14, -4.434186e-14, -2.754722e-14, -4.665644e-13, -2.754719e-14, 9.971901e-14, 1.120977e-13, 9.971905e-14
4, 4, 8.301295e-01, 3.919000e+00, 0.000000e+00, 3.919000e+00, 7.840122e-15, -3.732580e-14, 7.840121e-15, -6.455862e-14, -5.401313e-14, -6.455860e-14, 8.839461e-14, -2.391903e-14, 8.839458e-14
4, 4, 8.200059e-01, 3.919000e+00, 0.000000e+00, 3.919000e+00, 4.668677e-15, -1.084445e-14, 4.668677e-15, -1.554835e-15, 4.024499e-14, -1.554826e-15, -1.110618e-15, -1.226096e-14, -1.110617e-15
4, 4, 8.098824e-01, 3.919000e+00, 0.000000e+00, 3.919000e+00, -1.696592e-16, 2.125117e-15, -1.696592e-16, 5.900544e-15, 1.003949e-14, 5.900542e-15, -8.312415e-15, 7.620529e-16, -8.312411e-15
4, 4, 7.997589e-01, 3.919000e+00, 0.000000e+00, 3.919000e+00, -4.287937e-16, 1.286971e-15, -4.287937e-16, 9.191554e-16, -2.155389e-15, 9.191555e-16, -1.201505e-15, 1.184677e-15, -1.201506e-15
4, 4, 7.896353e-01, 3.919000e+00, 0.000000e+00, 3.919000e+00, -5.937260e-17, 4.558412e-17, -5.937256e-17, -3.797043e-16, -1.296490e-15, -3.797043e-16, 5.078461e-16, 1.395728e-16, 5.078459e-16
4, 4, 7.795118e-01, 3.919000e+00, 0.000000e+00, 3.919000e+00, 2.349848e-17, -9.983907e-17, 2.349848e-17, -1.541463e-16, -8.725752e-17, -1.541463e-16, 2.116421e-16, -7.080510e-17, 2.116420e-16
4, 4, 7.693883e-01, 3.919000e+00, 0.000000e+00, 3.919000e+00, 1.008418e-17, -2.716294e-17, 1.008418e-17, -1.798220e-18, 8.933231e-17, -1.798231e-18, 8.500140e-18, -2.745697e-17, 8.500146e-18
4, 4, 7.592648e-01, 3.919000e+00, 0.000000e+00, 3.919000e+00, 6.945013e-19, 9.864751e-19, 6.945016e-19, 1.242436e-17, 3.092750e-17, 1.242436e-17, -1.494179e-17, -1.336635e-18, -1.494179e-17
4, 4, 7.491412e-01, 3.919000e+00, 0.000000e+00, 3.919000e+00, -5.768739e-19, 2.407659e-18, -5.768741e-19, 3.578089e-18, 1.771366e-18, 3.578089e-18, -4.996424e-18, 1.744491e-18, -4.996424e-18
4, 4, 7.390177e-01, 3.919000e+00, 0.000000e+00, 3.919000e+00, -2.227194e-19, 6.616877e-19, -2.227194e-19, 9.207797e-20, -1.862755e-18, 9.207773e-20, -4.095641e-19, 6.214051e-19, -4.095641e-19
4, 4, 7.288942e-01, 3.919000e+00, 0.000000e+00, 3.919000e+00, -2.926496e-20, 3.832852e-20, -2.926495e-20, -2.453917e-19, -7.545712e-19, -2.453916e-19, 2.361715e-19, 7.183052e-20, 2.361714e-19
4, 4, 7.187706e-01, 3.919000e+00, 0.000000e+00, 3.919000e+00, 5.675276e-21, -3.412485e-20, 5.675282e-21, -9.125650e-20, -1.289567e-19, -9.125649e-20, 1.123592e-19, -1.944681e-20, 1.123592e-19
4, 4, 7.086471e-01, 3.919000e+00, 0.000000e+00, 3.919000e+00, 3.980286e-21, -1.503421e-20, 3.980287e-21, -1.536625e-20, 5.952013e-21, -1.536625e-20, 2.479249e-20, -1.180980e-20, 2.479249e-20
4, 4, 6.985236e-01, 3.919000e+00, 0.000000e+00, 3.919000e+00, 1.097093e-21, -3.397386e-21, 1.097093e-21, 5.427615e-22, 1.112631e-20, 5.427625e-22, 1.901881e-21, -3.097453e-21, 1.901881e-21
4, 4, 6.884000e-01, 3.919000e+00, 0.000000e+00, 3.919000e+00, 1.684956e-22, -3.584472e-22, 1.684956e-22, 1.247729e-21, 4.028027e-21, 1.247730e-21, -8.586815e-22, -4.391294e-22, -8.586819e-22
4, 4, 6.782765e-01, 3.919000e+00, 0.000000e+00, 3.919000e+00, -1.999021e-25, 6.655890e-23, -1.998840e-25, 4.708291e-22, 9.377928e-22, 4.708290e-22, -4.664292e-22, 1.575227e-23, -4.664294e-22
4, 4, 6.681530e-01, 3.919000e+00, 0.000000e+00, 3.919000e+00, -9.854023e-24, 4.852738e-23, -9.854022e-24, 1.179660e-22, 1.457316e-22, 1.179660e-22, -1.413398e-22, 3.204945e-23, -1.413399e-22
4, 4, 6.580295e-01, 3.919000e+00, 0.000000e+00, 3.919000e+00, -4.002913e-24, 1.637948e-23, -4.002914e-24, 2.186494e-23, 7.201528e-24, 2.186494e-23, -3.255502e-23, 1.223633e-23, -3.255501e-23
4, 4, 6.479059e-01, 3.919000e+00, 0.000000e+00, 3.919000e+00, -1.124925e-24, 4.238513e-24, -1.124926e-24, 2.674483e-24, -4.914578e-24, 2.674486e-24, -6.064157e-24, 3.345890e-24, -6.064156e-24
4, 4, 6.377824e-01, 3.919000e+00, 0.000000e+00, 3.919000e+00, -2.632858e-25, 9.407224e-25, -2.632858e-25, -1.550440e-26, -2.437736e-24, -1.550442e-26, -8.937843e-25, 7.677466e-25, -8.937847e-25
4, 4, 6.276589e-01, 3.919000e+00, 0.000000e+00, 3.919000e+00, -5.508459e-26, 1.890895e-25, -5.508460e-26, -1.362884e-25, -7.783238e-25, -1.362884e-25, -8.588210e-26, 1.576890e-25, -8.588208e-26
4, 4, 6.175353e-01, 3.919000e+00, 0.000000e+00, 3.919000e+00, -1.079906e-26, 3.598117e-26, -1.079906e-26, -5.464057e-26, -2.091710e-25, -5.464054e-26, 2.969631e-27, 3.033121e-26, 2.969636e-27
4, 4, 6.074118e-01, 3.919000e+00, 0.000000e+00, 3.919000e+00, -2.078601e-27, 6.830682e-27, -2.078602e-27, -1.589642e-26, -5.122001e-26, -1.589642e-26, 4.085722e-27, 5.732580e-27, 4.085724e-27
4, 4, 5.972883e-01, 3.919000e+00, 0.000000e+00, 3.919000e+00, -4.137018e-28, 1.377499e-27, -4.137017e-28, -3.957309e-27, -1.182371e-26, -3.957310e-27, 1.247458e-27, 1.127532e-27, 1.247457e-27
4, 4, 5.871647e-01, 3.919000e+00, 0.000000e+00, 3.919000e+00, -8.885957e-29, 3.089847e-28, -8.885952e-29, -8.788845e-28, -2.602915e-27, -8.788845e-28, 2.509577e-28, 2.426431e-28, 2.509575e-28
4, 4, 5.770412e-01, 3.919000e+00, 0.000000e+00, 3.919000e+00, -2.072903e-29, 7.638733e-29, -2.072903e-29, -1.729097e-28, -5.425723e-28, -1.729097e-28, 2.767969e-29, 5.755775e-29, 2.767969e-29
4, 4, 5.669177e-01, 3.919000e+00, 0.000000e+00, 3.919000e+00, -5.062409e-30, 1.964374e-29, -5.062411e-30, -2.822694e-29, -1.039931e-28, -2.822694e-29, -4.360489e-30, 1.441056e-29, -4.360482e-30
4, 4, 5.567942e-01, 3.919000e+00, 0.000000e+00, 3.919000e+00, -1.223218e-30, 4.915188e-30, -1.223218e-30, -2.904756e-30, -1.709958e-29, -2.904756e-30, -3.884142e-30, 3.575054e-30, -3.884141e-30
4, 4, 5.466706e-01, 3.919000e+00, 0.000000e+00, 3.919000e+00, -2.762476e-31, 1.128947e-30, -2.762476e-31, 2.655535e-31, -1.960468e-30, 2.655531e-31, -1.490420e-30, 8.284554e-31, -1.490419e-30
4, 4, 5.365471e-01, 3.919000e+00, 0.000000e+00, 3.919000e+00, -5.485738e-32, 2.238174e-31, -5.485738e-32, 2.559455e-31, 3.245962e-32, 2.559455e-31, -4.198670e-31, 1.690304e-31, -4.198670e-31
4, 4, 5.264236e-01, 3.919000e+00, 0.000000e+00, 3.919000e+00, -8.691714e-33, 3.444808e-32, -8.691714e-33, 8.567339e-32, 9.922709e-32, 8.567340e-32, -9.175076e-32, 2.776189e-32, -9.175077e-32
4, 4, 5.163000e-01, 3.919000e+00, 0.000000e+00, 3.919000e+00, -8.151633e-34, 2.824948e-33, -8.151638e-34, 1.924022e-32, 3.270978e-32, 1.924022e-32, -1.449683e-32, 2.843088e-33, -1.449683e-32
4, 4, 5.061765e-01, 3.919000e+00, 0.000000e+00, 3.919000e+00, 6.466512e-35, -3.942644e-34, 6.466517e-35, 2.799973e-33, 6.432636e-33, 2.799972e-33, -1.092011e-33, -1.339782e-34, -1.092012e-33
4, 4, 4.960530e-01, 3.919000e+00, 0.000000e+00, 3.919000e+00, 4.639919e-35, -2.059757e-34, 4.639920e-35, 1.120634e-34, 6.521988e-34, 1.120634e-34, 1.942870e-34, -1.364763e-34, 1.942870e-34
4, 4, 4.859294e-01, 3.919000e+00, 0.000000e+00, 3.919000e+00, 9.662498e-36, -3.818697e-35, 9.662500e-36, -6.364229e-35, -4.705343e-35, -6.364230e-35, 8.254692e-35, -3.030274e-35, 8.254691e-35
4, 4, 4.758059e-01, 3.919000e+00, 0.000000e+00, 3.919000e+00, 7.573324e-37, -2.122696e-36, 7.573325e-37, -1.716099e-35, -2.939423e-35, -1.716099e-35, 1.185832e-35, -2.639626e-36, 1.185832e-35
4, 4, 4.656824e-01, 3.919000e+00, 0.000000e+00, 3.919000e+00, -1.222734e-37, 6.479094e-37, -1.222734e-37, -1.350799e-36, -3.946181e-36, -1.350799e-36, -1.184577e-37, 3.376877e-37, -1.184573e-37
4, 4, 4.555589e-01, 3.919000e+00, 0.000000e+00, 3.919000e+00, -3.790645e-38, 1.478391e-37, -3.790645e-38, 2.424458e-37, 1.767559e-37, 2.424458e-37, -3.159871e-37, 1.191597e-37, -3.159871e-37
4, 4, 4.454353e-01, 3.919000e+00, 0.000000e+00, 3.919000e+00, -1.706180e-39, 1.919394e-39, -1.706173e-39, 5.997209e-38, 1.123353e-37, 5.997208e-38, -3.301526e-38, 6.442261e-39, -3.301528e-38
4, 4, 4.353118e-01, 3.919000e+00, 0.000000e+00, 3.919000e+00, 6.678182e-40, -2.973127e-39, 6.678224e-40, -4.181755e-40, 5.007289e-39, -4.181671e-40, 4.111504e-39, -2.022044e-39, 4.111501e-39
4, 4, 4.251883e-01, 3.919000e+00, 0.000000e+00, 3.919000e+00, 7.091691e-41, -1.853161e-40, 7.091551e-41, -1.228901e-39, -2.001009e-39, -1.228883e-39, 8.516504e-40, -2.409603e-40, 8.516504e-40
4, 4, 4.150647e-01, 3.919000e+00, 0.000000e+00, 3.919000e+00, -1.046770e-41, 4.949106e-41, -1.046490e-41, -1.500791e-41, -1.238580e-40, -1.501211e-41, -5.885454e-41, 3.137507e-41, -5.886014e-41
4, 4, 4.049412e-01, 3.919000e+00, 0.000000e+00, 3.919000e+00, -1.140657e-42, 2.571383e-42, -1.139256e-42, 2.093400e-41, 3.501284e-41, 2.092559e-41, -1.348750e-41, 3.911024e-42, -1.349030e-41
4, 4, 3.948177e-01, 3.919000e+00, 0.000000e+00, 3.919000e+00, 1.975831e-43, -8.337726e-43, 1.947805e-43, -5.030661e-43, 5.212830e-43, -4.904545e-43, 1.405502e-42, -6.025583e-43, 1.411108e-42
4, 4, 3.846941e-01, 3.919000e+00, 0.000000e+00, 3.919000e+00, 2.802597e-45, 1.821688e-44, 7.006492e-45, -2.536350e-43, -5.352960e-43, -2.550363e-43, 1.036961e-43, -5.605194e-45, 9.809089e-44
4, 4, 3.745706e-01, 3.919000e+00, 0.000000e+00, 3.919000e+00, 0.000000e+00, 7.006492e-45, 0.000000e+00, 2.662467e-44, 2.242078e-44, 3.082857e-44, -2.382207e-44, 7.006492e-45, -2.242078e-44
4, 4, 3.644471e-01, 3.919000e+00, 0.000000e+00, 3.919000e+00, 0.000000e+00, 0.000000e+00, 0.000000e+00, -1.401298e-45, -1.401298e-45, -1.401298e-45, 0.000000e+00, 0.000000e+00, 0.000000e+00
4, 4, 3.543236e-01, 3.919000e+00, 0.000000e+00, 3.919000e+00, 0.000000e+00, 0.000000e+00, 0.000000e+00, 0.000000e+00, 0.000000e+00, 0.000000e+00, 0.000000e+00, 0.000000e+00, 0.000000e+00
4, 4, 3.442000e-01, 3.919000e+00, 0.000000e+00, 3.919000e+00, 0.000000e+00, 0.000000e+00, 0.000000e+00, 0.000000e+00, 0.000000e+00, 0.000000e+00, 0.000000e+00, 0.000000e+00, 0.000000e+00
4, 4, 3.340765e-01, 3.919000e+00, 0.000000e+00, 3.919000e+00, 0.000000e+00, 0.000000e+00, 0.000000e+00, 0.000000e+00, 0.000000e+00, 0.000000e+00, 0.000000e+00, 0.000000e+00, 0.000000e+00
4, 4, 3.239530e-01, 3.919000e+00, 0.000000e+00, 3.919000e+00, 0.000000e+00, 0.000000e+00, 0.000000e+00, 0.000000e+00, 0.000000e+00, 0.000000e+00, 0.000000e+00, 0.000000e+00, 0.000000e+00
4, 4, 3.138294e-01, 3.919000e+00, 0.000000e+00, 3.919000e+00, 0.000000e+00, 0.000000e+00, 0.000000e+00, 0.000000e+00, 0.000000e+00, 0.000000e+00, 0.000000e+00, 0.000000e+00, 0.000000e+00
4, 4, 3.037059e-01, 3.919000e+00, 0.000000e+00, 3.919000e+00, 0.000000e+00, 0.000000e+00, 0.000000e+00, 0.000000e+00, 0.000000e+00, 0.000000e+00, 0.000000e+00, 0.000000e+00, 0.000000e+00
4, 4, 2.935824e-01, 3.919000e+00, 0.000000e+00, 3.919000e+00, 0.000000e+00, 0.000000e+00, 0.000000e+00, 0.000000e+00, 0.000000e+00, 0.000000e+00, 0.000000e+00, 0.000000e+00, 0.000000e+00
4, 4, 2.834588e-01, 3.919000e+00, 0.000000e+00, 3.919000e+00, 0.000000e+00, 0.000000e+00, 0.000000e+00, 0.000000e+00, 0.000000e+00, 0.000000e+00, 0.000000e+00, 0.000000e+00, 0.000000e+00
4, 4, 2.733353e-01, 3.919000e+00, 0.000000e+00, 3.919000e+00, 0.000000e+00, 0.000000e+00, 0.000000e+00, 0.000000e+00, 0.000000e+00, 0.000000e+00, 0.000000e+00, 0.000000e+00, 0.000000e+00
4, 4, 2.632118e-01, 3.919000e+00, 0.000000e+00, 3.919000e+00, 0.000000e+00, 0.000000e+00, 0.000000e+00, 0.000000e+00, 0.000000e+00, 0.000000e+00, 0.000000e+00, 0.000000e+00, 0.000000e+00
4, 4, 2.530883e-01, 3.919000e+00, 0.000000e+00, 3.919000e+00, 0.000000e+00, 0.000000e+00, 0.000000e+00, 0.000000e+00, 0.000000e+00, 0.000000e+00, 0.000000e+00, 0.000000e+00, 0.000000e+00
4, 4, 2.429647e-01, 3.919000e+00, 0.000000e+00, 3.919000e+00, 0.000000e+00, 0.000000e+00, 0.000000e+00, 0.000000e+00, 0.000000e+00, 0.000000e+00, 0.000000e+00, 0.000000e+00, 0.000000e+00
4, 4, 2.328412e-01, 3.919000e+00, 0.000000e+00, 3.919000e+00, 0.000000e+00, 0.000000e+00, 0.000000e+00, 0.000000e+00, 0.000000e+00, 0.000000e+00, 0.000000e+00, 0.000000e+00, 0.000000e+00
4, 4, 2.227177e-01, 3.919000e+00, 0.000000e+00, 3.919000e+00, 0.000000e+00, 0.000000e+00, 0.000000e+00, 0.000000e+00, 0.000000e+00, 0.000000e+00, 0.000000e+00, 0.000000e+00, 0.000000e+00
4, 4, 2.125941e-01, 3.919000e+00, 0.000000e+00, 3.919000e+00, 0.000000e+00, 0.000000e+00, 0.000000e+00, 0.000000e+00, 0.000000e+00, 0.000000e+00, 0.000000e+00, 0.000000e+00, 0.000000e+00
4, 4, 2.024706e-01, 3.919000e+00, 0.000000e+00, 3.919000e+00, 0.000000e+00, 0.000000e+00, 0.000000e+00, 0.000000e+00, 0.000000e+00, 0.000000e+00, 0.000000e+00, 0.000000e+00, 0.000000e+00
4, 4, 1.923471e-01, 3.919000e+00, 0.000000e+00, 3.919000e+00, 0.000000e+00, 0.000000e+00, 0.000000e+00, 0.000000e+00, 0.000000e+00, 0.000000e+00, 0.000000e+00, 0.000000e+00, 0.000000e+00
4, 4, 1.822235e-01, 3.919000e+00, 0.000000e+00, 3.919000e+00, 0.000000e+00, 0.000000e+00, 0.000000e+00, 0.000000e+00, 0.000000e+00, 0.000000e+00, 0.000000e+00, 0.000000e+00, 0.000000e+00
4, 4, 1.721000e-01, 3.919000e+00, 0.000000e+00, 3.919000e+00, 0.000000e+00, 0.000000e+00, 0.000000e+00, 0.000000e+00, 0.000000e+00, 0.000000e+00, 0.000000e+00, 0.000000e+00, 0.000000e+00
4, 4, 1.619765e-01, 3.919000e+00, 0.000000e+00, 3.919000e+00, 0.000000e+00, 0.000000e+00, 0.000000e+00, 0.000000e+00, 0.000000e+00, 0.000000e+00, 0.000000e+00, 0.000000e+00, 0.000000e+00
4, 4, 1.518530e-01, 3.919000e+00, 0.000000e+00, 3.919000e+00, 0.000000e+00, 0.000000e+00, 0.000000e+00, 0.000000e+00, 0.000000e+00, 0.000000e+00, 0.000000e+00, 0.000000e+00, 0.000000e+00
4, 4, 1.417294e-01, 3.919000e+00, 0.000000e+00, 3.919000e+00, 0.000000e+00, 0.000000e+00, 0.000000e+00, 0.000000e+00, 0.000000e+00, 0.000000e+00, 0.000000e+00, 0.000000e+00, 0.000000e+00
4, 4, 1.316059e-01, 3.919000e+00, 0.000000e+00, 3.919000e+00, 0.000000e+00, 0.000000e+00, 0.000000e+00, 0.000000e+00, 0.000000e+00, 0.000000e+00, 0.000000e+00, 0.000000e+00, 0.000000e+00
4, 4, 1.214824e-01, 3.919000e+00, 0.000000e+00, 3.919000e+00, 0.000000e+00, 0.000000e+00, 0.000000e+00, 0.000000e+00, 0.000000e+00, 0.000000e+00, 0.000000e+00, 0.000000e+00, 0.000000e+00
4, 4, 1.113588e-01, 3.919000e+00, 0.000000e+00, 3.919000e+00, 0.000000e+00, 0.000000e+00, 0.000000e+00, 0.000000e+00, 0.000000e+00, 0.000000e+00, 0.000000e+00, 0.000000e+00, 0.000000e+00
4, 4, 1.012353e-01, 3.919000e+00, 0.000000e+00, 3.919000e+00, 0.000000e+00, 0.000000e+00, 0.000000e+00, 0.000000e+00, 0.000000e+00, 0.000000e+00, 0.000000e+00, 0.000000e+00, 0.000000e+00
4, 4, 9.111177e-02, 3.919000e+00, 0.000000e+00, 3.919000e+00, 0.000000e+00, 0.000000e+00, 0.000000e+00, 0.000000e+00, 0.000000e+00, 0.000000e+00, 0.000000e+00, 0.000000e+00, 0.000000e+00
4, 4, 8.098824e-02, 3.919000e+00, 0.000000e+00, 3.919000e+00, 0.000000e+00, 0.000000e+00, 0.000000e+00, 0.000000e+00, 0.000000e+00, 0.000000e+00, 0.000000e+00, 0.000000e+00, 0.000000e+00
4, 4, 7.086471e-02, 3.919000e+00, 0.000000e+00, 3.919000e+00, 0.000000e+00, 0.000000e+00, 0.000000e+00, 0.000000e+00, 0.000000e+00, 0.000000e+00, 0.000000e+00, 0.000000e+00, 0.000000e+00
4, 4, 6.074118e-02, 3.919000e+00, 0.000000e+00, 3.919000e+00, 0.000000e+00, 0.000000e+00, 0.000000e+00, 0.000000e+00, 0.000000e+00, 0.000000e+00, 0.000000e+00, 0.000000e+00, 0.000000e+00
4, 4, 5.061765e-02, 3.919000e+00, 0.000000e+00, 3.919000e+00, 0.000000e+00, 0.000000e+00, 0.000000e+00, 0.000000e+00, 0.000000e+00, 0.000000e+00, 0.000000e+00, 0.000000e+00, 0.000000e+00
4, 4, 4.049412e-02, 3.919000e+00, 0.000000e+00, 3.919000e+00, 0.000000e+00, 0.000000e+00, 0.000000e+00, 0.000000e+00, 0.000000e+00, 0.000000e+00, 0.000000e+00, 0.000000e+00, 0.000000e+00
4, 4, 3.037059e-02, 3.919000e+00, 0.000000e+00, 3.919000e+00, 0.000000e+00, 0.000000e+00, 0.000000e+00, 0.000000e+00, 0.000000e+00, 0.000000e+00, 0.000000e+00, 0.000000e+00, 0.000000e+00
4, 4, 2.024706e-02, 3.919000e+00, 0.000000e+00, 3.919000e+00, 0.000000e+00, 0.000000e+00, 0.000000e+00, 0.000000e+00, 0.000000e+00, 0.000000e+00, 0.000000e+00, 0.000000e+00, 0.000000e+00
4, 4, 1.012353e-02, 3.919000e+00, 0.000000e+00, 3.919000e+00, 0.000000e+00, 0.000000e+00, 0.000000e+00, 0.000000e+00, 0.000000e+00, 0.000000e+00, 0.000000e+00, 0.000000e+00, 0.000000e+00
4, 4, 0.000000e+00, 3.919000e+00, 0.000000e+00, 3.919000e+00, 0.000000e+00, 0.000000e+00, 0.000000e+00, 0.000000e+00, 0.000000e+00, 0.000000e+00, 0.000000e+00, 0.000000e+00, 0.000000e+00
5, 5, 3.026935e+00, 7.348000e+00, 0.000000e+00, 7.348000e+00, 7.010552e-02, -7.557852e-02, 7.010555e-02, -8.822322e-01, -7.252373e-03, -8.822322e-01, 6.537686e-03, -9.703205e-01, 6.538050e-03
5, 5, 3.016812e+00, 7.348000e+00, 0.000000e+00, 7.348000e+00, 6.862269e-02, -4.726527e-02, 6.862269e-02, -8.468538e-01, -1.518590e-02, -8.468542e-01, 1.178769e-02, -9.494833e-01, 1.178781e-02
5, 5, 3.006688e+00, 7.348000e+00, 0.000000e+00, 7.348000e+00, 6.216459e-02, 1.188598e-03, 6.216462e-02, -7.680156e-01, -4.243835e-03, -7.680158e-01, 2.614724e-03, -9.203133e-01, 2.614243e-03
5, 5, 2.996565e+00, 7.348000e+00, 0.000000e+00, 7.348000e+00, 5.310049e-02, 7.063723e-02, 5.310033e-02, -6.739022e-01, 1.007023e-02, -6.739025e-01, -7.701009e-03, -8.829062e-01, -7.701077e-03
5, 5, 2.986441e+00, 7.348000e+00, 0.000000e+00, 7.348000e+00, 4.650067e-02, 1.474473e-01, 4.650037e-02, -5.930045e-01, 1.758088e-02, -5.930048e-01, -1.153701e-02, -8.501936e-01, -1.153659e-02
5, 5, 2.976318e+00, 7.348000e+00, 0.000000e+00, 7.348000e+00, 4.999915e-02, 2.074865e-01, 4.999927e-02, -5.690878e-01, 2.941857e-03, -5.690891e-01, -3.317377e-03, -8.445095e-01, -3.317478e-03
5, 5, 2.966194e+00, 7.348000e+00, 0.000000e+00, 7.348000e+00, 6.185967e-02, 2.388757e-01, 6.185987e-02, -5.835615e-01, -1.962959e-02, -5.835623e-01, 9.767327e-03, -8.573821e-01, 9.766947e-03
5, 5, 2.956071e+00, 7.348000e+00, 0.000000e+00, 7.348000e+00, 8.419720e-02, 2.441414e-01, 8.419711e-02, -6.423185e-01, -6.408410e-03, -6.423184e-01, 9.960109e-03, -9.040197e-01, 9.960085e-03
5, 5, 2.945947e+00, 7.348000e+00, 0.000000e+00, 7.348000e+00, 1.005516e-01, 2.547078e-01, 1.005514e-01, -6.699437e-01, -2.681058e-02, -6.699443e-01, 1.903731e-02, -9.288892e-01, 1.903748e-02
5, 5, 2.935824e+00, 7.348000e+00, 0.000000e+00, 7.348000e+00, 1.127865e-01, 2.708721e-01, 1.127865e-01, -6.429456e-01, 2.100856e-04, -6.429467e-01, -9.845776e-03, -9.315813e-01, -9.845898e-03
5, 5, 2.925700e+00, 7.348000e+00, 0.000000e+00, 7.348000e+00, 1.495861e-01, 2.716250e-01, 1.495862e-01, -7.498153e-01, 1.358068e-01, -7.498172e-01, -7.702274e-02, -1.020604e+00, -7.702247e-02
5, 5, 2.915577e+00, 7.348000e+00, 0.000000e+00, 7.348000e+00, 1.542935e-01, 3.224846e-01, 1.542935e-01, -7.913020e-01, 8.489696e-03, -7.913024e-01, 4.115648e-03, -1.005261e+00, 4.115693e-03
5, 5, 2.905453e+00, 7.348000e+00, 0.000000e+00, 7.348000e+00, 1.294549e-01, 3.876868e-01, 1.294550e-01, -6.772966e-01, -2.252359e-01, -6.772963e-01, 1.189407e-01, -8.810343e-01, 1.189407e-01
5, 5, 2.895330e+00, 7.348000e+00, 0.000000e+00, 7.348000e+00, 1.700233e-01, 3.391605e-01, 1.700232e-01, -7.885872e-01, -9.951974e-03, -7.885874e-01, 1.142063e-03, -9.835753e-01, 1.142339e-03
5, 5, 2.885206e+00, 7.348000e+00, 0.000000e+00, 7.348000e+00, 1.539480e-01, 3.097709e-01, 1.539482e-01, -5.785730e-01, 1.995721e-01, -5.785735e-01, -9.932396e-02, -9.248338e-01, -9.932428e-02
5, 5, 2.875083e+00, 7.348000e+00, 0.000000e+00, 7.348000e+00, 3.529062e-03, 3.922325e-01, 3.529113e-03, 2.612890e-01, 4.742360e-04, 2.612886e-01, 6.604437e-04, -4.497634e-01, 6.603501e-04
5, 5, 2.864959e+00, 7.348000e+00, 0.000000e+00, 7.348000e+00, -5.207241e-02, 3.709199e-01, -5.207269e-02, 4.660396e-01, -9.412107e-02, 4.660388e-01, 4.202759e-02, -3.224422e-01, 4.202792e-02
5, 5, 2.854835e+00, 7.348000e+00, 0.000000e+00, 7.348000e+00, 3.098307e-02, 2.270508e-01, 3.098297e-02, -1.644890e-01, 1.201732e-02, -1.644907e-01, -7.800565e-03, -6.619484e-01, -7.800412e-03
5, 5, 2.844712e+00, 7.348000e+00, 0.000000e+00, 7.348000e+00, 6.549492e-02, 1.640104e-01, 6.549489e-02, -4.733012e-01, 1.584990e-02, -4.733020e-01, -4.166188e-03, -8.132497e-01, -4.166203e-03
5, 5, 2.834588e+00, 7.348000e+00, 0.000000e+00, 7.348000e+00, 3.492872e-02, 1.960471e-01, 3.492879e-02, -3.238077e-01, -3.064510e-02, -3.238082e-01, 1.675856e-02, -7.238975e-01, 1.675829e-02
5, 5, 2.824465e+00, 7.348000e+00, 0.000000e+00, 7.348000e+00, 1.226611e-02, 2.322707e-01, 1.226619e-02, -1.819572e-01, 7.919622e-03, -1.819586e-01, -5.287512e-03, -6.585119e-01, -5.287632e-03
5, 5, 2.814341e+00, 7.348000e+00, 0.000000e+00, 7.348000e+00, -7.027919e-03, 2.620700e-01, -7.027943e-03, -6.961221e-02, 6.910154e-02, -6.961314e-02, -3.069407e-02, -6.134129e-01, -3.069384e-02
5, 5, 2.804218e+00, 7.348000e+00, 0.000000e+00, 7.348000e+00, -5.226491e-02, 3.141241e-01, -5.226490e-02, 1.486678e-01, -1.342090e-02, 1.486679e-01, 1.028086e-02, -4.813208e-01, 1.028088e-02
5, 5, 2.794094e+00, 7.348000e+00, 0.000000e+00, 7.348000e+00, -9.539459e-02, 3.568072e-01, -9.539463e-02, 3.624555e-01, -1.064930e-01, 3.624561e-01, 4.582167e-02, -3.475486e-01, 4.582171e-02
5, 5, 2.783971e+00, 7.348000e+00, 0.000000e+00, 7.348000e+00, -9.713332e-02, 3.465254e-01, -9.713346e-02, 4.171850e-01, 1.768458e-02, 4.171846e-01, -1.606412e-02, -3.422680e-01, -1.606415e-02
5, 5, 2.773847e+00, 7.348000e+00, 0.000000e+00, 7.348000e+00, -1.199815e-01, 3.519477e-01, -1.199817e-01, 6.292737e-01, 1.031709e-01, 6.292730e-01, -4.756025e-02, -2.475477e-01, -4.756024e-02
5, 5, 2.763724e+00, 7.348000e+00, 0.000000e+00, 7.348000e+00, -1.789791e-01, 3.958268e-01, -1.789792e-01, 1.012211e+00, -1.452078e-02, 1.012211e+00, 1.299212e-02, -2.311257e-02, 1.299215e-02
5, 5, 2.753600e+00, 7.348000e+00, 0.000000e+00, 7.348000e+00, -1.626818e-01, 3.716363e-01, -1.626819e-01, 8.983536e-01, -6.561613e-02, 8.983532e-01, 3.397249e-02, -6.881406e-02, 3.397263e-02
5, 5, 2.743477e+00, 7.348000e+00, 0.000000e+00, 7.348000e+00, -8.011945e-02, 2.846921e-01, -8.011936e-02, 3.627358e-01, -6.303568e-03, 3.627356e-01, 7.220364e-03, -3.498168e-01, 7.220430e-03
5, 5, 2.733353e+00, 7.348000e+00, 0.000000e+00, 7.348000e+00, -3.294731e-02, 2.267587e-01, -3.294710e-02, 7.473636e-02, 2.864992e-02, 7.473637e-02, -1.777110e-02, -4.976878e-01, -1.777116e-02
5, 5, 2.723230e+00, 7.348000e+00, 0.000000e+00, 7.348000e+00, -1.736064e-02, 1.925330e-01, -1.736066e-02, 1.050108e-02, 3.425333e-02, 1.050151e-02, -3.366029e-02, -5.286047e-01, -3.366025e-02
5, 5, 2.713106e+00, 7.348000e+00, 0.000000e+00, 7.348000e+00, -6.056065e-03, 1.556298e-01, -6.056245e-03, -8.338178e-02, -7.762532e-03, -8.338134e-02, 9.714738e-03, -5.587014e-01, 9.714700e-03
5, 5, 2.702983e+00, 7.348000e+00, 0.000000e+00, 7.348000e+00, 1.762461e-02, 9.651389e-02, 1.762451e-02, -2.270490e-01, -3.717093e-02, -2.270498e-01, 3.586376e-02, -6.204463e-01, 3.586355e-02
5, 5, 2.692859e+00, 7.348000e+00, 0.000000e+00, 7.348000e+00, 6.590995e-02, 3.340454e-03, 6.591000e-02, -4.370098e-01, 6.256621e-03, -4.370110e-01, -1.311196e-02, -7.351901e-01, -1.311210e-02
5, 5, 2.682735e+00, 7.348000e+00, 0.000000e+00, 7.348000e+00, 8.573627e-02, -5.409214e-02, 8.573630e-02, -5.508082e-01, 1.526344e-02, -5.508091e-01, -1.339382e-02, -7.785167e-01, -1.339372e-02
5, 5, 2.672612e+00, 7.348000e+00, 0.000000e+00, 7.348000e+00, 7.317302e-02, -5.705064e-02, 7.317317e-02, -5.095720e-01, -1.692612e-02, -5.095731e-01, 1.999473e-02, -7.478875e-01, 1.999478e-02
5, 5, 2.662488e+00, 7.348000e+00, 0.000000e+00, 7.348000e+00, 8.415969e-02, -8.411275e-02, 8.415964e-02, -5.352105e-01, -7.021508e-03, -5.352101e-01, 4.360908e-03, -7.767168e-01, 4.360863e-03
5, 5, 2.652365e+00, 7.348000e+00, 0.000000e+00, 7.348000e+00, 1.093077e-01, -1.431642e-01, 1.093076e-01, -6.453182e-01, 1.447875e-02, -6.453179e-01, -1.362089e-02, -8.339453e-01, -1.362081e-02
5, 5, 2.642241e+00, 7.348000e+00, 0.000000e+00, 7.348000e+00, 1.273278e-01, -2.024121e-01, 1.273278e-01, -7.398978e-01, 1.618161e-02, -7.398983e-01, -1.339426e-02, -8.712570e-01, -1.339399e-02
5, 5, 2.632118e+00, 7.348000e+00, 0.000000e+00, 7.348000e+00, 1.466541e-01, -2.685096e-01, 1.466540e-01, -8.414815e-01, 7.313640e-03, -8.414827e-01, -6.543612e-03, -9.119246e-01, -6.543549e-03
5, 5, 2.621994e+00, 7.348000e+00, 0.000000e+00, 7.348000e+00, 1.663656e-01, -3.339550e-01, 1.663656e-01, -9.492937e-01, -8.703866e-03, -9.492940e-01, 7.774531e-03, -9.523094e-01, 7.774268e-03
5, 5, 2.611871e+00, 7.348000e+00, 0.000000e+00, 7.348000e+00, 1.807585e-01, -3.713202e-01, 1.807584e-01, -1.026148e+00, -1.821603e-02, -1.026147e+00, 1.568906e-02, -9.786090e-01, 1.568917e-02
5, 5, 2.601747e+00, 7.348000e+00, 0.000000e+00, 7.348000e+00, 1.844653e-01, -3.576385e-01, 1.844652e-01, -1.041497e+00, -1.248648e-02, -1.041497e+00, 1.055984e-02, -9.778750e-01, 1.055987e-02
5, 5, 2.591624e+00, 7.348000e+00, 0.000000e+00, 7.348000e+00, 1.747519e-01, -2.896775e-01, 1.747519e-01, -9.845509e-01, 4.795073e-03, -9.845513e-01, -3.929194e-03, -9.439534e-01, -3.929055e-03
5, 5, 2.581500e+00, 7.348000e+00, 0.000000e+00, 7.348000e+00, 1.561430e-01, -1.935364e-01, 1.561429e-01, -8.852636e-01, 1.901855e-02, -8.852630e-01, -1.607490e-02, -8.887549e-01, -1.607498e-02
5, 5, 2.571377e+00, 7.348000e+00, 0.000000e+00, 7.348000e+00, 1.353699e-01, -1.071754e-01, 1.353699e-01, -7.874820e-01, 1.140126e-02, -7.874819e-01, -9.821252e-03, -8.293449e-01, -9.821391e-03
5, 5, 2.561253e+00, 7.348000e+00, 0.000000e+00, 7.348000e+00, 1.204123e-01, -5.848143e-02, 1.204123e-01, -7.257236e-01, -1.039107e-02, -7.257246e-01, 8.817066e-03, -7.851372e-01, 8.817305e-03
5, 5, 2.551130e+00, 7.348000e+00, 0.000000e+00, 7.348000e+00, 1.174068e-01, -5.069903e-02, 1.174070e-01, -7.128304e-01, -1.486902e-02, -7.128316e-01, 1.284910e-02, -7.699375e-01, 1.284904e-02
5, 5, 2.541006e+00, 7.348000e+00, 0.000000e+00, 7.348000e+00, 1.202649e-01, -5.698981e-02, 1.202649e-01, -7.168711e-01, 1.556897e-03, -7.168714e-01, -1.892565e-03, -7.684064e-01, -1.892407e-03
5, 5, 2.530883e+00, 7.348000e+00, 0.000000e+00, 7.348000e+00, 1.151893e-01, -4.535649e-02, 1.151892e-01, -6.870337e-01, 9.138250e-03, -6.870332e-01, -8.474317e-03, -7.478531e-01, -8.474353e-03
5, 5, 2.520759e+00, 7.348000e+00, 0.000000e+00, 7.348000e+00, 1.028421e-01, -1.709808e-02, 1.028422e-01, -6.304291e-01, 2.173904e-03, -6.304287e-01, -8.286967e-04, -7.106190e-01, -8.289335e-04
5, 5, 2.510635e+00, 7.348000e+00, 0.000000e+00, 7.348000e+00, 9.733997e-02, 1.898453e-03, 9.733982e-02, -6.062471e-01, -2.446286e-03, -6.062461e-01, 2.443426e-03, -6.904930e-01, 2.443637e-03
5, 5, 2.500512e+00, 7.348000e+00, 0.000000e+00, 7.348000e+00, 9.957507e-02, 6.298397e-03, 9.957501e-02, -6.181414e-01, -4.537154e-03, -6.181405e-01, 3.351229e-03, -6.891983e-01, 3.351205e-03
5, 5, 2.490388e+00, 7.348000e+00, 0.000000e+00, 7.348000e+00, 1.031851e-01, 7.928526e-03, 1.031851e-01, -6.328005e-01, 1.797579e-04, -6.328002e-01, 2.218054e-04, -6.907211e-01, 2.216650e-04
5, 5, 2.480265e+00, 7.348000e+00, 0.000000e+00, 7.348000e+00, 1.065894e-01, 1.180622e-02, 1.065892e-01, -6.453294e-01, 6.039672e-03, -6.453295e-01, -5.786341e-03, -6.912565e-01, -5.786253e-03
5, 5, 2.470141e+00, 7.348000e+00, 0.000000e+00, 7.348000e+00, 1.043500e-01, 2.245723e-02, 1.043500e-01, -6.372110e-01, -1.558392e-03, -6.372113e-01, 1.560232e-03, -6.788316e-01, 1.560182e-03
5, 5, 2.460018e+00, 7.348000e+00, 0.000000e+00, 7.348000e+00, 1.019398e-01, 3.248210e-02, 1.019400e-01, -6.252968e-01, -4.071410e-03, -6.252968e-01, 3.929327e-03, -6.654571e-01, 3.929350e-03
5, 5, 2.449894e+00, 7.348000e+00, 0.000000e+00, 7.348000e+00, 1.033479e-01, 3.732747e-02, 1.033480e-01, -6.274485e-01, 1.767933e-03, -6.274472e-01, -2.055492e-03, -6.601663e-01, -2.055424e-03
5, 5, 2.439771e+00, 7.348000e+00, 0.000000e+00, 7.348000e+00, 1.000087e-01, 4.974731e-02, 1.000088e-01, -6.090397e-01, 1.933679e-03, -6.090385e-01, -1.639604e-03, -6.439421e-01, -1.639676e-03
5, 5, 2.429647e+00, 7.348000e+00, 0.000000e+00, 7.348000e+00, 9.282525e-02, 6.911079e-02, 9.282519e-02, -5.718668e-01, 7.437019e-04, -5.718656e-01, -3.517758e-04, -6.189423e-01, -3.518718e-04
5, 5, 2.419524e+00, 7.348000e+00, 0.000000e+00, 7.348000e+00, 8.537852e-02, 9.024737e-02, 8.537833e-02, -5.339593e-01, -8.861347e-04, -5.339583e-01, 9.854409e-04, -5.932693e-01, 9.857627e-04
5, 5, 2.409400e+00, 7.348000e+00, 0.000000e+00, 7.348000e+00, 7.736724e-02, 1.165850e-01, 7.736734e-02, -4.958047e-01, -7.771299e-03, -4.958044e-01, 5.743687e-03, -5.665578e-01, 5.743609e-03
5, 5, 2.399277e+00, 7.348000e+00, 0.000000e+00, 7.348000e+00, 6.905823e-02, 1.481365e-01, 6.905828e-02, -4.517146e-01, -6.766252e-03, -4.517146e-01, 7.018100e-03, -5.392146e-01, 7.018127e-03
5, 5, 2.389153e+00, 7.348000e+00, 0.000000e+00, 7.348000e+00, 6.438493e-02, 1.781123e-01, 6.438490e-02, -4.156683e-01, 1.225426e-02, -4.156674e-01, -1.137482e-02, -5.201791e-01, -1.137500e-02
5, 5, 2.379030e+00, 7.348000e+00, 0.000000e+00, 7.348000e+00, 5.670391e-02, 2.102103e-01, 5.670382e-02, -3.689989e-01, 2.253369e-02, -3.689970e-01, -2.095228e-02, -4.945147e-01, -2.095213e-02
5, 5, 2.368906e+00, 7.348000e+00, 0.000000e+00, 7.348000e+00, 4.346820e-02, 2.476869e-01, 4.346814e-02, -3.018495e-01, 2.344829e-02, -3.018483e-01, -1.506895e-02, -4.558920e-01, -1.506886e-02
5, 5, 2.358783e+00, 7.348000e+00, 0.000000e+00, 7.348000e+00, 3.191775e-02, 2.874728e-01, 3.191771e-02, -2.731526e-01, -3.144234e-02, -2.731527e-01, 2.026738e-02, -4.229275e-01, 2.026731e-02
5, 5, 2.348659e+00, 7.348000e+00, 0.000000e+00, 7.348000e+00, 6.978772e-03, 3.438767e-01, 6.978741e-03, -1.910399e-01, -1.068073e-01, -1.910401e-01, 9.412500e-02, -3.593937e-01, 9.412509e-02
5, 5, 2.338535e+00, 7.348000e+00, 0.000000e+00, 7.348000e+00, 1.788389e-02, 3.648501e-01, 1.788395e-02, -1.655970e-01, 3.355426e-02, -1.655972e-01, -1.765186e-02, -3.774740e-01, -1.765213e-02
5, 5, 2.328412e+00, 7.348000e+00, 0.000000e+00, 7.348000e+00, 5.124405e-02, 3.643101e-01, 5.124412e-02, -2.609551e-01, 1.495019e-01, -2.609549e-01, -1.462982e-01, -4.495741e-01, -1.462983e-01
5, 5, 2.318288e+00, 7.348000e+00, 0.000000e+00, 7.348000e+00, 2.850338e-03, 4.510777e-01, 2.850225e-03, -1.290636e-01, -3.702531e-02, -1.290628e-01, 3.427375e-02, -3.324655e-01, 3.427396e-02
5, 5, 2.308165e+00, 7.348000e+00, 0.000000e+00, 7.348000e+00, 2.490806e-02, 4.366314e-01, 2.490817e-02, -2.672101e-01, -9.111920e-02, -2.672099e-01, 9.165096e-02, -3.842312e-01, 9.165060e-02
5, 5, 2.298041e+00, 7.348000e+00, 0.000000e+00, 7.348000e+00, 1.681973e-01, 2.469472e-01, 1.681974e-01, -9.013138e-01, 2.065691e-02, -9.013136e-01, -2.724626e-02, -7.227231e-01, -2.724589e-02
5, 5, 2.287918e+00, 7.348000e+00, 0.000000e+00, 7.348000e+00, 2.238490e-01, 1.671372e-01, 2.238491e-01, -1.178041e+00, 8.038537e-03, -1.178040e+00, -6.090357e-03, -8.484429e-01, -6.090856e-03
5, 5, 2.277794e+00, 7.348000e+00, 0.000000e+00, 7.348000e+00, 2.211423e-01, 1.872915e-01, 2.211423e-01, -1.167158e+00, 9.209812e-04, -1.167158e+00, 8.935600e-04, -8.313351e-01, 8.934600e-04
5, 5, 2.267671e+00, 7.348000e+00, 0.000000e+00, 7.348000e+00, 2.463899e-01, 1.832593e-01, 2.463897e-01, -1.276808e+00, 2.071631e-02, -1.276807e+00, -2.051774e-02, -8.808735e-01, -2.051757e-02
5, 5, 2.257547e+00, 7.348000e+00, 0.000000e+00, 7.348000e+00, 2.786958e-01, 1.913701e-01, 2.786955e-01, -1.437931e+00, 8.247750e-03, -1.437931e+00, -6.669283e-03, -9.478238e-01, -6.668904e-03
5, 5, 2.247424e+00, 7.348000e+00, 0.000000e+00, 7.348000e+00, 3.173500e-01, 2.061563e-01, 3.173502e-01, -1.631961e+00, -7.876299e-03, -1.631961e+00, 7.626782e-03, -1.028721e+00, 7.626723e-03
5, 5, 2.237300e+00, 7.348000e+00, 0.000000e+00, 7.348000e+00, 3.422734e-01, 2.094814e-01, 3.422735e-01, -1.753450e+00, -1.795973e-02, -1.753450e+00, 1.750567e-02, -1.074971e+00, 1.750572e-02
5, 5, 2.227177e+00, 7.348000e+00, 0.000000e+00, 7.348000e+00, 3.246497e-01, 1.906195e-01, 3.246497e-01, -1.658080e+00, -1.006052e-02, -1.658080e+00, 9.830301e-03, -1.016364e+00, 9.830536e-03
5, 5, 2.217053e+00, 7.348000e+00, 0.000000e+00, 7.348000e+00, 2.538280e-01, 1.456910e-01, 2.538281e-01, -1.298366e+00, 5.494675e-03, -1.298365e+00, -6.145357e-03, -8.298870e-01, -6.145491e-03
5, 5, 2.206930e+00, 7.348000e+00, 0.000000e+00, 7.348000e+00, 1.499340e-01, 8.799138e-02, 1.499339e-01, -7.848120e-01, 1.299929e-02, -7.848110e-01, -1.395668e-02, -5.663778e-01, -1.395661e-02
5, 5, 2.196806e+00, 7.348000e+00, 0.000000e+00, 7.348000e+00, 5.777613e-02, 3.729401e-02, 5.777604e-02, -3.382872e-01, 5.604911e-03, -3.382865e-01, -7.305169e-03, -3.363269e-01, -7.305229e-03
5, 5, 2.186683e+00, 7.348000e+00, 0.000000e+00, 7.348000e+00, 1.286569e-02, 8.528582e-03, 1.286573e-02, -1.266098e-01, -5.521055e-03, -1.266095e-01, 5.734466e-03, -2.243404e-01, 5.734587e-03
5, 5, 2.176559e+00, 7.348000e+00, 0.000000e+00, 7.348000e+00, 1.757994e-02, 4.694830e-04, 1.757998e-02, -1.516133e-01, -6.417918e-03, -1.516133e-01, 8.839675e-03, -2.339162e-01, 8.839636e-03
5, 5, 2.166435e+00, 7.348000e+00, 0.000000e+00, 7.348000e+00, 4.331385e-02, 1.007014e-03, 4.331389e-02, -2.737289e-01, 1.284848e-03, -2.737286e-01, 1.476520e-03, -2.938205e-01, 1.476305e-03
5, 5, 2.156312e+00, 7.348000e+00, 0.000000e+00, 7.348000e+00, 5.908591e-02, -4.994843e-04, 5.908578e-02, -3.501190e-01, 3.346686e-03, -3.501182e-01, -3.451897e-03, -3.284896e-01, -3.451723e-03
5, 5, 2.146188e+00, 7.348000e+00, 0.000000e+00, 7.348000e+00, 5.944823e-02, -9.101546e-03, 5.944812e-02, -3.531605e-01, 5.920978e-04, -3.531601e-01, -2.948476e-03, -3.255543e-01, -2.948438e-03
5, 5, 2.136065e+00, 7.348000e+00, 0.000000e+00, 7.348000e+00, 5.754830e-02, -2.346533e-02, 5.754834e-02, -3.456459e-01, -1.158128e-03, -3.456460e-01, -8.291755e-04, -3.170614e-01, -8.294008e-04
5, 5, 2.125941e+00, 7.348000e+00, 0.000000e+00, 7.348000e+00, 6.218851e-02, -3.737887e-02, 6.218849e-02, -3.684590e-01, -9.271238e-04, -3.684590e-01, 1.442544e-03, -3.248300e-01, 1.442669e-03
5, 5, 2.115818e+00, 7.348000e+00, 0.000000e+00, 7.348000e+00, 7.247584e-02, -5.092300e-02, 7.247581e-02, -4.187896e-01, -5.157060e-05, -4.187899e-01, 1.508790e-03, -3.458365e-01, 1.509130e-03
5, 5, 2.105694e+00, 7.348000e+00, 0.000000e+00, 7.348000e+00, 8.358664e-02, -6.654769e-02, 8.358685e-02, -4.730494e-01, -4.971088e-04, -4.730493e-01, 7.226998e-04, -3.684992e-01, 7.223735e-04
5, 5, 2.095571e+00, 7.348000e+00, 0.000000e+00, 7.348000e+00, 9.345182e-02, -8.450457e-02, 9.345194e-02, -5.208204e-01, -1.948874e-05, -5.208191e-01, -5.612837e-04, -3.875611e-01, -5.613697e-04
5, 5, 2.085447e+00, 7.348000e+00, 0.000000e+00, 7.348000e+00, 1.037155e-01, -1.044474e-01, 1.037154e-01, -5.683121e-01, 3.459158e-03, -5.683109e-01, -3.196992e-03, -4.074193e-01, -3.196657e-03
5, 5, 2.075324e+00, 7.348000e+00, 0.000000e+00, 7.348000e+00, 1.138150e-01, -1.259469e-01, 1.138150e-01, -6.183541e-01, 1.678857e-03, -6.183540e-01, -1.264902e-03, -4.264995e-01, -1.265097e-03
5, 5, 2.065200e+00, 7.348000e+00, 0.000000e+00, 7.348000e+00, 1.238602e-01, -1.484826e-01, 1.238602e-01, -6.702380e-01, -5.949994e-03, -6.702382e-01, 5.352604e-03, -4.454111e-01, 5.352662e-03
5, 5, 2.055077e+00, 7.348000e+00, 0.000000e+00, 7.348000e+00, 1.377269e-01, -1.738849e-01, 1.377267e-01, -7.383165e-01, -8.128518e-03, -7.383158e-01, 6.478919e-03, -4.727426e-01, 6.479050e-03
5, 5, 2.044953e+00, 7.348000e+00, 0.000000e+00, 7.348000e+00, 1.552790e-01, -2.012353e-01, 1.552789e-01, -8.159070e-01, 2.976561e-03, -8.159057e-01, -2.596203e-03, -5.083406e-01, -2.596227e-03
5, 5, 2.034830e+00, 7.348000e+00, 0.000000e+00, 7.348000e+00, 1.731263e-01, -2.318188e-01, 1.731263e-01, -8.895990e-01, 2.309725e-02, -8.895988e-01, -1.967689e-02, -5.438685e-01, -1.967666e-02
5, 5, 2.024706e+00, 7.348000e+00, 0.000000e+00, 7.348000e+00, 1.864285e-01, -2.653918e-01, 1.864287e-01, -9.521420e-01, 2.371295e-02, -9.521425e-01, -1.921522e-02, -5.680467e-01, -1.921520e-02
5, 5, 2.014582e+00, 7.348000e+00, 0.000000e+00, 7.348000e+00, 1.952496e-01, -2.951601e-01, 1.952498e-01, -1.018662e+00, -2.548841e-02, -1.018662e+00, 1.868572e-02, -5.822623e-01, 1.868573e-02
5, 5, 2.004459e+00, 7.348000e+00, 0.000000e+00, 7.348000e+00, 2.051526e-01, -3.237816e-01, 2.051525e-01, -1.092148e+00, -7.540350e-02, -1.092149e+00, 7.118201e-02, -5.990114e-01, 7.118215e-02
5, 5, 1.994335e+00, 7.348000e+00, 0.000000e+00, 7.348000e+00, 2.362895e-01, -3.660153e-01, 2.362895e-01, -1.220786e+00, -4.056948e-02, -1.220786e+00, 2.917044e-02, -6.637833e-01, 2.917055e-02
5, 5, 1.984212e+00, 7.348000e+00, 0.000000e+00, 7.348000e+00, 2.714434e-01, -4.165638e-01, 2.714433e-01, -1.331275e+00, 5.772617e-02, -1.331275e+00, -5.297328e-02, -7.367426e-01, -5.297298e-02
5, 5, 1.974088e+00, 7.348000e+00, 0.000000e+00, 7.348000e+00, 2.987931e-01, -4.689125e-01, 2.987931e-01, -1.366823e+00, 2.297985e-01, -1.366824e+00, -1.725756e-01, -7.864311e-01, -1.725756e-01
5, 5, 1.963965e+00, 7.348000e+00, 0.000000e+00, 7.348000e+00, 3.225497e-01, -5.174170e-01, 3.225499e-01, -1.597298e+00, 4.484937e-03, -1.597298e+00, -5.956566e-02, -8.361044e-01, -5.956596e-02
5, 5, 1.953841e+00, 7.348000e+00, 0.000000e+00, 7.348000e+00, 2.361982e-01, -4.725068e-01, 2.361982e-01, -1.394723e+00, -3.961951e-01, -1.394722e+00, 3.940456e-01, -6.267534e-01, 3.940456e-01
5, 5, 1.943718e+00, 7.348000e+00, 0.000000e+00, 7.348000e+00, 3.645756e-01, -6.240771e-01, 3.645757e-01, -1.750805e+00, 8.051523e-02, -1.750805e+00, -6.813941e-02, -9.135805e-01, -6.813960e-02
5, 5, 1.933594e+00, 7.348000e+00, 0.000000e+00, 7.348000e+00, 4.076466e-01, -6.499870e-01, 4.076467e-01, -1.861437e+00, 2.332012e-01, -1.861437e+00, -2.467740e-01, -9.965509e-01, -2.467742e-01
5, 5, 1.923471e+00, 7.348000e+00, 0.000000e+00, 7.348000e+00, 6.089883e-02, -1.390481e-01, 6.089883e-02, -3.586939e-01, -1.073637e-01, -3.586937e-01, 1.322981e-01, -1.518566e-01, 1.322981e-01
5, 5, 1.913347e+00, 7.348000e+00, 0.000000e+00, 7.348000e+00, -2.083328e-02, 3.864452e-02, -2.083328e-02, 9.897073e-02, -5.449081e-03, 9.897071e-02, -1.032655e-02, 5.071308e-02, -1.032655e-02
5, 5, 1.903224e+00, 7.348000e+00, 0.000000e+00, 7.348000e+00, 9.571426e-03, -1.507517e-02, 9.571425e-03, -4.166644e-02, 8.589732e-03, -4.166645e-02, -4.742250e-03, -2.302769e-02, -4.742257e-03
5, 5, 1.893100e+00, 7.348000e+00, 0.000000e+00, 7.348000e+00, -4.070634e-03, 5.693661e-03, -4.070635e-03, 1.646383e-02, -5.772430e-03, 1.646383e-02, 4.665891e-03, 9.733690e-03, 4.665893e-03
5, 5, 1.882977e+00, 7.348000e+00, 0.000000e+00, 7.348000e+00, 1.599938e-03, -2.042304e-03, 1.599938e-03, -5.991795e-03, 3.099448e-03, -5.991795e-03, -2.593354e-03, -3.806600e-03, -2.593355e-03
5, 5, 1.872853e+00, 7.348000e+00, 0.000000e+00, 7.348000e+00, -6.249978e-04, 7.506406e-04, -6.249979e-04, 2.205887e-03, -1.443389e-03, 2.205889e-03, 1.194074e-03, 1.481414e-03, 1.194074e-03
5, 5, 1.862730e+00, 7.348000e+00, 0.000000e+00, 7.348000e+00, 2.510034e-04, -3.002413e-04, 2.510034e-04, -8.585223e-04, 6.280752e-04, -8.585225e-04, -4.884870e-04, -5.937977e-04, -4.884871e-04
5, 5, 1.852606e+00, 7.348000e+00, 0.000000e+00, 7.348000e+00, -1.032750e-04, 1.306201e-04, -1.032750e-04, 3.532130e-04, -2.595538e-04, 3.532129e-04, 1.781632e-04, 2.442345e-04, 1.781631e-04
5, 5, 1.842482e+00, 7.348000e+00, 0.000000e+00, 7.348000e+00, 4.264005e-05, -5.970517e-05, 4.264007e-05, -1.501037e-04, 1.005154e-04, -1.501037e-04, -5.446716e-05, -1.009298e-04, -5.446716e-05
5, 5, 1.832359e+00, 7.348000e+00, 0.000000e+00, 7.348000e+00, -1.709953e-05, 2.732186e-05, -1.709953e-05, 6.351752e-05, -3.498068e-05, 6.351754e-05, 1.068774e-05, 4.055018e-05, 1.068773e-05
5, 5, 1.822235e+00, 7.348000e+00, 0.000000e+00, 7.348000e+00, 6.380857e-06, -1.194951e-05, 6.380857e-06, -2.570084e-05, 9.814483e-06, -2.570084e-05, 1.781994e-06, -1.517572e-05, 1.781997e-06
5, 5, 1.812112e+00, 7.348000e+00, 0.000000e+00, 7.348000e+00, -2.075384e-06, 4.771735e-06, -2.075384e-06, 9.500367e-06, -1.326992e-06, 9.500368e-06, -3.495421e-06, 4.960380e-06, -3.495420e-06
5, 5, 1.801988e+00, 7.348000e+00, 0.000000e+00, 7.348000e+00, 5.045148e-07, -1.633452e-06, 5.045147e-07, -2.992241e-06, -8.026582e-07, -2.992241e-06, 2.421544e-06, -1.220405e-06, 2.421545e-06
5, 5, 1.791865e+00, 7.348000e+00, 0.000000e+00, 7.348000e+00, -2.892437e-08, 4.137075e-07, -2.892438e-08, 6.706559e-07, 8.737649e-07, 6.706553e-07, -1.211825e-06, 8.076456e-08, -1.211825e-06
5, 5, 1.781741e+00, 7.348000e+00, 0.000000e+00, 7.348000e+00, -6.072085e-08, -2.723738e-08, -6.072085e-08, -5.856768e-09, -5.129399e-07, -5.856884e-09, 4.653060e-07, 1.387960e-07, 4.653060e-07
5, 5, 1.771618e+00, 7.348000e+00, 0.000000e+00, 7.348000e+00, 4.591665e-08, -4.834407e-08, 4.591663e-08, -9.846178e-08, 2.181443e-07, -9.846175e-08, -1.231888e-07, -1.070748e-07, -1.231888e-07
5, 5, 1.761494e+00, 7.348000e+00, 0.000000e+00, 7.348000e+00, -2.069944e-08, 3.656783e-08, -2.069944e-08, 6.525725e-08, -6.425348e-08, 6.525725e-08, 7.494157e-09, 4.863529e-08, 7.494182e-09
5, 5, 1.751371e+00, 7.348000e+00, 0.000000e+00, 7.348000e+00, 6.072751e-09, -1.584562e-08, 6.072749e-09, -2.657039e-08, 6.758753e-09, -2.657039e-08, 1.428080e-08, -1.437452e-08, 1.428080e-08
5, 5, 1.741247e+00, 7.348000e+00, 0.000000e+00, 7.348000e+00, -5.967470e-10, 4.115933e-09, -5.967469e-10, 6.639160e-09, 5.931011e-09, 6.639157e-09, -9.690696e-09, 1.465663e-09, -9.690694e-09
5, 5, 1.731124e+00, 7.348000e+00, 0.000000e+00, 7.348000e+00, -5.323128e-10, -3.817655e-11, -5.323127e-10, -8.813487e-11, -4.577069e-09, -8.813608e-11, 3.425769e-09, 1.226976e-09, 3.425768e-09
5, 5, 1.721000e+00, 7.348000e+00, 0.000000e+00, 7.348000e+00, 3.736008e-10, -5.800173e-10, 3.736008e-10, -8.687702e-10, 1.695562e-09, -8.687703e-10, -4.558912e-10, -8.721487e-10, -4.558911e-10
5, 5, 1.710877e+00, 7.348000e+00, 0.000000e+00, 7.348000e+00, -1.192775e-10, 3.113562e-10, -1.192775e-10, 4.681903e-10, -2.324379e-10, 4.681902e-10, -2.538648e-10, 2.800161e-10, -2.538648e-10
5, 5, 1.700753e+00, 7.348000e+00, 0.000000e+00, 7.348000e+00, 7.482824e-12, -7.391367e-11, 7.482814e-12, -1.177629e-10, -1.291237e-10, -1.177629e-10, 1.887977e-10, -1.816501e-11, 1.887978e-10
5, 5, 1.690630e+00, 7.348000e+00, 0.000000e+00, 7.348000e+00, 1.259393e-11, -8.276438e-12, 1.259392e-11, -5.912015e-12, 9.589939e-11, -5.912034e-12, -5.258301e-11, -2.923298e-11, -5.258301e-11
5, 5, 1.680506e+00, 7.348000e+00, 0.000000e+00, 7.348000e+00, -6.536416e-12, 1.384653e-11, -6.536414e-12, 1.806761e-11, -2.554476e-11, 1.806759e-11, -2.695650e-12, 1.523937e-11, -2.695648e-12
5, 5, 1.670382e+00, 7.348000e+00, 0.000000e+00, 7.348000e+00, 1.061171e-12, -4.730648e-12, 1.061170e-12, -6.972251e-12, -2.371892e-12, -6.972253e-12, 8.192154e-12, -2.480647e-12, 8.192153e-12
5, 5, 1.660259e+00, 7.348000e+00, 0.000000e+00, 7.348000e+00, 4.316395e-13, 3.134909e-14, 4.316395e-13, 5.129699e-13, 4.466838e-12, 5.129695e-13, -2.821583e-12, -1.002773e-12, -2.821583e-12
5, 5, 1.650135e+00, 7.348000e+00, 0.000000e+00, 7.348000e+00, -2.932669e-13, 6.109630e-13, -2.932670e-13, 6.853476e-13, -1.368939e-12, 6.853475e-13, -4.848172e-14, 6.813856e-13, -4.848156e-14
5, 5, 1.640012e+00, 7.348000e+00, 0.000000e+00, 7.348000e+00, 4.561961e-14, -2.160845e-13, 4.561961e-14, -3.094257e-13, -1.133565e-13, -3.094257e-13, 3.812284e-13, -1.054273e-13, 3.812283e-13
5, 5, 1.629888e+00, 7.348000e+00, 0.000000e+00, 7.348000e+00, 2.206278e-14, -8.696924e-15, 2.206277e-14, 1.879639e-14, 2.174624e-13, 1.879638e-14, -1.135643e-13, -5.138953e-14, -1.135644e-13
5, 5, 1.619765e+00, 7.348000e+00, 0.000000e+00, 7.348000e+00, -1.208743e-14, 2.996964e-14, -1.208743e-14, 3.206127e-14, -5.112462e-14, 3.206125e-14, -1.511839e-14, 2.795789e-14, -1.511840e-14
5, 5, 1.609641e+00, 7.348000e+00, 0.000000e+00, 7.348000e+00, 5.796894e-16, -7.129707e-15, 5.796896e-16, -1.156004e-14, -1.367278e-14, -1.156003e-14, 1.816692e-14, -1.275845e-15, 1.816692e-14
5, 5, 1.599518e+00, 7.348000e+00, 0.000000e+00, 7.348000e+00, 1.309784e-15, -1.919568e-15, 1.309784e-15, -7.719402e-16, 9.952324e-15, -7.719408e-16, -2.551662e-15, -3.039154e-15, -2.551661e-15
5, 5, 1.589394e+00, 7.348000e+00, 0.000000e+00, 7.348000e+00, -3.620715e-16, 1.307255e-15, -3.620714e-16, 1.566975e-15, -5.817137e-16, 1.566974e-15, -1.647697e-15, 8.276520e-16, -1.647697e-15
5, 5, 1.579271e+00, 7.348000e+00, 0.000000e+00, 7.348000e+00, -8.096988e-17, -3.498303e-17, -8.096988e-17, -2.571943e-16, -1.109545e-15, -2.571944e-16, 6.307687e-16, 1.905302e-16, 6.307685e-16
5, 5, 1.569147e+00, 7.348000e+00, 0.000000e+00, 7.348000e+00, 5.653096e-17, -1.496980e-16, 5.653095e-17, -1.320372e-16, 2.747443e-16, -1.320372e-16, 8.570458e-17, -1.297037e-16, 8.570453e-17
5, 5, 1.559024e+00, 7.348000e+00, 0.000000e+00, 7.348000e+00, 4.273187e-19, 2.790572e-17, 4.273179e-19, 5.342832e-17, 8.965304e-17, 5.342830e-17, -8.704079e-17, -1.627150e-18, -8.704077e-17
5, 5, 1.548900e+00, 7.348000e+00, 0.000000e+00, 7.348000e+00, -6.475662e-18, 1.364797e-17, -6.475659e-18, 6.829548e-18, -4.513195e-17, 6.829536e-18, 1.376836e-18, 1.490138e-17, 1.376832e-18
5, 5, 1.538777e+00, 7.348000e+00, 0.000000e+00, 7.348000e+00, 6.883711e-19, -4.785041e-18, 6.883713e-19, -7.021825e-18, -5.322391e-18, -7.021826e-18, 9.831195e-18, -1.494604e-18, 9.831195e-18
5, 5, 1.528653e+00, 7.348000e+00, 0.000000e+00, 7.348000e+00, 6.551882e-19, -1.109893e-18, 6.551880e-19, 2.572300e-20, 5.753097e-18, 2.572281e-20, -1.011902e-18, -1.512666e-18, -1.011901e-18
5, 5, 1.518530e+00, 7.348000e+00, 0.000000e+00, 7.348000e+00, -1.225661e-19, 6.193511e-19, -1.225660e-19, 7.854549e-19, 1.947119e-19, 7.854549e-19, -1.034943e-18, 2.703807e-19, -1.034944e-18
5, 5, 1.508406e+00, 7.348000e+00, 0.000000e+00, 7.348000e+00, -6.485961e-20, 9.207109e-20, -6.485959e-20, -5.898816e-20, -6.639497e-19, -5.898807e-20, 1.590260e-19, 1.501479e-19, 1.590260e-19
5, 5, 1.498282e+00, 7.348000e+00, 0.000000e+00, 7.348000e+00, 1.516735e-20, -7.106283e-20, 1.516734e-20, -8.360961e-20, -1.659578e-21, -8.360962e-20, 1.094013e-19, -3.342759e-20, 1.094013e-19
5, 5, 1.488159e+00, 7.348000e+00, 0.000000e+00, 7.348000e+00, 6.719023e-21, -9.308443e-21, 6.719023e-21, 8.950148e-21, 7.374126e-20, 8.950135e-21, -1.775565e-20, -1.555058e-20, -1.775565e-20
5, 5, 1.478035e+00, 7.348000e+00, 0.000000e+00, 7.348000e+00, -1.534961e-21, 7.565095e-21, -1.534961e-21, 8.968044e-21, 9.426530e-22, 8.968045e-21, -1.197725e-20, 3.349980e-21, -1.197726e-20
5, 5, 1.467912e+00, 7.348000e+00, 0.000000e+00, 7.348000e+00, -7.403398e-22, 1.213956e-21, -7.403400e-22, -8.646705e-22, -7.970348e-21, -8.646712e-22, 1.468939e-21, 1.704806e-21, 1.468939e-21
5, 5, 1.457788e+00, 7.348000e+00, 0.000000e+00, 7.348000e+00, 1.229324e-22, -7.375570e-22, 1.229324e-22, -9.796228e-22, -4.971902e-22, -9.796229e-22, 1.331691e-21, -2.615037e-22, 1.331691e-21
5, 5, 1.447665e+00, 7.348000e+00, 0.000000e+00, 7.348000e+00, 8.319563e-23, -1.762890e-22, 8.319561e-23, 4.179104e-23, 8.102385e-22, 4.179104e-23, -5.595207e-23, -1.896939e-22, -5.595186e-23
5, 5, 1.437541e+00, 7.348000e+00, 0.000000e+00, 7.348000e+00, -5.371533e-24, 6.069858e-23, -5.371531e-24, 1.050371e-22, 1.231055e-22, 1.050371e-22, -1.412335e-22, 1.013594e-23, -1.412335e-22
5, 5, 1.427418e+00, 7.348000e+00, 0.000000e+00, 7.348000e+00, -8.801178e-24, 2.428032e-23, -8.801176e-24, 5.005800e-24, -7.077309e-23, 5.005800e-24, -9.674083e-24, 1.978367e-23, -9.674084e-24
5, 5, 1.417294e+00, 7.348000e+00, 0.000000e+00, 7.348000e+00, -5.232152e-25, -3.130194e-24, -5.232152e-25, -1.019406e-23, -2.137942e-23, -1.019405e-23, 1.288741e-23, 1.380198e-24, 1.288741e-23
5, 5, 1.407171e+00, 7.348000e+00, 0.000000e+00, 7.348000e+00, 7.818903e-25, -2.851295e-24, 7.818904e-25, -1.789860e-24, 4.115408e-24, -1.789860e-24, 2.805463e-24, -1.721174e-24, 2.805462e-24
5, 5, 1.397047e+00, 7.348000e+00, 0.000000e+00, 7.348000e+00, 1.701611e-25, -1.408080e-25, 1.701611e-25, 7.622091e-25, 2.789588e-24, 7.622092e-25, -8.068728e-25, -3.965102e-25, -8.068729e-25
5, 5, 1.386924e+00, 7.348000e+00, 0.000000e+00, 7.348000e+00, -4.511742e-26, 2.522091e-25, -4.511740e-26, 3.004360e-25, 8.586392e-26, 3.004361e-25, -4.134048e-25, 9.478416e-26, -4.134048e-25
5, 5, 1.376800e+00, 7.348000e+00, 0.000000e+00, 7.348000e+00, -2.432871e-26, 6.153718e-26, -2.432872e-26, -2.081162e-26, -2.551692e-25, -2.081160e-26, -3.104280e-27, 5.462114e-26, -3.104322e-27
5, 5, 1.366677e+00, 7.348000e+00, 0.000000e+00, 7.348000e+00, -7.436020e-28, -1.118277e-26, -7.436012e-28, -3.316157e-26, -6.159465e-26, -3.316156e-26, 3.824838e-26, 2.316098e-27, 3.824837e-26
5, 5, 1.356553e+00, 7.348000e+00, 0.000000e+00, 7.348000e+00, 2.060969e-27, -8.242506e-27, 2.060968e-27, -5.058890e-27, 1.039838e-26, -5.058891e-27, 8.883889e-27, -4.464338e-27, 8.883890e-27
5, 5, 1.346430e+00, 7.348000e+00, 0.000000e+00, 7.348000e+00, 5.463796e-28, -9.236180e-28, 5.463796e-28, 1.979087e-27, 8.276179e-27, 1.979088e-27, -1.380569e-27, -1.246077e-27, -1.380569e-27
5, 5, 1.336306e+00, 7.348000e+00, 0.000000e+00, 7.348000e+00, -4.863668e-29, 5.191723e-28, -4.863666e-29, 9.566029e-28, 1.148234e-27, 9.566030e-28, -1.156568e-27, 8.824454e-29, -1.156568e-27
5, 5, 1.326182e+00, 7.348000e+00, 0.000000e+00, 7.348000e+00, -6.080900e-29, 2.216939e-28, -6.080900e-29, 6.577494e-29, -4.471434e-28, 6.577494e-29, -1.872313e-28, 1.322390e-28, -1.872314e-28
5, 5, 1.316059e+00, 7.348000e+00, 0.000000e+00, 7.348000e+00, -1.251350e-29, 1.605902e-29, -1.251350e-29, -6.916064e-29, -2.305061e-28, -6.916064e-29, 4.927848e-29, 2.873632e-29, 4.927849e-29
5, 5, 1.305935e+00, 7.348000e+00, 0.000000e+00, 7.348000e+00, 1.604074e-30, -1.473558e-29, 1.604074e-30, -2.590668e-29, -2.873233e-29, -2.590668e-29, 3.091070e-29, -3.005892e-30, 3.091071e-29
5, 5, 1.295812e+00, 7.348000e+00, 0.000000e+00, 7.348000e+00, 1.543539e-30, -5.921523e-30, 1.543539e-30, -1.699983e-30, 1.132960e-29, -1.699982e-30, 5.308634e-30, -3.327815e-30, 5.308634e-30
5, 5, 1.285688e+00, 7.348000e+00, 0.000000e+00, 7.348000e+00, 3.510469e-31, -6.362387e-31, 3.510468e-31, 1.734442e-30, 6.154047e-30, 1.734442e-30, -9.178114e-31, -7.942913e-31, -9.178112e-31
5, 5, 1.275565e+00, 7.348000e+00, 0.000000e+00, 7.348000e+00, -1.266809e-32, 2.877382e-31, -1.266815e-32, 7.181109e-31, 1.097096e-30, 7.181110e-31, -7.506549e-31, 1.423738e-32, -7.506549e-31
5, 5, 1.265441e+00, 7.348000e+00, 0.000000e+00, 7.348000e+00, -3.282457e-32, 1.518986e-31, -3.282457e-32, 9.730892e-32, -1.375122e-31, 9.730894e-32, -1.832565e-31, 6.908946e-32, -1.832565e-31
5, 5, 1.255318e+00, 7.348000e+00, 0.000000e+00, 7.348000e+00, -1.044648e-32, 3.039425e-32, -1.044648e-32, -2.602900e-32, -1.404822e-31, -2.602900e-32, -4.160263e-33, 2.294668e-32, -4.160265e-33
5, 5, 1.245194e+00, 7.348000e+00, 0.000000e+00, 7.348000e+00, -1.165138e-33, -1.142541e-33, -1.165138e-33, -1.757112e-32, -4.065677e-32, -1.757112e-32, 1.318074e-32, 2.807128e-33, 1.318074e-32
5, 5, 1.235071e+00, 7.348000e+00, 0.000000e+00, 7.348000e+00, 3.825504e-34, -2.849196e-33, 3.825506e-34, -4.475062e-33, -4.111296e-33, -4.475061e-33, 5.297713e-33, -7.424631e-34, 5.297712e-33
5, 5, 1.224947e+00, 7.348000e+00, 0.000000e+00, 7.348000e+00, 2.347148e-34, -1.010494e-33, 2.347148e-34, -3.127512e-34, 1.628213e-33, -3.127511e-34, 1.021219e-33, -4.958994e-34, 1.021219e-33
5, 5, 1.214824e+00, 7.348000e+00, 0.000000e+00, 7.348000e+00, 6.238063e-35, -1.794866e-34, 6.238062e-35, 2.310655e-34, 9.709503e-34, 2.310655e-34, -2.329785e-36, -1.366326e-34, -2.329802e-36
5, 5, 1.204700e+00, 7.348000e+00, 0.000000e+00, 7.348000e+00, 7.335132e-36, 4.284168e-36, 7.335127e-36, 1.179781e-34, 2.703061e-34, 1.179781e-34, -7.805355e-35, -1.747426e-35, -7.805355e-35
5, 5, 1.194577e+00, 7.348000e+00, 0.000000e+00, 7.348000e+00, -1.593287e-36, 1.518510e-35, -1.593287e-36, 3.103697e-35, 3.879741e-35, 3.103697e-35, -3.199774e-35, 2.888795e-36, -3.199773e-35
5, 5, 1.184453e+00, 7.348000e+00, 0.000000e+00, 7.348000e+00, -1.187000e-36, 6.055599e-36, -1.187000e-36, 4.168982e-36, -3.717249e-36, 4.168981e-36, -7.721076e-36, 2.444953e-36, -7.721078e-36
5, 5, 1.174329e+00, 7.348000e+00, 0.000000e+00, 7.348000e+00, -3.858881e-37, 1.484643e-36, -3.858882e-37, -5.169484e-37, -4.438513e-36, -5.169479e-37, -9.932643e-37, 8.214230e-37, -9.932638e-37
5, 5, 1.164206e+00, 7.348000e+00, 0.000000e+00, 7.348000e+00, -8.194232e-38, 2.123563e-37, -8.194234e-38, -5.291866e-37, -1.668990e-36, -5.291865e-37, 1.153654e-37, 1.801185e-37, 1.153654e-37
5, 5, 1.154082e+00, 7.348000e+00, 0.000000e+00, 7.348000e+00, -9.027344e-39, -1.044548e-38, -9.027340e-39, -1.965629e-37, -4.241004e-37, -1.965630e-37, 1.193886e-37, 2.175308e-38, 1.193886e-37
5, 5, 1.143959e+00, 7.348000e+00, 0.000000e+00, 7.348000e+00, 1.553409e-39, -1.916219e-38, 1.553409e-39, -5.061861e-38, -7.388055e-38, -5.061864e-38, 4.504165e-38, -2.547884e-39, 4.504165e-38
5, 5, 1.133835e+00, 7.348000e+00, 0.000000e+00, 7.348000e+00, 1.280687e-39, -7.876413e-39, 1.280692e-39, -9.300620e-39, -4.522701e-39, -9.300659e-39, 1.217989e-38, -2.549612e-39, 1.217990e-38
5, 5, 1.123712e+00, 7.348000e+00, 0.000000e+00, 7.348000e+00, 4.702323e-40, -2.294067e-39, 4.702267e-40, -8.164806e-40, 2.858741e-39, -8.164651e-40, 2.546199e-39, -9.695710e-40, 2.546201e-39
5, 5, 1.113588e+00, 7.348000e+00, 0.000000e+00, 7.348000e+00, 1.299298e-40, -5.347593e-40, 1.299326e-40, 2.401882e-40, 1.601684e-39, 2.402190e-40, 3.756138e-40, -2.734200e-40, 3.756223e-40
5, 5, 1.103465e+00, 7.348000e+00, 0.000000e+00, 7.348000e+00, 2.949033e-41, -9.957627e-41, 2.949173e-41, 1.633059e-40, 5.536488e-40, 1.633297e-40, 1.185358e-41, -6.326722e-41, 1.186199e-41
5, 5, 1.093341e+00, 7.348000e+00, 0.000000e+00, 7.348000e+00, 5.481880e-42, -1.270277e-41, 5.479077e-42, 6.027125e-41, 1.554012e-40, 6.024462e-41, -1.748540e-41, -1.210582e-41, -1.748680e-41
5, 5, 1.083218e+00, 7.348000e+00, 0.000000e+00, 7.348000e+00, 7.370830e-43, 1.387285e-43, 7.384843e-43, 1.782452e-41, 3.805226e-41, 1.779789e-41, -8.672636e-42, -1.764235e-42, -8.689452e-42
5, 5, 1.073094e+00, 7.348000e+00, 0.000000e+00, 7.348000e+00, 2.942727e-44, 8.071479e-43, 2.101948e-44, 4.629890e-42, 8.350338e-42, 4.615877e-42, -2.938523e-42, -9.809089e-44, -2.930115e-42
5, 5, 1.062971e+00, 7.348000e+00, 0.000000e+00, 7.348000e+00, -2.522337e-44, 3.671402e-43, -2.522337e-44, 1.057980e-42, 1.640921e-42, 1.055178e-42, -8.519895e-43, 4.764415e-44, -8.407791e-43
5, 5, 1.052847e+00, 7.348000e+00, 0.000000e+00, 7.348000e+00, -1.121039e-44, 1.191104e-43, -7.006492e-45, 2.284116e-43, 2.886675e-43, 2.186026e-43, -2.256091e-43, 5.605194e-45, -2.312142e-43
5, 5, 1.042724e+00, 7.348000e+00, 0.000000e+00, 7.348000e+00, -2.802597e-45, 2.662467e-44, -4.203895e-45, 6.305843e-44, 4.624285e-44, 6.445973e-44, -5.465064e-44, 2.382207e-44, -5.745324e-44
5, 5, 1.032600e+00, 7.348000e+00, 0.000000e+00, 7.348000e+00, -1.401298e-45, 9.809089e-45, 0.000000e+00, -1.541428e-44, -9.809089e-45, -8.407791e-45, -7.006492e-45, 4.203895e-45, -9.809089e-45
5, 5, 1.022477e+00, 7.348000e+00, 0.000000e+00, 7.348000e+00, 0.000000e+00, 0.000000e+00, 0.000000e+00, 1.401298e-45, 1.121039e-44, 1.401298e-45, -1.401298e-45, 0.000000e+00, -1.401298e-45
5, 5, 1.012353e+00, 7.348000e+00, 0.000000e+00, 7.348000e+00, 0.000000e+00, 0.000000e+00, 0.000000e+00, 0.000000e+00, 0.000000e+00, 0.000000e+00, 0.000000e+00, 0.000000e+00, 0.000000e+00
5, 5, 1.002229e+00, 7.348000e+00, 0.000000e+00, 7.348000e+00, 0.000000e+00, 0.000000e+00, 0.000000e+00, 0.000000e+00, 0.000000e+00, 0.000000e+00, 0.000000e+00, 0.000000e+00, 0.000000e+00
5, 5, 9.921059e-01, 7.348000e+00, 0.000000e+00, 7.348000e+00, 0.000000e+00, 0.000000e+00, 0.000000e+00, 0.000000e+00, 0.000000e+00, 0.000000e+00, 0.000000e+00, 0.000000e+00, 0.000000e+00
5, 5, 9.819824e-01, 7.348000e+00, 0.000000e+00, 7.348000e+00, 0.000000e+00, 0.000000e+00, 0.000000e+00, 0.000000e+00, 0.000000e+00, 0.000000e+00, 0.000000e+00, 0.000000e+00, 0.000000e+00
5, 5, 9.718589e-01, 7.348000e+00, 0.000000e+00, 7.348000e+00, 0.000000e+00, 0.000000e+00, 0.000000e+00, 0.000000e+00, 0.000000e+00, 0.000000e+00, 0.000000e+00, 0.000000e+00, 0.000000e+00
5, 5, 9.617354e-01, 7.348000e+00, 0.000000e+00, 7.348000e+00, 0.000000e+00, 0.000000e+00, 0.000000e+00, 0.000000e+00, 0.000000e+00, 0.000000e+00, 0.000000e+00, 0.000000e+00, 0.000000e+00
5, 5, 9.516118e-01, 7.348000e+00, 0.000000e+00, 7.348000e+00, 0.000000e+00, 0.000000e+00, 0.000000e+00, 0.000000e+00, 0.000000e+00, 0.000000e+00, 0.000000e+00, 0.000000e+00, 0.000000e+00
5, 5, 9.414883e-01, 7.348000e+00, 0.000000e+00, 7.348000e+00, 0.000000e+00, 0.000000e+00, 0.000000e+00, 0.000000e+00, 0.000000e+00, 0.000000e+00, 0.000000e+00, 0.000000e+00, 0.000000e+00
5, 5, 9.313648e-01, 7.348000e+00, 0.000000e+00, 7.348000e+00, 0.000000e+00, 0.000000e+00, 0.000000e+00, 0.000000e+00, 0.000000e+00, 0.000000e+00, 0.000000e+00, 0.000000e+00, 0.000000e+00
5, 5, 9.212412e-01, 7.348000e+00, 0.000000e+00, 7.348000e+00, 0.000000e+00, 0.000000e+00, 0.000000e+00, 0.000000e+00, 0.000000e+00, 0.000000e+00, 0.000000e+00, 0.000000e+00, 0.000000e+00
5, 5, 9.111177e-01, 7.348000e+00, 0.000000e+00, 7.348000e+00, 0.000000e+00, 0.000000e+00, 0.000000e+00, 0.000000e+00, 0.000000e+00, 0.000000e+00, 0.000000e+00, 0.000000e+00, 0.000000e+00
5, 5, 9.009942e-01, 7.348000e+00, 0.000000e+00, 7.348000e+00, 0.000000e+00, 0.000000e+00, 0.000000e+00, 0.000000e+00, 0.000000e+00, 0.000000e+00, 0.000000e+00, 0.000000e+00, 0.000000e+00
5, 5, 8.908706e-01, 7.348000e+00, 0.000000e+00, 7.348000e+00, 0.000000e+00, 0.000000e+00, 0.000000e+00, 0.000000e+00, 0.000000e+00, 0.000000e+00, 0.000000e+00, 0.000000e+00, 0.000000e+00
5, 5, 8.807471e-01, 7.348000e+00, 0.000000e+00, 7.348000e+00, 0.000000e+00, 0.000000e+00, 0.000000e+00, 0.000000e+00, 0.000000e+00, 0.000000e+00, 0.000000e+00, 0.000000e+00, 0.000000e+00
5, 5, 8.706236e-01, 7.348000e+00, 0.000000e+00, 7.348000e+00, 0.000000e+00, 0.000000e+00, 0.000000e+00, 0.000000e+00, 0.000000e+00, 0.000000e+00, 0.000000e+00, 0.000000e+00, 0.000000e+00
5, 5, 8.605001e-01, 7.348000e+00, 0.000000e+00, 7.348000e+00, 0.000000e+00, 0.000000e+00, 0.000000e+00, 0.000000e+00, 0.000000e+00, 0.000000e+00, 0.000000e+00, 0.000000e+00, 0.000000e+00
5, 5, 8.503765e-01, 7.348000e+00, 0.000000e+00, 7.348000e+00, 0.000000e+00, 0.000000e+00, 0.000000e+00, 0.000000e+00, 0.000000e+00, 0.000000e+00, 0.000000e+00, 0.000000e+00, 0.000000e+00
5, 5, 8.402530e-01, 7.348000e+00, 0.000000e+00, 7.348000e+00, 0.000000e+00, 0.000000e+00, 0.000000e+00, 0.000000e+00, 0.000000e+00, 0.000000e+00, 0.000000e+00, 0.000000e+00, 0.000000e+00
5, 5, 8.301295e-01, 7.348000e+00, 0.000000e+00, 7.348000e+00, 0.000000e+00, 0.000000e+00, 0.000000e+00, 0.000000e+00, 0.000000e+00, 0.000000e+00, 0.000000e+00, 0.000000e+00, 0.000000e+00
5, 5, 8.200059e-01, 7.348000e+00, 0.000000e+00, 7.348000e+00, 0.000000e+00, 0.000000e+00, 0.000000e+00, 0.000000e+00, 0.000000e+00, 0.000000e+00, 0.000000e+00, 0.000000e+00, 0.000000e+00
5, 5, 8.098824e-01, 7.348000e+00, 0.000000e+00, 7.348000e+00, 0.000000e+00, 0.000000e+00, 0.000000e+00, 0.000000e+00, 0.000000e+00, 0.000000e+00, 0.000000e+00, 0.000000e+00, 0.000000e+00
5, 5, 7.997589e-01, 7.348000e+00, 0.000000e+00, 7.348000e+00, 0.000000e+00, 0.000000e+00, 0.000000e+00, 0.000000e+00, 0.000000e+00, 0.000000e+00, 0.000000e+00, 0.000000e+00, 0.000000e+00
5, 5, 7.896353e-01, 7.348000e+00, 0.000000e+00, 7.348000e+00, 0.000000e+00, 0.000000e+00, 0.000000e+00, 0.000000e+00, 0.000000e+00, 0.000000e+00, 0.000000e+00, 0.000000e+00, 0.000000e+00
5, 5, 7.795118e-01, 7.348000e+00, 0.000000e+00, 7.348000e+00, 0.000000e+00, 0.000000e+00, 0.000000e+00, 0.000000e+00, 0.000000e+00, 0.000000e+00, 0.000000e+00, 0.000000e+00, 0.000000e+00
5, 5, 7.693883e-01, 7.348000e+00, 0.000000e+00, 7.348000e+00, 0.000000e+00, 0.000000e+00, 0.000000e+00, 0.000000e+00, 0.000000e+00, 0.000000e+00, 0.000000e+00, 0.000000e+00, 0.000000e+00
5, 5, 7.592648e-01, 7.348000e+00, 0.000000e+00, 7.348000e+00, 0.000000e+00, 0.000000e+00, 0.000000e+00, 0.000000e+00, 0.000000e+00, 0.000000e+00, 0.000000e+00, 0.000000e+00, 0.000000e+00
5, 5, 7.491412e-01, 7.348000e+00, 0.000000e+00, 7.348000e+00, 0.000000e+00, 0.000000e+00, 0.000000e+00, 0.000000e+00, 0.000000e+00, 0.000000e+00, 0.000000e+00, 0.000000e+00, 0.000000e+00
5, 5, 7.390177e-01, 7.348000e+00, 0.000000e+00, 7.348000e+00, 0.000000e+00, 0.000000e+00, 0.000000e+00, 0.000000e+00, 0.000000e+00, 0.000000e+00, 0.000000e+00, 0.000000e+00, 0.000000e+00
5, 5, 7.288942e-01, 7.348000e+00, 0.000000e+00, 7.348000e+00, 0.000000e+00, 0.000000e+00, 0.000000e+00, 0.000000e+00, 0.000000e+00, 0.000000e+00, 0.000000e+00, 0.000000e+00, 0.000000e+00
5, 5, 7.187706e-01, 7.348000e+00, 0.000000e+00, 7.348000e+00, 0.000000e+00, 0.000000e+00, 0.000000e+00, 0.000000e+00, 0.000000e+00, 0.000000e+00, 0.000000e+00, 0.000000e+00, 0.000000e+00
5, 5, 7.086471e-01, 7.348000e+00, 0.000000e+00, 7.348000e+00, 0.000000e+00, 0.000000e+00, 0.000000e+00, 0.000000e+00, 0.000000e+00, 0.000000e+00, 0.000000e+00, 0.000000e+00, 0.000000e+00
5, 5, 6.985236e-01, 7.348000e+00, 0.000000e+00, 7.348000e+00, 0.000000e+00, 0.000000e+00, 0.000000e+00, 0.000000e+00, 0.000000e+00, 0.000000e+00, 0.000000e+00, 0.000000e+00, 0.000000e+00
5, 5, 6.884000e-01, 7.348000e+00, 0.000000e+00, 7.348000e+00, 0.000000e+00, 0.000000e+00, 0.000000e+00, 0.000000e+00, 0.000000e+00, 0.000000e+00, 0.000000e+00, 0.000000e+00, 0.000000e+00
5, 5, 6.782765e-01, 7.348000e+00, 0.000000e+00, 7.348000e+00, 0.000000e+00, 0.000000e+00, 0.000000e+00, 0.000000e+00, 0.000000e+00, 0.000000e+00, 0.000000e+00, 0.000000e+00, 0.000000e+00
5, 5, 6.681530e-01, 7.348000e+00, 0.000000e+00, 7.348000e+00, 0.000000e+00, 0.000000e+00, 0.000000e+00, 0.000000e+00, 0.000000e+00, 0.000000e+00, 0.000000e+00, 0.000000e+00, 0.000000e+00
5, 5, 6.580295e-01, 7.348000e+00, 0.000000e+00, 7.348000e+00, 0.000000e+00, 0.000000e+00, 0.000000e+00, 0.000000e+00, 0.000000e+00, 0.000000e+00, 0.000000e+00, 0.000000e+00, 0.000000e+00
5, 5, 6.479059e-01, 7.348000e+00, 0.000000e+00, 7.348000e+00, 0.000000e+00, 0.000000e+00, 0.000000e+00, 0.000000e+00, 0.000000e+00, 0.000000e+00, 0.000000e+00, 0.000000e+00, 0.000000e+00
5, 5, 6.377824e-01, 7.348000e+00, 0.000000e+00, 7.348000e+00, 0.000000e+00, 0.000000e+00, 0.000000e+00, 0.000000e+00, 0.000000e+00, 0.000000e+00, 0.000000e+00, 0.000000e+00, 0.000000e+00
5, 5, 6.276589e-01, 7.348000e+00, 0.000000e+00, 7.348000e+00, 0.000000e+00, 0.000000e+00, 0.000000e+00, 0.000000e+00, 0.000000e+00, 0.000000e+00, 0.000000e+00, 0.000000e+00, 0.000000e+00
5, 5, 6.175353e-01, 7.348000e+00, 0.000000e+00, 7.348000e+00, 0.000000e+00, 0.000000e+00, 0.000000e+00, 0.000000e+00, 0.000000e+00, 0.000000e+00, 0.000000e+00, 0.000000e+00, 0.000000e+00
5, 5, 6.074118e-01, 7.348000e+00, 0.000000e+00, 7.348000e+00, 0.000000e+00, 0.000000e+00, 0.000000e+00, 0.000000e+00, 0.000000e+00, 0.000000e+00, 0.000000e+00, 0.000000e+00, 0.000000e+00
5, 5, 5.972883e-01, 7.348000e+00, 0.000000e+00, 7.348000e+00, 0.000000e+00, 0.000000e+00, 0.000000e+00, 0.000000e+00, 0.000000e+00, 0.000000e+00, 0.000000e+00, 0.000000e+00, 0.000000e+00
5, 5, 5.871647e-01, 7.348000e+00, 0.000000e+00, 7.348000e+00, 0.000000e+00, 0.000000e+00, 0.000000e+00, 0.000000e+00, 0.000000e+00, 0.000000e+00, 0.000000e+00, 0.000000e+00, 0.000000e+00
5, 5, 5.770412e-01, 7.348000e+00, 0.000000e+00, 7.348000e+00, 0.000000e+00, 0.000000e+00, 0.000000e+00, 0.000000e+00, 0.000000e+00, 0.000000e+00, 0.000000e+00, 0.000000e+00, 0.000000e+00
5, 5, 5.669177e-01, 7.348000e+00, 0.000000e+00, 7.348000e+00, 0.000000e+00, 0.000000e+00, 0.000000e+00, 0.000000e+00, 0.000000e+00, 0.000000e+00, 0.000000e+00, 0.000000e+00, 0.000000e+00
5, 5, 5.567942e-01, 7.348000e+00, 0.000000e+00, 7.348000e+00, 0.000000e+00, 0.000000e+00, 0.000000e+00, 0.000000e+00, 0.000000e+00, 0.000000e+00, 0.000000e+00, 0.000000e+00, 0.000000e+00
5, 5, 5.466706e-01, 7.348000e+00, 0.000000e+00, 7.348000e+00, 0.000000e+00, 0.000000e+00, 0.000000e+00, 0.000000e+00, 0.000000e+00, 0.000000e+00, 0.000000e+00, 0.000000e+00, 0.000000e+00
5, 5, 5.365471e-01, 7.348000e+00, 0.000000e+00, 7.348000e+00, 0.000000e+00, 0.000000e+00, 0.000000e+00, 0.000000e+00, 0.000000e+00, 0.000000e+00, 0.000000e+00, 0.000000e+00, 0.000000e+00
5, 5, 5.264236e-01, 7.348000e+00, 0.000000e+00, 7.348000e+00, 0.000000e+00, 0.000000e+00, 0.000000e+00, 0.000000e+00, 0.000000e+00, 0.000000e+00, 0.000000e+00, 0.000000e+00, 0.000000e+00
5, 5, 5.163000e-01, 7.348000e+00, 0.000000e+00, 7.348000e+00, 0.000000e+00, 0.000000e+00, 0.000000e+00, 0.000000e+00, 0.000000e+00, 0.000000e+00, 0.000000e+00, 0.000000e+00, 0.000000e+00
5, 5, 5.061765e-01, 7.348000e+00, 0.000000e+00, 7.348000e+00, 0.000000e+00, 0.000000e+00, 0.000000e+00, 0.000000e+00, 0.000000e+00, 0.000000e+00, 0.000000e+00, 0.000000e+00, 0.000000e+00
5, 5, 4.960530e-01, 7.348000e+00, 0.000000e+00, 7.348000e+00, 0.000000e+00, 0.000000e+00, 0.000000e+00, 0.000000e+00, 0.000000e+00, 0.000000e+00, 0.000000e+00, 0.000000e+00, 0.000000e+00
5, 5, 4.859294e-01, 7.348000e+00, 0.000000e+00, 7.348000e+00, 0.000000e+00, 0.000000e+00, 0.000000e+00, 0.000000e+00, 0.000000e+00, 0.000000e+00, 0.000000e+00, 0.000000e+00, 0.000000e+00
5, 5, 4.758059e-01, 7.348000e+00, 0.000000e+00, 7.348000e+00, 0.000000e+00, 0.000000e+00, 0.000000e+00, 0.000000e+00, 0.000000e+00, 0.000000e+00, 0.000000e+00, 0.000000e+00, 0.000000e+00
5, 5, 4.656824e-01, 7.348000e+00, 0.000000e+00, 7.348000e+00, 0.000000e+00, 0.000000e+00, 0.000000e+00, 0.000000e+00, 0.000000e+00, 0.000000e+00, 0.000000e+00, 0.000000e+00, 0.000000e+00
5, 5, 4.555589e-01, 7.348000e+00, 0.000000e+00, 7.348000e+00, 0.000000e+00, 0.000000e+00, 0.000000e+00, 0.000000e+00, 0.000000e+00, 0.000000e+00, 0.000000e+00, 0.000000e+00, 0.000000e+00
5, 5, 4.454353e-01, 7.348000e+00, 0.000000e+00, 7.348000e+00, 0.000000e+00, 0.000000e+00, 0.000000e+00, 0.000000e+00, 0.000000e+00, 0.000000e+00, 0.000000e+00, 0.000000e+00, 0.000000e+00
5, 5, 4.353118e-01, 7.348000e+00, 0.000000e+00, 7.348000e+00, 0.000000e+00, 0.000000e+00, 0.000000e+00, 0.000000e+00, 0.000000e+00, 0.000000e+00, 0.000000e+00, 0.000000e+00, 0.000000e+00
5, 5, 4.251883e-01, 7.348000e+00, 0.000000e+00, 7.348000e+00, 0.000000e+00, 0.000000e+00, 0.000000e+00, 0.000000e+00, 0.000000e+00, 0.000000e+00, 0.000000e+00, 0.000000e+00, 0.000000e+00
5, 5, 4.150647e-01, 7.348000e+00, 0.000000e+00, 7.348000e+00, 0.000000e+00, 0.000000e+00, 0.000000e+00, 0.000000e+00, 0.000000e+00, 0.000000e+00, 0.000000e+00, 0.000000e+00, 0.000000e+00
5, 5, 4.049412e-01, 7.348000e+00, 0.000000e+00, 7.348000e+00, 0.000000e+00, 0.000000e+00, 0.000000e+00, 0.000000e+00, 0.000000e+00, 0.000000e+00, 0.000000e+00, 0.000000e+00, 0.000000e+00
5, 5, 3.948177e-01, 7.348000e+00, 0.000000e+00, 7.348000e+00, 0.000000e+00, 0.000000e+00, 0.000000e+00, 0.000000e+00, 0.000000e+00, 0.000000e+00, 0.000000e+00, 0.000000e+00, 0.000000e+00
5, 5, 3.846941e-01, 7.348000e+00, 0.000000e+00, 7.348000e+00, 0.000000e+00, 0.000000e+00, 0.000000e+00, 0.000000e+00, 0.000000e+00, 0.000000e+00, 0.000000e+00, 0.000000e+00, 0.000000e+00
5, 5, 3.745706e-01, 7.348000e+00, 0.000000e+00, 7.348000e+00, 0.000000e+00, 0.000000e+00, 0.000000e+00, 0.000000e+00, 0.000000e+00, 0.000000e+00, 0.000000e+00, 0.000000e+00, 0.000000e+00
5, 5, 3.644471e-01, 7.348000e+00, 0.000000e+00, 7.348000e+00, 0.000000e+00, 0.000000e+00, 0.000000e+00, 0.000000e+00, 0.000000e+00, 0.000000e+00, 0.000000e+00, 0.000000e+00, 0.000000e+00
5, 5, 3.543236e-01, 7.348000e+00, 0.000000e+00, 7.348000e+00, 0.000000e+00, 0.000000e+00, 0.000000e+00, 0.000000e+00, 0.000000e+00, 0.000000e+00, 0.000000e+00, 0.000000e+00, 0.000000e+00
5, 5, 3.442000e-01, 7.348000e+00, 0.000000e+00, 7.348000e+00, 0.000000e+00, 0.000000e+00, 0.000000e+00, 0.000000e+00, 0.000000e+00, 0.000000e+00, 0.000000e+00, 0.000000e+00, 0.000000e+00
5, 5, 3.340765e-01, 7.348000e+00, 0.000000e+00, 7.348000e+00, 0.000000e+00, 0.000000e+00, 0.000000e+00, 0.000000e+00, 0.000000e+00, 0.000000e+00, 0.000000e+00, 0.000000e+00, 0.000000e+00
5, 5, 3.239530e-01, 7.348000e+00, 0.000000e+00, 7.348000e+00, 0.000000e+00, 0.000000e+00, 0.000000e+00, 0.000000e+00, 0.000000e+00, 0.000000e+00, 0.000000e+00, 0.000000e+00, 0.000000e+00
5, 5, 3.138294e-01, 7.348000e+00, 0.000000e+00, 7.348000e+00, 0.000000e+00, 0.000000e+00, 0.000000e+00, 0.000000e+00, 0.000000e+00, 0.000000e+00, 0.000000e+00, 0.000000e+00, 0.000000e+00
5, 5, 3.037059e-01, 7.348000e+00, 0.000000e+00, 7.348000e+00, 0.000000e+00, 0.000000e+00, 0.000000e+00, 0.000000e+00, 0.000000e+00, 0.000000e+00, 0.000000e+00, 0.000000e+00, 0.000000e+00
5, 5, 2.935824e-01, 7.348000e+00, 0.000000e+00, 7.348000e+00, 0.000000e+00, 0.000000e+00, 0.000000e+00, 0.000000e+00, 0.000000e+00, 0.000000e+00, 0.000000e+00, 0.000000e+00, 0.000000e+00
5, 5, 2.834588e-01, 7.348000e+00, 0.000000e+00, 7.348000e+00, 0.000000e+00, 0.000000e+00, 0.000000e+00, 0.000000e+00, 0.000000e+00, 0.000000e+00, 0.000000e+00, 0.000000e+00, 0.000000e+00
5, 5, 2.733353e-01, 7.348000e+00, 0.000000e+00, 7.348000e+00, 0.000000e+00, 0.000000e+00, 0.000000e+00, 0.000000e+00, 0.000000e+00, 0.000000e+00, 0.000000e+00, 0.000000e+00, 0.000000e+00
5, 5, 2.632118e-01, 7.348000e+00, 0.000000e+00, 7.348000e+00, 0.000000e+00, 0.000000e+00, 0.000000e+00, 0.000000e+00, 0.000000e+00, 0.000000e+00, 0.000000e+00, 0.000000e+00, 0.000000e+00
5, 5, 2.530883e-01, 7.348000e+00, 0.000000e+00, 7.348000e+00, 0.000000e+00, 0.000000e+00, 0.000000e+00, 0.000000e+00, 0.000000e+00, 0.000000e+00, 0.000000e+00, 0.000000e+00, 0.000000e+00
5, 5, 2.429647e-01, 7.348000e+00, 0.000000e+00, 7.348000e+00, 0.000000e+00, 0.000000e+00, 0.000000e+00, 0.000000e+00, 0.000000e+00, 0.000000e+00, 0.000000e+00, 0.000000e+00, 0.000000e+00
5, 5, 2.328412e-01, 7.348000e+00, 0.000000e+00, 7.348000e+00, 0.000000e+00, 0.000000e+00, 0.000000e+00, 0.000000e+00, 0.000000e+00, 0.000000e+00, 0.000000e+00, 0.000000e+00, 0.000000e+00
5, 5, 2.227177e-01, 7.348000e+00, 0.000000e+00, 7.348000e+00, 0.000000e+00, 0.000000e+00, 0.000000e+00, 0.000000e+00, 0.000000e+00, 0.000000e+00, 0.000000e+00, 0.000000e+00, 0.000000e+00
5, 5, 2.125941e-01, 7.348000e+00, 0.000000e+00, 7.348000e+00, 0.000000e+00, 0.000000e+00, 0.000000e+00, 0.000000e+00, 0.000000e+00, 0.000000e+00, 0.000000e+00, 0.000000e+00, 0.000000e+00
5, 5, 2.024706e-01, 7.348000e+00, 0.000000e+00, 7.348000e+00, 0.000000e+00, 0.000000e+00, 0.000000e+00, 0.000000e+00, 0.000000e+00, 0.000000e+00, 0.000000e+00, 0.000000e+00, 0.000000e+00
5, 5, 1.923471e-01, 7.348000e+00, 0.000000e+00, 7.348000e+00, 0.000000e+00, 0.000000e+00, 0.000000e+00, 0.000000e+00, 0.000000e+00, 0.000000e+00, 0.000000e+00, 0.000000e+00, 0.000000e+00
5, 5, 1.822235e-01, 7.348000e+00, 0.000000e+00, 7.348000e+00, 0.000000e+00, 0.000000e+00, 0.000000e+00, 0.000000e+00, 0.000000e+00, 0.000000e+00, 0.000000e+00, 0.000000e+00, 0.000000e+00
5, 5, 1.721000e-01, 7.348000e+00, 0.000000e+00, 7.348000e+00, 0.000000e+00, 0.000000e+00, 0.000000e+00, 0.000000e+00, 0.000000e+00, 0.000000e+00, 0.000000e+00, 0.000000e+00, 0.000000e+00
5, 5, 1.619765e-01, 7.348000e+00, 0.000000e+00, 7.348000e+00, 0.000000e+00, 0.000000e+00, 0.000000e+00, 0.000000e+00, 0.000000e+00, 0.000000e+00, 0.000000e+00, 0.000000e+00, 0.000000e+00
5, 5, 1.518530e-01, 7.348000e+00, 0.000000e+00, 7.348000e+00, 0.000000e+00, 0.000000e+00, 0.000000e+00, 0.000000e+00, 0.000000e+00, 0.000000e+00, 0.000000e+00, 0.000000e+00, 0.000000e+00
5, 5, 1.417294e-01, 7.348000e+00, 0.000000e+00, 7.348000e+00, 0.000000e+00, 0.000000e+00, 0.000000e+00, 0.000000e+00, 0.000000e+00, 0.000000e+00, 0.000000e+00, 0.000000e+00, 0.000000e+00
5, 5, 1.316059e-01, 7.348000e+00, 0.000000e+00, 7.348000e+00, 0.000000e+00, 0.000000e+00, 0.000000e+00, 0.000000e+00, 0.000000e+00, 0.000000e+00, 0.000000e+00, 0.000000e+00, 0.000000e+00
5, 5, 1.214824e-01, 7.348000e+00, 0.000000e+00, 7.348000e+00, 0.000000e+00, 0.000000e+00, 0.000000e+00, 0.000000e+00, 0.000000e+00, 0.000000e+00, 0.000000e+00, 0.000000e+00, 0.000000e+00
5, 5, 1.113588e-01, 7.348000e+00, 0.000000e+00, 7.348000e+00, 0.000000e+00, 0.000000e+00, 0.000000e+00, 0.000000e+00, 0.000000e+00, 0.000000e+00, 0.000000e+00, 0.000000e+00, 0.000000e+00
5, 5, 1.012353e-01, 7.348000e+00, 0.000000e+00, 7.348000e+00, 0.000000e+00, 0.000000e+00, 0.000000e+00, 0.000000e+00, 0.000000e+00, 0.000000e+00, 0.000000e+00, 0.000000e+00, 0.000000e+00
5, 5, 9.111177e-02, 7.348000e+00, 0.000000e+00, 7.348000e+00, 0.000000e+00, 0.000000e+00, 0.000000e+00, 0.000000e+00, 0.000000e+00, 0.000000e+00, 0.000000e+00, 0.000000e+00, 0.000000e+00
5, 5, 8.098824e-02, 7.348000e+00, 0.000000e+00, 7.348000e+00, 0.000000e+00, 0.000000e+00, 0.000000e+00, 0.000000e+00, 0.000000e+00, 0.000000e+00, 0.000000e+00, 0.000000e+00, 0.000000e+00
5, 5, 7.086471e-02, 7.348000e+00, 0.000000e+00, 7.348000e+00, 0.000000e+00, 0.000000e+00, 0.000000e+00, 0.000000e+00, 0.000000e+00, 0.000000e+00, 0.000000e+00, 0.000000e+00, 0.000000e+00
5, 5, 6.074118e-02, 7.348000e+00, 0.000000e+00, 7.348000e+00, 0.000000e+00, 0.000000e+00, 0.000000e+00, 0.000000e+00, 0.000000e+00, 0.000000e+00, 0.000000e+00, 0.000000e+00, 0.000000e+00
5, 5, 5.061765e-02, 7.348000e+00, 0.000000e+00, 7.348000e+00, 0.000000e+00, 0.000000e+00, 0.000000e+00, 0.000000e+00, 0.000000e+00, 0.000000e+00, 0.000000e+00, 0.000000e+00, 0.000000e+00
5, 5, 4.049412e-02, 7.348000e+00, 0.000000e+00, 7.348000e+00, 0.000000e+00, 0.000000e+00, 0.000000e+00, 0.000000e+00, 0.000000e+00, 0.000000e+00, 0.000000e+00, 0.000000e+00, 0.000000e+00
5, 5, 3.037059e-02, 7.348000e+00, 0.000000e+00, 7.348000e+00, 0.000000e+00, 0.000000e+00, 0.000000e+00, 0.000000e+00, 0.000000e+00, 0.000000e+00, 0.000000e+00, 0.000000e+00, 0.000000e+00
5, 5, 2.024706e-02, 7.348000e+00, 0.000000e+00, 7.348000e+00, 0.000000e+00, 0.000000e+00, 0.000000e+00, 0.000000e+00, 0.000000e+00, 0.000000e+00, 0.000000e+00, 0.000000e+00, 0.000000e+00
5, 5, 1.012353e-02, 7.348000e+00, 0.000000e+00, 7.348000e+00, 0.000000e+00, 0.000000e+00, 0.000000e+00, 0.000000e+00, 0.000000e+00, 0.000000e+00, 0.000000e+00, 0.000000e+00, 0.000000e+00
5, 5, 0.000000e+00, 7.348000e+00, 0.000000e+00, 7.348000e+00, 0.000000e+00, 0.000000e+00, 0.000000e+00, 0.000000e+00, 0.000000e+00, 0.000000e+00, 0.000000e+00, 0.000000e+00, 0.000000e+00
6, 6, 3.026935e+00, 5.770000e-01, 0.000000e+00, 3.840000e-01, 1.826974e-01, 9.259231e-02, 1.891448e-01, 7.470462e+00, -3.603636e-03, 7.617498e+00, 1.483758e-03, 6.221373e+00, 1.760689e-03
6, 6, 3.016812e+00, 5.770000e-01, 0.000000e+00, 3.840000e-01, 1.999189e-01, 7.016177e-02, 2.043463e-01, 7.391440e+00, -3.033144e-03, 7.477465e+00, -8.905951e-04, 6.211266e+00, -2.683528e-04
6, 6, 3.006688e+00, 5.770000e-01, 0.000000e+00, 3.840000e-01, 2.120971e-01, 5.586965e-02, 2.125360e-01, 7.353278e+00, -1.035991e-04, 7.361702e+00, -2.347374e-03, 6.219725e+00, -2.098583e-03
6, 6, 2.996565e+00, 5.770000e-01, 0.000000e+00, 3.840000e-01, 2.243335e-01, 5.007548e-02, 2.125948e-01, 7.330794e+00, 2.461623e-03, 7.290882e+00, -1.611643e-03, 6.239419e+00, -1.712193e-03
6, 6, 2.986441e+00, 5.770000e-01, 0.000000e+00, 3.840000e-01, 2.426201e-01, 4.624669e-02, 2.027440e-01, 7.271979e+00, 2.851313e-03, 7.265034e+00, 9.684823e-04, 6.275133e+00, 9.609403e-04
6, 6, 2.976318e+00, 5.770000e-01, 0.000000e+00, 3.840000e-01, 2.677303e-01, 3.704390e-02, 1.768221e-01, 7.148236e+00, 1.470021e-04, 7.278001e+00, 3.452621e-03, 6.360043e+00, 3.830349e-03
6, 6, 2.966194e+00, 5.770000e-01, 0.000000e+00, 3.840000e-01, 2.945703e-01, 1.995725e-02, 1.268614e-01, 6.972723e+00, -2.724986e-03, 7.317812e+00, 3.421095e-03, 6.546728e+00, 3.926724e-03
6, 6, 2.956071e+00, 5.770000e-01, 0.000000e+00, 3.840000e-01, 3.157558e-01, -4.581996e-04, 4.989975e-02, 6.785612e+00, -2.382508e-03, 7.363418e+00, -1.095059e-04, 6.877232e+00, -1.144284e-04
6, 6, 2.945947e+00, 5.770000e-01, 0.000000e+00, 3.840000e-01, 3.258910e-01, -1.694234e-02, -4.726895e-02, 6.629466e+00, 4.547263e-04, 7.391076e+00, -4.564205e-03, 7.351935e+00, -5.530463e-03
6, 6, 2.935824e+00, 5.770000e-01, 0.000000e+00, 3.840000e-01, 3.245696e-01, -2.653292e-02, -1.488830e-01, 6.526937e+00, 2.397840e-03, 7.382788e+00, -5.720904e-03, 7.914377e+00, -7.487843e-03
6, 6, 2.925700e+00, 5.770000e-01, 0.000000e+00, 3.840000e-01, 3.165118e-01, -3.363375e-02, -2.364319e-01, 6.471612e+00, 2.050385e-03, 7.330599e+00, -2.480965e-03, 8.464510e+00, -4.046961e-03
6, 6, 2.915577e+00, 5.770000e-01, 0.000000e+00, 3.840000e-01, 3.068131e-01, -4.560775e-02, -2.977132e-01, 6.441519e+00, -7.288630e-06, 7.239243e+00, 2.944338e-03, 8.904703e+00, 3.080903e-03
6, 6, 2.905453e+00, 5.770000e-01, 0.000000e+00, 3.840000e-01, 2.946582e-01, -6.602988e-02, -3.320515e-01, 6.424957e+00, -2.810087e-03, 7.124094e+00, 7.499951e-03, 9.196133e+00, 1.031288e-02
6, 6, 2.895330e+00, 5.770000e-01, 0.000000e+00, 3.840000e-01, 2.714681e-01, -9.242393e-02, -3.474886e-01, 6.434009e+00, -4.049828e-03, 7.001107e+00, 7.938244e-03, 9.387726e+00, 1.271067e-02
6, 6, 2.885206e+00, 5.770000e-01, 0.000000e+00, 3.840000e-01, 2.248840e-01, -1.186437e-01, -3.540519e-01, 6.493194e+00, -1.709706e-03, 6.878087e+00, 2.390691e-03, 9.597149e+00, 6.409741e-03
6, 6, 2.875083e+00, 5.770000e-01, 0.000000e+00, 3.840000e-01, 1.466032e-01, -1.386944e-01, -3.589145e-01, 6.613975e+00, 3.133881e-03, 6.758197e+00, -5.991780e-03, 9.947275e+00, -6.369115e-03
6, 6, 2.864959e+00, 5.770000e-01, 0.000000e+00, 3.840000e-01, 4.088113e-02, -1.497978e-01, -3.644409e-01, 6.773506e+00, 6.539702e-03, 6.648086e+00, -1.070240e-02, 1.048769e+01, -1.734619e-02
6, 6, 2.854835e+00, 5.770000e-01, 0.000000e+00, 3.840000e-01, -7.373624e-02, -1.531244e-01, -3.696744e-01, 6.921256e+00, 5.362490e-03, 6.561970e+00, -8.049776e-03, 1.115473e+01, -1.800901e-02
6, 6, 2.844712e+00, 5.770000e-01, 0.000000e+00, 3.840000e-01, -1.747881e-01, -1.496995e-01, -3.760085e-01, 7.018603e+00, -8.681071e-04, 6.521792e+00, 7.301670e-05, 1.180683e+01, -5.557960e-03
6, 6, 2.834588e+00, 5.770000e-01, 0.000000e+00, 3.840000e-01, -2.505580e-01, -1.368703e-01, -3.919962e-01, 7.071926e+00, -8.112689e-03, 6.548402e+00, 7.316743e-03, 1.231221e+01, 1.248624e-02
6, 6, 2.824465e+00, 5.770000e-01, 0.000000e+00, 3.840000e-01, -3.065587e-01, -1.112800e-01, -4.311990e-01, 7.121574e+00, -8.437116e-03, 6.644282e+00, 7.902901e-03, 1.262410e+01, 2.097032e-02
6, 6, 2.814341e+00, 5.770000e-01, 0.000000e+00, 3.840000e-01, -3.596878e-01, -7.468575e-02, -5.029700e-01, 7.201138e+00, 1.235962e-04, 6.783148e+00, 2.304340e-03, 1.279039e+01, 1.106338e-02
6, 6, 2.804218e+00, 5.770000e-01, 0.000000e+00, 3.840000e-01, -4.257253e-01, -3.614220e-02, -6.016467e-01, 7.311728e+00, 9.190686e-03, 6.918362e+00, -2.583741e-03, 1.289774e+01, -7.467856e-03
6, 6, 2.794094e+00, 5.770000e-01, 0.000000e+00, 3.840000e-01, -5.097694e-01, -6.188705e-03, -7.037011e-01, 7.431803e+00, 8.262768e-03, 7.004306e+00, -1.184318e-03, 1.300523e+01, -1.417059e-02
6, 6, 2.783971e+00, 5.770000e-01, 0.000000e+00, 3.840000e-01, -6.049907e-01, 1.192251e-02, -7.799253e-01, 7.546357e+00, -3.573836e-03, 7.021321e+00, 3.362026e-03, 1.312730e+01, -1.346888e-03
6, 6, 2.773847e+00, 5.770000e-01, 0.000000e+00, 3.840000e-01, -6.979865e-01, 2.368030e-02, -8.142837e-01, 7.659175e+00, -1.382953e-02, 6.988440e+00, 3.146411e-03, 1.326068e+01, 1.401444e-02
6, 6, 2.763724e+00, 5.770000e-01, 0.000000e+00, 3.840000e-01, -7.746837e-01, 3.242239e-02, -8.085514e-01, 7.773781e+00, -8.383383e-03, 6.947048e+00, -4.791495e-03, 1.339265e+01, 7.432311e-03
6, 6, 2.753600e+00, 5.770000e-01, 0.000000e+00, 3.840000e-01, -8.255149e-01, 2.635768e-02, -7.669244e-01, 7.880732e+00, 1.103816e-02, 6.930309e+00, -1.293085e-02, 1.346818e+01, -1.979474e-02
6, 6, 2.743477e+00, 5.770000e-01, 0.000000e+00, 3.840000e-01, -8.514052e-01, -1.619588e-02, -6.813117e-01, 7.981196e+00, 2.324572e-02, 6.950054e+00, -8.947303e-03, 1.337895e+01, -3.333130e-02
6, 6, 2.733353e+00, 5.770000e-01, 0.000000e+00, 3.840000e-01, -8.651040e-01, -1.020712e-01, -5.406460e-01, 8.111619e+00, 1.000211e-02, 7.006216e+00, 8.258697e-03, 1.303697e+01, -5.081655e-03
6, 6, 2.723230e+00, 5.770000e-01, 0.000000e+00, 3.840000e-01, -8.818024e-01, -2.025649e-01, -3.575173e-01, 8.315415e+00, -1.872796e-02, 7.097027e+00, 2.162650e-02, 1.248309e+01, 4.465702e-02
6, 6, 2.713106e+00, 5.770000e-01, 0.000000e+00, 3.840000e-01, -9.024186e-01, -2.642717e-01, -1.722098e-01, 8.571472e+00, -3.276389e-02, 7.213727e+00, 1.258023e-02, 1.187668e+01, 6.043887e-02
6, 6, 2.702983e+00, 5.770000e-01, 0.000000e+00, 3.840000e-01, -9.020948e-01, -2.535138e-01, -9.739133e-03, 8.758401e+00, -1.437116e-02, 7.329962e+00, -1.535465e-02, 1.129665e+01, 1.336646e-02
6, 6, 2.692859e+00, 5.770000e-01, 0.000000e+00, 3.840000e-01, -8.401181e-01, -1.956428e-01, 1.675020e-01, 8.724273e+00, 2.250781e-02, 7.417572e+00, -3.322862e-02, 1.054950e+01, -5.795384e-02
6, 6, 2.682735e+00, 5.770000e-01, 0.000000e+00, 3.840000e-01, -6.927894e-01, -1.629676e-01, 4.358383e-01, 8.426878e+00, 4.112841e-02, 7.494125e+00, -1.415791e-02, 9.291739e+00, -8.097999e-02
6, 6, 2.672612e+00, 5.770000e-01, 0.000000e+00, 3.840000e-01, -4.808893e-01, -2.141312e-01, 8.091455e-01, 7.997913e+00, 1.880349e-02, 7.638995e+00, 3.057469e-02, 7.466675e+00, -2.880494e-02
6, 6, 2.662488e+00, 5.770000e-01, 0.000000e+00, 3.840000e-01, -2.575238e-01, -3.366404e-01, 1.159917e+00, 7.625515e+00, -2.292343e-02, 7.917215e+00, 5.337423e-02, 5.613142e+00, 4.661497e-02
6, 6, 2.652365e+00, 5.770000e-01, 0.000000e+00, 3.840000e-01, -5.624013e-02, -4.474342e-01, 1.271377e+00, 7.352772e+00, -4.095379e-02, 8.274907e+00, 2.112488e-02, 4.591679e+00, 7.222028e-02
6, 6, 2.642241e+00, 5.770000e-01, 0.000000e+00, 3.840000e-01, 1.548627e-01, -4.604798e-01, 1.007573e+00, 7.009278e+00, -1.923241e-02, 8.537006e+00, -4.062084e-02, 4.844852e+00, 3.316261e-02
6, 6, 2.632118e+00, 5.770000e-01, 0.000000e+00, 3.840000e-01, 4.538948e-01, -3.639681e-01, 4.514315e-01, 6.370990e+00, 1.728682e-02, 8.533745e+00, -6.960765e-02, 5.908144e+00, -2.135776e-02
6, 6, 2.621994e+00, 5.770000e-01, 0.000000e+00, 3.840000e-01, 8.713607e-01, -2.311939e-01, -1.336867e-01, 5.426986e+00, 3.263458e-02, 8.246900e+00, -3.326923e-02, 6.769658e+00, -3.981887e-02
6, 6, 2.611871e+00, 5.770000e-01, 0.000000e+00, 3.840000e-01, 1.302053e+00, -1.533145e-01, -4.936841e-01, 4.489050e+00, 1.499832e-02, 7.813904e+00, 3.439356e-02, 6.812932e+00, -1.879198e-02
6, 6, 2.601747e+00, 5.770000e-01, 0.000000e+00, 3.840000e-01, 1.532401e+00, -1.639747e-01, -5.478451e-01, 3.988056e+00, -1.283098e-02, 7.356161e+00, 6.596058e-02, 6.388163e+00, 6.147497e-03
6, 6, 2.591624e+00, 5.770000e-01, 0.000000e+00, 3.840000e-01, 1.393215e+00, -2.228599e-01, -3.931837e-01, 4.124080e+00, -2.016933e-02, 6.827245e+00, 3.324683e-02, 6.404795e+00, 9.280436e-03
6, 6, 2.581500e+00, 5.770000e-01, 0.000000e+00, 3.840000e-01, 9.126029e-01, -2.626118e-01, -1.827425e-01, 4.700736e+00, -5.321098e-03, 6.083003e+00, -2.325128e-02, 7.375615e+00, -1.600306e-04
6, 6, 2.571377e+00, 5.770000e-01, 0.000000e+00, 3.840000e-01, 3.219716e-01, -2.499696e-01, -1.257459e-02, 5.290361e+00, 9.253417e-03, 5.109861e+00, -4.438573e-02, 8.903161e+00, -1.961509e-03
6, 6, 2.561253e+00, 5.770000e-01, 0.000000e+00, 3.840000e-01, -1.060013e-01, -2.024409e-01, 9.578229e-02, 5.564980e+00, 8.895324e-03, 4.146372e+00, -1.848369e-02, 1.009424e+01, 5.124036e-03
6, 6, 2.551130e+00, 5.770000e-01, 0.000000e+00, 3.840000e-01, -2.489992e-01, -1.547427e-01, 1.485255e-01, 5.500525e+00, -1.370346e-03, 3.543042e+00, 1.627093e-02, 1.040184e+01, 7.876153e-03
6, 6, 2.541006e+00, 5.770000e-01, 0.000000e+00, 3.840000e-01, -1.865267e-01, -1.218349e-01, 1.490622e-01, 5.299259e+00, -7.533545e-03, 3.478162e+00, 2.322318e-02, 1.001369e+01, 1.248569e-03
6, 6, 2.530883e+00, 5.770000e-01, 0.000000e+00, 3.840000e-01, -8.389374e-02, -9.582622e-02, 1.085887e-01, 5.148777e+00, -2.579082e-03, 3.804170e+00, 3.802872e-03, 9.501900e+00, -6.697094e-03
6, 6, 2.520759e+00, 5.770000e-01, 0.000000e+00, 3.840000e-01, -4.350040e-02, -6.554320e-02, 5.720092e-02, 5.085946e+00, 5.450399e-03, 4.188746e+00, -1.311096e-02, 9.239953e+00, -6.954615e-03
6, 6, 2.510635e+00, 5.770000e-01, 0.000000e+00, 3.840000e-01, -5.806336e-02, -2.952095e-02, 2.689783e-02, 5.059113e+00, 5.266399e-03, 4.396095e+00, -9.318545e-03, 9.190903e+00, -1.684227e-04
6, 6, 2.500512e+00, 5.770000e-01, 0.000000e+00, 3.840000e-01, -7.190662e-02, 5.732805e-03, 2.757153e-02, 5.046437e+00, -1.328377e-03, 4.421971e+00, 4.216212e-03, 9.137546e+00, 4.620566e-03
6, 6, 2.490388e+00, 5.770000e-01, 0.000000e+00, 3.840000e-01, -5.876597e-02, 3.498337e-02, 4.433773e-02, 5.094566e+00, -4.949081e-03, 4.407782e+00, 9.033511e-03, 8.980235e+00, 3.046773e-03
6, 6, 2.480265e+00, 5.770000e-01, 0.000000e+00, 3.840000e-01, -3.681649e-02, 5.668147e-02, 5.733184e-02, 5.253929e+00, -2.568556e-03, 4.464163e+00, 2.585232e-03, 8.788787e+00, -3.523030e-04
6, 6, 2.470141e+00, 5.770000e-01, 0.000000e+00, 3.840000e-01, -3.025332e-02, 6.616435e-02, 6.133490e-02, 5.497663e+00, 2.337074e-03, 4.573835e+00, -4.776558e-03, 8.653297e+00, -1.449984e-03
6, 6, 2.460018e+00, 5.770000e-01, 0.000000e+00, 3.840000e-01, -4.006053e-02, 5.735661e-02, 6.405598e-02, 5.732727e+00, 3.676107e-03, 4.641717e+00, -4.936108e-03, 8.575376e+00, -3.435001e-04
6, 6, 2.449894e+00, 5.770000e-01, 0.000000e+00, 3.840000e-01, -5.128732e-02, 3.257805e-02, 7.183903e-02, 5.877521e+00, -7.048305e-04, 4.594911e+00, -7.080301e-04, 8.502040e+00, 3.451588e-04
6, 6, 2.439771e+00, 5.770000e-01, 0.000000e+00, 3.840000e-01, -5.414321e-02, 6.270234e-03, 8.295029e-02, 5.911780e+00, -3.659369e-03, 4.426046e+00, 7.882033e-04, 8.406000e+00, -1.554951e-03
6, 6, 2.429647e+00, 5.770000e-01, 0.000000e+00, 3.840000e-01, -5.188024e-02, -1.296637e-03, 9.006533e-02, 5.871670e+00, -7.897099e-04, 4.184732e+00, -1.119242e-04, 8.310676e+00, -3.183776e-03
6, 6, 2.419524e+00, 5.770000e-01, 0.000000e+00, 3.840000e-01, -5.143944e-02, 2.004795e-02, 8.612986e-02, 5.811236e+00, 2.871931e-03, 3.954767e+00, 1.269939e-03, 8.253870e+00, -5.471807e-04
6, 6, 2.409400e+00, 5.770000e-01, 0.000000e+00, 3.840000e-01, -5.332915e-02, 6.012303e-02, 6.835186e-02, 5.770131e+00, 3.399092e-03, 3.832630e+00, 4.196909e-03, 8.246216e+00, 4.285155e-03
6, 6, 2.399277e+00, 5.770000e-01, 0.000000e+00, 3.840000e-01, -5.431524e-02, 9.959558e-02, 3.616768e-02, 5.777552e+00, -4.120364e-04, 3.908783e+00, 4.150256e-03, 8.273303e+00, 6.276173e-03
6, 6, 2.389153e+00, 5.770000e-01, 0.000000e+00, 3.840000e-01, -5.434572e-02, 1.273563e-01, -1.018786e-02, 5.858999e+00, -5.365022e-03, 4.230330e+00, -7.314848e-04, 8.320687e+00, 3.181350e-03
6, 6, 2.379030e+00, 5.770000e-01, 0.000000e+00, 3.840000e-01, -5.600525e-02, 1.457033e-01, -6.544550e-02, 6.010111e+00, -2.697326e-03, 4.747747e+00, -7.732870e-03, 8.380171e+00, -3.741704e-03
6, 6, 2.368906e+00, 5.770000e-01, 0.000000e+00, 3.840000e-01, -6.167075e-02, 1.634451e-01, -1.181501e-01, 6.181157e+00, 5.876623e-03, 5.311661e+00, -9.602014e-03, 8.446852e+00, -8.909356e-03
6, 6, 2.358783e+00, 5.770000e-01, 0.000000e+00, 3.840000e-01, -7.307403e-02, 1.838669e-01, -1.562576e-01, 6.306465e+00, 7.361216e-03, 5.748405e+00, -1.023568e-03, 8.518337e+00, -6.296289e-03
6, 6, 2.348659e+00, 5.770000e-01, 0.000000e+00, 3.840000e-01, -9.069839e-02, 2.007260e-01, -1.737870e-01, 6.351371e+00, -1.585898e-03, 5.960031e+00, 1.160345e-02, 8.589099e+00, 2.134005e-03
6, 6, 2.338535e+00, 5.770000e-01, 0.000000e+00, 3.840000e-01, -1.146235e-01, 2.090959e-01, -1.753800e-01, 6.344608e+00, -1.082335e-02, 5.982362e+00, 1.475587e-02, 8.651958e+00, 8.028169e-03
6, 6, 2.328412e+00, 5.770000e-01, 0.000000e+00, 3.840000e-01, -1.440289e-01, 2.150975e-01, -1.730175e-01, 6.351802e+00, -8.297921e-03, 5.942391e+00, 2.833701e-03, 8.700369e+00, 6.041507e-03
6, 6, 2.318288e+00, 5.770000e-01, 0.000000e+00, 3.840000e-01, -1.732411e-01, 2.305838e-01, -1.742365e-01, 6.397397e+00, 5.093329e-03, 5.936291e+00, -1.365365e-02, 8.719682e+00, -2.923404e-04
6, 6, 2.308165e+00, 5.770000e-01, 0.000000e+00, 3.840000e-01, -1.929222e-01, 2.590205e-01, -1.746989e-01, 6.438489e+00, 1.197162e-02, 5.953355e+00, -1.677973e-02, 8.689391e+00, -2.176393e-03
6, 6, 2.298041e+00, 5.770000e-01, 0.000000e+00, 3.840000e-01, -1.970712e-01, 2.873953e-01, -1.613237e-01, 6.426256e+00, 4.430376e-03, 5.908989e+00, -4.025418e-03, 8.596955e+00, -1.654164e-04
6, 6, 2.287918e+00, 5.770000e-01, 0.000000e+00, 3.840000e-01, -1.916723e-01, 2.996172e-01, -1.247035e-01, 6.388962e+00, -5.565254e-03, 5.747974e+00, 1.037472e-02, 8.452844e+00, -2.302823e-03
6, 6, 2.277794e+00, 5.770000e-01, 0.000000e+00, 3.840000e-01, -1.954746e-01, 2.984022e-01, -7.160193e-02, 6.440337e+00, -7.375630e-03, 5.521927e+00, 1.554110e-02, 8.295843e+00, -6.632395e-03
6, 6, 2.267671e+00, 5.770000e-01, 0.000000e+00, 3.840000e-01, -2.203965e-01, 3.004370e-01, -1.860698e-02, 6.653446e+00, 2.246553e-03, 5.342303e+00, 7.157811e-03, 8.156423e+00, -7.614466e-03
6, 6, 2.257547e+00, 5.770000e-01, 0.000000e+00, 3.840000e-01, -2.556168e-01, 3.172375e-01, 1.989853e-02, 6.951845e+00, 1.237565e-02, 5.293476e+00, -8.461615e-03, 8.026108e+00, -2.328882e-03
6, 6, 2.247424e+00, 5.770000e-01, 0.000000e+00, 3.840000e-01, -2.775775e-01, 3.497992e-01, 3.278193e-02, 7.175546e+00, 3.050813e-03, 5.421473e+00, -1.310344e-02, 7.880953e+00, 1.125145e-02
6, 6, 2.237300e+00, 5.770000e-01, 0.000000e+00, 3.840000e-01, -2.656495e-01, 3.888600e-01, 2.054206e-02, 7.207740e+00, -1.667601e-02, 5.719759e+00, -3.771249e-03, 7.696117e+00, 1.942512e-02
6, 6, 2.227177e+00, 5.770000e-01, 0.000000e+00, 3.840000e-01, -2.176241e-01, 4.245049e-01, 1.459333e-03, 7.060903e+00, -1.978871e-02, 6.101523e+00, 5.631507e-03, 7.453348e+00, 8.200374e-03
6, 6, 2.217053e+00, 5.770000e-01, 0.000000e+00, 3.840000e-01, -1.575075e-01, 4.553825e-01, 3.346863e-03, 6.876658e+00, -2.025788e-03, 6.413551e+00, 8.211748e-03, 7.158723e+00, -1.061482e-02
6, 6, 2.206930e+00, 5.770000e-01, 0.000000e+00, 3.840000e-01, -1.140226e-01, 4.733755e-01, 5.645273e-02, 6.790022e+00, 2.068292e-02, 6.470854e+00, 3.553525e-03, 6.820611e+00, -1.886335e-02
6, 6, 2.196806e+00, 5.770000e-01, 0.000000e+00, 3.840000e-01, -9.554238e-02, 4.560903e-01, 1.755276e-01, 6.818923e+00, 2.585597e-02, 6.165794e+00, -4.222505e-03, 6.433239e+00, -1.115449e-02
6, 6, 2.186683e+00, 5.770000e-01, 0.000000e+00, 3.840000e-01, -8.861554e-02, 3.881145e-01, 3.389083e-01, 6.892715e+00, 6.345715e-03, 5.597850e+00, -6.828186e-03, 5.993426e+00, 4.321839e-03
6, 6, 2.176559e+00, 5.770000e-01, 0.000000e+00, 3.840000e-01, -7.175868e-02, 2.826275e-01, 4.965192e-01, 6.936256e+00, -1.779601e-02, 5.047853e+00, -2.673733e-03, 5.508582e+00, 1.258227e-02
6, 6, 2.166435e+00, 5.770000e-01, 0.000000e+00, 3.840000e-01, -3.446908e-02, 1.805799e-01, 5.995215e-01, 6.938645e+00, -2.385551e-02, 4.801557e+00, 2.513805e-03, 5.005673e+00, 8.271509e-03
6, 6, 2.156312e+00, 5.770000e-01, 0.000000e+00, 3.840000e-01, 1.528237e-02, 1.240761e-01, 6.297543e-01, 6.943921e+00, -7.822274e-03, 4.962647e+00, 3.706154e-03, 4.527682e+00, -1.689326e-03
6, 6, 2.146188e+00, 5.770000e-01, 0.000000e+00, 3.840000e-01, 6.208835e-02, 1.262402e-01, 6.055905e-01, 6.986007e+00, 1.234900e-02, 5.412860e+00, 1.678613e-03, 4.110726e+00, -6.691512e-03
6, 6, 2.136065e+00, 5.770000e-01, 0.000000e+00, 3.840000e-01, 9.759985e-02, 1.630583e-01, 5.604623e-01, 7.059154e+00, 1.640987e-02, 5.955457e+00, 3.286565e-04, 3.765610e+00, -3.252825e-03
6, 6, 2.125941e+00, 5.770000e-01, 0.000000e+00, 3.840000e-01, 1.245018e-01, 1.933837e-01, 5.187539e-01, 7.144507e+00, 5.610621e-03, 6.488469e+00, -5.581775e-05, 3.470518e+00, 1.700737e-03
6, 6, 2.115818e+00, 5.770000e-01, 0.000000e+00, 3.840000e-01, 1.486473e-01, 1.910403e-01, 4.857379e-01, 7.251863e+00, -5.635111e-03, 7.045109e+00, -1.737289e-03, 3.189645e+00, 2.085810e-03
6, 6, 2.105694e+00, 5.770000e-01, 0.000000e+00, 3.840000e-01, 1.710828e-01, 1.584257e-01, 4.554026e-01, 7.410614e+00, -8.881740e-03, 7.680455e+00, -2.519774e-03, 2.905674e+00, 2.282315e-05
6, 6, 2.095571e+00, 5.770000e-01, 0.000000e+00, 3.840000e-01, 1.903677e-01, 1.131590e-01, 4.221685e-01, 7.615942e+00, -5.097858e-03, 8.344304e+00, 1.191272e-04, 2.643644e+00, 5.393418e-04
6, 6, 2.085447e+00, 5.770000e-01, 0.000000e+00, 3.840000e-01, 2.079701e-01, 6.783793e-02, 3.819793e-01, 7.805920e+00, 7.946863e-04, 8.882914e+00, 2.166153e-03, 2.476568e+00, 1.913382e-03
6, 6, 2.075324e+00, 5.770000e-01, 0.000000e+00, 3.840000e-01, 2.247435e-01, 2.615710e-02, 3.259180e-01, 7.909720e+00, 2.857100e-03, 9.163022e+00, 2.687981e-03, 2.500326e+00, 1.933893e-03
6, 6, 2.065200e+00, 5.770000e-01, 0.000000e+00, 3.840000e-01, 2.385762e-01, -9.959516e-03, 2.420584e-01, 7.906385e+00, 1.752650e-03, 9.174302e+00, 2.266243e-03, 2.771457e+00, 2.058698e-04
6, 6, 2.055077e+00, 5.770000e-01, 0.000000e+00, 3.840000e-01, 2.497490e-01, -3.919288e-02, 1.309047e-01, 7.817298e+00, 4.099817e-03, 9.005474e+00, -3.754263e-03, 3.240060e+00, -7.681495e-03
6, 6, 2.044953e+00, 5.770000e-01, 0.000000e+00, 3.840000e-01, 2.597413e-01, -5.654750e-02, 7.938794e-03, 7.688966e+00, 4.682684e-03, 8.781412e+00, -8.194203e-03, 3.755448e+00, -1.179501e-02
6, 6, 2.034830e+00, 5.770000e-01, 0.000000e+00, 3.840000e-01, 2.712291e-01, -5.590272e-02, -1.048037e-01, 7.571440e+00, -2.922223e-03, 8.609242e+00, -1.395627e-03, 4.138010e+00, 1.616748e-04
6, 6, 2.024706e+00, 5.770000e-01, 0.000000e+00, 3.840000e-01, 2.898106e-01, -4.338083e-02, -1.862430e-01, 7.482051e+00, -8.378999e-03, 8.532210e+00, 6.711778e-03, 4.267918e+00, 1.491534e-02
6, 6, 2.014582e+00, 5.770000e-01, 0.000000e+00, 3.840000e-01, 3.102338e-01, -2.872580e-02, -2.342984e-01, 7.433038e+00, -2.738582e-03, 8.552535e+00, 6.189343e-03, 4.174024e+00, 1.692799e-02
6, 6, 2.004459e+00, 5.770000e-01, 0.000000e+00, 3.840000e-01, 3.077389e-01, -1.229831e-02, -2.681894e-01, 7.459969e+00, 3.371726e-03, 8.653164e+00, 2.957194e-03, 4.039670e+00, 8.038979e-03
6, 6, 1.994335e+00, 5.770000e-01, 0.000000e+00, 3.840000e-01, 2.540038e-01, 5.399894e-03, -3.040390e-01, 7.595944e+00, 1.445989e-03, 8.776472e+00, 7.266565e-04, 4.084997e+00, -7.349554e-03
6, 6, 1.984212e+00, 5.770000e-01, 0.000000e+00, 3.840000e-01, 1.393239e-01, 1.790200e-02, -3.392805e-01, 7.836267e+00, 6.744438e-03, 8.835307e+00, -8.202339e-03, 4.425040e+00, -2.811054e-02
6, 6, 1.974088e+00, 5.770000e-01, 0.000000e+00, 3.840000e-01, -2.649825e-02, 2.815045e-02, -3.679297e-01, 8.161564e+00, 1.072091e-02, 8.803503e+00, -1.494638e-02, 5.029361e+00, -3.320475e-02
6, 6, 1.963965e+00, 5.770000e-01, 0.000000e+00, 3.840000e-01, -2.171783e-01, 4.507064e-02, -3.935286e-01, 8.554993e+00, -5.737617e-03, 8.751101e+00, -4.014722e-03, 5.746633e+00, -3.616249e-03
6, 6, 1.953841e+00, 5.770000e-01, 0.000000e+00, 3.840000e-01, -3.887569e-01, 5.931683e-02, -4.208999e-01, 8.939441e+00, -1.685862e-02, 8.734826e+00, 1.217700e-02, 6.359120e+00, 3.607340e-02
6, 6, 1.943718e+00, 5.770000e-01, 0.000000e+00, 3.840000e-01, -5.119781e-01, 5.751512e-02, -4.655934e-01, 9.239520e+00, -1.220277e-02, 8.785995e+00, 2.191565e-02, 6.739256e+00, 5.541416e-02
6, 6, 1.933594e+00, 5.770000e-01, 0.000000e+00, 3.840000e-01, -5.904240e-01, 3.824776e-02, -5.468927e-01, 9.439215e+00, -4.690815e-03, 8.915112e+00, 2.182752e-02, 6.917598e+00, 4.102699e-02
6, 6, 1.923471e+00, 5.770000e-01, 0.000000e+00, 3.840000e-01, -6.364207e-01, 2.715042e-03, -6.549289e-01, 9.498330e+00, 1.033318e-02, 9.026898e+00, 2.155691e-03, 6.983807e+00, -8.873315e-03
6, 6, 1.913347e+00, 5.770000e-01, 0.000000e+00, 3.840000e-01, -6.622618e-01, -3.792643e-02, -7.550743e-01, 9.386631e+00, 2.605398e-02, 8.996561e+00, -3.015752e-02, 7.023842e+00, -6.812436e-02
6, 6, 1.903224e+00, 5.770000e-01, 0.000000e+00, 3.840000e-01, -6.786115e-01, -6.424482e-02, -8.135000e-01, 9.147548e+00, 2.539540e-02, 8.788755e+00, -4.991160e-02, 7.083169e+00, -9.542236e-02
6, 6, 1.893100e+00, 5.770000e-01, 0.000000e+00, 3.840000e-01, -6.918623e-01, -6.726617e-02, -8.211148e-01, 8.876246e+00, 3.288952e-03, 8.470252e+00, -3.477491e-02, 7.148429e+00, -6.325871e-02
6, 6, 1.882977e+00, 5.770000e-01, 0.000000e+00, 3.840000e-01, -7.151702e-01, -5.548249e-02, -8.125687e-01, 8.695640e+00, -2.864388e-02, 8.191597e+00, 1.424974e-02, 7.200415e+00, 2.155251e-02
6, 6, 1.872853e+00, 5.770000e-01, 0.000000e+00, 3.840000e-01, -7.722169e-01, -4.835059e-02, -8.579355e-01, 8.702287e+00, -4.297137e-02, 8.113789e+00, 6.208611e-02, 7.270223e+00, 1.114817e-01
6, 6, 1.862730e+00, 5.770000e-01, 0.000000e+00, 3.840000e-01, -8.838014e-01, -6.083465e-02, -1.021084e+00, 8.891546e+00, -2.223402e-02, 8.294940e+00, 6.505238e-02, 7.443092e+00, 1.407443e-01
6, 6, 1.852606e+00, 5.770000e-01, 0.000000e+00, 3.840000e-01, -1.044828e+00, -9.126752e-02, -1.303002e+00, 9.130650e+00, 1.576190e-02, 8.625494e+00, 1.575674e-02, 7.792938e+00, 7.548584e-02
6, 6, 1.842482e+00, 5.770000e-01, 0.000000e+00, 3.840000e-01, -1.206204e+00, -1.217288e-01, -1.603826e+00, 9.211861e+00, 3.669289e-02, 8.864274e+00, -4.421340e-02, 8.271296e+00, -4.847429e-02
6, 6, 1.832359e+00, 5.770000e-01, 0.000000e+00, 3.840000e-01, -1.285182e+00, -1.262433e-01, -1.741687e+00, 8.967723e+00, 2.751534e-02, 8.759169e+00, -6.194991e-02, 8.658566e+00, -1.433283e-01
6, 6, 1.822235e+00, 5.770000e-01, 0.000000e+00, 3.840000e-01, -1.209501e+00, -8.119719e-02, -1.544493e+00, 8.369887e+00, 1.977252e-03, 8.183301e+00, -2.332671e-02, 8.677402e+00, -1.359791e-01
6, 6, 1.812112e+00, 5.770000e-01, 0.000000e+00, 3.840000e-01, -9.600644e-01, 1.743521e-02, -9.689238e-01, 7.505661e+00, -1.493263e-02, 7.191868e+00, 2.779349e-02, 8.201709e+00, -3.612726e-02
6, 6, 1.801988e+00, 5.770000e-01, 0.000000e+00, 3.840000e-01, -5.796654e-01, 1.386429e-01, -1.623383e-01, 6.483864e+00, -8.041905e-03, 6.004440e+00, 3.459769e-02, 7.376436e+00, 7.022575e-02
6, 6, 1.791865e+00, 5.770000e-01, 0.000000e+00, 3.840000e-01, -1.498443e-01, 2.291228e-01, 5.893213e-01, 5.436432e+00, 2.118174e-03, 4.993311e+00, -1.160521e-03, 6.525196e+00, 1.088310e-01
6, 6, 1.781741e+00, 5.770000e-01, 0.000000e+00, 3.840000e-01, 2.510894e-01, 2.437755e-01, 1.022359e+00, 4.562157e+00, -9.983548e-03, 4.578390e+00, -2.640213e-02, 5.887096e+00, 7.215273e-02
6, 6, 1.771618e+00, 5.770000e-01, 0.000000e+00, 3.840000e-01, 5.733998e-01, 1.728511e-01, 1.056974e+00, 4.081781e+00, -2.317301e-02, 4.960186e+00, -1.145584e-02, 5.453997e+00, 1.083765e-04
6, 6, 1.761494e+00, 5.770000e-01, 0.000000e+00, 3.840000e-01, 7.799751e-01, 5.643552e-02, 8.225117e-01, 4.134976e+00, -7.206911e-03, 5.909460e+00, 1.906539e-02, 5.121502e+00, -5.457739e-02
6, 6, 1.751371e+00, 5.770000e-01, 0.000000e+00, 3.840000e-01, 8.354932e-01, -4.589575e-02, 5.453811e-01, 4.657502e+00, 2.354616e-02, 6.820046e+00, 2.525689e-02, 4.915884e+00, -6.014000e-02
6, 6, 1.741247e+00, 5.770000e-01, 0.000000e+00, 3.840000e-01, 7.376032e-01, -1.112314e-01, 4.008732e-01, 5.362509e+00, 3.209363e-02, 7.079944e+00, 1.815249e-03, 4.962297e+00, -2.350320e-02
6, 6, 1.731124e+00, 5.770000e-01, 0.000000e+00, 3.840000e-01, 5.462447e-01, -1.644492e-01, 4.207239e-01, 5.956295e+00, 7.826406e-03, 6.575988e+00, -2.048966e-02, 5.271800e+00, 2.133814e-02
6, 6, 1.721000e+00, 5.770000e-01, 0.000000e+00, 3.840000e-01, 3.587351e-01, -2.359811e-01, 5.077214e-01, 6.379770e+00, -2.290188e-02, 5.840368e+00, -1.588039e-02, 5.661983e+00, 3.951878e-02
6, 6, 1.710877e+00, 5.770000e-01, 0.000000e+00, 3.840000e-01, 2.437431e-01, -3.212291e-01, 5.331783e-01, 6.787536e+00, -2.981860e-02, 5.607435e+00, 6.699702e-03, 5.927473e+00, 2.270113e-02
6, 6, 1.700753e+00, 5.770000e-01, 0.000000e+00, 3.840000e-01, 2.019036e-01, -3.898579e-01, 4.391156e-01, 7.304426e+00, -1.893684e-03, 6.171972e+00, 1.204930e-02, 6.035542e+00, -1.249712e-02
6, 6, 1.690630e+00, 5.770000e-01, 0.000000e+00, 3.840000e-01, 1.827689e-01, -4.198588e-01, 2.646714e-01, 7.881703e+00, 2.611626e-02, 7.196105e+00, -1.739261e-03, 6.122416e+00, -3.034080e-02
6, 6, 1.680506e+00, 5.770000e-01, 0.000000e+00, 3.840000e-01, 1.386281e-01, -4.153172e-01, 9.090414e-02, 8.400523e+00, 1.099219e-02, 8.120391e+00, 6.161017e-04, 6.311911e+00, -5.891780e-03
6, 6, 1.670382e+00, 5.770000e-01, 0.000000e+00, 3.840000e-01, 7.667714e-02, -4.126315e-01, -1.727934e-02, 8.757977e+00, -1.354279e-02, 8.605827e+00, 7.473505e-03, 6.553361e+00, 2.045727e-02
6, 6, 1.660259e+00, 5.770000e-01, 0.000000e+00, 3.840000e-01, 2.709046e-02, -4.384526e-01, -5.650081e-02, 8.948915e+00, -9.895839e-03, 8.703880e+00, -3.034521e-03, 6.735250e+00, 1.318715e-02
6, 6, 1.650135e+00, 5.770000e-01, 0.000000e+00, 3.840000e-01, -1.263453e-02, -4.757281e-01, -7.847242e-02, 9.096118e+00, 3.341224e-03, 8.703255e+00, -1.256018e-02, 6.858060e+00, -7.872825e-03
6, 6, 1.640012e+00, 5.770000e-01, 0.000000e+00, 3.840000e-01, -5.616380e-02, -5.080593e-01, -1.205169e-01, 9.266179e+00, 8.137337e-03, 8.767437e+00, -1.010312e-02, 6.973655e+00, -2.012666e-02
6, 6, 1.629888e+00, 5.770000e-01, 0.000000e+00, 3.840000e-01, -1.051005e-01, -5.385971e-01, -1.822417e-01, 9.424782e+00, 1.013563e-02, 8.868699e+00, -2.817500e-03, 7.106740e+00, -1.461836e-02
6, 6, 1.619765e+00, 5.770000e-01, 0.000000e+00, 3.840000e-01, -1.580215e-01, -5.633147e-01, -2.492664e-01, 9.551634e+00, 9.745464e-03, 8.951515e+00, 3.574793e-03, 7.251533e+00, 3.285454e-03
6, 6, 1.609641e+00, 5.770000e-01, 0.000000e+00, 3.840000e-01, -2.202947e-01, -5.656819e-01, -3.161061e-01, 9.686754e+00, -1.279452e-02, 9.023677e+00, 1.762259e-02, 7.399251e+00, 2.477112e-02
6, 6, 1.599518e+00, 5.770000e-01, 0.000000e+00, 3.840000e-01, -2.920124e-01, -5.482774e-01, -3.859141e-01, 9.850052e+00, -3.024480e-02, 9.110168e+00, 2.674765e-02, 7.558176e+00, 2.718454e-02
6, 6, 1.589394e+00, 5.770000e-01, 0.000000e+00, 3.840000e-01, -3.603565e-01, -5.407042e-01, -4.596860e-01, 9.995698e+00, -3.157334e-03, 9.200729e+00, 3.582993e-03, 7.731279e+00, -4.099589e-03
6, 6, 1.579271e+00, 5.770000e-01, 0.000000e+00, 3.840000e-01, -4.211207e-01, -5.597467e-01, -5.416102e-01, 1.012651e+01, 2.020561e-02, 9.317247e+00, -2.632311e-02, 7.914075e+00, -2.381288e-02
6, 6, 1.569147e+00, 5.770000e-01, 0.000000e+00, 3.840000e-01, -4.691948e-01, -6.180824e-01, -6.172442e-01, 1.024704e+01, 6.084666e-03, 9.429889e+00, -2.450178e-02, 8.096334e+00, -7.487018e-03
6, 6, 1.559024e+00, 5.770000e-01, 0.000000e+00, 3.840000e-01, -4.787569e-01, -7.396995e-01, -6.455946e-01, 1.024013e+01, 9.681193e-05, 9.381377e+00, -5.174947e-03, 8.247856e+00, 5.901658e-04
6, 6, 1.548900e+00, 5.770000e-01, 0.000000e+00, 3.840000e-01, -4.372064e-01, -8.992743e-01, -6.186220e-01, 1.002500e+01, 6.728291e-03, 9.136544e+00, 8.848080e-03, 8.344222e+00, -4.135605e-03
6, 6, 1.538777e+00, 5.770000e-01, 0.000000e+00, 3.840000e-01, -3.682084e-01, -1.021000e+00, -5.675482e-01, 9.669870e+00, -2.309684e-03, 8.821742e+00, 1.535720e-02, 8.389620e+00, 5.428795e-03
6, 6, 1.528653e+00, 5.770000e-01, 0.000000e+00, 3.840000e-01, -3.036357e-01, -1.061431e+00, -5.064539e-01, 9.257255e+00, -8.390868e-03, 8.463470e+00, 1.018466e-02, 8.393715e+00, 9.482794e-03
6, 6, 1.518530e+00, 5.770000e-01, 0.000000e+00, 3.840000e-01, -2.628252e-01, -1.023232e+00, -4.408015e-01, 8.835780e+00, -2.948899e-04, 8.045270e+00, -3.501873e-03, 8.369801e+00, -2.131365e-03
6, 6, 1.508406e+00, 5.770000e-01, 0.000000e+00, 3.840000e-01, -2.501327e-01, -9.274423e-01, -3.895551e-01, 8.455207e+00, 3.246813e-03, 7.652834e+00, -1.022128e-02, 8.346441e+00, -7.174877e-03
6, 6, 1.498282e+00, 5.770000e-01, 0.000000e+00, 3.840000e-01, -2.539694e-01, -8.143809e-01, -3.619795e-01, 8.135412e+00, 5.468981e-04, 7.359319e+00, -5.033259e-03, 8.344084e+00, -2.217149e-03
6, 6, 1.488159e+00, 5.770000e-01, 0.000000e+00, 3.840000e-01, -2.587116e-01, -7.220462e-01, -3.549677e-01, 7.867698e+00, -1.128020e-04, 7.176084e+00, 3.257974e-03, 8.358391e+00, 3.400854e-03
6, 6, 1.478035e+00, 5.770000e-01, 0.000000e+00, 3.840000e-01, -2.601702e-01, -6.569154e-01, -3.654045e-01, 7.646487e+00, -1.131819e-03, 7.094958e+00, 6.706889e-03, 8.377658e+00, 5.932131e-03
6, 6, 1.467912e+00, 5.770000e-01, 0.000000e+00, 3.840000e-01, -2.633075e-01, -6.046184e-01, -3.866219e-01, 7.463795e+00, -3.268350e-03, 7.067126e+00, 3.400333e-03, 8.405208e+00, 4.283994e-03
6, 6, 1.457788e+00, 5.770000e-01, 0.000000e+00, 3.840000e-01, -2.706283e-01, -5.520182e-01, -4.078851e-01, 7.299839e+00, -1.832214e-03, 7.020273e+00, -2.268697e-03, 8.456924e+00, -8.377418e-04
6, 6, 1.447665e+00, 5.770000e-01, 0.000000e+00, 3.840000e-01, -2.785533e-01, -4.933790e-01, -4.218767e-01, 7.141210e+00, 1.278577e-03, 6.924633e+00, -3.455408e-03, 8.537933e+00, -5.141204e-03
6, 6, 1.437541e+00, 5.770000e-01, 0.000000e+00, 3.840000e-01, -2.800924e-01, -4.301362e-01, -4.275627e-01, 6.982733e+00, 3.896476e-03, 6.798720e+00, -2.849615e-03, 8.632730e+00, -4.846531e-03
6, 6, 1.427418e+00, 5.770000e-01, 0.000000e+00, 3.840000e-01, -2.720044e-01, -3.678198e-01, -4.241471e-01, 6.812513e+00, 5.011388e-03, 6.654249e+00, -3.040234e-03, 8.719333e+00, -3.102075e-03
6, 6, 1.417294e+00, 5.770000e-01, 0.000000e+00, 3.840000e-01, -2.596801e-01, -3.094292e-01, -4.125978e-01, 6.630705e+00, -1.847906e-03, 6.495813e+00, 1.785204e-03, 8.796129e+00, 1.327932e-03
6, 6, 1.407171e+00, 5.770000e-01, 0.000000e+00, 3.840000e-01, -2.467421e-01, -2.590156e-01, -3.990374e-01, 6.438630e+00, -6.047776e-03, 6.343370e+00, 3.800805e-03, 8.883147e+00, 5.820905e-03
6, 6, 1.397047e+00, 5.770000e-01, 0.000000e+00, 3.840000e-01, -2.355249e-01, -2.171793e-01, -3.911384e-01, 6.242262e+00, 1.962906e-03, 6.220559e+00, -3.182525e-04, 8.989908e+00, 2.601948e-03
6, 6, 1.386924e+00, 5.770000e-01, 0.000000e+00, 3.840000e-01, -2.354445e-01, -1.713626e-01, -3.985195e-01, 6.085259e+00, 1.920895e-03, 6.157903e+00, 2.178971e-03, 9.110275e+00, 3.622291e-04
6, 6, 1.376800e+00, 5.770000e-01, 0.000000e+00, 3.840000e-01, -2.475785e-01, -1.212646e-01, -4.196485e-01, 5.978009e+00, -4.901071e-03, 6.140110e+00, 3.789302e-03, 9.239071e+00, -5.108164e-05
6, 6, 1.366677e+00, 5.770000e-01, 0.000000e+00, 3.840000e-01, -2.642929e-01, -8.154237e-02, -4.405377e-01, 5.891842e+00, -4.686635e-04, 6.108644e+00, -2.696133e-03, 9.380657e+00, -3.338690e-03
6, 6, 1.356553e+00, 5.770000e-01, 0.000000e+00, 3.840000e-01, -2.835531e-01, -5.413354e-02, -4.584388e-01, 5.833780e+00, 4.409743e-03, 6.070029e+00, -5.497410e-03, 9.547180e+00, -1.626522e-03
6, 6, 1.346430e+00, 5.770000e-01, 0.000000e+00, 3.840000e-01, -3.029758e-01, -3.988973e-02, -4.791749e-01, 5.798200e+00, 1.865452e-03, 6.053268e+00, -2.269033e-03, 9.736648e+00, 2.996917e-04
6, 6, 1.336306e+00, 5.770000e-01, 0.000000e+00, 3.840000e-01, -3.202784e-01, -4.017070e-02, -5.066448e-01, 5.751429e+00, -9.132966e-04, 6.046275e+00, 1.362153e-03, 9.932356e+00, -9.581707e-04
6, 6, 1.326182e+00, 5.770000e-01, 0.000000e+00, 3.840000e-01, -3.383198e-01, -3.881846e-02, -5.419129e-01, 5.690203e+00, -7.550751e-04, 6.046210e+00, 2.135742e-03, 1.013082e+01, 5.123790e-04
6, 6, 1.316059e+00, 5.770000e-01, 0.000000e+00, 3.840000e-01, -3.588353e-01, -1.175780e-02, -5.798186e-01, 5.636032e+00, 6.127581e-04, 6.061588e+00, 9.204139e-04, 1.034689e+01, 2.778172e-03
6, 6, 1.305935e+00, 5.770000e-01, 0.000000e+00, 3.840000e-01, -3.791442e-01, 5.440563e-02, -6.156417e-01, 5.593494e+00, 9.411316e-04, 6.079757e+00, -4.247069e-05, 1.058856e+01, -7.244061e-05
6, 6, 1.295812e+00, 5.770000e-01, 0.000000e+00, 3.840000e-01, -3.979242e-01, 1.497603e-01, -6.510544e-01, 5.543172e+00, -1.924719e-03, 6.072142e+00, 1.904995e-03, 1.084457e+01, -4.894215e-03
6, 6, 1.285688e+00, 5.770000e-01, 0.000000e+00, 3.840000e-01, -4.182810e-01, 2.432355e-01, -6.895841e-01, 5.477448e+00, -3.981076e-03, 6.032929e+00, 3.429739e-03, 1.110201e+01, -1.452415e-03
6, 6, 1.275565e+00, 5.770000e-01, 0.000000e+00, 3.840000e-01, -4.398557e-01, 3.000966e-01, -7.269940e-01, 5.399184e+00, 4.584912e-04, 5.969162e+00, -4.335300e-03, 1.135852e+01, 5.348242e-03
6, 6, 1.265441e+00, 5.770000e-01, 0.000000e+00, 3.840000e-01, -4.643441e-01, 3.105168e-01, -7.611710e-01, 5.332445e+00, 1.370215e-03, 5.897226e+00, -4.688359e-03, 1.163729e+01, 1.002483e-02
6, 6, 1.255318e+00, 5.770000e-01, 0.000000e+00, 3.840000e-01, -4.906391e-01, 2.885311e-01, -7.958694e-01, 5.281234e+00, -7.379562e-04, 5.825949e+00, 4.359452e-03, 1.194794e+01, 2.620600e-03
6, 6, 1.245194e+00, 5.770000e-01, 0.000000e+00, 3.840000e-01, -5.129828e-01, 2.509860e-01, -8.334216e-01, 5.212176e+00, 2.073834e-03, 5.745688e+00, 4.485199e-03, 1.226374e+01, -1.190574e-02
6, 6, 1.235071e+00, 5.770000e-01, 0.000000e+00, 3.840000e-01, -5.359098e-01, 2.173144e-01, -8.735189e-01, 5.140618e+00, 3.859857e-03, 5.662392e+00, -4.148958e-03, 1.257572e+01, -1.122946e-02
6, 6, 1.224947e+00, 5.770000e-01, 0.000000e+00, 3.840000e-01, -5.664122e-01, 1.966379e-01, -9.086599e-01, 5.110328e+00, 6.209601e-04, 5.574175e+00, -7.362340e-03, 1.290353e+01, 2.194314e-03
6, 6, 1.214824e+00, 5.770000e-01, 0.000000e+00, 3.840000e-01, -6.042792e-01, 1.850250e-01, -9.377005e-01, 5.129497e+00, -2.732737e-03, 5.484019e+00, 3.848572e-04, 1.326658e+01, 8.031528e-03
6, 6, 1.204700e+00, 5.770000e-01, 0.000000e+00, 3.840000e-01, -6.460156e-01, 1.787523e-01, -9.756088e-01, 5.173521e+00, -1.031123e-03, 5.431258e+00, 6.201173e-03, 1.365975e+01, 1.228428e-03
6, 6, 1.194577e+00, 5.770000e-01, 0.000000e+00, 3.840000e-01, -6.953886e-01, 1.808924e-01, -1.038889e+00, 5.243380e+00, 4.119627e-04, 5.466438e+00, 3.468526e-03, 1.407373e+01, -2.780614e-03
6, 6, 1.184453e+00, 5.770000e-01, 0.000000e+00, 3.840000e-01, -7.592763e-01, 1.912843e-01, -1.127720e+00, 5.366298e+00, -1.885501e-03, 5.594560e+00, -6.985074e-04, 1.452539e+01, 1.983786e-03
6, 6, 1.174329e+00, 5.770000e-01, 0.000000e+00, 3.840000e-01, -8.362486e-01, 2.003650e-01, -1.231570e+00, 5.541313e+00, -1.744206e-03, 5.776310e+00, -1.032257e-03, 1.503956e+01, 4.271647e-03
6, 6, 1.164206e+00, 5.770000e-01, 0.000000e+00, 3.840000e-01, -9.189336e-01, 2.012020e-01, -1.345986e+00, 5.740413e+00, 1.512220e-03, 5.982940e+00, -5.252439e-04, 1.561273e+01, -1.705527e-04
6, 6, 1.154082e+00, 5.770000e-01, 0.000000e+00, 3.840000e-01, -1.002105e+00, 1.963059e-01, -1.470408e+00, 5.945510e+00, 1.631879e-03, 6.204424e+00, -1.950911e-03, 1.622074e+01, -3.853851e-03
6, 6, 1.143959e+00, 5.770000e-01, 0.000000e+00, 3.840000e-01, -1.083014e+00, 1.913380e-01, -1.596191e+00, 6.148938e+00, -9.397580e-05, 6.420294e+00, -2.655151e-03, 1.685795e+01, -3.824588e-03
6, 6, 1.133835e+00, 5.770000e-01, 0.000000e+00, 3.840000e-01, -1.158265e+00, 1.913214e-01, -1.713126e+00, 6.336500e+00, 1.800700e-03, 6.610189e+00, 1.222966e-05, 1.754059e+01, -1.954395e-03
6, 6, 1.123712e+00, 5.770000e-01, 0.000000e+00, 3.840000e-01, -1.226795e+00, 1.990642e-01, -1.821247e+00, 6.493376e+00, 2.276302e-03, 6.773133e+00, 4.175709e-03, 1.826863e+01, 1.795899e-03
6, 6, 1.113588e+00, 5.770000e-01, 0.000000e+00, 3.840000e-01, -1.291664e+00, 2.117854e-01, -1.925303e+00, 6.617097e+00, -4.485380e-03, 6.909488e+00, 3.936386e-03, 1.901764e+01, 6.787026e-03
6, 6, 1.103465e+00, 5.770000e-01, 0.000000e+00, 3.840000e-01, -1.355822e+00, 2.260723e-01, -2.024160e+00, 6.716966e+00, -8.392016e-03, 7.012079e+00, -1.194634e-03, 1.977603e+01, 7.613187e-03
6, 6, 1.093341e+00, 5.770000e-01, 0.000000e+00, 3.840000e-01, -1.419794e+00, 2.454866e-01, -2.113576e+00, 6.811299e+00, 5.513957e-04, 7.091533e+00, -2.959930e-03, 2.055979e+01, 4.035913e-04
6, 6, 1.083218e+00, 5.770000e-01, 0.000000e+00, 3.840000e-01, -1.480010e+00, 2.718415e-01, -2.193256e+00, 6.904016e+00, 1.213688e-02, 7.165862e+00, -9.599123e-04, 2.137547e+01, -1.132016e-02
6, 6, 1.073094e+00, 5.770000e-01, 0.000000e+00, 3.840000e-01, -1.530395e+00, 2.985825e-01, -2.262176e+00, 6.965762e+00, 1.084849e-02, 7.216695e+00, -4.850102e-03, 2.219722e+01, -2.000762e-02
6, 6, 1.062971e+00, 5.770000e-01, 0.000000e+00, 3.840000e-01, -1.568585e+00, 3.303868e-01, -2.314041e+00, 6.970535e+00, -1.185180e-03, 7.209435e+00, -9.855939e-03, 2.300087e+01, -1.354988e-02
6, 6, 1.052847e+00, 5.770000e-01, 0.000000e+00, 3.840000e-01, -1.596761e+00, 3.905568e-01, -2.344075e+00, 6.928408e+00, -1.452797e-02, 7.149913e+00, 4.281487e-03, 2.378846e+01, 1.920266e-02
6, 6, 1.042724e+00, 5.770000e-01, 0.000000e+00, 3.840000e-01, -1.612539e+00, 4.833360e-01, -2.350936e+00, 6.850303e+00, -2.281559e-02, 7.063791e+00, 2.942435e-02, 2.455829e+01, 5.843737e-02
6, 6, 1.032600e+00, 5.770000e-01, 0.000000e+00, 3.840000e-01, -1.607897e+00, 5.757927e-01, -2.328029e+00, 6.722930e+00, -1.237011e-02, 6.940156e+00, 2.718688e-02, 2.527964e+01, 4.596630e-02
6, 6, 1.022477e+00, 5.770000e-01, 0.000000e+00, 3.840000e-01, -1.580362e+00, 6.452789e-01, -2.265836e+00, 6.546381e+00, 2.552194e-02, 6.755984e+00, -1.698817e-02, 2.592321e+01, -4.397088e-02
6, 6, 1.012353e+00, 5.770000e-01, 0.000000e+00, 3.840000e-01, -1.527671e+00, 7.099344e-01, -2.159744e+00, 6.309278e+00, 6.205959e-02, 6.492922e+00, -7.034724e-02, 2.648054e+01, -1.399172e-01
6, 6, 1.002229e+00, 5.770000e-01, 0.000000e+00, 3.840000e-01, -1.441638e+00, 7.988893e-01, -2.002546e+00, 5.952132e+00, 3.776527e-02, 6.105834e+00, -6.552638e-02, 2.692823e+01, -1.152045e-01
6, 6, 9.921059e-01, 5.770000e-01, 0.000000e+00, 3.840000e-01, -1.312343e+00, 9.194450e-01, -1.777035e+00, 5.424624e+00, -5.544318e-02, 5.549051e+00, 3.233717e-02, 2.721084e+01, 7.854702e-02
6, 6, 9.819824e-01, 5.770000e-01, 0.000000e+00, 3.840000e-01, -1.130933e+00, 1.053884e+00, -1.466250e+00, 4.744627e+00, -1.377552e-01, 4.835222e+00, 1.546899e-01, 2.727563e+01, 3.058189e-01
6, 6, 9.718589e-01, 5.770000e-01, 0.000000e+00, 3.840000e-01, -8.969810e-01, 1.175564e+00, -1.066778e+00, 4.003697e+00, -1.012240e-01, 4.049319e+00, 1.543413e-01, 2.710330e+01, 2.964773e-01
6, 6, 9.617354e-01, 5.770000e-01, 0.000000e+00, 3.840000e-01, -6.158567e-01, 1.273115e+00, -5.782892e-01, 3.265009e+00, 9.223442e-02, 3.242421e+00, -4.848973e-02, 2.668138e+01, -1.096124e-01
6, 6, 9.516118e-01, 5.770000e-01, 0.000000e+00, 3.840000e-01, -2.817461e-01, 1.385365e+00, 1.083177e-02, 2.442833e+00, 3.008295e-01, 2.330603e+00, -3.087735e-01, 2.595137e+01, -6.443264e-01
6, 6, 9.414883e-01, 5.770000e-01, 0.000000e+00, 3.840000e-01, 1.551265e-01, 1.569850e+00, 7.535589e-01, 1.237419e+00, 2.779119e-01, 1.041333e+00, -3.518952e-01, 2.476751e+01, -7.248391e-01
6, 6, 9.313648e-01, 5.770000e-01, 0.000000e+00, 3.840000e-01, 7.675542e-01, 1.825387e+00, 1.745398e+00, -6.699609e-01, -8.156618e-02, -9.391723e-01, -3.875123e-02, 2.293037e+01, -3.955929e-02
6, 6, 9.212412e-01, 5.770000e-01, 0.000000e+00, 3.840000e-01, 1.547827e+00, 2.105540e+00, 2.995790e+00, -3.096240e+00, -5.503738e-01, -3.442783e+00, 4.635842e-01, 2.036396e+01, 1.026637e+00
6, 6, 9.111177e-01, 5.770000e-01, 0.000000e+00, 3.840000e-01, 2.376984e+00, 2.334552e+00, 4.351387e+00, -5.297523e+00, -6.419260e-01, -5.743716e+00, 7.129421e-01, 1.723985e+01, 1.509715e+00
6, 6, 9.009942e-01, 5.770000e-01, 0.000000e+00, 3.840000e-01, 3.141904e+00, 2.431288e+00, 5.646679e+00, -6.675676e+00, -1.057820e-01, -7.258601e+00, 3.539514e-01, 1.380382e+01, 6.829242e-01
6, 6, 8.908706e-01, 5.770000e-01, 0.000000e+00, 3.840000e-01, 3.920966e+00, 2.455994e+00, 6.992483e+00, -7.669042e+00, 6.835973e-01, -8.405660e+00, -4.331385e-01, 9.912150e+00, -1.031780e+00
6, 6, 8.807471e-01, 5.770000e-01, 0.000000e+00, 3.840000e-01, 5.092167e+00, 2.661398e+00, 8.960414e+00, -1.009876e+01, 1.030835e+00, -1.101208e+01, -9.942954e-01, 4.624606e+00, -2.198358e+00
6, 6, 8.706236e-01, 5.770000e-01, 0.000000e+00, 3.840000e-01, 7.109444e+00, 3.278022e+00, 1.225699e+01, -1.592964e+01, 5.317628e-01, -1.709974e+01, -7.729167e-01, -3.420601e+00, -1.619645e+00
6, 6, 8.605001e-01, 5.770000e-01, 0.000000e+00, 3.840000e-01, 9.929330e+00, 4.210447e+00, 1.683142e+01, -2.459092e+01, -5.137409e-01, -2.609326e+01, 1.412955e-01, -1.459381e+01, 4.243644e-01
6, 6, 8.503765e-01, 5.770000e-01, 0.000000e+00, 3.840000e-01, 1.261133e+01, 4.894942e+00, 2.117253e+01, -3.151596e+01, -1.176704e+00, -3.328224e+01, 9.560035e-01, -2.687997e+01, 2.184728e+00
6, 6, 8.402530e-01, 5.770000e-01, 0.000000e+00, 3.840000e-01, 1.358967e+01, 4.580805e+00, 2.269459e+01, -3.006858e+01, -7.996645e-01, -3.173274e+01, 9.178328e-01, -3.602880e+01, 2.045275e+00
6, 6, 8.301295e-01, 5.770000e-01, 0.000000e+00, 3.840000e-01, 1.165839e+01, 2.938333e+00, 1.936103e+01, -1.615319e+01, 2.203148e-01, -1.703868e+01, 1.172241e-01, -3.783405e+01, 2.068896e-01
6, 6, 8.200059e-01, 5.770000e-01, 0.000000e+00, 3.840000e-01, 7.096406e+00, 3.947261e-01, 1.156534e+01, 7.452530e+00, 9.163615e-01, 7.999966e+00, -6.678420e-01, -3.136042e+01, -1.552967e+00
6, 6, 8.098824e-01, 5.770000e-01, 0.000000e+00, 3.840000e-01, 1.801906e+00, -2.063321e+00, 2.455614e+00, 3.145209e+01, 7.106640e-01, 3.361486e+01, -7.441623e-01, -2.027931e+01, -1.677227e+00
6, 6, 7.997589e-01, 5.770000e-01, 0.000000e+00, 3.840000e-01, -1.932283e+00, -3.489760e+00, -4.036590e+00, 4.611149e+01, -9.519298e-02, 4.942336e+01, -1.345316e-01, -1.057868e+01, -3.047551e-01
6, 6, 7.896353e-01, 5.770000e-01, 0.000000e+00, 3.840000e-01, -2.981502e+00, -3.642451e+00, -5.915446e+00, 4.790210e+01, -6.051300e-01, 5.148869e+01, 4.496801e-01, -6.374356e+00, 9.775949e-01
6, 6, 7.795118e-01, 5.770000e-01, 0.000000e+00, 3.840000e-01, -2.036276e+00, -3.046811e+00, -4.315182e+00, 4.118763e+01, -3.769516e-01, 4.435670e+01, 4.525096e-01, -7.299395e+00, 9.697316e-01
6, 6, 7.693883e-01, 5.770000e-01, 0.000000e+00, 3.840000e-01, -7.846220e-01, -2.426638e+00, -2.141684e+00, 3.384171e+01, 1.377149e-01, 3.648293e+01, 3.705607e-02, -9.687249e+00, 5.521547e-02
6, 6, 7.592648e-01, 5.770000e-01, 0.000000e+00, 3.840000e-01, -3.662156e-01, -2.171641e+00, -1.427815e+00, 3.056816e+01, 3.426713e-01, 3.298417e+01, -2.968825e-01, -1.034532e+01, -5.992669e-01
6, 6, 7.491412e-01, 5.770000e-01, 0.000000e+00, 3.840000e-01, -6.742756e-01, -2.172650e+00, -2.026546e+00, 3.036430e+01, 1.248200e-01, 3.286256e+01, -2.494444e-01, -9.025213e+00, -4.222672e-01
6, 6, 7.390177e-01, 5.770000e-01, 0.000000e+00, 3.840000e-01, -9.415308e-01, -2.097346e+00, -2.584462e+00, 2.973602e+01, -1.528135e-01, 3.232878e+01, 2.197170e-02, -7.548409e+00, 1.247376e-01
6, 6, 7.288942e-01, 5.770000e-01, 0.000000e+00, 3.840000e-01, -7.091501e-01, -1.823219e+00, -2.272377e+00, 2.689865e+01, -1.413297e-01, 2.937934e+01, 1.634119e-01, -7.318164e+00, 3.054778e-01
6, 6, 7.187706e-01, 5.770000e-01, 0.000000e+00, 3.840000e-01, -2.205505e-01, -1.473088e+00, -1.471087e+00, 2.303564e+01, 2.697734e-02, 2.527581e+01, 1.038594e-01, -7.986917e+00, 8.198095e-02
6, 6, 7.086471e-01, 5.770000e-01, 0.000000e+00, 3.840000e-01, 4.462506e-02, -1.201955e+00, -9.698039e-01, 2.021125e+01, 7.395681e-02, 2.220589e+01, -9.385201e-03, -8.390654e+00, -1.114934e-01
6, 6, 6.985236e-01, 5.770000e-01, 0.000000e+00, 3.840000e-01, -5.945705e-02, -1.062360e+00, -9.785744e-01, 1.895683e+01, 2.508476e-03, 2.071076e+01, -6.008240e-02, -8.082818e+00, -7.970867e-02
6, 6, 6.884000e-01, 5.770000e-01, 0.000000e+00, 3.840000e-01, -3.419132e-01, -9.865159e-01, -1.167573e+00, 1.849107e+01, -4.033932e-02, 1.995179e+01, -3.934094e-02, -7.477340e+00, 3.008665e-02
6, 6, 6.782765e-01, 5.770000e-01, 0.000000e+00, 3.840000e-01, -5.869546e-01, -9.158309e-01, -1.254491e+00, 1.811950e+01, -5.683236e-03, 1.924686e+01, -5.724581e-04, -7.013299e+00, 3.735929e-02
6, 6, 6.681530e-01, 5.770000e-01, 0.000000e+00, 3.840000e-01, -7.403623e-01, -8.458539e-01, -1.277467e+00, 1.777496e+01, 1.323703e-03, 1.866010e+01, 5.324350e-02, -6.658423e+00, 1.262063e-02
6, 6, 6.580295e-01, 5.770000e-01, 0.000000e+00, 3.840000e-01, -8.276896e-01, -7.735111e-01, -1.351015e+00, 1.758223e+01, -3.725745e-02, 1.839927e+01, 7.675840e-02, -6.214175e+00, 3.669053e-02
6, 6, 6.479059e-01, 5.770000e-01, 0.000000e+00, 3.840000e-01, -8.357790e-01, -7.078137e-01, -1.422922e+00, 1.733312e+01, 1.365631e-02, 1.819548e+01, -6.648567e-02, -5.732831e+00, -2.087428e-02
6, 6, 6.377824e-01, 5.770000e-01, 0.000000e+00, 3.840000e-01, -8.044003e-01, -6.317812e-01, -1.429771e+00, 1.687295e+01, 1.281338e-01, 1.775793e+01, -2.656927e-01, -5.328002e+00, -1.841920e-01
6, 6, 6.276589e-01, 5.770000e-01, 0.000000e+00, 3.840000e-01, -8.744107e-01, -4.870771e-01, -1.471957e+00, 1.652671e+01, 1.071662e-01, 1.732080e+01, -1.062741e-01, -4.874949e+00, -1.349822e-01
6, 6, 6.175353e-01, 5.770000e-01, 0.000000e+00, 3.840000e-01, -1.066795e+00, -3.005794e-01, -1.631504e+00, 1.655864e+01, -1.036875e-01, 1.721173e+01, 4.058543e-01, -4.232962e+00, 2.407695e-01
6, 6, 6.074118e-01, 5.770000e-01, 0.000000e+00, 3.840000e-01, -1.169898e+00, -2.201352e-01, -1.770325e+00, 1.656459e+01, -2.601106e-01, 1.719922e+01, 4.617884e-01, -3.567584e+00, 3.829628e-01
6, 6, 5.972883e-01, 5.770000e-01, 0.000000e+00, 3.840000e-01, -1.103708e+00, -1.934454e-01, -1.783436e+00, 1.621990e+01, -9.691533e-02, 1.694079e+01, -2.620222e-01, -3.053493e+00, -8.194605e-02
6, 6, 5.871647e-01, 5.770000e-01, 0.000000e+00, 3.840000e-01, -1.183464e+00, 1.155915e-01, -1.871210e+00, 1.620635e+01, 2.279251e-01, 1.687309e+01, -6.359680e-01, -2.419248e+00, -4.494732e-01
6, 6, 5.770412e-01, 5.770000e-01, 0.000000e+00, 3.840000e-01, -1.508204e+00, 5.206815e-01, -2.159289e+00, 1.685402e+01, 2.407965e-01, 1.731860e+01, 2.519518e-03, -1.442335e+00, -8.722660e-02
6, 6, 5.669177e-01, 5.770000e-01, 0.000000e+00, 3.840000e-01, -1.559343e+00, 9.535579e-02, -2.298646e+00, 1.678077e+01, -8.725087e-02, 1.731305e+01, 4.924666e-01, -6.214000e-01, 3.117256e-01
6, 6, 5.567942e-01, 5.770000e-01, 0.000000e+00, 3.840000e-01, -1.079306e+00, -1.302901e+00, -2.021306e+00, 1.498073e+01, -1.987210e-01, 1.593851e+01, 7.185886e-02, -4.382150e-01, 9.399413e-02
6, 6, 5.466706e-01, 5.770000e-01, 0.000000e+00, 3.840000e-01, -6.152828e-01, -2.388535e+00, -1.649434e+00, 1.270941e+01, 2.901953e-02, 1.393531e+01, -2.801684e-01, -4.851103e-01, -1.769359e-01
6, 6, 5.365471e-01, 5.770000e-01, 0.000000e+00, 3.840000e-01, -5.547016e-01, -2.406855e+00, -1.507989e+00, 1.125581e+01, 1.273070e-01, 1.236074e+01, -4.164593e-02, -2.389823e-01, -5.467150e-02
6, 6, 5.264236e-01, 5.770000e-01, 0.000000e+00, 3.840000e-01, -5.793197e-01, -2.134197e+00, -1.440297e+00, 1.010901e+01, -4.734084e-03, 1.104365e+01, 1.148811e-01, 1.010443e-01, 6.348877e-02
6, 6, 5.163000e-01, 5.770000e-01, 0.000000e+00, 3.840000e-01, -4.689379e-01, -2.174388e+00, -1.285851e+00, 8.685268e+00, -1.185648e-01, 9.578506e+00, 7.283276e-02, 2.754048e-01, 6.010519e-02
6, 6, 5.061765e-01, 5.770000e-01, 0.000000e+00, 3.840000e-01, -3.650146e-01, -2.226552e+00, -1.126079e+00, 7.373820e+00, -6.857038e-02, 8.204494e+00, 1.314486e-01, 4.059499e-01, 1.248982e-01
6, 6, 4.960530e-01, 5.770000e-01, 0.000000e+00, 3.840000e-01, -2.528732e-01, -2.182704e+00, -9.531966e-01, 6.182610e+00, 8.388966e-02, 6.940764e+00, -2.811709e-02, 4.999740e-01, 3.072860e-02
6, 6, 4.859294e-01, 5.770000e-01, 0.000000e+00, 3.840000e-01, -6.139414e-02, -2.241799e+00, -7.076688e-01, 4.705602e+00, 3.798063e-02, 5.432586e+00, -4.287075e-01, 4.538105e-01, -3.062796e-01
6, 6, 4.758059e-01, 5.770000e-01, 0.000000e+00, 3.840000e-01, 1.645602e-02, -2.290373e+00, -5.243544e-01, 3.485107e+00, 4.460324e-02, 4.105794e+00, -1.893860e-01, 4.138361e-01, -2.376523e-01
6, 6, 4.656824e-01, 5.770000e-01, 0.000000e+00, 3.840000e-01, -2.098121e-02, -2.252037e+00, -4.455726e-01, 2.755641e+00, 1.843022e-01, 3.230933e+00, 5.613655e-01, 4.518285e-01, 3.374627e-01
6, 6, 4.555589e-01, 5.770000e-01, 0.000000e+00, 3.840000e-01, 2.091548e-01, -2.469027e+00, -1.910322e-01, 1.324033e+00, -2.285248e-01, 1.821301e+00, 3.073931e-01, 2.586919e-01, 3.079723e-01
6, 6, 4.454353e-01, 5.770000e-01, 0.000000e+00, 3.840000e-01, 5.299732e-01, -2.592093e+00, 1.835382e-01, -2.811910e-01, -2.818307e-01, 2.351001e-01, -4.707648e-01, -1.474705e-01, -2.648149e-01
6, 6, 4.353118e-01, 5.770000e-01, 0.000000e+00, 3.840000e-01, 3.298324e-01, -1.503354e+00, 1.967489e-01, -3.711798e-01, 3.324349e-01, -1.357662e-01, -1.329403e-01, -2.108583e-01, -1.409943e-01
6, 6, 4.251883e-01, 5.770000e-01, 0.000000e+00, 3.840000e-01, -3.434532e-02, -2.651337e-02, -1.282509e-02, 4.041734e-02, 5.325183e-02, 9.031466e-03, 2.446347e-01, 7.725154e-03, 1.518999e-01
6, 6, 4.150647e-01, 5.770000e-01, 0.000000e+00, 3.840000e-01, -2.172529e-02, 1.515753e-01, -1.866798e-02, -2.519146e-02, -1.854536e-01, -3.529955e-02, -5.977374e-02, 2.403047e-02, -2.573644e-02
6, 6, 4.049412e-01, 5.770000e-01, 0.000000e+00, 3.840000e-01, 2.581940e-02, -1.000845e-01, 1.741130e-02, -1.133269e-03, 1.070501e-01, 1.570647e-02, -2.691812e-02, -2.031976e-02, -2.495567e-02
6, 6, 3.948177e-01, 5.770000e-01, 0.000000e+00, 3.840000e-01, -1.320325e-02, 2.958646e-02, -7.812241e-03, 8.968933e-03, -2.627859e-02, -8.576624e-04, 4.005729e-02, 8.550342e-03, 2.807922e-02
6, 6, 3.846941e-01, 5.770000e-01, 0.000000e+00, 3.840000e-01, 3.278925e-03, 5.797836e-03, 1.412240e-03, -8.353718e-03, -1.182926e-02, -5.362924e-03, -2.613308e-02, -1.138956e-03, -1.663711e-02
6, 6, 3.745706e-01, 5.770000e-01, 0.000000e+00, 3.840000e-01, 6.633397e-04, -1.274823e-02, 8.151602e-04, 5.924183e-03, 1.928790e-02, 6.027080e-03, 1.192832e-02, -1.291454e-03, 6.946737e-03
6, 6, 3.644471e-01, 5.770000e-01, 0.000000e+00, 3.840000e-01, -1.337693e-03, 9.485930e-03, -1.027347e-03, -3.691560e-03, -1.502623e-02, -4.510292e-03, -4.015933e-03, 1.402197e-03, -1.997006e-03
6, 6, 3.543236e-01, 5.770000e-01, 0.000000e+00, 3.840000e-01, 1.006032e-03, -5.354114e-03, 7.072859e-04, 2.135720e-03, 9.303054e-03, 2.828278e-03, 8.278718e-04, -9.411586e-04, 1.808721e-04
6, 6, 3.442000e-01, 5.770000e-01, 0.000000e+00, 3.840000e-01, -5.902651e-04, 2.673647e-03, -3.989025e-04, -1.197498e-03, -5.199031e-03, -1.628151e-03, 8.665967e-05, 5.305663e-04, 2.415934e-04
6, 6, 3.340765e-01, 5.770000e-01, 0.000000e+00, 3.840000e-01, 3.097690e-04, -1.283070e-03, 2.052627e-04, 6.689727e-04, 2.787929e-03, 9.039571e-04, -1.884965e-04, -2.763612e-04, -2.141143e-04
6, 6, 3.239530e-01, 5.770000e-01, 0.000000e+00, 3.840000e-01, -1.530037e-04, 6.257060e-04, -1.007364e-04, -3.737047e-04, -1.472504e-03, -4.931345e-04, 9.699271e-05, 1.386168e-04, 1.078166e-04
6, 6, 3.138294e-01, 5.770000e-01, 0.000000e+00, 3.840000e-01, 7.177573e-05, -3.162114e-04, 4.751492e-05, 2.025472e-04, 7.582447e-04, 2.597825e-04, -1.032093e-05, -6.737647e-05, -2.853997e-05
6, 6, 3.037059e-01, 5.770000e-01, 0.000000e+00, 3.840000e-01, -3.098155e-05, 1.607014e-04, -2.091231e-05, -9.929471e-05, -3.610284e-04, -1.243858e-04, -3.282877e-05, 3.078244e-05, -1.105320e-05
6, 6, 2.935824e-01, 5.770000e-01, 0.000000e+00, 3.840000e-01, 1.117027e-05, -7.601192e-05, 7.886008e-06, 3.810541e-05, 1.409950e-04, 4.721444e-05, 4.054994e-05, -1.215414e-05, 2.216738e-05
6, 6, 2.834588e-01, 5.770000e-01, 0.000000e+00, 3.840000e-01, -2.423434e-06, 2.923530e-05, -1.975023e-06, -6.461202e-06, -3.066807e-05, -8.360779e-06, -2.954678e-05, 3.277031e-06, -1.818032e-05
6, 6, 2.733353e-01, 5.770000e-01, 0.000000e+00, 3.840000e-01, -5.255860e-07, -6.323654e-06, -1.663269e-07, -4.679035e-06, -9.943254e-06, -5.255074e-06, 1.425772e-05, 1.460423e-07, 9.518236e-06
6, 6, 2.632118e-01, 5.770000e-01, 0.000000e+00, 3.840000e-01, 8.154018e-07, -1.520238e-06, 4.996962e-07, 4.537306e-06, 1.307966e-05, 5.334415e-06, -3.457054e-06, -7.722412e-07, -2.621594e-06
6, 6, 2.530883e-01, 5.770000e-01, 0.000000e+00, 3.840000e-01, -3.543695e-07, 1.894215e-06, -2.460652e-07, -1.393981e-06, -4.897306e-06, -1.741827e-06, -6.912128e-07, 4.053136e-07, -3.355505e-07
6, 6, 2.429647e-01, 5.770000e-01, 0.000000e+00, 3.840000e-01, 3.126701e-08, -5.264216e-07, 2.867700e-08, -2.562094e-07, -2.359019e-07, -2.294589e-07, 7.704127e-07, -5.286470e-08, 5.288566e-07
6, 6, 2.328412e-01, 5.770000e-01, 0.000000e+00, 3.840000e-01, 3.183141e-08, -9.377057e-08, 2.158099e-08, 2.453304e-07, 6.748499e-07, 2.808900e-07, -9.505351e-08, -3.601410e-08, -7.724161e-08
6, 6, 2.227177e-01, 5.770000e-01, 0.000000e+00, 3.840000e-01, -7.353859e-09, 6.136642e-08, -5.470470e-09, 1.314429e-08, -2.667200e-08, 5.686628e-09, -6.770622e-08, 1.021694e-08, -4.805791e-08
6, 6, 2.125941e-01, 5.770000e-01, 0.000000e+00, 3.840000e-01, -2.215874e-09, 7.714664e-09, -1.618655e-09, -2.145952e-08, -5.708133e-08, -2.415917e-08, 6.313301e-09, 2.808217e-09, 4.559014e-09
6, 6, 2.024706e-01, 5.770000e-01, 0.000000e+00, 3.840000e-01, 2.665377e-10, -2.790982e-09, 1.712377e-10, -4.346074e-09, -6.555841e-09, -4.128369e-09, 4.985212e-09, -3.976073e-10, 3.650878e-09
6, 6, 1.923471e-01, 5.770000e-01, 0.000000e+00, 3.840000e-01, 1.419191e-10, -8.599213e-10, 1.009788e-10, 1.477273e-10, 1.341978e-09, 3.012828e-10, 6.630888e-10, -2.029527e-10, 5.369675e-10
6, 6, 1.822235e-01, 5.770000e-01, 0.000000e+00, 3.840000e-01, 2.073554e-11, -1.081839e-10, 1.623151e-11, 2.073428e-10, 5.693899e-10, 2.311572e-10, -1.356375e-11, -3.052959e-11, 7.467045e-12
6, 6, 1.721000e-01, 5.770000e-01, 0.000000e+00, 3.840000e-01, 1.525613e-12, -7.743359e-12, 1.521505e-12, 5.200633e-11, 1.159821e-10, 5.389458e-11, -1.847297e-11, -2.360046e-12, -1.033026e-11
6, 6, 1.619765e-01, 5.770000e-01, 0.000000e+00, 3.840000e-01, 6.194107e-14, -5.534886e-13, 1.209462e-13, 9.205615e-12, 1.906465e-11, 9.299860e-12, -3.749343e-12, -1.018166e-13, -2.269612e-12
6, 6, 1.518530e-01, 5.770000e-01, 0.000000e+00, 3.840000e-01, 1.435158e-14, -1.670768e-13, 2.055923e-14, 1.301456e-12, 2.761459e-12, 1.314033e-12, -4.373112e-13, -2.203490e-14, -2.434190e-13
6, 6, 1.417294e-01, 5.770000e-01, 0.000000e+00, 3.840000e-01, 6.496186e-15, -5.260854e-14, 5.717513e-15, 1.149523e-13, 2.881790e-13, 1.190006e-13, -7.340527e-15, -1.044349e-14, 8.255395e-15
6, 6, 1.316059e-01, 5.770000e-01, 0.000000e+00, 3.840000e-01, 1.459974e-15, -9.052496e-15, 1.120340e-15, -4.454512e-15, 2.652552e-15, -3.636704e-15, 8.920948e-15, -2.527349e-15, 8.505000e-15
6, 6, 1.214824e-01, 5.770000e-01, 0.000000e+00, 3.840000e-01, 1.280310e-16, -4.656887e-16, 9.369701e-17, -2.512927e-15, -4.212541e-15, -2.440592e-15, 1.384292e-15, -2.538399e-16, 1.130008e-15
6, 6, 1.113588e-01, 5.770000e-01, 0.000000e+00, 3.840000e-01, -7.614785e-18, 6.683393e-17, -5.998749e-18, -7.177575e-17, -2.158365e-16, -7.573265e-17, -2.281471e-17, 1.128940e-17, -3.229473e-17
6, 6, 1.012353e-01, 5.770000e-01, 0.000000e+00, 3.840000e-01, -8.890397e-19, 2.028744e-18, -6.940047e-19, 1.953303e-17, 3.457133e-17, 1.892353e-17, -9.366090e-18, 1.975743e-18, -7.807144e-18
6, 6, 9.111177e-02, 5.770000e-01, 0.000000e+00, 3.840000e-01, 8.410012e-20, -3.739755e-19, 6.777459e-20, -9.367006e-19, -1.318309e-18, -8.824713e-19, 6.636176e-19, -1.704900e-19, 6.184000e-19
6, 6, 8.098824e-02, 5.770000e-01, 0.000000e+00, 3.840000e-01, -3.940058e-21, 2.010761e-20, -3.358359e-21, 3.009183e-20, 3.159761e-20, 2.789544e-20, -2.761416e-20, 8.090916e-21, -2.791910e-20
6, 6, 7.086471e-02, 5.770000e-01, 0.000000e+00, 3.840000e-01, 1.594948e-22, -6.870003e-22, 1.428185e-22, -1.551676e-21, -2.045042e-21, -1.469805e-21, 1.137768e-21, -3.542297e-22, 1.139610e-21
6, 6, 6.074118e-02, 5.770000e-01, 0.000000e+00, 3.840000e-01, -3.741413e-24, 7.930800e-24, -3.127665e-24, 5.796544e-23, 9.821712e-23, 5.565531e-23, -2.847188e-23, 8.948549e-24, -2.419110e-23
6, 6, 5.061765e-02, 5.770000e-01, 0.000000e+00, 3.840000e-01, -3.513283e-26, 1.794517e-25, -3.765341e-26, 2.306045e-25, 1.856789e-25, 2.288853e-25, -2.234580e-25, 8.394968e-26, -2.428708e-25
6, 6, 4.049412e-02, 5.770000e-01, 0.000000e+00, 3.840000e-01, -5.171730e-29, 5.706154e-28, -9.420210e-29, -6.444724e-28, -1.830466e-27, -5.985805e-28, -2.956917e-28, 1.830261e-28, -5.495866e-28
6, 6, 3.037059e-02, 5.770000e-01, 0.000000e+00, 3.840000e-01, -3.645574e-31, 1.010332e-30, -2.993666e-31, 3.929645e-30, 5.655470e-30, 3.776913e-30, -2.227976e-30, 7.849961e-31, -1.705704e-30
6, 6, 2.024706e-02, 5.770000e-01, 0.000000e+00, 3.840000e-01, 1.456597e-35, -4.487654e-35, 9.997686e-36, -1.767186e-34, -2.832920e-34, -1.701049e-34, 8.997373e-35, -2.137685e-35, 5.879356e-35
6, 6, 1.012353e-02, 5.770000e-01, 0.000000e+00, 3.840000e-01, -1.457350e-43, 2.970753e-43, -1.569454e-43, 2.027679e-42, 2.846037e-42, 2.142585e-42, -6.866362e-43, 2.732532e-43, -7.524973e-43
6, 6, 0.000000e+00, 5.770000e-01, 0.000000e+00, 3.840000e-01, 0.000000e+00, 0.000000e+00, 0.000000e+00, 0.000000e+00, 0.000000e+00, 0.000000e+00, 0.000000e+00, 0.000000e+00, 0.000000e+00
7, 7, 3.026935e+00, 4.612000e+00, 0.000000e+00, 3.075000e+00, 9.391913e-01, 3.384275e-03, -9.007905e-01, -9.542769e+00, -1.044117e-01, -1.377670e+00, 8.469486e-02, 1.287264e+00, 4.433246e-02
7, 7, 3.016812e+00, 4.612000e+00, 0.000000e+00, 3.075000e+00, 5.379754e-01, 6.234536e-02, -1.090770e+00, -7.041508e+00, -3.188853e-02, -2.150834e-01, 1.269530e-02, 2.197033e+00, 1.828499e-02
7, 7, 3.006688e+00, 4.612000e+00, 0.000000e+00, 3.075000e+00, 6.070482e-02, 1.273359e-01, -1.324314e+00, -4.043461e+00, 6.861927e-02, 1.282536e+00, -6.920477e-02, 3.259758e+00, -1.832259e-02
7, 7, 2.996565e+00, 4.612000e+00, 0.000000e+00, 3.075000e+00, -3.056427e-01, 1.594151e-01, -1.468868e+00, -1.724043e+00, 1.113384e-01, 2.297372e+00, -8.705270e-02, 4.011027e+00, -4.544982e-02
7, 7, 2.986441e+00, 4.612000e+00, 0.000000e+00, 3.075000e+00, -4.218971e-01, 1.183244e-01, -1.426158e+00, -9.119933e-01, 5.616665e-02, 2.230194e+00, -2.683030e-02, 4.131609e+00, -4.440885e-02
7, 7, 2.976318e+00, 4.612000e+00, 0.000000e+00, 3.075000e+00, -3.078460e-01, 3.770778e-05, -1.195804e+00, -1.417835e+00, -5.694203e-02, 1.142617e+00, 5.754100e-02, 3.665109e+00, -7.752371e-03
7, 7, 2.966194e+00, 4.612000e+00, 0.000000e+00, 3.075000e+00, -1.171655e-01, -1.550661e-01, -8.652869e-01, -2.258423e+00, -1.240748e-01, -3.495878e-01, 8.622976e-02, 2.944011e+00, 3.849499e-02
7, 7, 2.956071e+00, 4.612000e+00, 0.000000e+00, 3.075000e+00, -1.333055e-03, -2.884246e-01, -5.466498e-01, -2.582896e+00, -6.702374e-02, -1.607782e+00, 2.425709e-02, 2.311702e+00, 5.343444e-02
7, 7, 2.945947e+00, 4.612000e+00, 0.000000e+00, 3.075000e+00, -5.558341e-03, -3.632477e-01, -3.109610e-01, -2.307509e+00, 7.497766e-02, -2.407408e+00, -7.428948e-02, 1.900943e+00, 2.461899e-02
7, 7, 2.935824e+00, 4.612000e+00, 0.000000e+00, 3.075000e+00, -9.420716e-02, -3.955065e-01, -1.586622e-01, -1.786665e+00, 1.663257e-01, -2.905750e+00, -1.079566e-01, 1.648656e+00, -2.368064e-02
7, 7, 2.925700e+00, 4.612000e+00, 0.000000e+00, 3.075000e+00, -2.627114e-01, -4.351562e-01, -4.690508e-02, -9.223738e-01, 1.014546e-01, -3.203689e+00, -2.847321e-02, 1.507535e+00, -5.208546e-02
7, 7, 2.915577e+00, 4.612000e+00, 0.000000e+00, 3.075000e+00, -5.900282e-01, -4.951783e-01, 5.844762e-02, 1.135784e+00, -7.940470e-02, -3.046922e+00, 9.575613e-02, 1.591210e+00, -3.708954e-02
7, 7, 2.905453e+00, 4.612000e+00, 0.000000e+00, 3.075000e+00, -1.136292e+00, -4.979070e-01, 1.660077e-01, 5.027615e+00, -2.098349e-01, -2.151877e+00, 1.369403e-01, 2.022082e+00, 8.686771e-03
7, 7, 2.895330e+00, 4.612000e+00, 0.000000e+00, 3.075000e+00, -1.767079e+00, -3.119755e-01, 2.861978e-01, 9.729460e+00, -1.571204e-01, -8.829460e-01, 4.452254e-02, 2.594760e+00, 4.626259e-02
7, 7, 2.885206e+00, 4.612000e+00, 0.000000e+00, 3.075000e+00, -2.108871e+00, 1.205856e-01, 4.556225e-01, 1.229184e+01, 3.951034e-02, -4.494400e-01, -9.221506e-02, 2.659519e+00, 4.194929e-02
7, 7, 2.875083e+00, 4.612000e+00, 0.000000e+00, 3.075000e+00, -1.765390e+00, 6.749489e-01, 7.127567e-01, 9.655958e+00, 2.020680e-01, -2.136272e+00, -1.351383e-01, 1.512249e+00, -1.226012e-03
7, 7, 2.864959e+00, 4.612000e+00, 0.000000e+00, 3.075000e+00, -6.704956e-01, 1.082577e+00, 1.039743e+00, 1.396842e+00, 1.848906e-01, -6.077924e+00, -4.656240e-02, -9.300481e-01, -4.097306e-02
7, 7, 2.854835e+00, 4.612000e+00, 0.000000e+00, 3.075000e+00, 7.444718e-01, 1.118473e+00, 1.335765e+00, -9.125675e+00, 1.313155e-02, -1.074724e+01, 7.268278e-02, -3.796639e+00, -3.507600e-02
7, 7, 2.844712e+00, 4.612000e+00, 0.000000e+00, 3.075000e+00, 1.785410e+00, 7.798008e-01, 1.465812e+00, -1.669932e+01, -1.461845e-01, -1.382815e+01, 1.002433e-01, -5.717119e+00, 7.698659e-03
7, 7, 2.834588e+00, 4.612000e+00, 0.000000e+00, 3.075000e+00, 1.985776e+00, 2.934780e-01, 1.352925e+00, -1.795464e+01, -1.530968e-01, -1.385040e+01, 2.410067e-02, -5.792485e+00, 3.342319e-02
7, 7, 2.824465e+00, 4.612000e+00, 0.000000e+00, 3.075000e+00, 1.434291e+00, -6.002997e-02, 1.036338e+00, -1.368125e+01, -2.888911e-02, -1.120787e+01, -5.865638e-02, -4.255762e+00, 1.458767e-02
7, 7, 2.814341e+00, 4.612000e+00, 0.000000e+00, 3.075000e+00, 6.513430e-01, -1.569076e-01, 6.554776e-01, -7.788838e+00, 8.785187e-02, -7.749491e+00, -6.295922e-02, -2.240043e+00, -1.748728e-02
7, 7, 2.804218e+00, 4.612000e+00, 0.000000e+00, 3.075000e+00, 1.464305e-01, -8.982926e-02, 3.712299e-01, -4.017818e+00, 9.390544e-02, -5.371853e+00, -2.519138e-03, -8.850704e-01, -2.155949e-02
7, 7, 2.794094e+00, 4.612000e+00, 0.000000e+00, 3.075000e+00, 6.702290e-02, -3.604854e-02, 2.673495e-01, -3.413524e+00, 6.773463e-03, -4.784438e+00, 5.200602e-02, -5.720194e-01, 6.361880e-03
7, 7, 2.783971e+00, 4.612000e+00, 0.000000e+00, 3.075000e+00, 2.186245e-01, -8.822954e-02, 3.094212e-01, -4.506000e+00, -7.213571e-02, -5.375645e+00, 5.384931e-02, -8.961932e-01, 3.208125e-02
7, 7, 2.773847e+00, 4.612000e+00, 0.000000e+00, 3.075000e+00, 3.482176e-01, -2.118457e-01, 3.979935e-01, -5.382796e+00, -5.917823e-02, -6.085357e+00, 5.103301e-03, -1.245635e+00, 1.878015e-02
7, 7, 2.763724e+00, 4.612000e+00, 0.000000e+00, 3.075000e+00, 3.653341e-01, -3.242909e-01, 4.550357e-01, -5.354176e+00, 2.794215e-02, -6.330397e+00, -5.306282e-02, -1.331258e+00, -2.601687e-02
7, 7, 2.753600e+00, 4.612000e+00, 0.000000e+00, 3.075000e+00, 3.341177e-01, -3.843929e-01, 4.660110e-01, -4.941901e+00, 8.709233e-02, -6.217214e+00, -6.579845e-02, -1.247189e+00, -4.956178e-02
7, 7, 2.743477e+00, 4.612000e+00, 0.000000e+00, 3.075000e+00, 3.395042e-01, -4.141474e-01, 4.610110e-01, -4.836400e+00, 5.053873e-02, -6.119937e+00, -1.858591e-02, -1.198877e+00, -1.978238e-02
7, 7, 2.733353e+00, 4.612000e+00, 0.000000e+00, 3.075000e+00, 3.901614e-01, -4.465359e-01, 4.645124e-01, -5.111751e+00, -3.449026e-02, -6.184269e+00, 4.134944e-02, -1.247720e+00, 2.850082e-02
7, 7, 2.723230e+00, 4.612000e+00, 0.000000e+00, 3.075000e+00, 4.166325e-01, -4.591830e-01, 4.567454e-01, -5.258053e+00, -7.932620e-02, -6.176516e+00, 6.270529e-02, -1.258236e+00, 4.551220e-02
7, 7, 2.713106e+00, 4.612000e+00, 0.000000e+00, 3.075000e+00, 3.434877e-01, -3.880730e-01, 3.903313e-01, -4.756966e+00, -6.015250e-02, -5.748738e+00, 3.956883e-02, -1.046778e+00, 2.931216e-02
7, 7, 2.702983e+00, 4.612000e+00, 0.000000e+00, 3.075000e+00, 1.689700e-01, -2.198451e-01, 2.550907e-01, -3.593500e+00, 3.835985e-04, -4.848118e+00, -8.895677e-03, -5.917502e-01, -3.732746e-03
7, 7, 2.692859e+00, 4.612000e+00, 0.000000e+00, 3.075000e+00, -2.931395e-02, -3.068620e-02, 1.020518e-01, -2.254946e+00, 6.562265e-02, -3.812405e+00, -5.438423e-02, -7.127383e-02, -3.992289e-02
7, 7, 2.682735e+00, 4.612000e+00, 0.000000e+00, 3.075000e+00, -1.641903e-01, 8.193459e-02, -8.937745e-03, -1.295508e+00, 6.979904e-02, -3.047621e+00, -5.235801e-02, 3.105099e-01, -4.034824e-02
7, 7, 2.672612e+00, 4.612000e+00, 0.000000e+00, 3.075000e+00, -1.918122e-01, 6.510621e-02, -4.658198e-02, -9.780546e-01, 1.988541e-03, -2.749207e+00, 9.834800e-04, 4.517368e-01, 2.405785e-03
7, 7, 2.662488e+00, 4.612000e+00, 0.000000e+00, 3.075000e+00, -1.220367e-01, -6.971602e-02, -1.149817e-02, -1.207322e+00, -4.954652e-02, -2.864810e+00, 4.117722e-02, 3.669907e-01, 3.107744e-02
7, 7, 2.652365e+00, 4.612000e+00, 0.000000e+00, 3.075000e+00, -2.202599e-02, -2.376667e-01, 4.905551e-02, -1.588638e+00, -3.533216e-02, -3.099149e+00, 2.882934e-02, 2.032416e-01, 1.954063e-02
7, 7, 2.642241e+00, 4.612000e+00, 0.000000e+00, 3.075000e+00, 2.383886e-02, -3.347955e-01, 7.004259e-02, -1.674562e+00, 1.367757e-03, -3.103013e+00, -2.610173e-03, 1.520289e-01, -1.371785e-03
7, 7, 2.632118e+00, 4.612000e+00, 0.000000e+00, 3.075000e+00, -1.188041e-02, -3.333277e-01, 3.276943e-02, -1.329620e+00, 1.985508e-02, -2.790411e+00, -1.536520e-02, 2.771018e-01, -1.175918e-02
7, 7, 2.621994e+00, 4.612000e+00, 0.000000e+00, 3.075000e+00, -9.185433e-02, -2.878346e-01, -3.663154e-02, -7.591630e-01, 1.670377e-02, -2.314222e+00, -1.045799e-02, 5.060025e-01, -1.191613e-02
7, 7, 2.611871e+00, 4.612000e+00, 0.000000e+00, 3.075000e+00, -1.749923e-01, -2.597087e-01, -1.141125e-01, -1.800535e-01, 3.505808e-04, -1.803601e+00, -9.081933e-04, 7.585475e-01, -1.896266e-03
7, 7, 2.601747e+00, 4.612000e+00, 0.000000e+00, 3.075000e+00, -2.522286e-01, -2.697618e-01, -1.938068e-01, 3.813313e-01, -1.362639e-02, -1.272300e+00, 5.828500e-03, 1.008106e+00, 1.000281e-02
7, 7, 2.591624e+00, 4.612000e+00, 0.000000e+00, 3.075000e+00, -3.319240e-01, -3.038686e-01, -2.784409e-01, 9.948041e-01, -6.845202e-03, -6.843089e-01, 2.263914e-03, 1.259881e+00, 7.993714e-03
7, 7, 2.581500e+00, 4.612000e+00, 0.000000e+00, 3.075000e+00, -4.233795e-01, -3.319683e-01, -3.716186e-01, 1.693798e+00, 1.285858e-02, -2.759417e-02, -7.134073e-03, 1.529122e+00, -5.661577e-03
7, 7, 2.571377e+00, 4.612000e+00, 0.000000e+00, 3.075000e+00, -5.362018e-01, -3.280005e-01, -4.722638e-01, 2.471172e+00, 1.135414e-02, 6.580088e-01, -2.970083e-03, 1.836630e+00, -8.678678e-03
7, 7, 2.561253e+00, 4.612000e+00, 0.000000e+00, 3.075000e+00, -6.732794e-01, -2.934355e-01, -5.700344e-01, 3.306002e+00, -1.496977e-02, 1.305050e+00, 1.297526e-02, 2.195534e+00, 4.265883e-03
7, 7, 2.551130e+00, 4.612000e+00, 0.000000e+00, 3.075000e+00, -8.278240e-01, -2.514840e-01, -6.560003e-01, 4.192815e+00, -3.000371e-02, 1.895904e+00, 1.685740e-02, 2.604089e+00, 1.341685e-02
7, 7, 2.541006e+00, 4.612000e+00, 0.000000e+00, 3.075000e+00, -9.911778e-01, -2.134464e-01, -7.366239e-01, 5.156098e+00, -1.023725e-02, 2.500543e+00, 1.205285e-03, 3.045084e+00, 5.202266e-03
7, 7, 2.530883e+00, 4.612000e+00, 0.000000e+00, 3.075000e+00, -1.146579e+00, -1.722519e-01, -8.219620e-01, 6.142270e+00, 3.320704e-02, 3.162586e+00, -2.262961e-02, 3.466255e+00, -1.383462e-02
7, 7, 2.520759e+00, 4.612000e+00, 0.000000e+00, 3.075000e+00, -1.267858e+00, -1.196252e-01, -9.067855e-01, 6.965052e+00, 6.147447e-02, 3.798763e+00, -3.668270e-02, 3.790571e+00, -2.657189e-02
7, 7, 2.510635e+00, 4.612000e+00, 0.000000e+00, 3.075000e+00, -1.350229e+00, -5.217551e-02, -9.827175e-01, 7.520143e+00, 3.182684e-02, 4.317725e+00, -1.704571e-02, 4.003528e+00, -1.404301e-02
7, 7, 2.500512e+00, 4.612000e+00, 0.000000e+00, 3.075000e+00, -1.433145e+00, 2.227078e-02, -1.064222e+00, 8.027122e+00, -4.673089e-02, 4.821334e+00, 3.319622e-02, 4.218709e+00, 2.261388e-02
7, 7, 2.490388e+00, 4.612000e+00, 0.000000e+00, 3.075000e+00, -1.576586e+00, 7.990204e-02, -1.184567e+00, 8.942177e+00, -9.458412e-02, 5.598542e+00, 6.248242e-02, 4.606211e+00, 4.462809e-02
7, 7, 2.480265e+00, 4.612000e+00, 0.000000e+00, 3.075000e+00, -1.805759e+00, 1.039346e-01, -1.360464e+00, 1.050070e+01, -5.066871e-02, 6.822159e+00, 3.104372e-02, 5.227017e+00, 2.034857e-02
7, 7, 2.470141e+00, 4.612000e+00, 0.000000e+00, 3.075000e+00, -2.052852e+00, 1.074526e-01, -1.550251e+00, 1.220052e+01, 3.648424e-02, 8.169881e+00, -3.008939e-02, 5.882113e+00, -2.291491e-02
7, 7, 2.460018e+00, 4.612000e+00, 0.000000e+00, 3.075000e+00, -2.147572e+00, 1.133400e-01, -1.640828e+00, 1.278011e+01, 7.669016e-02, 8.775922e+00, -6.019397e-02, 6.105441e+00, -3.881302e-02
7, 7, 2.449894e+00, 4.612000e+00, 0.000000e+00, 3.075000e+00, -1.918049e+00, 1.282895e-01, -1.512707e+00, 1.102945e+01, 5.431928e-02, 7.774832e+00, -4.013671e-02, 5.441973e+00, -2.192692e-02
7, 7, 2.439771e+00, 4.612000e+00, 0.000000e+00, 3.075000e+00, -1.352844e+00, 1.543780e-01, -1.154710e+00, 6.929953e+00, 7.862275e-03, 5.114268e+00, 4.754348e-03, 3.880679e+00, 2.754132e-03
7, 7, 2.429647e+00, 4.612000e+00, 0.000000e+00, 3.075000e+00, -6.547314e-01, 2.011450e-01, -7.030187e-01, 1.964915e+00, -3.636271e-02, 1.803085e+00, 4.128356e-02, 1.989626e+00, 1.981192e-02
7, 7, 2.419524e+00, 4.612000e+00, 0.000000e+00, 3.075000e+00, -1.080212e-01, 2.717705e-01, -3.485400e-01, -1.849957e+00, -5.467447e-02, -7.688380e-01, 4.539176e-02, 5.435709e-01, 2.807874e-02
7, 7, 2.409400e+00, 4.612000e+00, 0.000000e+00, 3.075000e+00, 1.170615e-01, 3.534687e-01, -2.003884e-01, -3.336814e+00, -2.348159e-02, -1.806543e+00, 1.011277e-02, -1.181671e-02, 1.289406e-02
7, 7, 2.399277e+00, 4.612000e+00, 0.000000e+00, 3.075000e+00, 4.947627e-02, 4.353141e-01, -2.387493e-01, -2.770684e+00, 2.232454e-02, -1.485369e+00, -2.997257e-02, 2.190395e-01, -1.776299e-02
7, 7, 2.389153e+00, 4.612000e+00, 0.000000e+00, 3.075000e+00, -1.442107e-01, 5.126123e-01, -3.664356e-01, -1.401771e+00, 2.570344e-02, -5.891241e-01, -2.958056e-02, 7.719204e-01, -2.010360e-02
7, 7, 2.379030e+00, 4.612000e+00, 0.000000e+00, 3.075000e+00, -2.911149e-01, 5.580928e-01, -4.741671e-01, -4.263351e-01, 2.548330e-03, 9.195872e-02, -1.019735e-03, 1.186649e+00, 2.184621e-04
7, 7, 2.368906e+00, 4.612000e+00, 0.000000e+00, 3.075000e+00, -3.295727e-01, 5.426517e-01, -5.104739e-01, -2.031363e-01, -8.009500e-03, 2.689393e-01, 1.747350e-02, 1.308802e+00, 9.050102e-03
7, 7, 2.358783e+00, 4.612000e+00, 0.000000e+00, 3.075000e+00, -3.139065e-01, 4.818756e-01, -5.047554e-01, -3.159601e-01, -2.097752e-03, 1.957733e-01, 1.160143e-02, 1.289358e+00, 4.158414e-03
7, 7, 2.348659e+00, 4.612000e+00, 0.000000e+00, 3.075000e+00, -3.152709e-01, 4.181506e-01, -5.026109e-01, -2.773508e-01, 1.098666e-02, 1.963927e-01, -1.115995e-02, 1.312070e+00, -7.493309e-03
7, 7, 2.338535e+00, 4.612000e+00, 0.000000e+00, 3.075000e+00, -3.590879e-01, 3.866960e-01, -5.218475e-01, 3.599606e-02, 1.150016e-02, 3.583364e-01, -2.024962e-02, 1.430131e+00, -1.088405e-02
7, 7, 2.328412e+00, 4.612000e+00, 0.000000e+00, 3.075000e+00, -4.355105e-01, 3.963770e-01, -5.623741e-01, 5.037736e-01, -5.748269e-03, 6.248473e-01, -4.655412e-04, 1.609643e+00, 3.529325e-03
7, 7, 2.318288e+00, 4.612000e+00, 0.000000e+00, 3.075000e+00, -5.322495e-01, 4.229979e-01, -6.197784e-01, 1.037099e+00, -1.644666e-02, 9.537155e-01, 1.966421e-02, 1.816320e+00, 1.499182e-02
7, 7, 2.308165e+00, 4.612000e+00, 0.000000e+00, 3.075000e+00, -6.589640e-01, 4.408388e-01, -6.964504e-01, 1.702303e+00, -1.008886e-02, 1.378405e+00, 1.712086e-02, 2.065322e+00, 7.566177e-03
7, 7, 2.298041e+00, 4.612000e+00, 0.000000e+00, 3.075000e+00, -8.292681e-01, 4.467170e-01, -7.961743e-01, 2.581143e+00, 1.294583e-03, 1.929003e+00, 4.454483e-05, 2.381642e+00, -5.712536e-03
7, 7, 2.287918e+00, 4.612000e+00, 0.000000e+00, 3.075000e+00, -1.025593e+00, 4.441112e-01, -9.045239e-01, 3.578520e+00, 1.033458e-02, 2.529432e+00, -1.486126e-02, 2.723957e+00, -1.006318e-02
7, 7, 2.277794e+00, 4.612000e+00, 0.000000e+00, 3.075000e+00, -1.206185e+00, 4.306048e-01, -9.947605e-01, 4.472919e+00, 1.024002e-02, 3.038400e+00, -1.348406e-02, 3.007838e+00, -2.949925e-03
7, 7, 2.267671e+00, 4.612000e+00, 0.000000e+00, 3.075000e+00, -1.338386e+00, 4.015532e-01, -1.050638e+00, 5.103398e+00, -5.688410e-03, 3.371167e+00, 5.075236e-03, 3.183026e+00, 8.432241e-03
7, 7, 2.257547e+00, 4.612000e+00, 0.000000e+00, 3.075000e+00, -1.414904e+00, 3.532096e-01, -1.070511e+00, 5.458849e+00, -1.681781e-02, 3.539417e+00, 1.612226e-02, 3.245924e+00, 7.432053e-03
7, 7, 2.247424e+00, 4.612000e+00, 0.000000e+00, 3.075000e+00, -1.455836e+00, 2.890846e-01, -1.064335e+00, 5.662142e+00, 2.496702e-03, 3.608813e+00, 8.355192e-04, 3.232360e+00, -8.976041e-03
7, 7, 2.237300e+00, 4.612000e+00, 0.000000e+00, 3.075000e+00, -1.498205e+00, 2.236604e-01, -1.049212e+00, 5.889591e+00, 3.085450e-02, 3.663391e+00, -2.023911e-02, 3.204330e+00, -1.739138e-02
7, 7, 2.227177e+00, 4.612000e+00, 0.000000e+00, 3.075000e+00, -1.561887e+00, 1.668287e-01, -1.033352e+00, 6.217623e+00, 2.494751e-02, 3.743664e+00, -2.054310e-02, 3.188474e+00, -8.235787e-04
7, 7, 2.217053e+00, 4.612000e+00, 0.000000e+00, 3.075000e+00, -1.638825e+00, 1.185396e-01, -1.012375e+00, 6.593014e+00, -2.657443e-02, 3.815964e+00, 1.024296e-02, 3.166001e+00, 2.658617e-02
7, 7, 2.206930e+00, 4.612000e+00, 0.000000e+00, 3.075000e+00, -1.720452e+00, 8.485105e-02, -9.821195e-01, 6.995395e+00, -7.943795e-02, 3.865526e+00, 5.536191e-02, 3.125757e+00, 2.966717e-02
7, 7, 2.196806e+00, 4.612000e+00, 0.000000e+00, 3.075000e+00, -1.803997e+00, 7.130078e-02, -9.413376e-01, 7.468908e+00, -4.811009e-02, 3.936500e+00, 4.701982e-02, 3.067227e+00, -1.172723e-02
7, 7, 2.186683e+00, 4.612000e+00, 0.000000e+00, 3.075000e+00, -1.889870e+00, 7.556499e-02, -8.889468e-01, 8.023534e+00, 8.077163e-02, 4.041251e+00, -4.777167e-02, 2.986233e+00, -5.584415e-02
7, 7, 2.176559e+00, 4.612000e+00, 0.000000e+00, 3.075000e+00, -1.983893e+00, 9.725013e-02, -8.191832e-01, 8.594728e+00, 1.663426e-01, 4.087616e+00, -1.312365e-01, 2.866640e+00, -3.259186e-02
7, 7, 2.166435e+00, 4.612000e+00, 0.000000e+00, 3.075000e+00, -2.077763e+00, 1.282239e-01, -7.189396e-01, 9.041166e+00, 6.632973e-02, 3.936048e+00, -7.315170e-02, 2.666931e+00, 4.572163e-02
7, 7, 2.156312e+00, 4.612000e+00, 0.000000e+00, 3.075000e+00, -2.151137e+00, 1.545307e-01, -5.814287e-01, 9.298744e+00, -1.459173e-01, 3.583089e+00, 1.037158e-01, 2.360620e+00, 6.285200e-02
7, 7, 2.146188e+00, 4.612000e+00, 0.000000e+00, 3.075000e+00, -2.221059e+00, 1.956377e-01, -4.232997e-01, 9.624312e+00, -2.352788e-01, 3.259659e+00, 2.166009e-01, 2.009475e+00, -3.113627e-02
7, 7, 2.136065e+00, 4.612000e+00, 0.000000e+00, 3.075000e+00, -2.341112e+00, 2.996440e-01, -2.639422e-01, 1.039574e+01, -7.957230e-02, 3.171931e+00, 1.153592e-01, 1.698456e+00, -9.424138e-02
7, 7, 2.125941e+00, 4.612000e+00, 0.000000e+00, 3.075000e+00, -2.493524e+00, 4.508805e-01, -6.398664e-02, 1.138554e+01, 1.828343e-01, 3.049721e+00, -1.512415e-01, 1.304865e+00, 7.551629e-03
7, 7, 2.115818e+00, 4.612000e+00, 0.000000e+00, 3.075000e+00, -2.519516e+00, 5.239906e-01, 2.708182e-01, 1.143269e+01, 2.795698e-01, 2.130567e+00, -3.299868e-01, 4.587066e-01, 1.580567e-01
7, 7, 2.105694e+00, 4.612000e+00, 0.000000e+00, 3.075000e+00, -2.234836e+00, 4.058030e-01, 7.964298e-01, 9.279179e+00, 6.630057e-02, -2.061375e-01, -1.589600e-01, -1.159660e+00, 1.317220e-01
7, 7, 2.095571e+00, 4.612000e+00, 0.000000e+00, 3.075000e+00, -1.613447e+00, 1.231419e-01, 1.518336e+00, 4.808561e+00, -2.586050e-01, -3.990376e+00, 2.579040e-01, -3.606974e+00, -8.724833e-02
7, 7, 2.085447e+00, 4.612000e+00, 0.000000e+00, 3.075000e+00, -8.395503e-01, -1.956616e-01, 2.488294e+00, -7.183810e-01, -2.874479e-01, -9.002837e+00, 4.158694e-01, -6.800822e+00, -2.664683e-01
7, 7, 2.075324e+00, 4.612000e+00, 0.000000e+00, 3.075000e+00, -1.976607e-01, -4.164459e-01, 3.746951e+00, -5.653842e+00, 4.402555e-02, -1.496904e+01, 8.001289e-02, -1.056274e+01, -1.658865e-01
7, 7, 2.065200e+00, 4.612000e+00, 0.000000e+00, 3.075000e+00, 1.876569e-01, -5.097913e-01, 5.064111e+00, -9.390580e+00, 2.998644e-01, -2.090559e+01, -3.231826e-01, -1.433323e+01, 1.546916e-01
7, 7, 2.055077e+00, 4.612000e+00, 0.000000e+00, 3.075000e+00, 5.605164e-01, -6.484218e-01, 5.869147e+00, -1.292799e+01, 1.726123e-01, -2.472815e+01, -3.184968e-01, -1.708562e+01, 3.045135e-01
7, 7, 2.044953e+00, 4.612000e+00, 0.000000e+00, 3.075000e+00, 1.268180e+00, -1.018607e+00, 5.595766e+00, -1.733973e+01, -1.215184e-01, -2.423742e+01, 1.877636e-02, -1.774737e+01, 8.300437e-02
7, 7, 2.034830e+00, 4.612000e+00, 0.000000e+00, 3.075000e+00, 2.242630e+00, -1.503608e+00, 4.223880e+00, -2.172269e+01, -2.053176e-01, -1.910851e+01, 2.478825e-01, -1.598797e+01, -2.016146e-01
7, 7, 2.024706e+00, 4.612000e+00, 0.000000e+00, 3.075000e+00, 2.968673e+00, -1.759097e+00, 2.481413e+00, -2.370979e+01, -2.544312e-02, -1.192874e+01, 1.352756e-01, -1.279957e+01, -1.945623e-01
7, 7, 2.014582e+00, 4.612000e+00, 0.000000e+00, 3.075000e+00, 3.003627e+00, -1.582005e+00, 1.279570e+00, -2.200683e+01, 1.320618e-01, -6.332230e+00, -8.794491e-02, -9.862548e+00, 3.481037e-02
7, 7, 2.004459e+00, 4.612000e+00, 0.000000e+00, 3.075000e+00, 2.410552e+00, -1.093401e+00, 8.929355e-01, -1.767118e+01, 6.531607e-02, -3.715898e+00, -1.086609e-01, -8.067681e+00, 1.597592e-01
7, 7, 1.994335e+00, 4.612000e+00, 0.000000e+00, 3.075000e+00, 1.625888e+00, -5.717899e-01, 8.514643e-01, -1.276903e+01, -8.078884e-02, -2.418075e+00, 2.667794e-02, -6.932672e+00, 5.915515e-02
7, 7, 1.984212e+00, 4.612000e+00, 0.000000e+00, 3.075000e+00, 9.831629e-01, -1.686782e-01, 6.109863e-01, -8.395980e+00, -8.237606e-02, -2.552727e-01, 7.176177e-02, -5.542266e+00, -7.611299e-02
7, 7, 1.974088e+00, 4.612000e+00, 0.000000e+00, 3.075000e+00, 4.966805e-01, 1.565445e-01, 1.241447e-01, -4.501189e+00, 1.942215e-02, 2.943831e+00, -8.572920e-05, -3.738652e+00, -6.209305e-02
7, 7, 1.963965e+00, 4.612000e+00, 0.000000e+00, 3.075000e+00, 9.494955e-02, 4.483690e-01, -2.870416e-01, -1.221694e+00, 6.271329e-02, 5.646276e+00, -4.423060e-02, -2.196800e+00, 2.629129e-02
7, 7, 1.953841e+00, 4.612000e+00, 0.000000e+00, 3.075000e+00, -1.566564e-01, 6.420638e-01, -4.148980e-01, 6.274499e-01, 3.498809e-02, 6.696685e+00, -2.744035e-02, -1.529666e+00, 2.752366e-02
7, 7, 1.943718e+00, 4.612000e+00, 0.000000e+00, 3.075000e+00, -1.908238e-01, 6.962301e-01, -3.626571e-01, 7.172642e-01, -8.880219e-03, 6.435323e+00, 7.983817e-03, -1.608642e+00, -2.038779e-02
7, 7, 1.933594e+00, 4.612000e+00, 0.000000e+00, 3.075000e+00, -8.622817e-02, 6.700380e-01, -3.053057e-01, -1.534288e-01, -3.545716e-02, 5.852395e+00, 2.972290e-02, -1.907314e+00, -1.078890e-02
7, 7, 1.923471e+00, 4.612000e+00, 0.000000e+00, 3.075000e+00, 3.203699e-02, 6.248916e-01, -2.703648e-01, -9.973568e-01, -1.744149e-02, 5.401257e+00, 8.859711e-03, -2.145888e+00, 1.906259e-02
7, 7, 1.913347e+00, 4.612000e+00, 0.000000e+00, 3.075000e+00, 9.984938e-02, 5.931445e-01, -2.266350e-01, -1.439816e+00, 1.653551e-02, 5.055045e+00, -1.954615e-02, -2.301133e+00, 7.861543e-03
7, 7, 1.903224e+00, 4.612000e+00, 0.000000e+00, 3.075000e+00, 1.238218e-01, 5.952268e-01, -1.911807e-01, -1.626869e+00, 1.988991e-02, 4.799897e+00, -1.215163e-02, -2.386917e+00, -1.450043e-02
7, 7, 1.893100e+00, 4.612000e+00, 0.000000e+00, 3.075000e+00, 1.478315e-01, 6.098912e-01, -1.808395e-01, -1.834743e+00, 4.246511e-03, 4.623045e+00, 1.092798e-03, -2.436535e+00, -1.076832e-02
7, 7, 1.882977e+00, 4.612000e+00, 0.000000e+00, 3.075000e+00, 1.851165e-01, 6.034793e-01, -1.765061e-01, -2.126781e+00, -1.517931e-02, 4.447068e+00, 1.232203e-02, -2.490780e+00, 1.075524e-02
7, 7, 1.872853e+00, 4.612000e+00, 0.000000e+00, 3.075000e+00, 2.169608e-01, 5.770729e-01, -1.619556e-01, -2.379238e+00, -3.966003e-02, 4.242542e+00, 3.323162e-02, -2.551403e+00, 2.690637e-02
7, 7, 1.862730e+00, 4.612000e+00, 0.000000e+00, 3.075000e+00, 2.546492e-01, 5.334498e-01, -1.343835e-01, -2.609832e+00, -1.649366e-02, 4.012811e+00, 1.318775e-02, -2.626703e+00, 8.389078e-03
7, 7, 1.852606e+00, 4.612000e+00, 0.000000e+00, 3.075000e+00, 3.043566e-01, 4.770484e-01, -1.024366e-01, -2.893450e+00, 2.005537e-02, 3.763619e+00, -2.115448e-02, -2.712074e+00, -1.620894e-02
7, 7, 1.842482e+00, 4.612000e+00, 0.000000e+00, 3.075000e+00, 3.442170e-01, 4.096445e-01, -7.901008e-02, -3.116191e+00, 3.868413e-02, 3.559161e+00, -3.913007e-02, -2.769360e+00, -2.567119e-02
7, 7, 1.832359e+00, 4.612000e+00, 0.000000e+00, 3.075000e+00, 4.126874e-01, 2.818337e-01, -3.402296e-02, -3.420077e+00, 1.779603e-01, 3.301555e+00, -1.351487e-01, -2.888709e+00, -8.777387e-02
7, 7, 1.822235e+00, 4.612000e+00, 0.000000e+00, 3.075000e+00, 4.635815e-01, 1.709003e-01, 1.768028e-03, -3.767526e+00, 4.325129e-02, 2.967395e+00, -2.033245e-02, -2.967633e+00, -1.739836e-02
7, 7, 1.812112e+00, 4.612000e+00, 0.000000e+00, 3.075000e+00, 3.972622e-01, 1.927774e-01, -4.147597e-02, -3.618828e+00, -4.796802e-01, 2.907298e+00, 3.670703e-01, -2.777200e+00, 2.408416e-01
7, 7, 1.801988e+00, 4.612000e+00, 0.000000e+00, 3.075000e+00, 4.389949e-01, 1.245244e-01, -1.518208e-02, -3.679010e+00, -1.697830e-01, 2.841094e+00, 1.276504e-01, -2.831121e+00, 9.366155e-02
7, 7, 1.791865e+00, 4.612000e+00, 0.000000e+00, 3.075000e+00, 5.597949e-01, 9.828551e-03, 6.635378e-02, -4.024020e+00, 5.689895e-01, 2.651286e+00, -4.240638e-01, -3.077743e+00, -2.796709e-01
7, 7, 1.781741e+00, 4.612000e+00, 0.000000e+00, 3.075000e+00, 3.612646e-01, 2.196829e-01, -6.311238e-02, -3.073289e+00, 1.399826e-01, 3.142900e+00, -1.131305e-01, -2.599180e+00, -8.410523e-02
7, 7, 1.771618e+00, 4.612000e+00, 0.000000e+00, 3.075000e+00, 2.910385e-01, 2.842339e-01, -1.118859e-01, -2.904419e+00, -3.230945e-01, 3.115906e+00, 2.230404e-01, -2.415995e+00, 1.493637e-01
7, 7, 1.761494e+00, 4.612000e+00, 0.000000e+00, 3.075000e+00, 7.490751e-01, -1.878471e-01, 1.928455e-01, -5.505208e+00, 2.200443e-02, 1.337041e+00, -1.994943e-02, -3.455422e+00, -9.371256e-03
7, 7, 1.751371e+00, 4.612000e+00, 0.000000e+00, 3.075000e+00, 1.053836e+00, -5.237092e-01, 4.034214e-01, -7.314469e+00, 2.970458e-02, -1.063172e-02, 2.621567e-03, -4.126892e+00, -9.654423e-04
7, 7, 1.741247e+00, 4.612000e+00, 0.000000e+00, 3.075000e+00, 1.007407e+00, -4.967174e-01, 3.803601e-01, -7.009130e+00, -9.704050e-02, 4.341342e-02, 8.868761e-02, -3.954796e+00, 5.856553e-02
7, 7, 1.731124e+00, 4.612000e+00, 0.000000e+00, 3.075000e+00, 9.680855e-01, -4.283747e-01, 3.588627e-01, -6.646181e+00, 5.946235e-02, 1.989262e-01, -6.350476e-02, -3.809049e+00, -4.030000e-02
7, 7, 1.721000e+00, 4.612000e+00, 0.000000e+00, 3.075000e+00, 8.723275e-01, -2.757681e-01, 3.005063e-01, -6.145039e+00, 6.193150e-02, 4.252327e-01, -5.637565e-02, -3.582664e+00, -3.717661e-02
7, 7, 1.710877e+00, 4.612000e+00, 0.000000e+00, 3.075000e+00, 7.322371e-01, -8.540524e-02, 2.125273e-01, -5.437049e+00, -2.493130e-02, 7.857574e-01, 3.045166e-02, -3.262567e+00, 1.899200e-02
7, 7, 1.700753e+00, 4.612000e+00, 0.000000e+00, 3.075000e+00, 6.967685e-01, -2.061186e-02, 1.920317e-01, -5.221598e+00, -3.646490e-02, 8.338585e-01, 2.278060e-02, -3.148711e+00, 1.490957e-02
7, 7, 1.690630e+00, 4.612000e+00, 0.000000e+00, 3.075000e+00, 7.229918e-01, -2.564086e-02, 2.126435e-01, -5.313777e+00, 1.560256e-03, 6.823652e-01, -9.435701e-03, -3.164609e+00, -5.535400e-03
7, 7, 1.680506e+00, 4.612000e+00, 0.000000e+00, 3.075000e+00, 7.349477e-01, -1.478308e-02, 2.249339e-01, -5.334495e+00, 4.578644e-02, 5.789571e-01, -2.055785e-02, -3.154075e+00, -1.450159e-02
7, 7, 1.670382e+00, 4.612000e+00, 0.000000e+00, 3.075000e+00, 7.148598e-01, 1.632952e-02, 2.158147e-01, -5.175956e+00, 7.926264e-03, 5.825344e-01, 1.700813e-03, -3.059041e+00, 2.590848e-05
7, 7, 1.660259e+00, 4.612000e+00, 0.000000e+00, 3.075000e+00, 6.943366e-01, 4.213923e-02, 2.054041e-01, -5.020817e+00, -4.633323e-02, 5.859074e-01, 2.232586e-02, -2.959859e+00, 1.843957e-02
7, 7, 1.650135e+00, 4.612000e+00, 0.000000e+00, 3.075000e+00, 6.953585e-01, 6.427822e-02, 2.097488e-01, -5.010144e+00, -4.450691e-02, 5.030601e-01, 2.332776e-02, -2.928241e+00, 1.749603e-02
7, 7, 1.640012e+00, 4.612000e+00, 0.000000e+00, 3.075000e+00, 6.719249e-01, 1.116366e-01, 2.004308e-01, -4.834614e+00, -4.870218e-02, 5.211750e-01, 2.445200e-02, -2.838675e+00, 8.741651e-03
7, 7, 1.629888e+00, 4.612000e+00, 0.000000e+00, 3.075000e+00, 6.272527e-01, 1.511549e-01, 1.726552e-01, -4.429022e+00, 1.053171e-01, 7.355340e-01, -6.996220e-02, -2.685794e+00, -4.437763e-02
7, 7, 1.619765e+00, 4.612000e+00, 0.000000e+00, 3.075000e+00, 5.955437e-01, 1.711115e-01, 1.524482e-01, -4.105356e+00, 3.076077e-01, 9.142241e-01, -1.625469e-01, -2.570070e+00, -1.021549e-01
7, 7, 1.609641e+00, 4.612000e+00, 0.000000e+00, 3.075000e+00, 4.807661e-01, 3.003790e-01, 8.431561e-02, -3.537859e+00, -1.226828e-01, 1.130286e+00, 1.046890e-01, -2.248698e+00, 6.093395e-02
7, 7, 1.599518e+00, 4.612000e+00, 0.000000e+00, 3.075000e+00, 3.510123e-01, 4.699318e-01, 1.479370e-03, -2.872474e+00, -5.907853e-01, 1.423826e+00, 3.174368e-01, -1.881837e+00, 2.121193e-01
7, 7, 1.589394e+00, 4.612000e+00, 0.000000e+00, 3.075000e+00, 3.721698e-01, 4.861990e-01, 1.186889e-02, -2.677051e+00, 7.533407e-02, 1.623628e+00, -9.365404e-02, -1.905559e+00, -5.159352e-02
7, 7, 1.579271e+00, 4.612000e+00, 0.000000e+00, 3.075000e+00, 2.275745e-01, 6.291997e-01, -8.405648e-02, -1.371215e+00, 6.639743e-01, 2.553276e+00, -3.745046e-01, -1.490186e+00, -2.559323e-01
7, 7, 1.569147e+00, 4.612000e+00, 0.000000e+00, 3.075000e+00, -1.627365e-01, 1.018170e+00, -3.447224e-01, 9.779266e-01, -2.344068e-02, 3.989006e+00, 2.468108e-02, -4.327557e-01, 9.258963e-03
7, 7, 1.559024e+00, 4.612000e+00, 0.000000e+00, 3.075000e+00, -1.414412e-01, 1.107077e+00, -3.382826e-01, 3.664110e-01, -5.188276e-01, 3.495209e+00, 3.510252e-01, -5.486829e-01, 2.407133e-01
7, 7, 1.548900e+00, 4.612000e+00, 0.000000e+00, 3.075000e+00, 3.838535e-01, 7.870491e-01, 8.729358e-03, -3.219447e+00, -1.001343e-02, 1.119268e+00, 6.257348e-02, -2.009843e+00, 4.343756e-02
7, 7, 1.538777e+00, 4.612000e+00, 0.000000e+00, 3.075000e+00, 7.043829e-01, 6.133362e-01, 2.255277e-01, -5.163647e+00, 3.141986e-01, -2.332647e-01, -2.987401e-01, -2.804049e+00, -2.008349e-01
7, 7, 1.528653e+00, 4.612000e+00, 0.000000e+00, 3.075000e+00, 5.782114e-01, 8.059209e-01, 1.426728e-01, -4.534789e+00, 2.933644e-02, 6.739742e-02, -7.598777e-02, -2.475470e+00, -5.069707e-02
7, 7, 1.518530e+00, 4.612000e+00, 0.000000e+00, 3.075000e+00, 5.014669e-01, 9.458064e-01, 9.218446e-02, -4.226166e+00, -1.345297e-01, 1.800103e-01, 1.789911e-01, -2.298619e+00, 1.177356e-01
7, 7, 1.508406e+00, 4.612000e+00, 0.000000e+00, 3.075000e+00, 7.229699e-01, 7.422274e-01, 2.420170e-01, -5.218949e+00, -1.674340e-02, -5.561039e-01, 1.584701e-02, -2.681426e+00, 1.108438e-02
7, 7, 1.498282e+00, 4.612000e+00, 0.000000e+00, 3.075000e+00, 8.989481e-01, 5.498269e-01, 3.639183e-01, -5.968511e+00, 5.094760e-03, -1.155568e+00, -2.158971e-02, -2.946354e+00, -1.382978e-02
7, 7, 1.488159e+00, 4.612000e+00, 0.000000e+00, 3.075000e+00, 9.156997e-01, 5.600419e-01, 3.814896e-01, -6.021295e+00, -2.225297e-02, -1.302098e+00, 3.501773e-02, -2.935154e+00, 2.355612e-02
7, 7, 1.478035e+00, 4.612000e+00, 0.000000e+00, 3.075000e+00, 9.437526e-01, 5.649222e-01, 4.068520e-01, -6.082660e+00, 2.245784e-02, -1.442640e+00, -2.834599e-02, -2.939795e+00, -1.831798e-02
7, 7, 1.467912e+00, 4.612000e+00, 0.000000e+00, 3.075000e+00, 9.990559e-01, 5.549687e-01, 4.510049e-01, -6.275336e+00, 4.541095e-02, -1.677339e+00, -5.043302e-02, -2.992504e+00, -3.354754e-02
7, 7, 1.457788e+00, 4.612000e+00, 0.000000e+00, 3.075000e+00, 1.085774e+00, 5.780093e-01, 5.173126e-01, -6.649891e+00, 2.883760e-02, -2.048895e+00, -2.926871e-02, -3.107511e+00, -2.025480e-02
7, 7, 1.447665e+00, 4.612000e+00, 0.000000e+00, 3.075000e+00, 1.203408e+00, 6.071747e-01, 6.060383e-01, -7.180749e+00, -1.370310e-02, -2.536985e+00, 1.601128e-02, -3.278306e+00, 9.924522e-03
7, 7, 1.437541e+00, 4.612000e+00, 0.000000e+00, 3.075000e+00, 1.282255e+00, 6.185864e-01, 6.701384e-01, -7.510279e+00, -4.702950e-02, -2.896942e+00, 5.453708e-02, -3.373372e+00, 3.637733e-02
7, 7, 1.427418e+00, 4.612000e+00, 0.000000e+00, 3.075000e+00, 1.238950e+00, 5.705699e-01, 6.540879e-01, -7.219136e+00, -3.474950e-02, -2.828977e+00, 4.000809e-02, -3.237583e+00, 2.662485e-02
7, 7, 1.417294e+00, 4.612000e+00, 0.000000e+00, 3.075000e+00, 1.030742e+00, 4.496131e-01, 5.259435e-01, -6.107435e+00, 7.493932e-03, -2.188109e+00, -1.117523e-02, -2.792347e+00, -6.129180e-03
7, 7, 1.407171e+00, 4.612000e+00, 0.000000e+00, 3.075000e+00, 7.087342e-01, 2.868722e-01, 3.191419e-01, -4.466740e+00, 3.376351e-02, -1.166213e+00, -4.332062e-02, -2.141466e+00, -2.923023e-02
7, 7, 1.397047e+00, 4.612000e+00, 0.000000e+00, 3.075000e+00, 4.077126e-01, 1.372033e-01, 1.217683e-01, -2.963907e+00, 2.378079e-02, -2.142519e-01, -3.204619e-02, -1.540280e+00, -2.114993e-02
7, 7, 1.386924e+00, 4.612000e+00, 0.000000e+00, 3.075000e+00, 2.493299e-01, 4.165931e-02, 1.636278e-02, -2.181607e+00, -4.924181e-03, 2.676077e-01, 6.332808e-03, -1.215941e+00, 3.500816e-03
7, 7, 1.376800e+00, 4.612000e+00, 0.000000e+00, 3.075000e+00, 2.503717e-01, 4.925803e-03, 1.661742e-02, -2.175515e+00, -2.214633e-02, 2.317538e-01, 3.227618e-02, -1.195015e+00, 2.141825e-02
7, 7, 1.366677e+00, 4.612000e+00, 0.000000e+00, 3.075000e+00, 3.313576e-01, -4.923807e-03, 7.029612e-02, -2.536928e+00, -8.807634e-03, -5.265020e-02, 1.830966e-02, -1.321897e+00, 1.245930e-02
7, 7, 1.356553e+00, 4.612000e+00, 0.000000e+00, 3.075000e+00, 3.928476e-01, -1.886611e-02, 1.126709e-01, -2.797501e+00, 1.204548e-02, -2.735009e-01, -1.273707e-02, -1.409999e+00, -8.396259e-03
7, 7, 1.346430e+00, 4.612000e+00, 0.000000e+00, 3.075000e+00, 3.951025e-01, -3.864295e-02, 1.153456e-01, -2.776284e+00, 7.346177e-03, -3.115366e-01, -1.628428e-02, -1.385406e+00, -1.061399e-02
7, 7, 1.336306e+00, 4.612000e+00, 0.000000e+00, 3.075000e+00, 3.728768e-01, -6.212344e-02, 1.022850e-01, -2.646497e+00, -4.164873e-03, -2.742236e-01, -2.340995e-04, -1.316103e+00, -5.502312e-04
7, 7, 1.326182e+00, 4.612000e+00, 0.000000e+00, 3.075000e+00, 3.748482e-01, -9.317691e-02, 1.046137e-01, -2.625711e+00, -3.112796e-03, -3.088856e-01, 3.483364e-03, -1.292728e+00, 2.589185e-03
7, 7, 1.316059e+00, 4.612000e+00, 0.000000e+00, 3.075000e+00, 3.988594e-01, -1.271747e-01, 1.223837e-01, -2.715125e+00, -9.348498e-04, -4.183180e-01, 5.477105e-03, -1.312033e+00, 3.306692e-03
7, 7, 1.305935e+00, 4.612000e+00, 0.000000e+00, 3.075000e+00, 4.263132e-01, -1.635681e-01, 1.425130e-01, -2.822361e+00, -1.932347e-03, -5.426055e-01, 3.565202e-03, -1.336969e+00, 2.726541e-03
7, 7, 1.295812e+00, 4.612000e+00, 0.000000e+00, 3.075000e+00, 4.524678e-01, -2.073719e-01, 1.623707e-01, -2.917377e+00, 2.575373e-03, -6.601219e-01, -4.235078e-03, -1.359529e+00, -2.977013e-03
7, 7, 1.285688e+00, 4.612000e+00, 0.000000e+00, 3.075000e+00, 4.760258e-01, -2.570527e-01, 1.808970e-01, -3.001499e+00, 7.399861e-03, -7.720282e-01, -8.539667e-03, -1.376438e+00, -5.618642e-03
7, 7, 1.275565e+00, 4.612000e+00, 0.000000e+00, 3.075000e+00, 4.990375e-01, -3.118711e-01, 1.994068e-01, -3.085618e+00, 4.072079e-03, -8.866077e-01, -3.362405e-03, -1.392924e+00, -2.377127e-03
7, 7, 1.265441e+00, 4.612000e+00, 0.000000e+00, 3.075000e+00, 5.245546e-01, -3.729866e-01, 2.201792e-01, -3.191512e+00, -1.451334e-02, -1.020974e+00, 1.477538e-02, -1.414467e+00, 9.664640e-03
7, 7, 1.255318e+00, 4.612000e+00, 0.000000e+00, 3.075000e+00, 5.593681e-01, -4.371527e-01, 2.471553e-01, -3.333573e+00, -2.431539e-02, -1.179793e+00, 2.402426e-02, -1.453079e+00, 1.661590e-02
7, 7, 1.245194e+00, 4.612000e+00, 0.000000e+00, 3.075000e+00, 6.078960e-01, -5.104983e-01, 2.848127e-01, -3.521900e+00, 9.701876e-03, -1.366500e+00, -9.739622e-03, -1.515849e+00, -6.776894e-03
7, 7, 1.235071e+00, 4.612000e+00, 0.000000e+00, 3.075000e+00, 6.589708e-01, -5.960253e-01, 3.239453e-01, -3.700769e+00, 6.440698e-02, -1.547538e+00, -6.634092e-02, -1.581746e+00, -4.364952e-02
7, 7, 1.224947e+00, 4.612000e+00, 0.000000e+00, 3.075000e+00, 6.923746e-01, -6.881623e-01, 3.529966e-01, -3.830325e+00, 6.526037e-02, -1.706714e+00, -6.418794e-02, -1.615996e+00, -4.440585e-02
7, 7, 1.214824e+00, 4.612000e+00, 0.000000e+00, 3.075000e+00, 7.126597e-01, -7.728509e-01, 3.731416e-01, -3.968522e+00, -7.250108e-02, -1.895537e+00, 6.494147e-02, -1.628309e+00, 4.235581e-02
7, 7, 1.204700e+00, 4.612000e+00, 0.000000e+00, 3.075000e+00, 7.348825e-01, -8.539472e-01, 3.953761e-01, -4.113515e+00, -2.053350e-01, -2.090015e+00, 2.367716e-01, -1.646313e+00, 1.578473e-01
7, 7, 1.194577e+00, 4.612000e+00, 0.000000e+00, 3.075000e+00, 8.326603e-01, -9.784561e-01, 4.684981e-01, -4.498741e+00, -1.259602e-01, -2.417326e+00, 9.676694e-02, -1.795426e+00, 6.978439e-02
7, 7, 1.184453e+00, 4.612000e+00, 0.000000e+00, 3.075000e+00, 9.314344e-01, -1.122139e+00, 5.448108e-01, -4.775656e+00, 1.728391e-01, -2.639963e+00, -1.645407e-01, -1.944663e+00, -1.089809e-01
7, 7, 1.174329e+00, 4.612000e+00, 0.000000e+00, 3.075000e+00, 1.035611e+00, -1.289313e+00, 6.255352e-01, -4.947645e+00, 6.534703e-01, -2.780306e+00, -6.174001e-01, -2.097265e+00, -4.116576e-01
7, 7, 1.164206e+00, 4.612000e+00, 0.000000e+00, 3.075000e+00, 1.077634e+00, -1.418990e+00, 6.655508e-01, -5.474926e+00, -2.803994e-02, -3.339029e+00, -1.446761e-01, -2.149833e+00, -1.048232e-01
7, 7, 1.154082e+00, 4.612000e+00, 0.000000e+00, 3.075000e+00, 8.000788e-01, -1.317870e+00, 4.941308e-01, -4.682431e+00, -1.057042e+00, -3.060881e+00, 1.273136e+00, -1.635229e+00, 8.431137e-01
7, 7, 1.143959e+00, 4.612000e+00, 0.000000e+00, 3.075000e+00, 1.220136e+00, -1.767274e+00, 7.840715e-01, -5.932774e+00, 1.967294e-01, -3.799763e+00, -2.021980e-01, -2.355779e+00, -1.184704e-01
7, 7, 1.133835e+00, 4.612000e+00, 0.000000e+00, 3.075000e+00, 1.340967e+00, -1.835612e+00, 8.836390e-01, -6.205028e+00, 6.449723e-01, -4.022926e+00, -8.254167e-01, -2.528805e+00, -5.551537e-01
7, 7, 1.123712e+00, 4.612000e+00, 0.000000e+00, 3.075000e+00, 2.216052e-01, -4.269225e-01, 1.484747e-01, -1.239445e+00, -2.761850e-01, -8.907004e-01, 4.221793e-01, -4.286325e-01, 2.785078e-01
7, 7, 1.113588e+00, 4.612000e+00, 0.000000e+00, 3.075000e+00, -7.931262e-02, 1.211120e-01, -5.330935e-02, 3.704675e-01, -3.551601e-02, 2.465977e-01, -1.162487e-02, 1.511318e-01, -5.080742e-03
7, 7, 1.103465e+00, 4.612000e+00, 0.000000e+00, 3.075000e+00, 3.659168e-02, -4.671697e-02, 2.465541e-02, -1.597264e-01, 3.658337e-02, -1.020575e-01, -3.211860e-02, -6.919409e-02, -2.325461e-02
7, 7, 1.093341e+00, 4.612000e+00, 0.000000e+00, 3.075000e+00, -1.538241e-02, 1.690233e-02, -1.040819e-02, 6.289729e-02, -2.320394e-02, 3.852212e-02, 2.529217e-02, 2.896158e-02, 1.790964e-02
7, 7, 1.083218e+00, 4.612000e+00, 0.000000e+00, 3.075000e+00, 5.975378e-03, -5.665961e-03, 4.067299e-03, -2.267502e-02, 1.234466e-02, -1.315753e-02, -1.383476e-02, -1.121676e-02, -9.791561e-03
7, 7, 1.073094e+00, 4.612000e+00, 0.000000e+00, 3.075000e+00, -2.338486e-03, 1.955107e-03, -1.603350e-03, 8.318000e-03, -5.902645e-03, 4.582817e-03, 6.577884e-03, 4.387193e-03, 4.683050e-03
7, 7, 1.062971e+00, 4.612000e+00, 0.000000e+00, 3.075000e+00, 9.680602e-04, -7.814450e-04, 6.689794e-04, -3.312059e-03, 2.707614e-03, -1.772759e-03, -2.869230e-03, -1.824332e-03, -2.064527e-03
7, 7, 1.052847e+00, 4.612000e+00, 0.000000e+00, 3.075000e+00, -4.244734e-04, 3.718355e-04, -2.955752e-04, 1.445181e-03, -1.208581e-03, 7.810604e-04, 1.152790e-03, 8.085367e-04, 8.425909e-04
7, 7, 1.042724e+00, 4.612000e+00, 0.000000e+00, 3.075000e+00, 1.915030e-04, -1.966567e-04, 1.342261e-04, -6.683647e-04, 5.171882e-04, -3.774123e-04, -4.093940e-04, -3.706858e-04, -3.063790e-04
7, 7, 1.032600e+00, 4.612000e+00, 0.000000e+00, 3.075000e+00, -8.483878e-05, 1.049669e-04, -5.975986e-05, 3.098516e-04, -2.037036e-04, 1.863465e-04, 1.125182e-04, 1.675261e-04, 8.807860e-05
7, 7, 1.022477e+00, 4.612000e+00, 0.000000e+00, 3.075000e+00, 3.493852e-05, -5.259202e-05, 2.468131e-05, -1.361005e-04, 6.767613e-05, -8.814043e-05, -1.006130e-05, -7.062158e-05, -1.042888e-05
7, 7, 1.012353e+00, 4.612000e+00, 0.000000e+00, 3.075000e+00, -1.243718e-05, 2.338410e-05, -8.782162e-06, 5.345619e-05, -1.435275e-05, 3.780761e-05, -1.467968e-05, 2.588001e-05, -9.641863e-06
7, 7, 1.002229e+00, 4.612000e+00, 0.000000e+00, 3.075000e+00, 3.281224e-06, -8.579536e-06, 2.295952e-06, -1.720309e-05, -2.290993e-06, -1.375121e-05, 1.349889e-05, -7.156902e-06, 9.731693e-06
7, 7, 9.921059e-01, 4.612000e+00, 0.000000e+00, 3.075000e+00, -2.364483e-07, 2.164521e-06, -1.433737e-07, 3.525174e-06, 4.648355e-06, 3.656930e-06, -7.276246e-06, 6.927297e-07, -5.458548e-06
7, 7, 9.819824e-01, 4.612000e+00, 0.000000e+00, 3.075000e+00, -3.827013e-07, -2.343736e-08, -2.856418e-07, 3.548770e-07, -2.964506e-06, -2.675268e-07, 2.667399e-06, 7.345922e-07, 2.074081e-06
7, 7, 9.718589e-01, 4.612000e+00, 0.000000e+00, 3.075000e+00, 2.825787e-07, -3.470880e-07, 2.061973e-07, -7.729913e-07, 1.180649e-06, -4.125152e-07, -5.011260e-07, -5.880789e-07, -4.174204e-07
7, 7, 9.617354e-01, 4.612000e+00, 0.000000e+00, 3.075000e+00, -1.096253e-07, 2.154587e-07, -7.898741e-08, 4.114385e-07, -2.348206e-07, 2.957944e-07, -1.277264e-07, 2.388545e-07, -8.738316e-08
7, 7, 9.516118e-01, 4.612000e+00, 0.000000e+00, 3.075000e+00, 1.869800e-08, -6.764434e-08, 1.301140e-08, -1.188169e-07, -5.772750e-08, -1.075554e-07, 1.467083e-07, -4.424715e-08, 1.137189e-07
7, 7, 9.414883e-01, 4.612000e+00, 0.000000e+00, 3.075000e+00, 6.114536e-09, 2.825160e-09, 4.675067e-09, 4.285576e-09, 6.755023e-08, 1.400274e-08, -5.447295e-08, -1.207094e-08, -4.426675e-08
7, 7, 9.313648e-01, 4.612000e+00, 0.000000e+00, 3.075000e+00, -5.370779e-09, 8.397569e-09, -3.941516e-09, 1.389947e-08, -2.371469e-08, 8.286276e-09, 3.754405e-09, 1.178766e-08, 3.698719e-09
7, 7, 9.212412e-01, 4.612000e+00, 0.000000e+00, 3.075000e+00, 1.416411e-09, -3.947966e-09, 1.017206e-09, -6.543348e-09, 3.851715e-10, -5.536059e-09, 5.999115e-09, -3.295638e-09, 4.725420e-09
7, 7, 9.111177e-01, 4.612000e+00, 0.000000e+00, 3.075000e+00, 1.653608e-10, 3.612551e-10, 1.294074e-10, 7.862503e-10, 3.194903e-09, 1.093344e-09, -2.677120e-09, -3.149742e-10, -2.235957e-09
7, 7, 9.009942e-01, 4.612000e+00, 0.000000e+00, 3.075000e+00, -2.303488e-10, 3.944169e-10, -1.693077e-10, 5.315127e-10, -1.131227e-09, 3.241800e-10, 7.151750e-11, 5.219226e-10, 9.119443e-11
7, 7, 8.908706e-01, 4.612000e+00, 0.000000e+00, 3.075000e+00, 4.511736e-11, -1.590563e-10, 3.249714e-11, -2.559121e-10, -9.137964e-11, -2.348900e-10, 3.174680e-10, -1.095662e-10, 2.620851e-10
7, 7, 8.807471e-01, 4.612000e+00, 0.000000e+00, 3.075000e+00, 1.624076e-11, -9.655635e-12, 1.204301e-11, 5.297407e-12, 1.668502e-10, 2.258902e-11, -8.154961e-11, -3.603346e-11, -7.208725e-11
7, 7, 8.706236e-01, 4.612000e+00, 0.000000e+00, 3.075000e+00, -8.358461e-12, 2.087960e-11, -6.118615e-12, 2.794772e-11, -2.231497e-11, 2.260000e-11, -2.249857e-11, 1.986495e-11, -1.817036e-11
7, 7, 8.605001e-01, 4.612000e+00, 0.000000e+00, 3.075000e+00, -5.007229e-13, -2.171181e-12, -3.677921e-13, -5.644397e-12, -1.649818e-11, -6.589955e-12, 1.265868e-11, 9.685963e-13, 1.113356e-11
7, 7, 8.503765e-01, 4.612000e+00, 0.000000e+00, 3.075000e+00, 9.612853e-13, -2.099117e-12, 7.050082e-13, -2.240619e-12, 4.503115e-12, -1.618575e-12, 1.221676e-12, -2.293198e-12, 9.201471e-13
7, 7, 8.402530e-01, 4.612000e+00, 0.000000e+00, 3.075000e+00, -1.987425e-14, 3.956290e-13, -1.671603e-14, 8.249261e-13, 1.533842e-12, 8.683981e-13, -1.459350e-12, 6.840686e-14, -1.297990e-12
7, 7, 8.301295e-01, 4.612000e+00, 0.000000e+00, 3.075000e+00, -9.778629e-14, 2.096609e-13, -7.161371e-14, 1.815500e-13, -5.465909e-13, 1.228491e-13, -9.538558e-14, 2.359991e-13, -6.848771e-14
7, 7, 8.200059e-01, 4.612000e+00, 0.000000e+00, 3.075000e+00, 1.887346e-15, -4.041076e-14, 1.846268e-15, -8.794142e-14, -1.669676e-13, -9.147723e-14, 1.495967e-13, -6.441777e-15, 1.358441e-13
7, 7, 8.098824e-01, 4.612000e+00, 0.000000e+00, 3.075000e+00, 9.576412e-15, -2.280260e-14, 7.032573e-15, -1.926387e-14, 4.953206e-14, -1.426884e-14, 1.727868e-14, -2.349999e-14, 1.403105e-14
7, 7, 7.997589e-01, 4.612000e+00, 0.000000e+00, 3.075000e+00, 5.200961e-16, 2.226874e-15, 3.131769e-16, 7.551510e-15, 2.083512e-14, 8.131464e-15, -1.315872e-14, -1.131047e-15, -1.233487e-14
7, 7, 7.896353e-01, 4.612000e+00, 0.000000e+00, 3.075000e+00, -8.269720e-16, 2.429318e-15, -6.173262e-16, 2.480861e-15, -2.462220e-15, 2.120599e-15, -3.242805e-15, 2.070174e-15, -2.869564e-15
7, 7, 7.795118e-01, 4.612000e+00, 0.000000e+00, 3.075000e+00, -1.623804e-16, 1.446581e-16, -1.124957e-16, -3.991045e-16, -2.356879e-15, -4.861003e-16, 7.208726e-16, 3.960107e-16, 7.198066e-16
7, 7, 7.693883e-01, 4.612000e+00, 0.000000e+00, 3.075000e+00, 4.436574e-17, -1.943390e-16, 3.518535e-17, -2.862576e-16, -1.993801e-16, -2.702986e-16, 4.263477e-16, -1.142349e-16, 3.984170e-16
7, 7, 7.592648e-01, 4.612000e+00, 0.000000e+00, 3.075000e+00, 2.271809e-17, -5.305455e-17, 1.657925e-17, -1.822064e-17, 1.701430e-16, -8.992957e-18, 2.871094e-17, -5.723317e-17, 2.234615e-17
7, 7, 7.491412e-01, 4.612000e+00, 0.000000e+00, 3.075000e+00, 1.559647e-18, 4.072781e-18, 8.465717e-19, 2.069531e-17, 5.855254e-17, 2.123983e-17, -2.930353e-17, -3.741509e-18, -2.906016e-17
7, 7, 7.390177e-01, 4.612000e+00, 0.000000e+00, 3.075000e+00, -1.420170e-18, 5.478783e-18, -1.122219e-18, 6.637008e-18, 1.304321e-18, 6.078315e-18, -1.030415e-17, 3.667829e-18, -9.817296e-18
7, 7, 7.288942e-01, 4.612000e+00, 0.000000e+00, 3.075000e+00, -5.214094e-19, 1.257299e-18, -3.805267e-19, 1.308281e-19, -4.436151e-18, -3.867994e-20, -6.974473e-19, 1.335975e-18, -5.565530e-19
7, 7, 7.187706e-01, 4.612000e+00, 0.000000e+00, 3.075000e+00, -5.206757e-20, -3.384016e-20, -3.028081e-20, -4.876460e-19, -1.517385e-18, -4.913906e-19, 5.775697e-19, 1.315229e-19, 5.970680e-19
7, 7, 7.086471e-01, 4.612000e+00, 0.000000e+00, 3.075000e+00, 2.103379e-20, -1.062572e-19, 1.817096e-20, -1.681502e-19, -1.745122e-19, -1.572569e-19, 2.486421e-19, -5.519504e-20, 2.473556e-19
7, 7, 6.985236e-01, 4.612000e+00, 0.000000e+00, 3.075000e+00, 1.095175e-20, -3.520688e-20, 8.441887e-21, -2.177422e-20, 5.015051e-20, -1.820473e-20, 4.735298e-20, -2.861436e-20, 4.552642e-20
7, 7, 6.884000e-01, 4.612000e+00, 0.000000e+00, 3.075000e+00, 2.549570e-21, -5.624614e-21, 1.819062e-21, 4.178253e-21, 3.147721e-20, 4.592010e-21, 4.113346e-22, -6.682024e-21, -3.352498e-22
7, 7, 6.782765e-01, 4.612000e+00, 0.000000e+00, 3.075000e+00, 2.477547e-22, 2.054224e-22, 1.298193e-22, 3.117022e-21, 8.905738e-21, 3.017030e-21, -3.024191e-21, -6.542429e-22, -3.248517e-21
7, 7, 6.681530e-01, 4.612000e+00, 0.000000e+00, 3.075000e+00, -6.348684e-23, 4.477527e-22, -6.509131e-23, 9.596899e-22, 1.526541e-21, 8.941686e-22, -1.243721e-21, 1.667933e-22, -1.297639e-21
7, 7, 6.580295e-01, 4.612000e+00, 0.000000e+00, 3.075000e+00, -4.042462e-23, 1.708645e-22, -3.418987e-23, 1.928775e-22, 7.011456e-23, 1.736283e-22, -3.257505e-22, 1.072093e-22, -3.355840e-22
7, 7, 6.479059e-01, 4.612000e+00, 0.000000e+00, 3.075000e+00, -1.288589e-23, 4.478108e-23, -1.026006e-23, 2.187380e-23, -6.242824e-23, 1.816002e-23, -6.328292e-23, 3.445068e-23, -6.421504e-23
7, 7, 6.377824e-01, 4.612000e+00, 0.000000e+00, 3.075000e+00, -3.123517e-24, 9.279907e-24, -2.373977e-24, -1.948941e-24, -3.059194e-23, -2.337169e-24, -8.597043e-24, 8.431358e-24, -8.377229e-24
7, 7, 6.276589e-01, 4.612000e+00, 0.000000e+00, 3.075000e+00, -6.330312e-25, 1.553053e-24, -4.551990e-25, -2.027640e-24, -9.682959e-24, -1.978461e-24, -3.286254e-25, 1.730717e-24, -1.651740e-25
7, 7, 6.175353e-01, 4.612000e+00, 0.000000e+00, 3.075000e+00, -1.112176e-25, 1.953928e-25, -7.333600e-26, -7.578250e-25, -2.560255e-24, -7.156914e-25, 2.754115e-25, 3.098811e-25, 3.380198e-25
7, 7, 6.074118e-01, 4.612000e+00, 0.000000e+00, 3.075000e+00, -1.726437e-26, 1.111269e-26, -9.637244e-27, -2.196086e-25, -6.161049e-25, -2.042317e-25, 1.249548e-25, 4.963704e-26, 1.441840e-25
7, 7, 5.972883e-01, 4.612000e+00, 0.000000e+00, 3.075000e+00, -2.449096e-27, -3.032837e-27, -9.271120e-28, -5.634934e-26, -1.414885e-25, -5.192075e-26, 3.741563e-26, 7.441755e-27, 4.263129e-26
7, 7, 5.871647e-01, 4.612000e+00, 0.000000e+00, 3.075000e+00, -3.614954e-28, -1.331392e-27, -4.693078e-29, -1.348858e-26, -3.196893e-26, -1.235706e-26, 9.333503e-27, 1.190805e-27, 1.062530e-26
7, 7, 5.770412e-01, 4.612000e+00, 0.000000e+00, 3.075000e+00, -7.437169e-29, -2.956128e-28, -5.300011e-30, -3.080497e-27, -7.216323e-27, -2.813288e-27, 2.041229e-27, 2.555273e-28, 2.334626e-27
7, 7, 5.669177e-01, 4.612000e+00, 0.000000e+00, 3.075000e+00, -2.292297e-29, -3.210777e-29, -6.958303e-30, -6.724734e-28, -1.623162e-27, -6.136797e-28, 3.868123e-28, 7.576163e-29, 4.464926e-28
7, 7, 5.567942e-01, 4.612000e+00, 0.000000e+00, 3.075000e+00, -7.908967e-30, 7.083658e-30, -4.176984e-30, -1.376816e-28, -3.560909e-28, -1.258641e-28, 5.778734e-29, 2.479494e-29, 6.787055e-29
7, 7, 5.466706e-01, 4.612000e+00, 0.000000e+00, 3.075000e+00, -2.533875e-30, 5.749087e-30, -1.697587e-30, -2.518655e-29, -7.318520e-29, -2.314681e-29, 3.983659e-30, 7.645515e-30, 5.046123e-30
7, 7, 5.365471e-01, 4.612000e+00, 0.000000e+00, 3.075000e+00, -7.121659e-31, 2.216256e-30, -5.431495e-31, -3.654086e-30, -1.316747e-29, -3.404689e-30, -1.388371e-30, 2.089283e-30, -1.494005e-30
7, 7, 5.264236e-01, 4.612000e+00, 0.000000e+00, 3.075000e+00, -1.704040e-31, 6.328021e-31, -1.421767e-31, -2.411948e-31, -1.785482e-30, -2.426809e-31, -7.635519e-31, 4.872303e-31, -8.634981e-31
7, 7, 5.163000e-01, 4.612000e+00, 0.000000e+00, 3.075000e+00, -3.297467e-32, 1.402608e-31, -2.984369e-32, 7.882090e-32, -7.678229e-32, 6.627062e-32, -2.246894e-31, 9.127938e-32, -2.578532e-31
7, 7, 5.061765e-01, 4.612000e+00, 0.000000e+00, 3.075000e+00, -4.488117e-33, 2.241767e-32, -4.536541e-33, 3.848895e-32, 4.836186e-32, 3.407456e-32, -4.571696e-32, 1.164459e-32, -5.287505e-32
7, 7, 4.960530e-01, 4.612000e+00, 0.000000e+00, 3.075000e+00, -1.736116e-34, 1.683283e-33, -2.963759e-34, 9.236213e-33, 1.813571e-32, 8.317206e-33, -5.689235e-33, 2.138543e-34, -6.597718e-33
7, 7, 4.859294e-01, 4.612000e+00, 0.000000e+00, 3.075000e+00, 1.060749e-34, -3.158023e-34, 7.593890e-35, 1.236358e-33, 3.340103e-33, 1.134774e-33, 1.629505e-35, -3.421055e-34, 2.787507e-35
7, 7, 4.758059e-01, 4.612000e+00, 0.000000e+00, 3.075000e+00, 3.166197e-35, -1.318536e-34, 2.853923e-35, -1.907016e-36, 2.188628e-34, 3.471659e-36, 1.859219e-34, -9.033122e-35, 2.194452e-34
7, 7, 4.656824e-01, 4.612000e+00, 0.000000e+00, 3.075000e+00, 3.596978e-36, -1.830305e-35, 3.829994e-36, -3.913682e-35, -5.610687e-35, -3.486422e-35, 3.802045e-35, -8.886156e-36, 4.454744e-35
7, 7, 4.555589e-01, 4.612000e+00, 0.000000e+00, 3.075000e+00, -2.226229e-37, 4.279701e-37, -1.068545e-37, -7.004884e-36, -1.599011e-35, -6.397520e-36, 1.482206e-36, 8.986114e-37, 1.629084e-36
7, 7, 4.454353e-01, 4.612000e+00, 0.000000e+00, 3.075000e+00, -1.225935e-37, 5.272859e-37, -1.139730e-37, 3.209563e-38, -7.686418e-37, 7.451370e-39, -7.540313e-37, 3.495870e-37, -9.061565e-37
7, 7, 4.353118e-01, 4.612000e+00, 0.000000e+00, 3.075000e+00, -8.242124e-39, 4.609146e-38, -1.000567e-38, 1.759145e-37, 3.043155e-37, 1.588331e-37, -1.127417e-37, 1.642916e-38, -1.313120e-37
7, 7, 4.251883e-01, 4.612000e+00, 0.000000e+00, 3.075000e+00, 2.003334e-39, -8.067780e-39, 1.733070e-39, 1.233269e-38, 3.848868e-38, 1.163775e-38, 8.212844e-39, -6.253356e-39, 1.038676e-38
7, 7, 4.150647e-01, 4.612000e+00, 0.000000e+00, 3.075000e+00, 2.489042e-40, -1.238571e-39, 2.755555e-40, -3.162368e-39, -4.763318e-39, -2.848744e-39, 2.526702e-39, -5.730190e-40, 2.971549e-39
7, 7, 4.049412e-01, 4.612000e+00, 0.000000e+00, 3.075000e+00, -3.335511e-41, 1.365649e-40, -2.893261e-41, -2.608881e-40, -7.454740e-40, -2.459195e-40, -1.310256e-40, 1.071082e-40, -1.712527e-40
7, 7, 3.948177e-01, 4.612000e+00, 0.000000e+00, 3.075000e+00, -3.525667e-42, 1.775585e-41, -4.101601e-42, 6.085839e-41, 9.932824e-41, 5.534148e-41, -3.863380e-41, 7.201273e-42, -4.496907e-41
7, 7, 3.846941e-01, 4.612000e+00, 0.000000e+00, 3.075000e+00, 6.572090e-43, -2.930115e-42, 6.305843e-43, 1.083204e-42, 6.454381e-42, 1.146262e-42, 3.874590e-42, -1.921180e-42, 4.849894e-42
7, 7, 3.745706e-01, 4.612000e+00, 0.000000e+00, 3.075000e+00, 7.006492e-45, -2.662467e-44, 1.121039e-44, -9.486791e-43, -1.872135e-42, -8.800154e-43, 2.382207e-43, 3.082857e-44, 2.494311e-43
7, 7, 3.644471e-01, 4.612000e+00, 0.000000e+00, 3.075000e+00, -1.401298e-44, 3.923636e-44, -1.121039e-44, 9.108440e-44, 1.121039e-43, 1.107026e-43, -6.866362e-44, 3.082857e-44, -6.586103e-44
7, 7, 3.543236e-01, 4.612000e+00, 0.000000e+00, 3.075000e+00, 0.000000e+00, -2.802597e-45, 0.000000e+00, 1.401298e-45, -5.605194e-45, -4.203895e-45, 5.605194e-45, 0.000000e+00, 1.121039e-44
7, 7, 3.442000e-01, 4.612000e+00, 0.000000e+00, 3.075000e+00, 0.000000e+00, 0.000000e+00, 0.000000e+00, 1.401298e-45, 1.401298e-45, 1.401298e-45, 0.000000e+00, 0.000000e+00, 0.000000e+00
7, 7, 3.340765e-01, 4.612000e+00, 0.000000e+00, 3.075000e+00, 0.000000e+00, 0.000000e+00, 0.000000e+00, 0.000000e+00, 0.000000e+00, 0.000000e+00, 0.000000e+00, 0.000000e+00, 0.000000e+00
7, 7, 3.239530e-01, 4.612000e+00, 0.000000e+00, 3.075000e+00, 0.000000e+00, 0.000000e+00, 0.000000e+00, 0.000000e+00, 0.000000e+00, 0.000000e+00, 0.000000e+00, 0.000000e+00, 0.000000e+00
7, 7, 3.138294e-01, 4.612000e+00, 0.000000e+00, 3.075000e+00, 0.000000e+00, 0.000000e+00, 0.000000e+00, 0.000000e+00, 0.000000e+00, 0.000000e+00, 0.000000e+00, 0.000000e+00, 0.000000e+00
7, 7, 3.037059e-01, 4.612000e+00, 0.000000e+00, 3.075000e+00, 0.000000e+00, 0.000000e+00, 0.000000e+00, 0.000000e+00, 0.000000e+00, 0.000000e+00, 0.000000e+00, 0.000000e+00, 0.000000e+00
7, 7, 2.935824e-01, 4.612000e+00, 0.000000e+00, 3.075000e+00, 0.000000e+00, 0.000000e+00, 0.000000e+00, 0.000000e+00, 0.000000e+00, 0.000000e+00, 0.000000e+00, 0.000000e+00, 0.000000e+00
7, 7, 2.834588e-01, 4.612000e+00, 0.000000e+00, 3.075000e+00, 0.000000e+00, 0.000000e+00, 0.000000e+00, 0.000000e+00, 0.000000e+00, 0.000000e+00, 0.000000e+00, 0.000000e+00, 0.000000e+00
7, 7, 2.733353e-01, 4.612000e+00, 0.000000e+00, 3.075000e+00, 0.000000e+00, 0.000000e+00, 0.000000e+00, 0.000000e+00, 0.000000e+00, 0.000000e+00, 0.000000e+00, 0.000000e+00, 0.000000e+00
7, 7, 2.632118e-01, 4.612000e+00, 0.000000e+00, 3.075000e+00, 0.000000e+00, 0.000000e+00, 0.000000e+00, 0.000000e+00, 0.000000e+00, 0.000000e+00, 0.000000e+00, 0.000000e+00, 0.000000e+00
7, 7, 2.530883e-01, 4.612000e+00, 0.000000e+00, 3.075000e+00, 0.000000e+00, 0.000000e+00, 0.000000e+00, 0.000000e+00, 0.000000e+00, 0.000000e+00, 0.000000e+00, 0.000000e+00, 0.000000e+00
7, 7, 2.429647e-01, 4.612000e+00, 0.000000e+00, 3.075000e+00, 0.000000e+00, 0.000000e+00, 0.000000e+00, 0.000000e+00, 0.000000e+00, 0.000000e+00, 0.000000e+00, 0.000000e+00, 0.000000e+00
7, 7, 2.328412e-01, 4.612000e+00, 0.000000e+00, 3.075000e+00, 0.000000e+00, 0.000000e+00, 0.000000e+00, 0.000000e+00, 0.000000e+00, 0.000000e+00, 0.000000e+00, 0.000000e+00, 0.000000e+00
7, 7, 2.227177e-01, 4.612000e+00, 0.000000e+00, 3.075000e+00, 0.000000e+00, 0.000000e+00, 0.000000e+00, 0.000000e+00, 0.000000e+00, 0.000000e+00, 0.000000e+00, 0.000000e+00, 0.000000e+00
7, 7, 2.125941e-01, 4.612000e+00, 0.000000e+00, 3.075000e+00, 0.000000e+00, 0.000000e+00, 0.000000e+00, 0.000000e+00, 0.000000e+00, 0.000000e+00, 0.000000e+00, 0.000000e+00, 0.000000e+00
7, 7, 2.024706e-01, 4.612000e+00, 0.000000e+00, 3.075000e+00, 0.000000e+00, 0.000000e+00, 0.000000e+00, 0.000000e+00, 0.000000e+00, 0.000000e+00, 0.000000e+00, 0.000000e+00, 0.000000e+00
7, 7, 1.923471e-01, 4.612000e+00, 0.000000e+00, 3.075000e+00, 0.000000e+00, 0.000000e+00, 0.000000e+00, 0.000000e+00, 0.000000e+00, 0.000000e+00, 0.000000e+00, 0.000000e+00, 0.000000e+00
7, 7, 1.822235e-01, 4.612000e+00, 0.000000e+00, 3.075000e+00, 0.000000e+00, 0.000000e+00, 0.000000e+00, 0.000000e+00, 0.000000e+00, 0.000000e+00, 0.000000e+00, 0.000000e+00, 0.000000e+00
7, 7, 1.721000e-01, 4.612000e+00, 0.000000e+00, 3.075000e+00, 0.000000e+00, 0.000000e+00, 0.000000e+00, 0.000000e+00, 0.000000e+00, 0.000000e+00, 0.000000e+00, 0.000000e+00, 0.000000e+00
7, 7, 1.619765e-01, 4.612000e+00, 0.000000e+00, 3.075000e+00, 0.000000e+00, 0.000000e+00, 0.000000e+00, 0.000000e+00, 0.000000e+00, 0.000000e+00, 0.000000e+00, 0.000000e+00, 0.000000e+00
7, 7, 1.518530e-01, 4.612000e+00, 0.000000e+00, 3.075000e+00, 0.000000e+00, 0.000000e+00, 0.000000e+00, 0.000000e+00, 0.000000e+00, 0.000000e+00, 0.000000e+00, 0.000000e+00, 0.000000e+00
7, 7, 1.417294e-01, 4.612000e+00, 0.000000e+00, 3.075000e+00, 0.000000e+00, 0.000000e+00, 0.000000e+00, 0.000000e+00, 0.000000e+00, 0.000000e+00, 0.000000e+00, 0.000000e+00, 0.000000e+00
7, 7, 1.316059e-01, 4.612000e+00, 0.000000e+00, 3.075000e+00, 0.000000e+00, 0.000000e+00, 0.000000e+00, 0.000000e+00, 0.000000e+00, 0.000000e+00, 0.000000e+00, 0.000000e+00, 0.000000e+00
7, 7, 1.214824e-01, 4.612000e+00, 0.000000e+00, 3.075000e+00, 0.000000e+00, 0.000000e+00, 0.000000e+00, 0.000000e+00, 0.000000e+00, 0.000000e+00, 0.000000e+00, 0.000000e+00, 0.000000e+00
7, 7, 1.113588e-01, 4.612000e+00, 0.000000e+00, 3.075000e+00, 0.000000e+00, 0.000000e+00, 0.000000e+00, 0.000000e+00, 0.000000e+00, 0.000000e+00, 0.000000e+00, 0.000000e+00, 0.000000e+00
7, 7, 1.012353e-01, 4.612000e+00, 0.000000e+00, 3.075000e+00, 0.000000e+00, 0.000000e+00, 0.000000e+00, 0.000000e+00, 0.000000e+00, 0.000000e+00, 0.000000e+00, 0.000000e+00, 0.000000e+00
7, 7, 9.111177e-02, 4.612000e+00, 0.000000e+00, 3.075000e+00, 0.000000e+00, 0.000000e+00, 0.000000e+00, 0.000000e+00, 0.000000e+00, 0.000000e+00, 0.000000e+00, 0.000000e+00, 0.000000e+00
7, 7, 8.098824e-02, 4.612000e+00, 0.000000e+00, 3.075000e+00, 0.000000e+00, 0.000000e+00, 0.000000e+00, 0.000000e+00, 0.000000e+00, 0.000000e+00, 0.000000e+00, 0.000000e+00, 0.000000e+00
7, 7, 7.086471e-02, 4.612000e+00, 0.000000e+00, 3.075000e+00, 0.000000e+00, 0.000000e+00, 0.000000e+00, 0.000000e+00, 0.000000e+00, 0.000000e+00, 0.000000e+00, 0.000000e+00, 0.000000e+00
7, 7, 6.074118e-02, 4.612000e+00, 0.000000e+00, 3.075000e+00, 0.000000e+00, 0.000000e+00, 0.000000e+00, 0.000000e+00, 0.000000e+00, 0.000000e+00, 0.000000e+00, 0.000000e+00, 0.000000e+00
7, 7, 5.061765e-02, 4.612000e+00, 0.000000e+00, 3.075000e+00, 0.000000e+00, 0.000000e+00, 0.000000e+00, 0.000000e+00, 0.000000e+00, 0.000000e+00, 0.000000e+00, 0.000000e+00, 0.000000e+00
7, 7, 4.049412e-02, 4.612000e+00, 0.000000e+00, 3.075000e+00, 0.000000e+00, 0.000000e+00, 0.000000e+00, 0.000000e+00, 0.000000e+00, 0.000000e+00, 0.000000e+00, 0.000000e+00, 0.000000e+00
7, 7, 3.037059e-02, 4.612000e+00, 0.000000e+00, 3.075000e+00, 0.000000e+00, 0.000000e+00, 0.000000e+00, 0.000000e+00, 0.000000e+00, 0.000000e+00, 0.000000e+00, 0.000000e+00, 0.000000e+00
7, 7, 2.024706e-02, 4.612000e+00, 0.000000e+00, 3.075000e+00, 0.000000e+00, 0.000000e+00, 0.000000e+00, 0.000000e+00, 0.000000e+00, 0.000000e+00, 0.000000e+00, 0.000000e+00, 0.000000e+00
7, 7, 1.012353e-02, 4.612000e+00, 0.000000e+00, 3.075000e+00, 0.000000e+00, 0.000000e+00, 0.000000e+00, 0.000000e+00, 0.000000e+00, 0.000000e+00, 0.000000e+00, 0.000000e+00, 0.000000e+00
7, 7, 0.000000e+00, 4.612000e+00, 0.000000e+00, 3.075000e+00, 0.000000e+00, 0.000000e+00, 0.000000e+00, 0.000000e+00, 0.000000e+00, 0.000000e+00, 0.000000e+00, 0.000000e+00, 0.000000e+00
8, 8, 3.026935e+00, 8.647000e+00, 0.000000e+00, 5.764000e+00, 1.312047e-01, -4.443439e-02, 1.889669e-02, -1.351043e+00, -6.845679e-03, 8.413904e-02, 5.912595e-03, -7.331368e-01, 2.191204e-03
8, 8, 3.016812e+00, 8.647000e+00, 0.000000e+00, 5.764000e+00, 1.321632e-01, -1.829600e-02, 2.114672e-02, -1.364160e+00, -1.212716e-02, 6.501647e-02, 9.857490e-03, -7.253100e-01, 8.841631e-03
8, 8, 3.006688e+00, 8.647000e+00, 0.000000e+00, 5.764000e+00, 1.259643e-01, 3.393340e-02, 1.863122e-02, -1.311912e+00, -6.917146e-03, 9.975006e-02, 5.140044e-03, -7.075912e-01, 3.791643e-03
8, 8, 2.996565e+00, 8.647000e+00, 0.000000e+00, 5.764000e+00, 1.231817e-01, 1.039419e-01, 1.722966e-02, -1.248186e+00, 1.554205e-02, 1.440817e-01, -1.090852e-02, -6.998082e-01, -8.783801e-03
8, 8, 2.986441e+00, 8.647000e+00, 0.000000e+00, 5.764000e+00, 1.216803e-01, 1.805153e-01, 1.340575e-02, -1.183375e+00, 1.356066e-02, 1.759101e-01, -1.039355e-02, -6.874068e-01, -7.143257e-03
8, 8, 2.976318e+00, 8.647000e+00, 0.000000e+00, 5.764000e+00, 1.239608e-01, 2.417601e-01, 1.189675e-02, -1.135226e+00, -6.854789e-03, 1.914000e-01, 9.820295e-04, -6.796411e-01, 1.106597e-03
8, 8, 2.966194e+00, 8.647000e+00, 0.000000e+00, 5.764000e+00, 1.410796e-01, 2.656538e-01, 2.023717e-02, -1.159840e+00, -3.087051e-04, 1.650157e-01, 8.698336e-05, -7.052022e-01, 1.317996e-03
8, 8, 2.956071e+00, 8.647000e+00, 0.000000e+00, 5.764000e+00, 1.578153e-01, 2.712724e-01, 2.770013e-02, -1.183772e+00, -1.318100e-02, 1.361619e-01, 1.634721e-02, -7.277225e-01, 1.091152e-02
8, 8, 2.945947e+00, 8.647000e+00, 0.000000e+00, 5.764000e+00, 1.620252e-01, 2.802934e-01, 2.636371e-02, -1.122366e+00, -4.711134e-02, 1.610206e-01, 3.239403e-02, -7.150866e-01, 2.023696e-02
8, 8, 2.935824e+00, 8.647000e+00, 0.000000e+00, 5.764000e+00, 1.844660e-01, 2.729639e-01, 3.716616e-02, -1.137978e+00, 3.464014e-02, 1.595998e-01, -3.194685e-02, -7.466300e-01, -2.105197e-02
8, 8, 2.925700e+00, 8.647000e+00, 0.000000e+00, 5.764000e+00, 2.139035e-01, 2.717192e-01, 5.572171e-02, -1.256817e+00, 1.243158e-01, 9.567241e-02, -8.093829e-02, -8.045632e-01, -5.348152e-02
8, 8, 2.915577e+00, 8.647000e+00, 0.000000e+00, 5.764000e+00, 1.973368e-01, 3.261354e-01, 4.808866e-02, -1.239416e+00, -3.004199e-02, 8.359315e-02, 2.715547e-02, -7.504062e-01, 1.678966e-02
8, 8, 2.905453e+00, 8.647000e+00, 0.000000e+00, 5.764000e+00, 1.855531e-01, 3.654503e-01, 4.491614e-02, -1.264280e+00, -1.766755e-01, 5.133876e-02, 1.094435e-01, -7.032788e-01, 7.302962e-02
8, 8, 2.895330e+00, 8.647000e+00, 0.000000e+00, 5.764000e+00, 2.199739e-01, 3.258075e-01, 7.269218e-02, -1.471089e+00, 7.767286e-04, -4.496961e-02, -4.574609e-03, -7.817103e-01, -1.295810e-03
8, 8, 2.885206e+00, 8.647000e+00, 0.000000e+00, 5.764000e+00, 1.713263e-01, 3.217764e-01, 4.626516e-02, -1.186979e+00, 1.528230e-01, 1.791929e-01, -8.842738e-02, -6.687161e-01, -5.919706e-02
8, 8, 2.875083e+00, 8.647000e+00, 0.000000e+00, 5.764000e+00, 1.488017e-02, 3.915629e-01, -5.373488e-02, -3.649031e-01, 1.274121e-02, 7.191414e-01, -6.394318e-03, -3.015283e-01, -5.332608e-03
8, 8, 2.864959e+00, 8.647000e+00, 0.000000e+00, 5.764000e+00, -4.830182e-02, 3.779361e-01, -9.560344e-02, -1.769414e-01, -7.705204e-02, 8.458095e-01, 3.873030e-02, -2.023050e-01, 2.630124e-02
8, 8, 2.854835e+00, 8.647000e+00, 0.000000e+00, 5.764000e+00, 2.441423e-02, 2.637385e-01, -4.845282e-02, -8.060633e-01, 6.099622e-03, 4.406700e-01, -5.833661e-03, -4.677322e-01, -3.814731e-03
8, 8, 2.844712e+00, 8.647000e+00, 0.000000e+00, 5.764000e+00, 6.244073e-02, 2.086563e-01, -2.426700e-02, -1.156455e+00, 1.071253e-02, 1.978054e-01, -2.092682e-03, -6.187932e-01, -1.675594e-03
8, 8, 2.834588e+00, 8.647000e+00, 0.000000e+00, 5.764000e+00, 3.003033e-02, 2.374355e-01, -4.583378e-02, -9.824576e-01, -3.548096e-02, 2.964112e-01, 2.236028e-02, -5.492936e-01, 1.559381e-02
8, 8, 2.824465e+00, 8.647000e+00, 0.000000e+00, 5.764000e+00, 7.757379e-03, 2.635244e-01, -5.647926e-02, -8.310573e-01, 2.083107e-02, 3.928080e-01, -1.133819e-02, -4.864315e-01, -7.310254e-03
8, 8, 2.814341e+00, 8.647000e+00, 0.000000e+00, 5.764000e+00, -1.649641e-02, 2.860559e-01, -6.392965e-02, -7.129596e-01, 6.171924e-02, 4.608099e-01, -3.269834e-02, -4.107309e-01, -2.256333e-02
8, 8, 2.804218e+00, 8.647000e+00, 0.000000e+00, 5.764000e+00, -7.284635e-02, 3.277177e-01, -8.986602e-02, -4.846167e-01, -2.131003e-02, 5.906215e-01, 1.428309e-02, -2.497963e-01, 7.028130e-03
8, 8, 2.794094e+00, 8.647000e+00, 0.000000e+00, 5.764000e+00, -1.148984e-01, 3.505877e-01, -1.070596e-01, -3.655729e-01, -7.840344e-02, 6.650280e-01, 3.768402e-02, -1.325539e-01, 2.676378e-02
8, 8, 2.783971e+00, 8.647000e+00, 0.000000e+00, 5.764000e+00, -1.255655e-01, 3.417088e-01, -1.067223e-01, -3.540215e-01, 4.133908e-03, 6.947761e-01, -1.465554e-02, -1.009253e-01, -2.507559e-03
8, 8, 2.773847e+00, 8.647000e+00, 0.000000e+00, 5.764000e+00, -1.645450e-01, 3.476985e-01, -1.237341e-01, -1.298324e-01, 7.378156e-02, 8.660046e-01, -3.220052e-02, 7.008858e-03, -2.681595e-02
8, 8, 2.763724e+00, 8.647000e+00, 0.000000e+00, 5.764000e+00, -2.195262e-01, 3.748352e-01, -1.561163e-01, 2.038783e-01, 1.196755e-02, 1.087668e+00, 9.167430e-03, 1.628332e-01, -4.006460e-03
8, 8, 2.753600e+00, 8.647000e+00, 0.000000e+00, 5.764000e+00, -1.996614e-01, 3.607187e-01, -1.499586e-01, 1.226783e-01, -5.225348e-02, 1.018251e+00, 1.919769e-02, 1.210814e-01, 2.114608e-02
8, 8, 2.743477e+00, 8.647000e+00, 0.000000e+00, 5.764000e+00, -1.249205e-01, 2.897719e-01, -1.003098e-01, -3.703393e-01, -2.666938e-02, 6.795444e-01, 1.400736e-02, -8.129639e-02, 1.677424e-02
8, 8, 2.733353e+00, 8.647000e+00, 0.000000e+00, 5.764000e+00, -7.061458e-02, 2.159714e-01, -5.659049e-02, -7.434084e-01, 2.608299e-02, 4.249492e-01, -6.999237e-03, -2.195782e-01, -9.762304e-03
8, 8, 2.723230e+00, 8.647000e+00, 0.000000e+00, 5.764000e+00, -3.553830e-02, 1.654436e-01, -3.557281e-02, -8.606435e-01, 4.041359e-02, 3.313501e-01, -4.250581e-02, -2.795924e-01, -3.107563e-02
8, 8, 2.713106e+00, 8.647000e+00, 0.000000e+00, 5.764000e+00, -1.394021e-02, 1.273393e-01, -2.620575e-02, -9.385673e-01, -3.526726e-03, 2.581998e-01, -1.211931e-03, -3.184335e-01, -2.227221e-03
8, 8, 2.702983e+00, 8.647000e+00, 0.000000e+00, 5.764000e+00, 1.317368e-02, 6.910315e-02, -8.191728e-03, -1.106844e+00, -3.263624e-02, 1.338393e-01, 3.987103e-02, -3.756819e-01, 2.678396e-02
8, 8, 2.692859e+00, 8.647000e+00, 0.000000e+00, 5.764000e+00, 6.674816e-02, -2.145537e-02, 2.859573e-02, -1.358365e+00, -2.069116e-03, -4.324398e-02, -1.236208e-03, -4.771361e-01, 3.182395e-03
8, 8, 2.682735e+00, 8.647000e+00, 0.000000e+00, 5.764000e+00, 9.346633e-02, -7.879361e-02, 4.872189e-02, -1.482713e+00, 7.866809e-03, -1.457869e-01, -1.114058e-02, -5.281189e-01, -6.922972e-03
8, 8, 2.672612e+00, 8.647000e+00, 0.000000e+00, 5.764000e+00, 8.070893e-02, -8.232659e-02, 4.067672e-02, -1.433011e+00, -8.750064e-03, -1.244654e-01, 1.264194e-02, -5.020376e-01, 5.769995e-03
8, 8, 2.662488e+00, 8.647000e+00, 0.000000e+00, 5.764000e+00, 8.088949e-02, -9.576438e-02, 3.726773e-02, -1.426546e+00, -2.160813e-03, -1.126457e-01, 1.713286e-03, -4.934237e-01, 6.833196e-04
8, 8, 2.652365e+00, 8.647000e+00, 0.000000e+00, 5.764000e+00, 9.789074e-02, -1.361149e-01, 4.543402e-02, -1.495666e+00, 9.750163e-03, -1.554406e-01, -1.145583e-02, -5.175847e-01, -6.313767e-03
8, 8, 2.642241e+00, 8.647000e+00, 0.000000e+00, 5.764000e+00, 1.178436e-01, -1.897301e-01, 5.826915e-02, -1.577190e+00, 1.382047e-02, -2.245799e-01, -1.350937e-02, -5.523063e-01, -8.760293e-03
8, 8, 2.632118e+00, 8.647000e+00, 0.000000e+00, 5.764000e+00, 1.419696e-01, -2.556736e-01, 7.464067e-02, -1.678197e+00, 8.176354e-03, -3.147541e-01, -7.911371e-03, -5.958117e-01, -6.101472e-03
8, 8, 2.621994e+00, 8.647000e+00, 0.000000e+00, 5.764000e+00, 1.639461e-01, -3.171827e-01, 8.908641e-02, -1.774605e+00, -8.411495e-03, -4.006855e-01, 8.803735e-03, -6.336128e-01, 5.641012e-03
8, 8, 2.611871e+00, 8.647000e+00, 0.000000e+00, 5.764000e+00, 1.792745e-01, -3.515654e-01, 9.964155e-02, -1.837479e+00, -1.743561e-02, -4.623966e-01, 1.748797e-02, -6.580730e-01, 1.196845e-02
8, 8, 2.601747e+00, 8.647000e+00, 0.000000e+00, 5.764000e+00, 1.835911e-01, -3.400050e-01, 1.037343e-01, -1.839465e+00, -1.087865e-02, -4.820728e-01, 1.061103e-02, -6.614033e-01, 7.253895e-03
8, 8, 2.591624e+00, 8.647000e+00, 0.000000e+00, 5.764000e+00, 1.730477e-01, -2.778159e-01, 9.775975e-02, -1.759694e+00, 4.858255e-03, -4.450338e-01, -4.710547e-03, -6.358427e-01, -3.008591e-03
8, 8, 2.581500e+00, 8.647000e+00, 0.000000e+00, 5.764000e+00, 1.531953e-01, -1.893647e-01, 8.488179e-02, -1.629794e+00, 1.770750e-02, -3.739082e-01, -1.766178e-02, -5.921841e-01, -1.160891e-02
8, 8, 2.571377e+00, 8.647000e+00, 0.000000e+00, 5.764000e+00, 1.318601e-01, -1.103905e-01, 7.049343e-02, -1.499691e+00, 9.602325e-03, -3.057705e-01, -1.003738e-02, -5.463480e-01, -6.900562e-03
8, 8, 2.561253e+00, 8.647000e+00, 0.000000e+00, 5.764000e+00, 1.167476e-01, -6.567304e-02, 5.983678e-02, -1.402843e+00, -1.093100e-02, -2.621932e-01, 1.178740e-02, -5.130898e-01, 7.201274e-03
8, 8, 2.551130e+00, 8.647000e+00, 0.000000e+00, 5.764000e+00, 1.161819e-01, -5.914066e-02, 5.810460e-02, -1.360854e+00, -1.145129e-02, -2.519675e-01, 1.235593e-02, -5.066171e-01, 8.322841e-03
8, 8, 2.541006e+00, 8.647000e+00, 0.000000e+00, 5.764000e+00, 1.221433e-01, -6.465193e-02, 6.020774e-02, -1.334818e+00, 2.980354e-03, -2.516129e-01, -4.391874e-03, -5.122536e-01, -2.325707e-03
8, 8, 2.530883e+00, 8.647000e+00, 0.000000e+00, 5.764000e+00, 1.180527e-01, -5.149759e-02, 5.541959e-02, -1.259755e+00, 5.303000e-03, -2.220160e-01, -6.592058e-03, -4.996157e-01, -4.348798e-03
8, 8, 2.520759e+00, 8.647000e+00, 0.000000e+00, 5.764000e+00, 1.096722e-01, -2.594558e-02, 4.680240e-02, -1.164837e+00, 3.352945e-04, -1.778146e-01, 2.148497e-05, -4.780268e-01, 3.370943e-05
8, 8, 2.510635e+00, 8.647000e+00, 0.000000e+00, 5.764000e+00, 1.102136e-01, -1.025989e-02, 4.346869e-02, -1.109301e+00, -2.294376e-04, -1.581737e-01, 1.373356e-03, -4.730512e-01, 7.858508e-04
8, 8, 2.500512e+00, 8.647000e+00, 0.000000e+00, 5.764000e+00, 1.170880e-01, -5.443667e-03, 4.475556e-02, -1.085315e+00, -1.094201e-04, -1.610900e-01, 8.124227e-04, -4.811283e-01, 1.581320e-04
8, 8, 2.490388e+00, 8.647000e+00, 0.000000e+00, 5.764000e+00, 1.236784e-01, -2.225026e-03, 4.670386e-02, -1.070938e+00, -7.769042e-04, -1.689976e-01, -1.254787e-06, -4.889394e-01, 1.708741e-04
8, 8, 2.480265e+00, 8.647000e+00, 0.000000e+00, 5.764000e+00, 1.273604e-01, 3.353407e-03, 4.802206e-02, -1.060061e+00, -5.636371e-04, -1.757580e-01, -3.936454e-04, -4.913066e-01, 1.892125e-04
8, 8, 2.470141e+00, 8.647000e+00, 0.000000e+00, 5.764000e+00, 1.276672e-01, 1.171880e-02, 4.796716e-02, -1.043142e+00, -3.404680e-05, -1.766174e-01, 1.490227e-04, -4.874818e-01, 1.639626e-04
8, 8, 2.460018e+00, 8.647000e+00, 0.000000e+00, 5.764000e+00, 1.258291e-01, 2.220263e-02, 4.635774e-02, -1.014620e+00, 4.444399e-04, -1.693749e-01, 6.933892e-04, -4.794313e-01, -1.194602e-04
8, 8, 2.449894e+00, 8.647000e+00, 0.000000e+00, 5.764000e+00, 1.227833e-01, 3.468809e-02, 4.364109e-02, -9.774419e-01, 9.955465e-04, -1.561860e-01, 7.155712e-04, -4.688146e-01, -4.519855e-04
8, 8, 2.439771e+00, 8.647000e+00, 0.000000e+00, 5.764000e+00, 1.190889e-01, 4.936225e-02, 4.026280e-02, -9.363357e-01, 1.045972e-03, -1.398473e-01, -1.316308e-03, -4.567960e-01, -7.207295e-04
8, 8, 2.429647e+00, 8.647000e+00, 0.000000e+00, 5.764000e+00, 1.138280e-01, 6.633563e-02, 3.592389e-02, -8.904426e-01, -9.213682e-04, -1.198977e-01, -2.281022e-03, -4.419135e-01, 2.127402e-04
8, 8, 2.419524e+00, 8.647000e+00, 0.000000e+00, 5.764000e+00, 1.071428e-01, 8.602176e-02, 3.084949e-02, -8.408972e-01, -3.100919e-03, -9.654861e-02, -1.159988e-03, -4.244348e-01, 1.297440e-03
8, 8, 2.409400e+00, 8.647000e+00, 0.000000e+00, 5.764000e+00, 9.955933e-02, 1.096743e-01, 2.567075e-02, -7.943963e-01, -4.602666e-03, -7.332962e-02, 7.503163e-03, -4.055933e-01, 3.334065e-03
8, 8, 2.399277e+00, 8.647000e+00, 0.000000e+00, 5.764000e+00, 9.120537e-02, 1.378500e-01, 2.034784e-02, -7.445696e-01, -1.116140e-03, -4.645781e-02, 1.259544e-02, -3.851699e-01, 3.209019e-03
8, 8, 2.389153e+00, 8.647000e+00, 0.000000e+00, 5.764000e+00, 8.898421e-02, 1.653382e-01, 1.736077e-02, -7.062127e-01, 8.774755e-03, -2.699592e-02, -1.448477e-02, -3.752809e-01, -7.736878e-03
8, 8, 2.379030e+00, 8.647000e+00, 0.000000e+00, 5.764000e+00, 8.005518e-02, 1.933914e-01, 1.225169e-02, -6.652623e-01, 1.529104e-02, -2.105308e-03, -2.585766e-02, -3.539363e-01, -1.186569e-02
8, 8, 2.368906e+00, 8.647000e+00, 0.000000e+00, 5.764000e+00, 6.197863e-02, 2.227014e-01, 5.466370e-03, -6.182791e-01, 2.543126e-02, 3.167343e-02, -1.665454e-02, -3.164017e-01, -1.343329e-02
8, 8, 2.358783e+00, 8.647000e+00, 0.000000e+00, 5.764000e+00, 4.953769e-02, 2.593954e-01, -2.887912e-03, -5.842067e-01, -2.818595e-02, 4.196883e-02, 2.481228e-02, -2.889927e-01, 1.401228e-02
8, 8, 2.348659e+00, 8.647000e+00, 0.000000e+00, 5.764000e+00, 2.440795e-02, 3.180259e-01, -2.426282e-02, -4.567237e-01, -1.018271e-01, 1.084082e-01, 1.048356e-01, -2.373794e-01, 7.111201e-02
8, 8, 2.338535e+00, 8.647000e+00, 0.000000e+00, 5.764000e+00, 4.062929e-02, 3.359298e-01, -1.489278e-02, -4.444651e-01, 3.541207e-02, 1.341858e-01, -2.623965e-02, -2.602991e-01, -1.649047e-02
8, 8, 2.328412e+00, 8.647000e+00, 0.000000e+00, 5.764000e+00, 7.469555e-02, 3.360744e-01, 8.057043e-03, -5.560901e-01, 1.363199e-01, 7.122648e-02, -1.556963e-01, -3.186636e-01, -1.039423e-01
8, 8, 2.318288e+00, 8.647000e+00, 0.000000e+00, 5.764000e+00, 2.087183e-02, 4.184137e-01, -2.804837e-02, -3.827092e-01, -3.632509e-02, 1.549396e-01, 4.003584e-02, -2.170518e-01, 2.578680e-02
8, 8, 2.308165e+00, 8.647000e+00, 0.000000e+00, 5.764000e+00, 4.888454e-02, 4.006490e-01, -9.824120e-03, -5.431536e-01, -8.155803e-02, 3.544117e-02, 9.569907e-02, -2.680740e-01, 6.393626e-02
8, 8, 2.298041e+00, 8.647000e+00, 0.000000e+00, 5.764000e+00, 2.020996e-01, 2.275690e-01, 9.258316e-02, -1.238620e+00, 1.769125e-02, -4.270940e-01, -2.729539e-02, -5.536627e-01, -1.782719e-02
8, 8, 2.287918e+00, 8.647000e+00, 0.000000e+00, 5.764000e+00, 2.621315e-01, 1.545210e-01, 1.337947e-01, -1.532684e+00, 8.023224e-03, -6.422604e-01, -7.713882e-03, -6.630103e-01, -5.257312e-03
8, 8, 2.277794e+00, 8.647000e+00, 0.000000e+00, 5.764000e+00, 2.588914e-01, 1.723030e-01, 1.329601e-01, -1.513402e+00, 8.643375e-04, -6.446139e-01, 1.033300e-03, -6.509815e-01, 8.305075e-04
8, 8, 2.267671e+00, 8.647000e+00, 0.000000e+00, 5.764000e+00, 2.851476e-01, 1.696265e-01, 1.517764e-01, -1.624006e+00, 1.891737e-02, -7.316124e-01, -2.209810e-02, -6.945586e-01, -1.469578e-02
8, 8, 2.257547e+00, 8.647000e+00, 0.000000e+00, 5.764000e+00, 3.200060e-01, 1.764499e-01, 1.767405e-01, -1.793689e+00, 7.823651e-03, -8.646670e-01, -7.332532e-03, -7.550334e-01, -5.118809e-03
8, 8, 2.247424e+00, 8.647000e+00, 0.000000e+00, 5.764000e+00, 3.608387e-01, 1.904719e-01, 2.058096e-01, -1.993189e+00, -7.571000e-03, -1.020329e+00, 8.593742e-03, -8.262463e-01, 5.722194e-03
8, 8, 2.237300e+00, 8.647000e+00, 0.000000e+00, 5.764000e+00, 3.868486e-01, 1.932533e-01, 2.253942e-01, -2.114380e+00, -1.640535e-02, -1.123502e+00, 1.891402e-02, -8.685108e-01, 1.250058e-02
8, 8, 2.227177e+00, 8.647000e+00, 0.000000e+00, 5.764000e+00, 3.661751e-01, 1.758058e-01, 2.138878e-01, -1.995753e+00, -9.521308e-03, -1.061844e+00, 1.078312e-02, -8.207921e-01, 7.329052e-03
8, 8, 2.217053e+00, 8.647000e+00, 0.000000e+00, 5.764000e+00, 2.881422e-01, 1.341175e-01, 1.638049e-01, -1.589751e+00, 5.473114e-03, -8.016842e-01, -7.051225e-03, -6.641072e-01, -4.592015e-03
8, 8, 2.206930e+00, 8.647000e+00, 0.000000e+00, 5.764000e+00, 1.745954e-01, 8.080076e-02, 8.942825e-02, -1.017510e+00, 1.188756e-02, -4.255485e-01, -1.520572e-02, -4.413915e-01, -1.013863e-02
8, 8, 2.196806e+00, 8.647000e+00, 0.000000e+00, 5.764000e+00, 7.435180e-02, 3.431436e-02, 2.307577e-02, -5.214648e-01, 5.039131e-03, -9.786775e-02, -7.609517e-03, -2.466034e-01, -5.096790e-03
8, 8, 2.186683e+00, 8.647000e+00, 0.000000e+00, 5.764000e+00, 2.610716e-02, 7.708751e-03, -9.098561e-03, -2.880175e-01, -5.013311e-03, 5.502816e-02, 6.133784e-03, -1.526170e-01, 3.985777e-03
8, 8, 2.176559e+00, 8.647000e+00, 0.000000e+00, 5.764000e+00, 3.163521e-02, 3.808147e-04, -5.599486e-03, -3.150610e-01, -5.939557e-03, 3.377578e-02, 9.546100e-03, -1.617135e-01, 6.398616e-03
8, 8, 2.166435e+00, 8.647000e+00, 0.000000e+00, 5.764000e+00, 5.940817e-02, 1.026917e-03, 1.288200e-02, -4.476372e-01, 9.808087e-04, -5.852365e-02, 1.941062e-03, -2.126914e-01, 1.271533e-03
8, 8, 2.156312e+00, 8.647000e+00, 0.000000e+00, 5.764000e+00, 7.661912e-02, -5.593756e-04, 2.446985e-02, -5.289489e-01, 3.478917e-03, -1.179234e-01, -4.299691e-03, -2.431883e-01, -2.776564e-03
8, 8, 2.146188e+00, 8.647000e+00, 0.000000e+00, 5.764000e+00, 7.680143e-02, -8.578135e-03, 2.476750e-02, -5.289946e-01, 3.784742e-04, -1.236872e-01, -3.098539e-03, -2.410724e-01, -2.102411e-03
8, 8, 2.136065e+00, 8.647000e+00, 0.000000e+00, 5.764000e+00, 7.432879e-02, -2.148166e-02, 2.335812e-02, -5.160397e-01, -1.356313e-03, -1.201555e-01, -3.623262e-04, -2.340010e-01, -2.682519e-04
8, 8, 2.125941e+00, 8.647000e+00, 0.000000e+00, 5.764000e+00, 7.986750e-02, -3.477673e-02, 2.715763e-02, -5.402574e-01, -3.335000e-04, -1.415285e-01, 7.979574e-04, -2.422294e-01, 5.688228e-04
8, 8, 2.115818e+00, 8.647000e+00, 0.000000e+00, 5.764000e+00, 9.069530e-02, -4.713665e-02, 3.470393e-02, -5.922352e-01, -4.105786e-04, -1.821852e-01, 2.113148e-03, -2.605893e-01, 1.339962e-03
8, 8, 2.105694e+00, 8.647000e+00, 0.000000e+00, 5.764000e+00, 1.023619e-01, -6.126073e-02, 4.274423e-02, -6.467662e-01, -6.620257e-04, -2.251542e-01, 1.068292e-03, -2.801854e-01, 8.022061e-04
8, 8, 2.095571e+00, 8.647000e+00, 0.000000e+00, 5.764000e+00, 1.134546e-01, -7.841193e-02, 5.061386e-02, -6.977156e-01, 7.392431e-04, -2.660331e-01, -1.552140e-03, -2.985082e-01, -1.111999e-03
8, 8, 2.085447e+00, 8.647000e+00, 0.000000e+00, 5.764000e+00, 1.239086e-01, -9.645990e-02, 5.804971e-02, -7.449983e-01, 2.465654e-03, -3.047229e-01, -2.738670e-03, -3.154263e-01, -1.755858e-03
8, 8, 2.075324e+00, 8.647000e+00, 0.000000e+00, 5.764000e+00, 1.344455e-01, -1.160577e-01, 6.570490e-02, -7.940442e-01, 1.670576e-03, -3.454962e-01, -1.138210e-03, -3.325302e-01, -8.578374e-04
8, 8, 2.065200e+00, 8.647000e+00, 0.000000e+00, 5.764000e+00, 1.458937e-01, -1.376540e-01, 7.392026e-02, -8.494828e-01, -5.005206e-03, -3.921316e-01, 4.634948e-03, -3.513231e-01, 3.192416e-03
8, 8, 2.055077e+00, 8.647000e+00, 0.000000e+00, 5.764000e+00, 1.596307e-01, -1.603525e-01, 8.392745e-02, -9.153860e-01, -8.381985e-03, -4.457218e-01, 8.746440e-03, -3.741810e-01, 5.706765e-03
8, 8, 2.044953e+00, 8.647000e+00, 0.000000e+00, 5.764000e+00, 1.788975e-01, -1.858461e-01, 9.761149e-02, -9.980095e-01, 3.688755e-03, -5.090510e-01, -4.535255e-03, -4.068929e-01, -2.807853e-03
8, 8, 2.034830e+00, 8.647000e+00, 0.000000e+00, 5.764000e+00, 1.978538e-01, -2.145446e-01, 1.112963e-01, -1.076174e+00, 2.064958e-02, -5.693097e-01, -2.031370e-02, -4.388329e-01, -1.367373e-02
8, 8, 2.024706e+00, 8.647000e+00, 0.000000e+00, 5.764000e+00, 2.110505e-01, -2.446069e-01, 1.213241e-01, -1.134232e+00, 2.280638e-02, -6.191579e-01, -2.157350e-02, -4.596725e-01, -1.448116e-02
8, 8, 2.014582e+00, 8.647000e+00, 0.000000e+00, 5.764000e+00, 2.212138e-01, -2.731952e-01, 1.292195e-01, -1.204460e+00, -2.563250e-02, -6.852863e-01, 2.145768e-02, -4.759850e-01, 1.400083e-02
8, 8, 2.004459e+00, 8.647000e+00, 0.000000e+00, 5.764000e+00, 2.291449e-01, -2.980101e-01, 1.360367e-01, -1.258945e+00, -6.767162e-02, -7.418683e-01, 7.845299e-02, -4.876436e-01, 5.233679e-02
8, 8, 1.994335e+00, 8.647000e+00, 0.000000e+00, 5.764000e+00, 2.673160e-01, -3.403544e-01, 1.627995e-01, -1.423904e+00, -3.672506e-02, -8.592414e-01, 2.389301e-02, -5.543889e-01, 1.712539e-02
8, 8, 1.984212e+00, 8.647000e+00, 0.000000e+00, 5.764000e+00, 2.955789e-01, -3.811108e-01, 1.837150e-01, -1.505922e+00, 4.711538e-02, -9.167891e-01, -4.054054e-02, -6.018805e-01, -2.769532e-02
8, 8, 1.974088e+00, 8.647000e+00, 0.000000e+00, 5.764000e+00, 3.364247e-01, -4.366110e-01, 2.126953e-01, -1.591349e+00, 2.268748e-01, -9.621255e-01, -2.158553e-01, -6.685455e-01, -1.430146e-01
8, 8, 1.963965e+00, 8.647000e+00, 0.000000e+00, 5.764000e+00, 3.511123e-01, -4.776296e-01, 2.247668e-01, -1.795293e+00, -1.335263e-02, -1.151632e+00, -3.438539e-02, -6.963352e-01, -2.462243e-02
8, 8, 1.953841e+00, 8.647000e+00, 0.000000e+00, 5.764000e+00, 2.562371e-01, -4.300721e-01, 1.642127e-01, -1.505897e+00, -3.594451e-01, -1.032390e+00, 4.167131e-01, -5.192240e-01, 2.762614e-01
8, 8, 1.943718e+00, 8.647000e+00, 0.000000e+00, 5.764000e+00, 4.085761e-01, -5.878550e-01, 2.670136e-01, -1.996717e+00, 8.177844e-02, -1.304870e+00, -8.561988e-02, -7.910708e-01, -5.337688e-02
8, 8, 1.933594e+00, 8.647000e+00, 0.000000e+00, 5.764000e+00, 4.320136e-01, -5.878283e-01, 2.862751e-01, -2.031310e+00, 2.038211e-01, -1.330072e+00, -2.483132e-01, -8.262317e-01, -1.669871e-01
8, 8, 1.923471e+00, 8.647000e+00, 0.000000e+00, 5.764000e+00, 7.169539e-02, -1.320971e-01, 4.799110e-02, -4.038866e-01, -8.946965e-02, -2.899539e-01, 1.258600e-01, -1.396814e-01, 8.357143e-02
8, 8, 1.913347e+00, 8.647000e+00, 0.000000e+00, 5.764000e+00, -2.639342e-02, 3.782837e-02, -1.775755e-02, 1.231657e-01, -1.237249e-02, 8.248622e-02, 2.586399e-03, 5.062477e-02, 2.271298e-03
8, 8, 1.903224e+00, 8.647000e+00, 0.000000e+00, 5.764000e+00, 1.178793e-02, -1.376115e-02, 7.961343e-03, -5.096292e-02, 1.277217e-02, -3.292065e-02, -1.435861e-02, -2.254827e-02, -1.002643e-02
8, 8, 1.893100e+00, 8.647000e+00, 0.000000e+00, 5.764000e+00, -4.518526e-03, 4.179529e-03, -3.065124e-03, 1.792642e-02, -7.855508e-03, 1.105083e-02, 1.027224e-02, 8.635352e-03, 7.128967e-03
8, 8, 1.882977e+00, 8.647000e+00, 0.000000e+00, 5.764000e+00, 1.444747e-03, -8.433685e-04, 9.846445e-04, -4.953086e-03, 3.965382e-03, -2.764355e-03, -5.437478e-03, -2.755595e-03, -3.777311e-03
8, 8, 1.872853e+00, 8.647000e+00, 0.000000e+00, 5.764000e+00, -3.986054e-04, -1.336959e-05, -2.730032e-04, 1.008652e-03, -1.765322e-03, 4.040519e-04, 2.550615e-03, 7.563821e-04, 1.777219e-03
8, 8, 1.862730e+00, 8.647000e+00, 0.000000e+00, 5.764000e+00, 9.533684e-05, 1.276276e-04, 6.561405e-05, -6.779155e-05, 7.491553e-04, 7.922045e-05, -1.134630e-03, -1.785826e-04, -7.940033e-04
8, 8, 1.852606e+00, 8.647000e+00, 0.000000e+00, 5.764000e+00, -1.967970e-05, -8.945326e-05, -1.361580e-05, -7.178070e-05, -3.165953e-04, -1.037335e-04, 4.971958e-04, 3.564075e-05, 3.498614e-04
8, 8, 1.842482e+00, 8.647000e+00, 0.000000e+00, 5.764000e+00, 4.570004e-06, 4.594706e-05, 3.191528e-06, 5.032637e-05, 1.370086e-04, 5.827305e-05, -2.186773e-04, -7.864182e-06, -1.549386e-04
8, 8, 1.832359e+00, 8.647000e+00, 0.000000e+00, 5.764000e+00, -2.526718e-06, -1.990668e-05, -1.786197e-06, -2.039179e-05, -6.157854e-05, -2.440110e-05, 9.696677e-05, 4.557026e-06, 6.927621e-05
8, 8, 1.822235e+00, 8.647000e+00, 0.000000e+00, 5.764000e+00, 2.227588e-06, 7.300403e-06, 1.584953e-06, 4.444393e-06, 2.866730e-05, 7.593649e-06, -4.302178e-05, -4.250675e-06, -3.103453e-05
8, 8, 1.812112e+00, 8.647000e+00, 0.000000e+00, 5.764000e+00, -1.783989e-06, -2.014115e-06, -1.275831e-06, 1.389706e-06, -1.358898e-05, -9.842450e-07, 1.877427e-05, 3.488209e-06, 1.369193e-05
8, 8, 1.801988e+00, 8.647000e+00, 0.000000e+00, 5.764000e+00, 1.225477e-06, 1.360785e-07, 8.809783e-07, -2.505361e-06, 6.395041e-06, -9.337061e-07, -7.857956e-06, -2.425648e-06, -5.801511e-06
8, 8, 1.791865e+00, 8.647000e+00, 0.000000e+00, 5.764000e+00, -7.384231e-07, 3.440311e-07, -5.336861e-07, 2.010547e-06, -2.902314e-06, 1.089388e-06, 3.042331e-06, 1.473056e-06, 2.278347e-06
8, 8, 1.781741e+00, 8.647000e+00, 0.000000e+00, 5.764000e+00, 3.957086e-07, -3.403969e-07, 2.875446e-07, -1.249812e-06, 1.227989e-06, -7.674768e-07, -1.023074e-06, -7.940831e-07, -7.804239e-07
8, 8, 1.771618e+00, 8.647000e+00, 0.000000e+00, 5.764000e+00, -1.882811e-07, 2.233113e-07, -1.375584e-07, 6.596830e-07, -4.613759e-07, 4.346983e-07, 2.532428e-07, 3.797385e-07, 1.997546e-07
8, 8, 1.761494e+00, 8.647000e+00, 0.000000e+00, 5.764000e+00, 7.794369e-08, -1.183295e-07, 5.725126e-08, -3.008130e-07, 1.390858e-07, -2.091512e-07, -8.071247e-09, -1.579299e-07, -1.042310e-08
8, 8, 1.751371e+00, 8.647000e+00, 0.000000e+00, 5.764000e+00, -2.653936e-08, 5.214262e-08, -1.959417e-08, 1.160569e-07, -2.212474e-08, 8.511394e-08, -4.117551e-08, 5.402125e-08, -2.982716e-08
8, 8, 1.741247e+00, 8.647000e+00, 0.000000e+00, 5.764000e+00, 6.183333e-09, -1.835485e-08, 4.584276e-09, -3.494010e-08, -9.340829e-09, -2.760844e-08, 3.265170e-08, -1.265583e-08, 2.470608e-08
8, 8, 1.731124e+00, 8.647000e+00, 0.000000e+00, 5.764000e+00, 8.715547e-11, 4.274429e-09, 7.115227e-11, 5.721820e-09, 1.123015e-08, 5.601084e-09, -1.651323e-08, -1.610825e-10, -1.279713e-08
8, 8, 1.721000e+00, 8.647000e+00, 0.000000e+00, 5.764000e+00, -1.099770e-09, 1.512993e-10, -8.297367e-10, 1.747299e-09, -6.499384e-09, 6.519495e-10, 5.943576e-09, 2.254626e-09, 4.716737e-09
8, 8, 1.710877e+00, 8.647000e+00, 0.000000e+00, 5.764000e+00, 7.240612e-10, -8.305465e-10, 5.488682e-10, -2.088609e-09, 2.565903e-09, -1.346893e-09, -1.221790e-09, -1.492857e-09, -1.013650e-09
8, 8, 1.700753e+00, 8.647000e+00, 0.000000e+00, 5.764000e+00, -2.902876e-10, 5.208687e-10, -2.213753e-10, 1.073179e-09, -6.008674e-10, 7.709470e-10, -1.887073e-10, 6.017716e-10, -1.284111e-10
8, 8, 1.690630e+00, 8.647000e+00, 0.000000e+00, 5.764000e+00, 6.569520e-11, -1.930823e-10, 5.047017e-11, -3.442931e-10, -4.681346e-11, -2.717782e-10, 3.131856e-10, -1.373021e-10, 2.459334e-10
8, 8, 1.680506e+00, 8.647000e+00, 0.000000e+00, 5.764000e+00, 5.778655e-12, 3.343371e-11, 4.409104e-12, 4.318967e-11, 1.280961e-10, 4.534827e-11, -1.552931e-10, -1.164406e-11, -1.260959e-10
8, 8, 1.670382e+00, 8.647000e+00, 0.000000e+00, 5.764000e+00, -1.314860e-11, 1.087328e-11, -1.019926e-11, 2.616655e-11, -6.761487e-11, 1.453935e-11, 3.917660e-11, 2.741901e-11, 3.314050e-11
8, 8, 1.660259e+00, 8.647000e+00, 0.000000e+00, 5.764000e+00, 6.213183e-12, -1.106437e-11, 4.862856e-12, -2.044375e-11, 1.749081e-11, -1.458250e-11, 2.486975e-12, -1.307547e-11, 1.460573e-12
8, 8, 1.650135e+00, 8.647000e+00, 0.000000e+00, 5.764000e+00, -1.269449e-12, 4.129005e-12, -1.006802e-12, 6.865871e-12, 1.213801e-12, 5.516787e-12, -7.085990e-12, 2.712664e-12, -5.760739e-12
8, 8, 1.640012e+00, 8.647000e+00, 0.000000e+00, 5.764000e+00, -2.688081e-13, -4.093219e-13, -2.091317e-13, -5.289092e-13, -3.273761e-12, -6.787773e-13, 3.058828e-12, 5.526782e-13, 2.594355e-12
8, 8, 1.629888e+00, 8.647000e+00, 0.000000e+00, 5.764000e+00, 3.006507e-13, -4.058315e-13, 2.392216e-13, -6.948071e-13, 1.374914e-12, -4.467565e-13, -3.807113e-13, -6.368840e-13, -3.567910e-13
8, 8, 1.619765e+00, 8.647000e+00, 0.000000e+00, 5.764000e+00, -9.305148e-14, 2.367211e-13, -7.518706e-14, 3.790501e-13, -1.357338e-13, 2.924142e-13, -2.668928e-13, 2.005418e-13, -2.166487e-13
8, 8, 1.609641e+00, 8.647000e+00, 0.000000e+00, 5.764000e+00, -2.793511e-15, -4.123636e-14, -1.919334e-15, -6.611615e-14, -1.409652e-13, -6.315836e-14, 1.604222e-13, 4.658446e-15, 1.387421e-13
8, 8, 1.599518e+00, 8.647000e+00, 0.000000e+00, 5.764000e+00, 1.343040e-14, -1.653400e-14, 1.086361e-14, -2.362338e-14, 7.473980e-14, -1.375024e-14, -2.426419e-14, -2.864958e-14, -2.300612e-14
8, 8, 1.589394e+00, 8.647000e+00, 0.000000e+00, 5.764000e+00, -4.407550e-15, 1.154488e-14, -3.642324e-15, 1.726466e-14, -7.828738e-15, 1.340205e-14, -1.294443e-14, 9.644408e-15, -1.072343e-14
8, 8, 1.579271e+00, 8.647000e+00, 0.000000e+00, 5.764000e+00, -2.740022e-16, -1.675575e-15, -2.034479e-16, -2.953902e-15, -7.560531e-15, -2.895613e-15, 7.424534e-15, 5.084981e-16, 6.634256e-15
8, 8, 1.569147e+00, 8.647000e+00, 0.000000e+00, 5.764000e+00, 6.424977e-16, -9.916273e-16, 5.308047e-16, -1.219834e-15, 3.433794e-15, -7.700344e-16, -5.566008e-16, -1.389402e-15, -6.077479e-16
8, 8, 1.559024e+00, 8.647000e+00, 0.000000e+00, 5.764000e+00, -1.460035e-16, 4.983849e-16, -1.246787e-16, 7.295207e-16, 9.497381e-18, 5.962108e-16, -7.952763e-16, 3.293449e-16, -6.934480e-16
8, 8, 1.548900e+00, 8.647000e+00, 0.000000e+00, 5.764000e+00, -4.168695e-17, -3.593322e-18, -3.394682e-17, -5.058896e-17, -4.503772e-16, -6.916263e-17, 2.702111e-16, 8.723102e-17, 2.549535e-16
8, 8, 1.538777e+00, 8.647000e+00, 0.000000e+00, 5.764000e+00, 2.737892e-17, -6.150280e-17, 2.329063e-17, -7.558334e-17, 1.061215e-16, -5.581140e-17, 3.728042e-17, -6.073645e-17, 2.882808e-17
8, 8, 1.528653e+00, 8.647000e+00, 0.000000e+00, 5.764000e+00, -7.117561e-19, 1.340850e-17, -7.878529e-19, 2.325015e-17, 3.431339e-17, 2.121448e-17, -4.062499e-17, 2.268628e-18, -3.770893e-17
8, 8, 1.518530e+00, 8.647000e+00, 0.000000e+00, 5.764000e+00, -3.096893e-18, 4.970034e-18, -2.636407e-18, 4.177518e-18, -1.971085e-17, 2.333858e-18, 2.794370e-18, 6.798174e-18, 3.339484e-18
8, 8, 1.508406e+00, 8.647000e+00, 0.000000e+00, 5.764000e+00, 5.821686e-19, -2.416833e-18, 5.234942e-19, -3.476370e-18, -9.637575e-19, -2.947591e-18, 4.394134e-18, -1.378239e-18, 4.035387e-18
8, 8, 1.498282e+00, 8.647000e+00, 0.000000e+00, 5.764000e+00, 2.746720e-19, -2.497015e-19, 2.330792e-19, 7.012961e-20, 2.521483e-18, 1.968058e-19, -9.115847e-19, -5.926813e-19, -9.453454e-19
8, 8, 1.488159e+00, 8.647000e+00, 0.000000e+00, 5.764000e+00, -9.765435e-20, 3.107147e-19, -8.740777e-20, 3.878773e-19, -1.816699e-19, 3.156830e-19, -4.077980e-19, 2.271691e-19, -3.688747e-19
8, 8, 1.478035e+00, 8.647000e+00, 0.000000e+00, 5.764000e+00, -2.153878e-20, -4.667036e-22, -1.806885e-20, -5.226737e-20, -2.793859e-19, -5.868721e-20, 1.397520e-19, 4.504292e-20, 1.429287e-19
8, 8, 1.467912e+00, 8.647000e+00, 0.000000e+00, 5.764000e+00, 1.229679e-20, -3.519309e-20, 1.107427e-20, -3.859010e-20, 4.114811e-20, -3.052700e-20, 3.673170e-20, -2.855282e-20, 3.261904e-20
8, 8, 1.457788e+00, 8.647000e+00, 0.000000e+00, 5.764000e+00, 1.727859e-21, 1.793647e-21, 1.424777e-21, 8.501425e-21, 2.991357e-20, 8.722957e-21, -1.713024e-20, -3.461276e-21, -1.764155e-20
8, 8, 1.447665e+00, 8.647000e+00, 0.000000e+00, 5.764000e+00, -1.368662e-21, 3.833794e-21, -1.246090e-21, 3.815431e-21, -5.466378e-21, 2.985197e-21, -3.640003e-21, 3.195520e-21, -3.215713e-21
8, 8, 1.437541e+00, 8.647000e+00, 0.000000e+00, 5.764000e+00, -1.723530e-22, -2.204210e-22, -1.421680e-22, -1.025526e-21, -3.294949e-21, -1.036687e-21, 1.857619e-21, 3.396963e-22, 1.949897e-21
8, 8, 1.427418e+00, 8.647000e+00, 0.000000e+00, 5.764000e+00, 1.408244e-22, -4.150874e-22, 1.302053e-22, -4.033039e-22, 5.498976e-22, -3.210127e-22, 4.240741e-22, -3.331011e-22, 3.845844e-22
8, 8, 1.417294e+00, 8.647000e+00, 0.000000e+00, 5.764000e+00, 2.242060e-23, 8.889354e-24, 1.908431e-23, 1.028201e-22, 3.764358e-22, 1.061084e-22, -1.788892e-22, -4.585854e-23, -1.940293e-22
8, 8, 1.407171e+00, 8.647000e+00, 0.000000e+00, 5.764000e+00, -1.315467e-23, 4.391866e-23, -1.242671e-23, 4.603728e-23, -3.751339e-23, 3.825458e-23, -5.469313e-23, 3.185778e-23, -5.205774e-23
8, 8, 1.397047e+00, 8.647000e+00, 0.000000e+00, 5.764000e+00, -3.202732e-24, 2.366594e-24, -2.837392e-24, -8.099936e-24, -4.251747e-23, -8.920684e-24, 1.403498e-23, 6.911804e-24, 1.615313e-23
8, 8, 1.386924e+00, 8.647000e+00, 0.000000e+00, 5.764000e+00, 1.012680e-24, -4.251918e-24, 9.893642e-25, -5.349520e-24, -1.787373e-25, -4.689651e-24, 6.911638e-24, -2.565147e-24, 6.937633e-24
8, 8, 1.376800e+00, 8.647000e+00, 0.000000e+00, 5.764000e+00, 4.248265e-25, -7.188093e-25, 3.900989e-25, 3.096596e-25, 4.338270e-24, 4.529161e-25, -5.953995e-25, -9.621789e-25, -8.305957e-25
8, 8, 1.366677e+00, 8.647000e+00, 0.000000e+00, 5.764000e+00, -4.342610e-26, 3.272060e-25, -4.668463e-26, 5.734606e-25, 5.985208e-25, 5.307221e-25, -7.617721e-25, 1.275863e-25, -8.074042e-25
8, 8, 1.356553e+00, 8.647000e+00, 0.000000e+00, 5.764000e+00, -4.685402e-26, 1.193716e-25, -4.448704e-26, 4.638577e-26, -3.417585e-25, 2.768125e-26, -5.858536e-26, 1.111115e-25, -4.168421e-26
8, 8, 1.346430e+00, 8.647000e+00, 0.000000e+00, 5.764000e+00, -3.569494e-27, -1.161079e-26, -2.848075e-27, -4.921827e-26, -1.169969e-25, -4.834852e-26, 6.313916e-26, 5.979584e-27, 7.160371e-26
8, 8, 1.336306e+00, 8.647000e+00, 0.000000e+00, 5.764000e+00, 3.707481e-27, -1.352019e-26, 3.664118e-27, -1.294536e-26, 1.124241e-26, -1.117525e-26, 1.738825e-26, -9.333697e-27, 1.748616e-26
8, 8, 1.326182e+00, 8.647000e+00, 0.000000e+00, 5.764000e+00, 1.057661e-27, -1.634344e-27, 9.887992e-28, 2.268006e-27, 1.349893e-26, 2.525646e-27, -2.349901e-27, -2.388702e-27, -3.208309e-27
8, 8, 1.316059e+00, 8.647000e+00, 0.000000e+00, 5.764000e+00, -1.096971e-28, 8.973731e-28, -1.233097e-28, 1.695501e-27, 1.921799e-27, 1.599470e-27, -2.120702e-27, 3.424166e-28, -2.346245e-27
8, 8, 1.305935e+00, 8.647000e+00, 0.000000e+00, 5.764000e+00, -1.194561e-28, 3.594300e-28, -1.175101e-28, 1.673882e-28, -8.011060e-28, 1.252216e-28, -2.871124e-28, 2.932314e-28, -2.606477e-28
8, 8, 1.295812e+00, 8.647000e+00, 0.000000e+00, 5.764000e+00, -1.952664e-29, 8.728916e-30, -1.785824e-29, -1.163646e-28, -3.788612e-28, -1.184132e-28, 1.179796e-28, 4.123336e-29, 1.475697e-28
8, 8, 1.285688e+00, 8.647000e+00, 0.000000e+00, 5.764000e+00, 5.306215e-30, -2.965694e-29, 5.655804e-30, -4.510240e-29, -2.898584e-29, -4.226157e-29, 5.680860e-29, -1.496939e-29, 6.287060e-29
8, 8, 1.275565e+00, 8.647000e+00, 0.000000e+00, 5.764000e+00, 3.121990e-30, -9.041196e-30, 3.096594e-30, -1.799106e-30, 2.560671e-29, -9.003044e-31, 5.659207e-30, -7.652823e-30, 4.693589e-30
8, 8, 1.265441e+00, 8.647000e+00, 0.000000e+00, 5.764000e+00, 4.495771e-31, -8.696165e-32, 4.117746e-31, 3.486717e-30, 1.014601e-29, 3.515602e-30, -3.215639e-30, -9.280118e-31, -4.086668e-30
8, 8, 1.255318e+00, 8.647000e+00, 0.000000e+00, 5.764000e+00, -1.243908e-31, 7.434612e-31, -1.355771e-31, 1.209012e-30, 9.307504e-31, 1.150177e-30, -1.469930e-30, 3.619836e-31, -1.668090e-30
8, 8, 1.245194e+00, 8.647000e+00, 0.000000e+00, 5.764000e+00, -7.587717e-32, 2.450382e-31, -7.675888e-32, 8.057656e-32, -5.648290e-31, 6.099681e-32, -2.033208e-31, 1.903437e-31, -1.925859e-31
8, 8, 1.235071e+00, 8.647000e+00, 0.000000e+00, 5.764000e+00, -1.470516e-32, 1.996031e-32, -1.408741e-32, -7.635046e-32, -2.681307e-31, -7.818725e-32, 5.311933e-32, 3.271257e-32, 7.437226e-32
8, 8, 1.224947e+00, 8.647000e+00, 0.000000e+00, 5.764000e+00, 1.064504e-33, -1.308171e-32, 1.377476e-33, -3.285797e-32, -4.662392e-32, -3.208275e-32, 3.481119e-32, -4.178265e-33, 4.159434e-32
8, 8, 1.214824e+00, 8.647000e+00, 0.000000e+00, 5.764000e+00, 1.524290e-33, -6.255762e-33, 1.595722e-33, -5.332291e-33, 5.077244e-33, -4.954556e-33, 8.176678e-33, -4.043672e-33, 8.903216e-33
8, 8, 1.204700e+00, 8.647000e+00, 0.000000e+00, 5.764000e+00, 4.672242e-34, -1.262000e-33, 4.698658e-34, 7.210882e-34, 5.623088e-33, 7.971012e-34, 2.705539e-34, -1.134804e-33, -1.653458e-35
8, 8, 1.194577e+00, 8.647000e+00, 0.000000e+00, 5.764000e+00, 5.745978e-35, 9.932708e-36, 5.266658e-35, 6.987041e-34, 1.743111e-33, 7.008505e-34, -5.297621e-34, -1.121930e-34, -7.018825e-34
8, 8, 1.184453e+00, 8.647000e+00, 0.000000e+00, 5.764000e+00, -1.304778e-35, 1.002770e-34, -1.525202e-35, 2.139280e-34, 2.451555e-34, 2.100386e-34, -2.257848e-34, 4.258335e-35, -2.718344e-34
8, 8, 1.174329e+00, 8.647000e+00, 0.000000e+00, 5.764000e+00, -9.306685e-36, 3.898063e-35, -9.853635e-36, 3.086409e-35, -3.492403e-35, 2.936012e-35, -4.990241e-35, 2.491068e-35, -5.522187e-35
8, 8, 1.164206e+00, 8.647000e+00, 0.000000e+00, 5.764000e+00, -2.763304e-36, 8.371215e-36, -2.824528e-36, -3.748439e-36, -3.267641e-35, -4.070419e-36, -3.611491e-36, 6.838178e-36, -2.278327e-36
8, 8, 1.154082e+00, 8.647000e+00, 0.000000e+00, 5.764000e+00, -4.615291e-37, 6.261071e-37, -4.460883e-37, -3.865964e-36, -1.104944e-35, -3.903047e-36, 2.113354e-36, 1.002262e-36, 3.081657e-36
8, 8, 1.143959e+00, 8.647000e+00, 0.000000e+00, 5.764000e+00, 1.899477e-39, -3.336122e-37, 1.323109e-38, -1.359276e-36, -2.322639e-36, -1.356998e-36, 1.143840e-36, -6.458080e-38, 1.462407e-36
8, 8, 1.133835e+00, 8.647000e+00, 0.000000e+00, 5.764000e+00, 3.240396e-38, -1.861402e-37, 3.626566e-38, -3.055359e-37, -2.159568e-37, -3.031154e-37, 3.408062e-37, -9.615428e-38, 4.097075e-37
8, 8, 1.123712e+00, 8.647000e+00, 0.000000e+00, 5.764000e+00, 1.368316e-38, -5.763958e-38, 1.458671e-38, -3.712453e-38, 6.746441e-38, -3.637353e-38, 6.926352e-38, -3.666644e-38, 7.709167e-38
8, 8, 1.113588e+00, 8.647000e+00, 0.000000e+00, 5.764000e+00, 3.769739e-39, -1.271974e-38, 3.903524e-39, 4.787802e-39, 4.456416e-38, 4.966329e-39, 7.495164e-39, -9.474765e-39, 6.202144e-39
8, 8, 1.103465e+00, 8.647000e+00, 0.000000e+00, 5.764000e+00, 7.608406e-40, -1.830068e-39, 7.591843e-40, 4.662183e-39, 1.538591e-38, 4.704822e-39, -1.228206e-39, -1.759050e-39, -2.342719e-39
8, 8, 1.093341e+00, 8.647000e+00, 0.000000e+00, 5.764000e+00, 9.657188e-41, 3.399550e-42, 8.684827e-41, 1.783852e-39, 4.010654e-39, 1.796001e-39, -1.028064e-39, -1.735424e-40, -1.447747e-39
8, 8, 1.083218e+00, 8.647000e+00, 0.000000e+00, 5.764000e+00, -4.222112e-42, 1.167674e-40, -8.526901e-42, 5.070556e-40, 8.331238e-40, 5.109597e-40, -3.839264e-40, 3.212897e-41, -5.030675e-40
8, 8, 1.073094e+00, 8.647000e+00, 0.000000e+00, 5.764000e+00, -7.697332e-42, 5.242538e-41, -9.055191e-42, 1.182528e-40, 1.288046e-40, 1.195195e-40, -1.099851e-40, 2.483942e-41, -1.379522e-40
8, 8, 1.062971e+00, 8.647000e+00, 0.000000e+00, 5.764000e+00, -3.183750e-42, 1.668526e-41, -3.541081e-42, 2.277811e-41, 8.085492e-42, 2.314665e-41, -2.672136e-41, 9.200926e-42, -3.221865e-41
8, 8, 1.052847e+00, 8.647000e+00, 0.000000e+00, 5.764000e+00, -9.851128e-43, 4.495365e-42, -1.066388e-42, 3.336492e-42, -3.939050e-42, 3.410760e-42, -5.696278e-42, 2.661066e-42, -6.524446e-42
8, 8, 1.042724e+00, 8.647000e+00, 0.000000e+00, 5.764000e+00, -2.536350e-43, 1.077599e-42, -2.788584e-43, 1.429324e-43, -2.223861e-42, 1.905766e-43, -1.046770e-42, 6.810311e-43, -1.123841e-42
8, 8, 1.032600e+00, 8.647000e+00, 0.000000e+00, 5.764000e+00, -6.165713e-44, 2.396220e-43, -5.465064e-44, -8.547921e-44, -7.749181e-43, -9.388700e-44, -1.723597e-43, 1.625506e-43, -1.513402e-43
8, 8, 1.022477e+00, 8.647000e+00, 0.000000e+00, 5.764000e+00, -1.961818e-44, 4.203895e-44, -1.401298e-44, -3.643376e-44, -2.312142e-43, -4.764415e-44, -2.101948e-44, 5.044674e-44, 1.681558e-44
8, 8, 1.012353e+00, 8.647000e+00, 0.000000e+00, 5.764000e+00, -2.802597e-45, 7.006492e-45, -1.401298e-45, -3.082857e-44, -3.503246e-44, -1.961818e-44, -7.006492e-45, 8.407791e-45, -1.261169e-44
8, 8, 1.002229e+00, 8.647000e+00, 0.000000e+00, 5.764000e+00, 0.000000e+00, 0.000000e+00, 0.000000e+00, 8.407791e-45, 1.541428e-44, 9.809089e-45, -1.401298e-45, 0.000000e+00, -2.802597e-45
8, 8, 9.921059e-01, 8.647000e+00, 0.000000e+00, 5.764000e+00, 0.000000e+00, 0.000000e+00, 0.000000e+00, 0.000000e+00, 0.000000e+00, 0.000000e+00, 0.000000e+00, 0.000000e+00, 0.000000e+00
8, 8, 9.819824e-01, 8.647000e+00, 0.000000e+00, 5.764000e+00, 0.000000e+00, 0.000000e+00, 0.000000e+00, 0.000000e+00, 0.000000e+00, 0.000000e+00, 0.000000e+00, 0.000000e+00, 0.000000e+00
8, 8, 9.718589e-01, 8.647000e+00, 0.000000e+00, 5.764000e+00, 0.000000e+00, 0.000000e+00, 0.000000e+00, 0.000000e+00, 0.000000e+00, 0.000000e+00, 0.000000e+00, 0.000000e+00, 0.000000e+00
8, 8, 9.617354e-01, 8.647000e+00, 0.000000e+00, 5.764000e+00, 0.000000e+00, 0.000000e+00, 0.000000e+00, 0.000000e+00, 0.000000e+00, 0.000000e+00, 0.000000e+00, 0.000000e+00, 0.000000e+00
8, 8, 9.516118e-01, 8.647000e+00, 0.000000e+00, 5.764000e+00, 0.000000e+00, 0.000000e+00, 0.000000e+00, 0.000000e+00, 0.000000e+00, 0.000000e+00, 0.000000e+00, 0.000000e+00, 0.000000e+00
8, 8, 9.414883e-01, 8.647000e+00, 0.000000e+00, 5.764000e+00, 0.000000e+00, 0.000000e+00, 0.000000e+00, 0.000000e+00, 0.000000e+00, 0.000000e+00, 0.000000e+00, 0.000000e+00, 0.000000e+00
8, 8, 9.313648e-01, 8.647000e+00, 0.000000e+00, 5.764000e+00, 0.000000e+00, 0.000000e+00, 0.000000e+00, 0.000000e+00, 0.000000e+00, 0.000000e+00, 0.000000e+00, 0.000000e+00, 0.000000e+00
8, 8, 9.212412e-01, 8.647000e+00, 0.000000e+00, 5.764000e+00, 0.000000e+00, 0.000000e+00, 0.000000e+00, 0.000000e+00, 0.000000e+00, 0.000000e+00, 0.000000e+00, 0.000000e+00, 0.000000e+00
8, 8, 9.111177e-01, 8.647000e+00, 0.000000e+00, 5.764000e+00, 0.000000e+00, 0.000000e+00, 0.000000e+00, 0.000000e+00, 0.000000e+00, 0.000000e+00, 0.000000e+00, 0.000000e+00, 0.000000e+00
8, 8, 9.009942e-01, 8.647000e+00, 0.000000e+00, 5.764000e+00, 0.000000e+00, 0.000000e+00, 0.000000e+00, 0.000000e+00, 0.000000e+00, 0.000000e+00, 0.000000e+00, 0.000000e+00, 0.000000e+00
8, 8, 8.908706e-01, 8.647000e+00, 0.000000e+00, 5.764000e+00, 0.000000e+00, 0.000000e+00, 0.000000e+00, 0.000000e+00, 0.000000e+00, 0.000000e+00, 0.000000e+00, 0.000000e+00, 0.000000e+00
8, 8, 8.807471e-01, 8.647000e+00, 0.000000e+00, 5.764000e+00, 0.000000e+00, 0.000000e+00, 0.000000e+00, 0.000000e+00, 0.000000e+00, 0.000000e+00, 0.000000e+00, 0.000000e+00, 0.000000e+00
8, 8, 8.706236e-01, 8.647000e+00, 0.000000e+00, 5.764000e+00, 0.000000e+00, 0.000000e+00, 0.000000e+00, 0.000000e+00, 0.000000e+00, 0.000000e+00, 0.000000e+00, 0.000000e+00, 0.000000e+00
8, 8, 8.605001e-01, 8.647000e+00, 0.000000e+00, 5.764000e+00, 0.000000e+00, 0.000000e+00, 0.000000e+00, 0.000000e+00, 0.000000e+00, 0.000000e+00, 0.000000e+00, 0.000000e+00, 0.000000e+00
8, 8, 8.503765e-01, 8.647000e+00, 0.000000e+00, 5.764000e+00, 0.000000e+00, 0.000000e+00, 0.000000e+00, 0.000000e+00, 0.000000e+00, 0.000000e+00, 0.000000e+00, 0.000000e+00, 0.000000e+00
8, 8, 8.402530e-01, 8.647000e+00, 0.000000e+00, 5.764000e+00, 0.000000e+00, 0.000000e+00, 0.000000e+00, 0.000000e+00, 0.000000e+00, 0.000000e+00, 0.000000e+00, 0.000000e+00, 0.000000e+00
8, 8, 8.301295e-01, 8.647000e+00, 0.000000e+00, 5.764000e+00, 0.000000e+00, 0.000000e+00, 0.000000e+00, 0.000000e+00, 0.000000e+00, 0.000000e+00, 0.000000e+00, 0.000000e+00, 0.000000e+00
8, 8, 8.200059e-01, 8.647000e+00, 0.000000e+00, 5.764000e+00, 0.000000e+00, 0.000000e+00, 0.000000e+00, 0.000000e+00, 0.000000e+00, 0.000000e+00, 0.000000e+00, 0.000000e+00, 0.000000e+00
8, 8, 8.098824e-01, 8.647000e+00, 0.000000e+00, 5.764000e+00, 0.000000e+00, 0.000000e+00, 0.000000e+00, 0.000000e+00, 0.000000e+00, 0.000000e+00, 0.000000e+00, 0.000000e+00, 0.000000e+00
8, 8, 7.997589e-01, 8.647000e+00, 0.000000e+00, 5.764000e+00, 0.000000e+00, 0.000000e+00, 0.000000e+00, 0.000000e+00, 0.000000e+00, 0.000000e+00, 0.000000e+00, 0.000000e+00, 0.000000e+00
8, 8, 7.896353e-01, 8.647000e+00, 0.000000e+00, 5.764000e+00, 0.000000e+00, 0.000000e+00, 0.000000e+00, 0.000000e+00, 0.000000e+00, 0.000000e+00, 0.000000e+00, 0.000000e+00, 0.000000e+00
8, 8, 7.795118e-01, 8.647000e+00, 0.000000e+00, 5.764000e+00, 0.000000e+00, 0.000000e+00, 0.000000e+00, 0.000000e+00, 0.000000e+00, 0.000000e+00, 0.000000e+00, 0.000000e+00, 0.000000e+00
8, 8, 7.693883e-01, 8.647000e+00, 0.000000e+00, 5.764000e+00, 0.000000e+00, 0.000000e+00, 0.000000e+00, 0.000000e+00, 0.000000e+00, 0.000000e+00, 0.000000e+00, 0.000000e+00, 0.000000e+00
8, 8, 7.592648e-01, 8.647000e+00, 0.000000e+00, 5.764000e+00, 0.000000e+00, 0.000000e+00, 0.000000e+00, 0.000000e+00, 0.000000e+00, 0.000000e+00, 0.000000e+00, 0.000000e+00, 0.000000e+00
8, 8, 7.491412e-01, 8.647000e+00, 0.000000e+00, 5.764000e+00, 0.000000e+00, 0.000000e+00, 0.000000e+00, 0.000000e+00, 0.000000e+00, 0.000000e+00, 0.000000e+00, 0.000000e+00, 0.000000e+00
8, 8, 7.390177e-01, 8.647000e+00, 0.000000e+00, 5.764000e+00, 0.000000e+00, 0.000000e+00, 0.000000e+00, 0.000000e+00, 0.000000e+00, 0.000000e+00, 0.000000e+00, 0.000000e+00, 0.000000e+00
8, 8, 7.288942e-01, 8.647000e+00, 0.000000e+00, 5.764000e+00, 0.000000e+00, 0.000000e+00, 0.000000e+00, 0.000000e+00, 0.000000e+00, 0.000000e+00, 0.000000e+00, 0.000000e+00, 0.000000e+00
8, 8, 7.187706e-01, 8.647000e+00, 0.000000e+00, 5.764000e+00, 0.000000e+00, 0.000000e+00, 0.000000e+00, 0.000000e+00, 0.000000e+00, 0.000000e+00, 0.000000e+00, 0.000000e+00, 0.000000e+00
8, 8, 7.086471e-01, 8.647000e+00, 0.000000e+00, 5.764000e+00, 0.000000e+00, 0.000000e+00, 0.000000e+00, 0.000000e+00, 0.000000e+00, 0.000000e+00, 0.000000e+00, 0.000000e+00, 0.000000e+00
8, 8, 6.985236e-01, 8.647000e+00, 0.000000e+00, 5.764000e+00, 0.000000e+00, 0.000000e+00, 0.000000e+00, 0.000000e+00, 0.000000e+00, 0.000000e+00, 0.000000e+00, 0.000000e+00, 0.000000e+00
8, 8, 6.884000e-01, 8.647000e+00, 0.000000e+00, 5.764000e+00, 0.000000e+00, 0.000000e+00, 0.000000e+00, 0.000000e+00, 0.000000e+00, 0.000000e+00, 0.000000e+00, 0.000000e+00, 0.000000e+00
8, 8, 6.782765e-01, 8.647000e+00, 0.000000e+00, 5.764000e+00, 0.000000e+00, 0.000000e+00, 0.000000e+00, 0.000000e+00, 0.000000e+00, 0.000000e+00, 0.000000e+00, 0.000000e+00, 0.000000e+00
8, 8, 6.681530e-01, 8.647000e+00, 0.000000e+00, 5.764000e+00, 0.000000e+00, 0.000000e+00, 0.000000e+00, 0.000000e+00, 0.000000e+00, 0.000000e+00, 0.000000e+00, 0.000000e+00, 0.000000e+00
8, 8, 6.580295e-01, 8.647000e+00, 0.000000e+00, 5.764000e+00, 0.000000e+00, 0.000000e+00, 0.000000e+00, 0.000000e+00, 0.000000e+00, 0.000000e+00, 0.000000e+00, 0.000000e+00, 0.000000e+00
8, 8, 6.479059e-01, 8.647000e+00, 0.000000e+00, 5.764000e+00, 0.000000e+00, 0.000000e+00, 0.000000e+00, 0.000000e+00, 0.000000e+00, 0.000000e+00, 0.000000e+00, 0.000000e+00, 0.000000e+00
8, 8, 6.377824e-01, 8.647000e+00, 0.000000e+00, 5.764000e+00, 0.000000e+00, 0.000000e+00, 0.000000e+00, 0.000000e+00, 0.000000e+00, 0.000000e+00, 0.000000e+00, 0.000000e+00, 0.000000e+00
8, 8, 6.276589e-01, 8.647000e+00, 0.000000e+00, 5.764000e+00, 0.000000e+00, 0.000000e+00, 0.000000e+00, 0.000000e+00, 0.000000e+00, 0.000000e+00, 0.000000e+00, 0.000000e+00, 0.000000e+00
8, 8, 6.175353e-01, 8.647000e+00, 0.000000e+00, 5.764000e+00, 0.000000e+00, 0.000000e+00, 0.000000e+00, 0.000000e+00, 0.000000e+00, 0.000000e+00, 0.000000e+00, 0.000000e+00, 0.000000e+00
8, 8, 6.074118e-01, 8.647000e+00, 0.000000e+00, 5.764000e+00, 0.000000e+00, 0.000000e+00, 0.000000e+00, 0.000000e+00, 0.000000e+00, 0.000000e+00, 0.000000e+00, 0.000000e+00, 0.000000e+00
8, 8, 5.972883e-01, 8.647000e+00, 0.000000e+00, 5.764000e+00, 0.000000e+00, 0.000000e+00, 0.000000e+00, 0.000000e+00, 0.000000e+00, 0.000000e+00, 0.000000e+00, 0.000000e+00, 0.000000e+00
8, 8, 5.871647e-01, 8.647000e+00, 0.000000e+00, 5.764000e+00, 0.000000e+00, 0.000000e+00, 0.000000e+00, 0.000000e+00, 0.000000e+00, 0.000000e+00, 0.000000e+00, 0.000000e+00, 0.000000e+00
8, 8, 5.770412e-01, 8.647000e+00, 0.000000e+00, 5.764000e+00, 0.000000e+00, 0.000000e+00, 0.000000e+00, 0.000000e+00, 0.000000e+00, 0.000000e+00, 0.000000e+00, 0.000000e+00, 0.000000e+00
8, 8, 5.669177e-01, 8.647000e+00, 0.000000e+00, 5.764000e+00, 0.000000e+00, 0.000000e+00, 0.000000e+00, 0.000000e+00, 0.000000e+00, 0.000000e+00, 0.000000e+00, 0.000000e+00, 0.000000e+00
8, 8, 5.567942e-01, 8.647000e+00, 0.000000e+00, 5.764000e+00, 0.000000e+00, 0.000000e+00, 0.000000e+00, 0.000000e+00, 0.000000e+00, 0.000000e+00, 0.000000e+00, 0.000000e+00, 0.000000e+00
8, 8, 5.466706e-01, 8.647000e+00, 0.000000e+00, 5.764000e+00, 0.000000e+00, 0.000000e+00, 0.000000e+00, 0.000000e+00, 0.000000e+00, 0.000000e+00, 0.000000e+00, 0.000000e+00, 0.000000e+00
8, 8, 5.365471e-01, 8.647000e+00, 0.000000e+00, 5.764000e+00, 0.000000e+00, 0.000000e+00, 0.000000e+00, 0.000000e+00, 0.000000e+00, 0.000000e+00, 0.000000e+00, 0.000000e+00, 0.000000e+00
8, 8, 5.264236e-01, 8.647000e+00, 0.000000e+00, 5.764000e+00, 0.000000e+00, 0.000000e+00, 0.000000e+00, 0.000000e+00, 0.000000e+00, 0.000000e+00, 0.000000e+00, 0.000000e+00, 0.000000e+00
8, 8, 5.163000e-01, 8.647000e+00, 0.000000e+00, 5.764000e+00, 0.000000e+00, 0.000000e+00, 0.000000e+00, 0.000000e+00, 0.000000e+00, 0.000000e+00, 0.000000e+00, 0.000000e+00, 0.000000e+00
8, 8, 5.061765e-01, 8.647000e+00, 0.000000e+00, 5.764000e+00, 0.000000e+00, 0.000000e+00, 0.000000e+00, 0.000000e+00, 0.000000e+00, 0.000000e+00, 0.000000e+00, 0.000000e+00, 0.000000e+00
8, 8, 4.960530e-01, 8.647000e+00, 0.000000e+00, 5.764000e+00, 0.000000e+00, 0.000000e+00, 0.000000e+00, 0.000000e+00, 0.000000e+00, 0.000000e+00, 0.000000e+00, 0.000000e+00, 0.000000e+00
8, 8, 4.859294e-01, 8.647000e+00, 0.000000e+00, 5.764000e+00, 0.000000e+00, 0.000000e+00, 0.000000e+00, 0.000000e+00, 0.000000e+00, 0.000000e+00, 0.000000e+00, 0.000000e+00, 0.000000e+00
8, 8, 4.758059e-01, 8.647000e+00, 0.000000e+00, 5.764000e+00, 0.000000e+00, 0.000000e+00, 0.000000e+00, 0.000000e+00, 0.000000e+00, 0.000000e+00, 0.000000e+00, 0.000000e+00, 0.000000e+00
8, 8, 4.656824e-01, 8.647000e+00, 0.000000e+00, 5.764000e+00, 0.000000e+00, 0.000000e+00, 0.000000e+00, 0.000000e+00, 0.000000e+00, 0.000000e+00, 0.000000e+00, 0.000000e+00, 0.000000e+00
8, 8, 4.555589e-01, 8.647000e+00, 0.000000e+00, 5.764000e+00, 0.000000e+00, 0.000000e+00, 0.000000e+00, 0.000000e+00, 0.000000e+00, 0.000000e+00, 0.000000e+00, 0.000000e+00, 0.000000e+00
8, 8, 4.454353e-01, 8.647000e+00, 0.000000e+00, 5.764000e+00, 0.000000e+00, 0.000000e+00, 0.000000e+00, 0.000000e+00, 0.000000e+00, 0.000000e+00, 0.000000e+00, 0.000000e+00, 0.000000e+00
8, 8, 4.353118e-01, 8.647000e+00, 0.000000e+00, 5.764000e+00, 0.000000e+00, 0.000000e+00, 0.000000e+00, 0.000000e+00, 0.000000e+00, 0.000000e+00, 0.000000e+00, 0.000000e+00, 0.000000e+00
8, 8, 4.251883e-01, 8.647000e+00, 0.000000e+00, 5.764000e+00, 0.000000e+00, 0.000000e+00, 0.000000e+00, 0.000000e+00, 0.000000e+00, 0.000000e+00, 0.000000e+00, 0.000000e+00, 0.000000e+00
8, 8, 4.150647e-01, 8.647000e+00, 0.000000e+00, 5.764000e+00, 0.000000e+00, 0.000000e+00, 0.000000e+00, 0.000000e+00, 0.000000e+00, 0.000000e+00, 0.000000e+00, 0.000000e+00, 0.000000e+00
8, 8, 4.049412e-01, 8.647000e+00, 0.000000e+00, 5.764000e+00, 0.000000e+00, 0.000000e+00, 0.000000e+00, 0.000000e+00, 0.000000e+00, 0.000000e+00, 0.000000e+00, 0.000000e+00, 0.000000e+00
8, 8, 3.948177e-01, 8.647000e+00, 0.000000e+00, 5.764000e+00, 0.000000e+00, 0.000000e+00, 0.000000e+00, 0.000000e+00, 0.000000e+00, 0.000000e+00, 0.000000e+00, 0.000000e+00, 0.000000e+00
8, 8, 3.846941e-01, 8.647000e+00, 0.000000e+00, 5.764000e+00, 0.000000e+00, 0.000000e+00, 0.000000e+00, 0.000000e+00, 0.000000e+00, 0.000000e+00, 0.000000e+00, 0.000000e+00, 0.000000e+00
8, 8, 3.745706e-01, 8.647000e+00, 0.000000e+00, 5.764000e+00, 0.000000e+00, 0.000000e+00, 0.000000e+00, 0.000000e+00, 0.000000e+00, 0.000000e+00, 0.000000e+00, 0.000000e+00, 0.000000e+00
8, 8, 3.644471e-01, 8.647000e+00, 0.000000e+00, 5.764000e+00, 0.000000e+00, 0.000000e+00, 0.000000e+00, 0.000000e+00, 0.000000e+00, 0.000000e+00, 0.000000e+00, 0.000000e+00, 0.000000e+00
8, 8, 3.543236e-01, 8.647000e+00, 0.000000e+00, 5.764000e+00, 0.000000e+00, 0.000000e+00, 0.000000e+00, 0.000000e+00, 0.000000e+00, 0.000000e+00, 0.000000e+00, 0.000000e+00, 0.000000e+00
8, 8, 3.442000e-01, 8.647000e+00, 0.000000e+00, 5.764000e+00, 0.000000e+00, 0.000000e+00, 0.000000e+00, 0.000000e+00, 0.000000e+00, 0.000000e+00, 0.000000e+00, 0.000000e+00, 0.000000e+00
8, 8, 3.340765e-01, 8.647000e+00, 0.000000e+00, 5.764000e+00, 0.000000e+00, 0.000000e+00, 0.000000e+00, 0.000000e+00, 0.000000e+00, 0.000000e+00, 0.000000e+00, 0.000000e+00, 0.000000e+00
8, 8, 3.239530e-01, 8.647000e+00, 0.000000e+00, 5.764000e+00, 0.000000e+00, 0.000000e+00, 0.000000e+00, 0.000000e+00, 0.000000e+00, 0.000000e+00, 0.000000e+00, 0.000000e+00, 0.000000e+00
8, 8, 3.138294e-01, 8.647000e+00, 0.000000e+00, 5.764000e+00, 0.000000e+00, 0.000000e+00, 0.000000e+00, 0.000000e+00, 0.000000e+00, 0.000000e+00, 0.000000e+00, 0.000000e+00, 0.000000e+00
8, 8, 3.037059e-01, 8.647000e+00, 0.000000e+00, 5.764000e+00, 0.000000e+00, 0.000000e+00, 0.000000e+00, 0.000000e+00, 0.000000e+00, 0.000000e+00, 0.000000e+00, 0.000000e+00, 0.000000e+00
8, 8, 2.935824e-01, 8.647000e+00, 0.000000e+00, 5.764000e+00, 0.000000e+00, 0.000000e+00, 0.000000e+00, 0.000000e+00, 0.000000e+00, 0.000000e+00, 0.000000e+00, 0.000000e+00, 0.000000e+00
8, 8, 2.834588e-01, 8.647000e+00, 0.000000e+00, 5.764000e+00, 0.000000e+00, 0.000000e+00, 0.000000e+00, 0.000000e+00, 0.000000e+00, 0.000000e+00, 0.000000e+00, 0.000000e+00, 0.000000e+00
8, 8, 2.733353e-01, 8.647000e+00, 0.000000e+00, 5.764000e+00, 0.000000e+00, 0.000000e+00, 0.000000e+00, 0.000000e+00, 0.000000e+00, 0.000000e+00, 0.000000e+00, 0.000000e+00, 0.000000e+00
8, 8, 2.632118e-01, 8.647000e+00, 0.000000e+00, 5.764000e+00, 0.000000e+00, 0.000000e+00, 0.000000e+00, 0.000000e+00, 0.000000e+00, 0.000000e+00, 0.000000e+00, 0.000000e+00, 0.000000e+00
8, 8, 2.530883e-01, 8.647000e+00, 0.000000e+00, 5.764000e+00, 0.000000e+00, 0.000000e+00, 0.000000e+00, 0.000000e+00, 0.000000e+00, 0.000000e+00, 0.000000e+00, 0.000000e+00, 0.000000e+00
8, 8, 2.429647e-01, 8.647000e+00, 0.000000e+00, 5.764000e+00, 0.000000e+00, 0.000000e+00, 0.000000e+00, 0.000000e+00, 0.000000e+00, 0.000000e+00, 0.000000e+00, 0.000000e+00, 0.000000e+00
8, 8, 2.328412e-01, 8.647000e+00, 0.000000e+00, 5.764000e+00, 0.000000e+00, 0.000000e+00, 0.000000e+00, 0.000000e+00, 0.000000e+00, 0.000000e+00, 0.000000e+00, 0.000000e+00, 0.000000e+00
8, 8, 2.227177e-01, 8.647000e+00, 0.000000e+00, 5.764000e+00, 0.000000e+00, 0.000000e+00, 0.000000e+00, 0.000000e+00, 0.000000e+00, 0.000000e+00, 0.000000e+00, 0.000000e+00, 0.000000e+00
8, 8, 2.125941e-01, 8.647000e+00, 0.000000e+00, 5.764000e+00, 0.000000e+00, 0.000000e+00, 0.000000e+00, 0.000000e+00, 0.000000e+00, 0.000000e+00, 0.000000e+00, 0.000000e+00, 0.000000e+00
8, 8, 2.024706e-01, 8.647000e+00, 0.000000e+00, 5.764000e+00, 0.000000e+00, 0.000000e+00, 0.000000e+00, 0.000000e+00, 0.000000e+00, 0.000000e+00, 0.000000e+00, 0.000000e+00, 0.000000e+00
8, 8, 1.923471e-01, 8.647000e+00, 0.000000e+00, 5.764000e+00, 0.000000e+00, 0.000000e+00, 0.000000e+00, 0.000000e+00, 0.000000e+00, 0.000000e+00, 0.000000e+00, 0.000000e+00, 0.000000e+00
8, 8, 1.822235e-01, 8.647000e+00, 0.000000e+00, 5.764000e+00, 0.000000e+00, 0.000000e+00, 0.000000e+00, 0.000000e+00, 0.000000e+00, 0.000000e+00, 0.000000e+00, 0.000000e+00, 0.000000e+00
8, 8, 1.721000e-01, 8.647000e+00, 0.000000e+00, 5.764000e+00, 0.000000e+00, 0.000000e+00, 0.000000e+00, 0.000000e+00, 0.000000e+00, 0.000000e+00, 0.000000e+00, 0.000000e+00, 0.000000e+00
8, 8, 1.619765e-01, 8.647000e+00, 0.000000e+00, 5.764000e+00, 0.000000e+00, 0.000000e+00, 0.000000e+00, 0.000000e+00, 0.000000e+00, 0.000000e+00, 0.000000e+00, 0.000000e+00, 0.000000e+00
8, 8, 1.518530e-01, 8.647000e+00, 0.000000e+00, 5.764000e+00, 0.000000e+00, 0.000000e+00, 0.000000e+00, 0.000000e+00, 0.000000e+00, 0.000000e+00, 0.000000e+00, 0.000000e+00, 0.000000e+00
8, 8, 1.417294e-01, 8.647000e+00, 0.000000e+00, 5.764000e+00, 0.000000e+00, 0.000000e+00, 0.000000e+00, 0.000000e+00, 0.000000e+00, 0.000000e+00, 0.000000e+00, 0.000000e+00, 0.000000e+00
8, 8, 1.316059e-01, 8.647000e+00, 0.000000e+00, 5.764000e+00, 0.000000e+00, 0.000000e+00, 0.000000e+00, 0.000000e+00, 0.000000e+00, 0.000000e+00, 0.000000e+00, 0.000000e+00, 0.000000e+00
8, 8, 1.214824e-01, 8.647000e+00, 0.000000e+00, 5.764000e+00, 0.000000e+00, 0.000000e+00, 0.000000e+00, 0.000000e+00, 0.000000e+00, 0.000000e+00, 0.000000e+00, 0.000000e+00, 0.000000e+00
8, 8, 1.113588e-01, 8.647000e+00, 0.000000e+00, 5.764000e+00, 0.000000e+00, 0.000000e+00, 0.000000e+00, 0.000000e+00, 0.000000e+00, 0.000000e+00, 0.000000e+00, 0.000000e+00, 0.000000e+00
8, 8, 1.012353e-01, 8.647000e+00, 0.000000e+00, 5.764000e+00, 0.000000e+00, 0.000000e+00, 0.000000e+00, 0.000000e+00, 0.000000e+00, 0.000000e+00, 0.000000e+00, 0.000000e+00, 0.000000e+00
8, 8, 9.111177e-02, 8.647000e+00, 0.000000e+00, 5.764000e+00, 0.000000e+00, 0.000000e+00, 0.000000e+00, 0.000000e+00, 0.000000e+00, 0.000000e+00, 0.000000e+00, 0.000000e+00, 0.000000e+00
8, 8, 8.098824e-02, 8.647000e+00, 0.000000e+00, 5.764000e+00, 0.000000e+00, 0.000000e+00, 0.000000e+00, 0.000000e+00, 0.000000e+00, 0.000000e+00, 0.000000e+00, 0.000000e+00, 0.000000e+00
8, 8, 7.086471e-02, 8.647000e+00, 0.000000e+00, 5.764000e+00, 0.000000e+00, 0.000000e+00, 0.000000e+00, 0.000000e+00, 0.000000e+00, 0.000000e+00, 0.000000e+00, 0.000000e+00, 0.000000e+00
8, 8, 6.074118e-02, 8.647000e+00, 0.000000e+00, 5.764000e+00, 0.000000e+00, 0.000000e+00, 0.000000e+00, 0.000000e+00, 0.000000e+00, 0.000000e+00, 0.000000e+00, 0.000000e+00, 0.000000e+00
8, 8, 5.061765e-02, 8.647000e+00, 0.000000e+00, 5.764000e+00, 0.000000e+00, 0.000000e+00, 0.000000e+00, 0.000000e+00, 0.000000e+00, 0.000000e+00, 0.000000e+00, 0.000000e+00, 0.000000e+00
8, 8, 4.049412e-02, 8.647000e+00, 0.000000e+00, 5.764000e+00, 0.000000e+00, 0.000000e+00, 0.000000e+00, 0.000000e+00, 0.000000e+00, 0.000000e+00, 0.000000e+00, 0.000000e+00, 0.000000e+00
8, 8, 3.037059e-02, 8.647000e+00, 0.000000e+00, 5.764000e+00, 0.000000e+00, 0.000000e+00, 0.000000e+00, 0.000000e+00, 0.000000e+00, 0.000000e+00, 0.000000e+00, 0.000000e+00, 0.000000e+00
8, 8, 2.024706e-02, 8.647000e+00, 0.000000e+00, 5.764000e+00, 0.000000e+00, 0.000000e+00, 0.000000e+00, 0.000000e+00, 0.000000e+00, 0.000000e+00, 0.000000e+00, 0.000000e+00, 0.000000e+00
8, 8, 1.012353e-02, 8.647000e+00, 0.000000e+00, 5.764000e+00, 0.000000e+00, 0.000000e+00, 0.000000e+00, 0.000000e+00, 0.000000e+00, 0.000000e+00, 0.000000e+00, 0.000000e+00, 0.000000e+00
8, 8, 0.000000e+00, 8.647000e+00, 0.000000e+00, 5.764000e+00, 0.000000e+00, 0.000000e+00, 0.000000e+00, 0.000000e+00, 0.000000e+00, 0.000000e+00, 0.000000e+00, 0.000000e+00, 0.000000e+00
