652362.61055 3619739.486125 100.0
652072.49125 3620146.709375 100.0
651782.37195 3620553.932625 100.0
651492.25265 3620961.155875 100.0
651202.13335 3621368.379125 100.0
650912.01405 3621775.602375 100.0
650621.89475 3622182.825625 100.0
650331.77545 3622590.048875 100.0
650041.65615 3622997.272125 100.0
649751.53685 3623404.495375 100.0
649461.41755 3623811.718625 100.0
649171.29825 3624218.941875 100.0
648881.17895 3624626.165125 100.0
648591.05965 3625033.388375 100.0
648300.94035 3625440.611625 100.0
648010.82105 3625847.834875 100.0
647720.70175 3626255.058125 100.0
647430.58245 3626662.281375 100.0
647140.46315 3627069.504625 100.0
646850.34385 3627476.727875 100.0
646560.22455 3627883.951125 100.0
646270.10525 3628291.174375 100.0
645979.98595 3628698.397625 100.0
645689.86665 3629105.620875 100.0
645399.74735 3629512.844125 100.0
645109.62805 3629920.067375 100.0
644819.50875 3630327.290625 100.0
644529.38945 3630734.513875 100.0
651955.3873 3619449.366825 100.0
651665.2679999999 3619856.590075 100.0
651375.1486999999 3620263.813325 100.0
651085.0294 3620671.0365750003 100.0
650794.9101 3621078.259825 100.0
650504.7908 3621485.483075 100.0
650214.6714999999 3621892.706325 100.0
649924.5521999999 3622299.929575 100.0
649634.4329 3622707.152825 100.0
649344.3136 3623114.376075 100.0
649054.1943 3623521.5993250003 100.0
648764.075 3623928.822575 100.0
648473.9556999999 3624336.045825 100.0
648183.8363999999 3624743.269075 100.0
647893.7171 3625150.492325 100.0
647603.5978 3625557.7155750003 100.0
647313.4785 3625964.938825 100.0
647023.3592 3626372.162075 100.0
646733.2398999999 3626779.385325 100.0
646443.1205999999 3627186.608575 100.0
646153.0013 3627593.8318250002 100.0
645862.882 3628001.055075 100.0
645572.7627 3628408.2783250003 100.0
645282.6434 3628815.501575 100.0
644992.5240999999 3629222.724825 100.0
644702.4048 3629629.948075 100.0
644412.2855 3630037.171325 100.0
644122.1662 3630444.3945750003 100.0
651548.16405 3619159.247525 100.0
651258.04475 3619566.4707750003 100.0
650967.92545 3619973.694025 100.0
650677.8061500001 3620380.9172750004 100.0
650387.68685 3620788.140525 100.0
650097.56755 3621195.363775 100.0
649807.44825 3621602.5870250002 100.0
649517.32895 3622009.810275 100.0
649227.2096500001 3622417.0335250003 100.0
648937.0903500001 3622824.256775 100.0
648646.97105 3623231.4800250004 100.0
648356.85175 3623638.703275 100.0
648066.73245 3624045.926525 100.0
647776.61315 3624453.1497750003 100.0
647486.4938500001 3624860.373025 100.0
647196.3745500001 3625267.5962750004 100.0
646906.25525 3625674.819525 100.0
646616.13595 3626082.042775 100.0
646326.01665 3626489.2660250003 100.0
646035.89735 3626896.489275 100.0
645745.7780500001 3627303.7125250003 100.0
645455.6587500001 3627710.935775 100.0
645165.53945 3628118.1590250004 100.0
644875.42015 3628525.382275 100.0
644585.30085 3628932.605525 100.0
644295.1815500001 3629339.8287750003 100.0
644005.0622500001 3629747.052025 100.0
643714.94295 3630154.2752750004 100.0
651140.9408 3618869.1282249996 100.0
650850.8215 3619276.351475 100.0
650560.7021999999 3619683.5747249997 100.0
650270.5829 3620090.797975 100.0
649980.4636 3620498.021225 100.0
649690.3443 3620905.2444749996 100.0
649400.225 3621312.467725 100.0
649110.1057 3621719.6909749997 100.0
648819.9864 3622126.914225 100.0
648529.8671 3622534.1374749998 100.0
648239.7478 3622941.360725 100.0
647949.6285 3623348.583975 100.0
647659.5092 3623755.8072249996 100.0
647369.3899 3624163.030475 100.0
647079.2706 3624570.2537249997 100.0
646789.1513 3624977.476975 100.0
646499.032 3625384.700225 100.0
646208.9127 3625791.9234749996 100.0
645918.7934 3626199.146725 100.0
645628.6741 3626606.3699749997 100.0
645338.5548 3627013.593225 100.0
645048.4355 3627420.8164749998 100.0
644758.3162 3627828.039725 100.0
644468.1969 3628235.262975 100.0
644178.0776 3628642.4862249997 100.0
643887.9583 3629049.709475 100.0
643597.839 3629456.9327249997 100.0
643307.7197 3629864.155975 100.0
650733.71755 3618579.0089249997 100.0
650443.5982499999 3618986.232175 100.0
650153.4789499999 3619393.455425 100.0
649863.35965 3619800.678675 100.0
649573.24035 3620207.901925 100.0
649283.12105 3620615.1251749997 100.0
648993.0017499999 3621022.348425 100.0
648702.8824499999 3621429.571675 100.0
648412.76315 3621836.794925 100.0
648122.64385 3622244.018175 100.0
647832.52455 3622651.241425 100.0
647542.40525 3623058.464675 100.0
647252.2859499999 3623465.6879249997 100.0
646962.1666499999 3623872.911175 100.0
646672.04735 3624280.134425 100.0
646381.92805 3624687.357675 100.0
646091.80875 3625094.580925 100.0
645801.68945 3625501.8041749997 100.0
645511.5701499999 3625909.027425 100.0
645221.4508499999 3626316.250675 100.0
644931.33155 3626723.473925 100.0
644641.21225 3627130.697175 100.0
644351.09295 3627537.920425 100.0
644060.9736499999 3627945.143675 100.0
643770.8543499999 3628352.3669249997 100.0
643480.73505 3628759.590175 100.0
643190.61575 3629166.813425 100.0
642900.49645 3629574.036675 100.0
650326.4943 3618288.889625 100.0
650036.375 3618696.112875 100.0
649746.2557 3619103.336125 100.0
649456.1364000001 3619510.559375 100.0
649166.0171 3619917.782625 100.0
648875.8978 3620325.005875 100.0
648585.7785 3620732.229125 100.0
648295.6592 3621139.452375 100.0
648005.5399000001 3621546.675625 100.0
647715.4206000001 3621953.898875 100.0
647425.3013 3622361.122125 100.0
647135.182 3622768.345375 100.0
646845.0627 3623175.568625 100.0
646554.9434 3623582.791875 100.0
646264.8241000001 3623990.015125 100.0
645974.7048000001 3624397.238375 100.0
645684.5855 3624804.461625 100.0
645394.4662 3625211.684875 100.0
645104.3469 3625618.908125 100.0
644814.2276 3626026.131375 100.0
644524.1083000001 3626433.354625 100.0
644233.9890000001 3626840.577875 100.0
643943.8697 3627247.801125 100.0
643653.7504 3627655.024375 100.0
643363.6311 3628062.247625 100.0
643073.5118000001 3628469.470875 100.0
642783.3925000001 3628876.694125 100.0
642493.2732 3629283.917375 100.0
649919.27105 3617998.770325 100.0
649629.15175 3618405.993575 100.0
649339.0324499999 3618813.216825 100.0
649048.91315 3619220.4400750003 100.0
648758.79385 3619627.663325 100.0
648468.67455 3620034.886575 100.0
648178.55525 3620442.109825 100.0
647888.43595 3620849.333075 100.0
647598.31665 3621256.5563250002 100.0
647308.19735 3621663.779575 100.0
647018.07805 3622071.0028250003 100.0
646727.95875 3622478.226075 100.0
646437.83945 3622885.449325 100.0
646147.72015 3623292.672575 100.0
645857.60085 3623699.895825 100.0
645567.48155 3624107.1190750003 100.0
645277.36225 3624514.342325 100.0
644987.24295 3624921.565575 100.0
644697.12365 3625328.788825 100.0
644407.00435 3625736.012075 100.0
644116.88505 3626143.2353250002 100.0
643826.76575 3626550.458575 100.0
643536.64645 3626957.6818250003 100.0
643246.52715 3627364.905075 100.0
642956.40785 3627772.128325 100.0
642666.28855 3628179.351575 100.0
642376.16925 3628586.574825 100.0
642086.04995 3628993.7980750003 100.0
649512.0478 3617708.651025 100.0
649221.9284999999 3618115.8742750003 100.0
648931.8091999999 3618523.097525 100.0
648641.6899 3618930.3207750004 100.0
648351.5706 3619337.544025 100.0
648061.4513 3619744.767275 100.0
647771.3319999999 3620151.9905250003 100.0
647481.2126999999 3620559.213775 100.0
647191.0934 3620966.4370250003 100.0
646900.9741 3621373.660275 100.0
646610.8548 3621780.8835250004 100.0
646320.7355 3622188.106775 100.0
646030.6161999999 3622595.330025 100.0
645740.4968999999 3623002.5532750003 100.0
645450.3776 3623409.776525 100.0
645160.2583 3623816.9997750004 100.0
644870.139 3624224.223025 100.0
644580.0197 3624631.446275 100.0
644289.9003999999 3625038.6695250003 100.0
643999.7810999999 3625445.892775 100.0
643709.6618 3625853.1160250003 100.0
643419.5425 3626260.339275 100.0
643129.4232 3626667.5625250004 100.0
642839.3038999999 3627074.785775 100.0
642549.1845999999 3627482.009025 100.0
642259.0653 3627889.2322750003 100.0
641968.946 3628296.455525 100.0
641678.8267 3628703.6787750004 100.0
649104.82455 3617418.5317249997 100.0
648814.70525 3617825.754975 100.0
648524.58595 3618232.9782249997 100.0
648234.4666500001 3618640.201475 100.0
647944.34735 3619047.424725 100.0
647654.22805 3619454.6479749996 100.0
647364.10875 3619861.871225 100.0
647073.98945 3620269.0944749997 100.0
646783.8701500001 3620676.317725 100.0
646493.7508500001 3621083.540975 100.0
646203.63155 3621490.764225 100.0
645913.51225 3621897.987475 100.0
645623.39295 3622305.2107249997 100.0
645333.27365 3622712.433975 100.0
645043.1543500001 3623119.6572249997 100.0
644753.0350500001 3623526.880475 100.0
644462.91575 3623934.103725 100.0
644172.79645 3624341.3269749996 100.0
643882.67715 3624748.550225 100.0
643592.55785 3625155.7734749997 100.0
643302.4385500001 3625562.996725 100.0
643012.3192500001 3625970.219975 100.0
642722.19995 3626377.443225 100.0
642432.08065 3626784.666475 100.0
642141.96135 3627191.8897249997 100.0
641851.8420500001 3627599.112975 100.0
641561.7227500001 3628006.3362249997 100.0
641271.60345 3628413.559475 100.0
648697.6013 3617128.4124249998 100.0
648407.482 3617535.635675 100.0
648117.3626999999 3617942.858925 100.0
647827.2434 3618350.082175 100.0
647537.1241 3618757.305425 100.0
647247.0048 3619164.5286749997 100.0
646956.8855 3619571.751925 100.0
646666.7662 3619978.975175 100.0
646376.6469 3620386.198425 100.0
646086.5276 3620793.421675 100.0
645796.4083 3621200.644925 100.0
645506.289 3621607.868175 100.0
645216.1697 3622015.0914249998 100.0
644926.0504 3622422.314675 100.0
644635.9311 3622829.537925 100.0
644345.8118 3623236.761175 100.0
644055.6925 3623643.984425 100.0
643765.5732 3624051.2076749997 100.0
643475.4539 3624458.430925 100.0
643185.3346 3624865.654175 100.0
642895.2153 3625272.877425 100.0
642605.096 3625680.100675 100.0
642314.9767 3626087.323925 100.0
642024.8574 3626494.547175 100.0
641734.7381 3626901.7704249998 100.0
641444.6188 3627308.993675 100.0
641154.4995 3627716.216925 100.0
640864.3802 3628123.440175 100.0
648290.3780499999 3616838.293125 100.0
648000.2587499999 3617245.516375 100.0
647710.1394499999 3617652.739625 100.0
647420.02015 3618059.962875 100.0
647129.90085 3618467.186125 100.0
646839.78155 3618874.409375 100.0
646549.6622499999 3619281.632625 100.0
646259.5429499999 3619688.855875 100.0
645969.42365 3620096.079125 100.0
645679.30435 3620503.302375 100.0
645389.18505 3620910.5256250002 100.0
645099.06575 3621317.748875 100.0
644808.9464499999 3621724.972125 100.0
644518.8271499999 3622132.195375 100.0
644228.70785 3622539.418625 100.0
643938.58855 3622946.641875 100.0
643648.46925 3623353.865125 100.0
643358.34995 3623761.088375 100.0
643068.2306499999 3624168.311625 100.0
642778.1113499999 3624575.534875 100.0
642487.99205 3624982.758125 100.0
642197.87275 3625389.981375 100.0
641907.75345 3625797.2046250002 100.0
641617.6341499999 3626204.427875 100.0
641327.5148499999 3626611.651125 100.0
641037.39555 3627018.874375 100.0
640747.27625 3627426.097625 100.0
640457.15695 3627833.320875 100.0
647883.1548 3616548.173825 100.0
647593.0355 3616955.397075 100.0
647302.9162 3617362.620325 100.0
647012.7969000001 3617769.8435750003 100.0
646722.6776 3618177.066825 100.0
646432.5583 3618584.290075 100.0
646142.439 3618991.513325 100.0
645852.3197 3619398.736575 100.0
645562.2004000001 3619805.9598250003 100.0
645272.0811000001 3620213.183075 100.0
644981.9618 3620620.4063250003 100.0
644691.8425 3621027.629575 100.0
644401.7232 3621434.852825 100.0
644111.6039 3621842.076075 100.0
643821.4846000001 3622249.299325 100.0
643531.3653000001 3622656.5225750003 100.0
643241.246 3623063.745825 100.0
642951.1267 3623470.969075 100.0
642661.0074 3623878.192325 100.0
642370.8881 3624285.415575 100.0
642080.7688000001 3624692.6388250003 100.0
641790.6495 3625099.862075 100.0
641500.5302 3625507.0853250003 100.0
641210.4109 3625914.308575 100.0
640920.2916 3626321.531825 100.0
640630.1723000001 3626728.755075 100.0
640340.0530000001 3627135.978325 100.0
640049.9337 3627543.2015750003 100.0
647475.93155 3616258.054525 100.0
647185.81225 3616665.2777750003 100.0
646895.6929499999 3617072.501025 100.0
646605.57365 3617479.7242750004 100.0
646315.45435 3617886.947525 100.0
646025.33505 3618294.170775 100.0
645735.21575 3618701.3940250003 100.0
645445.09645 3619108.617275 100.0
645154.97715 3619515.8405250004 100.0
644864.85785 3619923.063775 100.0
644574.73855 3620330.2870250004 100.0
644284.61925 3620737.5102750002 100.0
643994.49995 3621144.733525 100.0
643704.38065 3621551.9567750003 100.0
643414.26135 3621959.180025 100.0
643124.14205 3622366.4032750004 100.0
642834.02275 3622773.626525 100.0
642543.90345 3623180.849775 100.0
642253.78415 3623588.0730250003 100.0
641963.66485 3623995.296275 100.0
641673.54555 3624402.5195250004 100.0
641383.42625 3624809.742775 100.0
641093.30695 3625216.9660250004 100.0
640803.18765 3625624.1892750002 100.0
640513.06835 3626031.412525 100.0
640222.94905 3626438.6357750003 100.0
639932.82975 3626845.859025 100.0
639642.71045 3627253.0822750004 100.0
647068.7082999999 3615967.9352249997 100.0
646778.5889999999 3616375.158475 100.0
646488.4696999999 3616782.3817249998 100.0
646198.3504 3617189.604975 100.0
645908.2311 3617596.828225 100.0
645618.1118 3618004.0514749996 100.0
645327.9924999999 3618411.274725 100.0
645037.8731999999 3618818.4979749997 100.0
644747.7539 3619225.721225 100.0
644457.6346 3619632.944475 100.0
644167.5153 3620040.167725 100.0
643877.396 3620447.390975 100.0
643587.2766999999 3620854.6142249997 100.0
643297.1573999999 3621261.837475 100.0
643007.0381 3621669.0607249998 100.0
642716.9188 3622076.283975 100.0
642426.7995 3622483.507225 100.0
642136.6802 3622890.7304749996 100.0
641846.5608999999 3623297.953725 100.0
641556.4415999999 3623705.1769749997 100.0
641266.3223 3624112.400225 100.0
640976.203 3624519.623475 100.0
640686.0837 3624926.846725 100.0
640395.9643999999 3625334.069975 100.0
640105.8450999999 3625741.2932249997 100.0
639815.7258 3626148.516475 100.0
639525.6065 3626555.7397249998 100.0
639235.4872 3626962.962975 100.0
646661.48505 3615677.815925 100.0
646371.36575 3616085.039175 100.0
646081.24645 3616492.262425 100.0
645791.1271500001 3616899.485675 100.0
645501.00785 3617306.708925 100.0
645210.88855 3617713.9321749997 100.0
644920.76925 3618121.155425 100.0
644630.64995 3618528.378675 100.0
644340.5306500001 3618935.601925 100.0
644050.4113500001 3619342.825175 100.0
643760.29205 3619750.048425 100.0
643470.17275 3620157.271675 100.0
643180.05345 3620564.494925 100.0
642889.93415 3620971.718175 100.0
642599.8148500001 3621378.941425 100.0
642309.6955500001 3621786.164675 100.0
642019.57625 3622193.387925 100.0
641729.45695 3622600.6111749997 100.0
641439.33765 3623007.834425 100.0
641149.21835 3623415.057675 100.0
640859.0990500001 3623822.280925 100.0
640568.97975 3624229.504175 100.0
640278.86045 3624636.727425 100.0
639988.74115 3625043.950675 100.0
639698.62185 3625451.173925 100.0
639408.5025500001 3625858.397175 100.0
639118.3832500001 3626265.620425 100.0
638828.26395 3626672.843675 100.0
646254.2618 3615387.696625 100.0
645964.1425 3615794.919875 100.0
645674.0231999999 3616202.143125 100.0
645383.9039 3616609.366375 100.0
645093.7846 3617016.589625 100.0
644803.6653 3617423.812875 100.0
644513.546 3617831.036125 100.0
644223.4267 3618238.259375 100.0
643933.3074 3618645.482625 100.0
643643.1881 3619052.705875 100.0
643353.0688 3619459.9291250003 100.0
643062.9495 3619867.152375 100.0
642772.8302 3620274.375625 100.0
642482.7109 3620681.598875 100.0
642192.5916 3621088.822125 100.0
641902.4723 3621496.045375 100.0
641612.353 3621903.268625 100.0
641322.2337 3622310.491875 100.0
641032.1144 3622717.715125 100.0
640741.9951 3623124.938375 100.0
640451.8758 3623532.161625 100.0
640161.7565 3623939.384875 100.0
639871.6372 3624346.6081250003 100.0
639581.5179 3624753.831375 100.0
639291.3986 3625161.054625 100.0
639001.2793 3625568.277875 100.0
638711.16 3625975.501125 100.0
638421.0407 3626382.724375 100.0
645847.0385499999 3615097.577325 100.0
645556.9192499999 3615504.8005750002 100.0
645266.7999499999 3615912.023825 100.0
644976.68065 3616319.2470750003 100.0
644686.56135 3616726.470325 100.0
644396.44205 3617133.693575 100.0
644106.3227499999 3617540.916825 100.0
643816.2034499999 3617948.140075 100.0
643526.08415 3618355.3633250003 100.0
643235.96485 3618762.586575 100.0
642945.84555 3619169.8098250004 100.0
642655.72625 3619577.033075 100.0
642365.6069499999 3619984.256325 100.0
642075.4876499999 3620391.4795750002 100.0
641785.36835 3620798.702825 100.0
641495.24905 3621205.9260750003 100.0
641205.12975 3621613.149325 100.0
640915.01045 3622020.372575 100.0
640624.8911499999 3622427.595825 100.0
640334.7718499999 3622834.819075 100.0
640044.65255 3623242.0423250003 100.0
639754.53325 3623649.265575 100.0
639464.41395 3624056.4888250004 100.0
639174.2946499999 3624463.712075 100.0
638884.1753499999 3624870.935325 100.0
638594.05605 3625278.1585750002 100.0
638303.93675 3625685.381825 100.0
638013.81745 3626092.6050750003 100.0
645439.8153 3614807.4580249996 100.0
645149.696 3615214.681275 100.0
644859.5767 3615621.9045249997 100.0
644569.4574000001 3616029.127775 100.0
644279.3381 3616436.3510249997 100.0
643989.2188 3616843.5742749996 100.0
643699.0995 3617250.797525 100.0
643408.9802 3617658.0207749996 100.0
643118.8609000001 3618065.244025 100.0
642828.7416000001 3618472.4672749997 100.0
642538.6223 3618879.690525 100.0
642248.503 3619286.913775 100.0
641958.3837 3619694.1370249996 100.0
641668.2644 3620101.360275 100.0
641378.1451000001 3620508.5835249997 100.0
641088.0258000001 3620915.806775 100.0
640797.9065 3621323.0300249998 100.0
640507.7872 3621730.2532749996 100.0
640217.6679 3622137.476525 100.0
639927.5486 3622544.6997749996 100.0
639637.4293000001 3622951.923025 100.0
639347.31 3623359.1462749997 100.0
639057.1907 3623766.369525 100.0
638767.0714 3624173.592775 100.0
638476.9521 3624580.8160249996 100.0
638186.8328000001 3624988.039275 100.0
637896.7135000001 3625395.2625249997 100.0
637606.5942 3625802.485775 100.0
645032.59205 3614517.3387249997 100.0
644742.47275 3614924.561975 100.0
644452.3534499999 3615331.7852249998 100.0
644162.23415 3615739.008475 100.0
643872.11485 3616146.231725 100.0
643581.99555 3616553.4549749997 100.0
643291.87625 3616960.678225 100.0
643001.75695 3617367.9014749997 100.0
642711.63765 3617775.124725 100.0
642421.51835 3618182.347975 100.0
642131.39905 3618589.571225 100.0
641841.27975 3618996.794475 100.0
641551.16045 3619404.0177249997 100.0
641261.04115 3619811.240975 100.0
640970.92185 3620218.464225 100.0
640680.80255 3620625.687475 100.0
640390.68325 3621032.910725 100.0
640100.56395 3621440.1339749997 100.0
639810.44465 3621847.357225 100.0
639520.3253499999 3622254.5804749997 100.0
639230.20605 3622661.803725 100.0
638940.08675 3623069.026975 100.0
638649.96745 3623476.250225 100.0
638359.84815 3623883.473475 100.0
638069.72885 3624290.6967249997 100.0
637779.60955 3624697.919975 100.0
637489.49025 3625105.143225 100.0
637199.37095 3625512.366475 100.0
644625.3687999999 3614227.219425 100.0
644335.2494999999 3614634.442675 100.0
644045.1301999999 3615041.665925 100.0
643755.0109 3615448.889175 100.0
643464.8916 3615856.112425 100.0
643174.7723 3616263.3356749997 100.0
642884.6529999999 3616670.558925 100.0
642594.5336999999 3617077.782175 100.0
642304.4144 3617485.005425 100.0
642014.2951 3617892.228675 100.0
641724.1758 3618299.451925 100.0
641434.0565 3618706.675175 100.0
641143.9371999999 3619113.898425 100.0
640853.8178999999 3619521.121675 100.0
640563.6986 3619928.344925 100.0
640273.5793 3620335.568175 100.0
639983.46 3620742.791425 100.0
639693.3407 3621150.0146749998 100.0
639403.2213999999 3621557.237925 100.0
639113.1020999999 3621964.461175 100.0
638822.9828 3622371.684425 100.0
638532.8635 3622778.907675 100.0
638242.7442 3623186.130925 100.0
637952.6248999999 3623593.354175 100.0
637662.5055999999 3624000.577425 100.0
637372.3863 3624407.800675 100.0
637082.267 3624815.023925 100.0
636792.1477 3625222.247175 100.0
644218.14555 3613937.100125 100.0
643928.02625 3614344.323375 100.0
643637.90695 3614751.546625 100.0
643347.7876500001 3615158.769875 100.0
643057.66835 3615565.993125 100.0
642767.54905 3615973.216375 100.0
642477.42975 3616380.439625 100.0
642187.31045 3616787.662875 100.0
641897.1911500001 3617194.886125 100.0
641607.0718500001 3617602.109375 100.0
641316.95255 3618009.3326250003 100.0
641026.83325 3618416.555875 100.0
640736.71395 3618823.779125 100.0
640446.59465 3619231.002375 100.0
640156.4753500001 3619638.225625 100.0
639866.3560500001 3620045.4488750002 100.0
639576.23675 3620452.672125 100.0
639286.11745 3620859.895375 100.0
638995.99815 3621267.118625 100.0
638705.87885 3621674.341875 100.0
638415.7595500001 3622081.565125 100.0
638125.64025 3622488.788375 100.0
637835.52095 3622896.0116250003 100.0
637545.40165 3623303.234875 100.0
637255.28235 3623710.458125 100.0
636965.1630500001 3624117.681375 100.0
636675.0437500001 3624524.904625 100.0
636384.92445 3624932.1278750002 100.0
643810.9223 3613646.980825 100.0
643520.803 3614054.2040750002 100.0
643230.6836999999 3614461.427325 100.0
642940.5644 3614868.6505750003 100.0
642650.4451 3615275.873825 100.0
642360.3258 3615683.097075 100.0
642070.2065 3616090.320325 100.0
641780.0872 3616497.543575 100.0
641489.9679 3616904.7668250003 100.0
641199.8486 3617311.990075 100.0
640909.7293 3617719.2133250004 100.0
640619.61 3618126.436575 100.0
640329.4907 3618533.659825 100.0
640039.3714 3618940.8830750003 100.0
639749.2521 3619348.106325 100.0
639459.1328 3619755.3295750003 100.0
639169.0135 3620162.552825 100.0
638878.8942 3620569.776075 100.0
638588.7749 3620976.999325 100.0
638298.6555999999 3621384.222575 100.0
638008.5363 3621791.4458250003 100.0
637718.417 3622198.669075 100.0
637428.2977 3622605.8923250004 100.0
637138.1784 3623013.115575 100.0
636848.0591 3623420.338825 100.0
636557.9398 3623827.5620750003 100.0
636267.8205 3624234.785325 100.0
635977.7012 3624642.0085750003 100.0
643403.6990499999 3613356.8615249996 100.0
643113.5797499999 3613764.084775 100.0
642823.4604499999 3614171.3080249997 100.0
642533.34115 3614578.531275 100.0
642243.22185 3614985.7545249998 100.0
641953.10255 3615392.9777749996 100.0
641662.9832499999 3615800.201025 100.0
641372.8639499999 3616207.4242749996 100.0
641082.74465 3616614.647525 100.0
640792.62535 3617021.8707749997 100.0
640502.50605 3617429.094025 100.0
640212.38675 3617836.317275 100.0
639922.2674499999 3618243.5405249996 100.0
639632.1481499999 3618650.763775 100.0
639342.02885 3619057.9870249997 100.0
639051.90955 3619465.210275 100.0
638761.79025 3619872.433525 100.0
638471.6709499999 3620279.6567749996 100.0
638181.5516499999 3620686.880025 100.0
637891.4323499999 3621094.1032749997 100.0
637601.31305 3621501.326525 100.0
637311.19375 3621908.5497749997 100.0
637021.07445 3622315.773025 100.0
636730.9551499999 3622722.996275 100.0
636440.8358499999 3623130.2195249996 100.0
636150.71655 3623537.442775 100.0
635860.59725 3623944.6660249997 100.0
635570.47795 3624351.889275 100.0
642996.4758 3613066.7422249997 100.0
642706.3565 3613473.965475 100.0
642416.2372 3613881.188725 100.0
642126.1179000001 3614288.411975 100.0
641835.9986 3614695.635225 100.0
641545.8793 3615102.8584749997 100.0
641255.76 3615510.081725 100.0
640965.6407 3615917.3049749997 100.0
640675.5214000001 3616324.528225 100.0
640385.4021000001 3616731.751475 100.0
640095.2828 3617138.974725 100.0
639805.1635 3617546.197975 100.0
639515.0442 3617953.4212249997 100.0
639224.9249 3618360.644475 100.0
638934.8056000001 3618767.867725 100.0
638644.6863000001 3619175.090975 100.0
638354.567 3619582.314225 100.0
638064.4477 3619989.5374749997 100.0
637774.3284 3620396.760725 100.0
637484.2091 3620803.9839749997 100.0
637194.0898000001 3621211.207225 100.0
636903.9705 3621618.430475 100.0
636613.8512 3622025.653725 100.0
636323.7319 3622432.876975 100.0
636033.6126 3622840.1002249997 100.0
635743.4933000001 3623247.323475 100.0
635453.3740000001 3623654.546725 100.0
635163.2547 3624061.769975 100.0
642589.25255 3612776.622925 100.0
642299.13325 3613183.846175 100.0
642009.0139499999 3613591.069425 100.0
641718.89465 3613998.292675 100.0
641428.77535 3614405.515925 100.0
641138.65605 3614812.7391749998 100.0
640848.53675 3615219.962425 100.0
640558.41745 3615627.185675 100.0
640268.29815 3616034.408925 100.0
639978.17885 3616441.632175 100.0
639688.05955 3616848.855425 100.0
639397.94025 3617256.078675 100.0
639107.82095 3617663.301925 100.0
638817.70165 3618070.525175 100.0
638527.58235 3618477.748425 100.0
638237.46305 3618884.971675 100.0
637947.34375 3619292.194925 100.0
637657.22445 3619699.4181749998 100.0
637367.10515 3620106.641425 100.0
637076.9858499999 3620513.864675 100.0
636786.86655 3620921.087925 100.0
636496.74725 3621328.311175 100.0
636206.62795 3621735.534425 100.0
635916.50865 3622142.757675 100.0
635626.38935 3622549.980925 100.0
635336.27005 3622957.204175 100.0
635046.15075 3623364.427425 100.0
634756.03145 3623771.650675 100.0
642182.0292999999 3612486.503625 100.0
641891.9099999999 3612893.726875 100.0
641601.7906999999 3613300.950125 100.0
641311.6714 3613708.1733750002 100.0
641021.5521 3614115.396625 100.0
640731.4328 3614522.619875 100.0
640441.3134999999 3614929.843125 100.0
640151.1941999999 3615337.066375 100.0
639861.0749 3615744.289625 100.0
639570.9556 3616151.512875 100.0
639280.8363 3616558.7361250003 100.0
638990.717 3616965.959375 100.0
638700.5976999999 3617373.182625 100.0
638410.4783999999 3617780.405875 100.0
638120.3591 3618187.629125 100.0
637830.2398 3618594.8523750002 100.0
637540.1205 3619002.075625 100.0
637250.0011999999 3619409.298875 100.0
636959.8818999999 3619816.522125 100.0
636669.7625999999 3620223.745375 100.0
636379.6433 3620630.968625 100.0
636089.524 3621038.191875 100.0
635799.4047 3621445.4151250003 100.0
635509.2853999999 3621852.638375 100.0
635219.1660999999 3622259.861625 100.0
634929.0468 3622667.084875 100.0
634638.9275 3623074.308125 100.0
634348.8082 3623481.5313750003 100.0
641774.80605 3612196.384325 100.0
641484.68675 3612603.6075750003 100.0
641194.56745 3613010.830825 100.0
640904.4481500001 3613418.0540750003 100.0
640614.32885 3613825.277325 100.0
640324.20955 3614232.500575 100.0
640034.09025 3614639.723825 100.0
639743.97095 3615046.947075 100.0
639453.8516500001 3615454.1703250003 100.0
639163.7323500001 3615861.393575 100.0
638873.61305 3616268.6168250004 100.0
638583.49375 3616675.840075 100.0
638293.37445 3617083.063325 100.0
638003.25515 3617490.2865750003 100.0
637713.1358500001 3617897.509825 100.0
637423.0165500001 3618304.7330750003 100.0
637132.89725 3618711.956325 100.0
636842.77795 3619119.179575 100.0
636552.65865 3619526.402825 100.0
636262.53935 3619933.626075 100.0
635972.4200500001 3620340.8493250003 100.0
635682.30075 3620748.072575 100.0
635392.18145 3621155.2958250004 100.0
635102.06215 3621562.519075 100.0
634811.94285 3621969.742325 100.0
634521.8235500001 3622376.9655750003 100.0
634231.7042500001 3622784.188825 100.0
633941.58495 3623191.4120750003 100.0
641367.5828 3611906.2650249996 100.0
641077.4635 3612313.488275 100.0
640787.3441999999 3612720.7115249997 100.0
640497.2249 3613127.934775 100.0
640207.1056 3613535.158025 100.0
639916.9863 3613942.3812749996 100.0
639626.867 3614349.604525 100.0
639336.7477 3614756.8277749997 100.0
639046.6284 3615164.051025 100.0
638756.5091 3615571.2742749997 100.0
638466.3898 3615978.497525 100.0
638176.2705 3616385.720775 100.0
637886.1512 3616792.9440249996 100.0
637596.0319 3617200.167275 100.0
637305.9126 3617607.3905249997 100.0
637015.7933 3618014.613775 100.0
636725.674 3618421.837025 100.0
636435.5547 3618829.0602749996 100.0
636145.4354 3619236.283525 100.0
635855.3160999999 3619643.5067749997 100.0
635565.1968 3620050.730025 100.0
635275.0775 3620457.9532749997 100.0
634984.9582 3620865.176525 100.0
634694.8389 3621272.399775 100.0
634404.7196 3621679.6230249996 100.0
634114.6003 3622086.846275 100.0
633824.481 3622494.0695249997 100.0
633534.3617 3622901.292775 100.0
652362.61055 3619739.486125 500.0
652072.49125 3620146.709375 500.0
651782.37195 3620553.932625 500.0
651492.25265 3620961.155875 500.0
651202.13335 3621368.379125 500.0
650912.01405 3621775.602375 500.0
650621.89475 3622182.825625 500.0
650331.77545 3622590.048875 500.0
650041.65615 3622997.272125 500.0
649751.53685 3623404.495375 500.0
649461.41755 3623811.718625 500.0
649171.29825 3624218.941875 500.0
648881.17895 3624626.165125 500.0
648591.05965 3625033.388375 500.0
648300.94035 3625440.611625 500.0
648010.82105 3625847.834875 500.0
647720.70175 3626255.058125 500.0
647430.58245 3626662.281375 500.0
647140.46315 3627069.504625 500.0
646850.34385 3627476.727875 500.0
646560.22455 3627883.951125 500.0
646270.10525 3628291.174375 500.0
645979.98595 3628698.397625 500.0
645689.86665 3629105.620875 500.0
645399.74735 3629512.844125 500.0
645109.62805 3629920.067375 500.0
644819.50875 3630327.290625 500.0
644529.38945 3630734.513875 500.0
651955.3873 3619449.366825 500.0
651665.2679999999 3619856.590075 500.0
651375.1486999999 3620263.813325 500.0
651085.0294 3620671.0365750003 500.0
650794.9101 3621078.259825 500.0
650504.7908 3621485.483075 500.0
650214.6714999999 3621892.706325 500.0
649924.5521999999 3622299.929575 500.0
649634.4329 3622707.152825 500.0
649344.3136 3623114.376075 500.0
649054.1943 3623521.5993250003 500.0
648764.075 3623928.822575 500.0
648473.9556999999 3624336.045825 500.0
648183.8363999999 3624743.269075 500.0
647893.7171 3625150.492325 500.0
647603.5978 3625557.7155750003 500.0
647313.4785 3625964.938825 500.0
647023.3592 3626372.162075 500.0
646733.2398999999 3626779.385325 500.0
646443.1205999999 3627186.608575 500.0
646153.0013 3627593.8318250002 500.0
645862.882 3628001.055075 500.0
645572.7627 3628408.2783250003 500.0
645282.6434 3628815.501575 500.0
644992.5240999999 3629222.724825 500.0
644702.4048 3629629.948075 500.0
644412.2855 3630037.171325 500.0
644122.1662 3630444.3945750003 500.0
651548.16405 3619159.247525 500.0
651258.04475 3619566.4707750003 500.0
650967.92545 3619973.694025 500.0
650677.8061500001 3620380.9172750004 500.0
650387.68685 3620788.140525 500.0
650097.56755 3621195.363775 500.0
649807.44825 3621602.5870250002 500.0
649517.32895 3622009.810275 500.0
649227.2096500001 3622417.0335250003 500.0
648937.0903500001 3622824.256775 500.0
648646.97105 3623231.4800250004 500.0
648356.85175 3623638.703275 500.0
648066.73245 3624045.926525 500.0
647776.61315 3624453.1497750003 500.0
647486.4938500001 3624860.373025 500.0
647196.3745500001 3625267.5962750004 500.0
646906.25525 3625674.819525 500.0
646616.13595 3626082.042775 500.0
646326.01665 3626489.2660250003 500.0
646035.89735 3626896.489275 500.0
645745.7780500001 3627303.7125250003 500.0
645455.6587500001 3627710.935775 500.0
645165.53945 3628118.1590250004 500.0
644875.42015 3628525.382275 500.0
644585.30085 3628932.605525 500.0
644295.1815500001 3629339.8287750003 500.0
644005.0622500001 3629747.052025 500.0
643714.94295 3630154.2752750004 500.0
651140.9408 3618869.1282249996 500.0
650850.8215 3619276.351475 500.0
650560.7021999999 3619683.5747249997 500.0
650270.5829 3620090.797975 500.0
649980.4636 3620498.021225 500.0
649690.3443 3620905.2444749996 500.0
649400.225 3621312.467725 500.0
649110.1057 3621719.6909749997 500.0
648819.9864 3622126.914225 500.0
648529.8671 3622534.1374749998 500.0
648239.7478 3622941.360725 500.0
647949.6285 3623348.583975 500.0
647659.5092 3623755.8072249996 500.0
647369.3899 3624163.030475 500.0
647079.2706 3624570.2537249997 500.0
646789.1513 3624977.476975 500.0
646499.032 3625384.700225 500.0
646208.9127 3625791.9234749996 500.0
645918.7934 3626199.146725 500.0
645628.6741 3626606.3699749997 500.0
645338.5548 3627013.593225 500.0
645048.4355 3627420.8164749998 500.0
644758.3162 3627828.039725 500.0
644468.1969 3628235.262975 500.0
644178.0776 3628642.4862249997 500.0
643887.9583 3629049.709475 500.0
643597.839 3629456.9327249997 500.0
643307.7197 3629864.155975 500.0
650733.71755 3618579.0089249997 500.0
650443.5982499999 3618986.232175 500.0
650153.4789499999 3619393.455425 500.0
649863.35965 3619800.678675 500.0
649573.24035 3620207.901925 500.0
649283.12105 3620615.1251749997 500.0
648993.0017499999 3621022.348425 500.0
648702.8824499999 3621429.571675 500.0
648412.76315 3621836.794925 500.0
648122.64385 3622244.018175 500.0
647832.52455 3622651.241425 500.0
647542.40525 3623058.464675 500.0
647252.2859499999 3623465.6879249997 500.0
646962.1666499999 3623872.911175 500.0
646672.04735 3624280.134425 500.0
646381.92805 3624687.357675 500.0
646091.80875 3625094.580925 500.0
645801.68945 3625501.8041749997 500.0
645511.5701499999 3625909.027425 500.0
645221.4508499999 3626316.250675 500.0
644931.33155 3626723.473925 500.0
644641.21225 3627130.697175 500.0
644351.09295 3627537.920425 500.0
644060.9736499999 3627945.143675 500.0
643770.8543499999 3628352.3669249997 500.0
643480.73505 3628759.590175 500.0
643190.61575 3629166.813425 500.0
642900.49645 3629574.036675 500.0
650326.4943 3618288.889625 500.0
650036.375 3618696.112875 500.0
649746.2557 3619103.336125 500.0
649456.1364000001 3619510.559375 500.0
649166.0171 3619917.782625 500.0
648875.8978 3620325.005875 500.0
648585.7785 3620732.229125 500.0
648295.6592 3621139.452375 500.0
648005.5399000001 3621546.675625 500.0
647715.4206000001 3621953.898875 500.0
647425.3013 3622361.122125 500.0
647135.182 3622768.345375 500.0
646845.0627 3623175.568625 500.0
646554.9434 3623582.791875 500.0
646264.8241000001 3623990.015125 500.0
645974.7048000001 3624397.238375 500.0
645684.5855 3624804.461625 500.0
645394.4662 3625211.684875 500.0
645104.3469 3625618.908125 500.0
644814.2276 3626026.131375 500.0
644524.1083000001 3626433.354625 500.0
644233.9890000001 3626840.577875 500.0
643943.8697 3627247.801125 500.0
643653.7504 3627655.024375 500.0
643363.6311 3628062.247625 500.0
643073.5118000001 3628469.470875 500.0
642783.3925000001 3628876.694125 500.0
642493.2732 3629283.917375 500.0
649919.27105 3617998.770325 500.0
649629.15175 3618405.993575 500.0
649339.0324499999 3618813.216825 500.0
649048.91315 3619220.4400750003 500.0
648758.79385 3619627.663325 500.0
648468.67455 3620034.886575 500.0
648178.55525 3620442.109825 500.0
647888.43595 3620849.333075 500.0
647598.31665 3621256.5563250002 500.0
647308.19735 3621663.779575 500.0
647018.07805 3622071.0028250003 500.0
646727.95875 3622478.226075 500.0
646437.83945 3622885.449325 500.0
646147.72015 3623292.672575 500.0
645857.60085 3623699.895825 500.0
645567.48155 3624107.1190750003 500.0
645277.36225 3624514.342325 500.0
644987.24295 3624921.565575 500.0
644697.12365 3625328.788825 500.0
644407.00435 3625736.012075 500.0
644116.88505 3626143.2353250002 500.0
643826.76575 3626550.458575 500.0
643536.64645 3626957.6818250003 500.0
643246.52715 3627364.905075 500.0
642956.40785 3627772.128325 500.0
642666.28855 3628179.351575 500.0
642376.16925 3628586.574825 500.0
642086.04995 3628993.7980750003 500.0
649512.0478 3617708.651025 500.0
649221.9284999999 3618115.8742750003 500.0
648931.8091999999 3618523.097525 500.0
648641.6899 3618930.3207750004 500.0
648351.5706 3619337.544025 500.0
648061.4513 3619744.767275 500.0
647771.3319999999 3620151.9905250003 500.0
647481.2126999999 3620559.213775 500.0
647191.0934 3620966.4370250003 500.0
646900.9741 3621373.660275 500.0
646610.8548 3621780.8835250004 500.0
646320.7355 3622188.106775 500.0
646030.6161999999 3622595.330025 500.0
645740.4968999999 3623002.5532750003 500.0
645450.3776 3623409.776525 500.0
645160.2583 3623816.9997750004 500.0
644870.139 3624224.223025 500.0
644580.0197 3624631.446275 500.0
644289.9003999999 3625038.6695250003 500.0
643999.7810999999 3625445.892775 500.0
643709.6618 3625853.1160250003 500.0
643419.5425 3626260.339275 500.0
643129.4232 3626667.5625250004 500.0
642839.3038999999 3627074.785775 500.0
642549.1845999999 3627482.009025 500.0
642259.0653 3627889.2322750003 500.0
641968.946 3628296.455525 500.0
641678.8267 3628703.6787750004 500.0
649104.82455 3617418.5317249997 500.0
648814.70525 3617825.754975 500.0
648524.58595 3618232.9782249997 500.0
648234.4666500001 3618640.201475 500.0
647944.34735 3619047.424725 500.0
647654.22805 3619454.6479749996 500.0
647364.10875 3619861.871225 500.0
647073.98945 3620269.0944749997 500.0
646783.8701500001 3620676.317725 500.0
646493.7508500001 3621083.540975 500.0
646203.63155 3621490.764225 500.0
645913.51225 3621897.987475 500.0
645623.39295 3622305.2107249997 500.0
645333.27365 3622712.433975 500.0
645043.1543500001 3623119.6572249997 500.0
644753.0350500001 3623526.880475 500.0
644462.91575 3623934.103725 500.0
644172.79645 3624341.3269749996 500.0
643882.67715 3624748.550225 500.0
643592.55785 3625155.7734749997 500.0
643302.4385500001 3625562.996725 500.0
643012.3192500001 3625970.219975 500.0
642722.19995 3626377.443225 500.0
642432.08065 3626784.666475 500.0
642141.96135 3627191.8897249997 500.0
641851.8420500001 3627599.112975 500.0
641561.7227500001 3628006.3362249997 500.0
641271.60345 3628413.559475 500.0
648697.6013 3617128.4124249998 500.0
648407.482 3617535.635675 500.0
648117.3626999999 3617942.858925 500.0
647827.2434 3618350.082175 500.0
647537.1241 3618757.305425 500.0
647247.0048 3619164.5286749997 500.0
646956.8855 3619571.751925 500.0
646666.7662 3619978.975175 500.0
646376.6469 3620386.198425 500.0
646086.5276 3620793.421675 500.0
645796.4083 3621200.644925 500.0
645506.289 3621607.868175 500.0
645216.1697 3622015.0914249998 500.0
644926.0504 3622422.314675 500.0
644635.9311 3622829.537925 500.0
644345.8118 3623236.761175 500.0
644055.6925 3623643.984425 500.0
643765.5732 3624051.2076749997 500.0
643475.4539 3624458.430925 500.0
643185.3346 3624865.654175 500.0
642895.2153 3625272.877425 500.0
642605.096 3625680.100675 500.0
642314.9767 3626087.323925 500.0
642024.8574 3626494.547175 500.0
641734.7381 3626901.7704249998 500.0
641444.6188 3627308.993675 500.0
641154.4995 3627716.216925 500.0
640864.3802 3628123.440175 500.0
648290.3780499999 3616838.293125 500.0
648000.2587499999 3617245.516375 500.0
647710.1394499999 3617652.739625 500.0
647420.02015 3618059.962875 500.0
647129.90085 3618467.186125 500.0
646839.78155 3618874.409375 500.0
646549.6622499999 3619281.632625 500.0
646259.5429499999 3619688.855875 500.0
645969.42365 3620096.079125 500.0
645679.30435 3620503.302375 500.0
645389.18505 3620910.5256250002 500.0
645099.06575 3621317.748875 500.0
644808.9464499999 3621724.972125 500.0
644518.8271499999 3622132.195375 500.0
644228.70785 3622539.418625 500.0
643938.58855 3622946.641875 500.0
643648.46925 3623353.865125 500.0
643358.34995 3623761.088375 500.0
643068.2306499999 3624168.311625 500.0
642778.1113499999 3624575.534875 500.0
642487.99205 3624982.758125 500.0
642197.87275 3625389.981375 500.0
641907.75345 3625797.2046250002 500.0
641617.6341499999 3626204.427875 500.0
641327.5148499999 3626611.651125 500.0
641037.39555 3627018.874375 500.0
640747.27625 3627426.097625 500.0
640457.15695 3627833.320875 500.0
647883.1548 3616548.173825 500.0
647593.0355 3616955.397075 500.0
647302.9162 3617362.620325 500.0
647012.7969000001 3617769.8435750003 500.0
646722.6776 3618177.066825 500.0
646432.5583 3618584.290075 500.0
646142.439 3618991.513325 500.0
645852.3197 3619398.736575 500.0
645562.2004000001 3619805.9598250003 500.0
645272.0811000001 3620213.183075 500.0
644981.9618 3620620.4063250003 500.0
644691.8425 3621027.629575 500.0
644401.7232 3621434.852825 500.0
644111.6039 3621842.076075 500.0
643821.4846000001 3622249.299325 500.0
643531.3653000001 3622656.5225750003 500.0
643241.246 3623063.745825 500.0
642951.1267 3623470.969075 500.0
642661.0074 3623878.192325 500.0
642370.8881 3624285.415575 500.0
642080.7688000001 3624692.6388250003 500.0
641790.6495 3625099.862075 500.0
641500.5302 3625507.0853250003 500.0
641210.4109 3625914.308575 500.0
640920.2916 3626321.531825 500.0
640630.1723000001 3626728.755075 500.0
640340.0530000001 3627135.978325 500.0
640049.9337 3627543.2015750003 500.0
647475.93155 3616258.054525 500.0
647185.81225 3616665.2777750003 500.0
646895.6929499999 3617072.501025 500.0
646605.57365 3617479.7242750004 500.0
646315.45435 3617886.947525 500.0
646025.33505 3618294.170775 500.0
645735.21575 3618701.3940250003 500.0
645445.09645 3619108.617275 500.0
645154.97715 3619515.8405250004 500.0
644864.85785 3619923.063775 500.0
644574.73855 3620330.2870250004 500.0
644284.61925 3620737.5102750002 500.0
643994.49995 3621144.733525 500.0
643704.38065 3621551.9567750003 500.0
643414.26135 3621959.180025 500.0
643124.14205 3622366.4032750004 500.0
642834.02275 3622773.626525 500.0
642543.90345 3623180.849775 500.0
642253.78415 3623588.0730250003 500.0
641963.66485 3623995.296275 500.0
641673.54555 3624402.5195250004 500.0
641383.42625 3624809.742775 500.0
641093.30695 3625216.9660250004 500.0
640803.18765 3625624.1892750002 500.0
640513.06835 3626031.412525 500.0
640222.94905 3626438.6357750003 500.0
639932.82975 3626845.859025 500.0
639642.71045 3627253.0822750004 500.0
647068.7082999999 3615967.9352249997 500.0
646778.5889999999 3616375.158475 500.0
646488.4696999999 3616782.3817249998 500.0
646198.3504 3617189.604975 500.0
645908.2311 3617596.828225 500.0
645618.1118 3618004.0514749996 500.0
645327.9924999999 3618411.274725 500.0
645037.8731999999 3618818.4979749997 500.0
644747.7539 3619225.721225 500.0
644457.6346 3619632.944475 500.0
644167.5153 3620040.167725 500.0
643877.396 3620447.390975 500.0
643587.2766999999 3620854.6142249997 500.0
643297.1573999999 3621261.837475 500.0
643007.0381 3621669.0607249998 500.0
642716.9188 3622076.283975 500.0
642426.7995 3622483.507225 500.0
642136.6802 3622890.7304749996 500.0
641846.5608999999 3623297.953725 500.0
641556.4415999999 3623705.1769749997 500.0
641266.3223 3624112.400225 500.0
640976.203 3624519.623475 500.0
640686.0837 3624926.846725 500.0
640395.9643999999 3625334.069975 500.0
640105.8450999999 3625741.2932249997 500.0
639815.7258 3626148.516475 500.0
639525.6065 3626555.7397249998 500.0
639235.4872 3626962.962975 500.0
646661.48505 3615677.815925 500.0
646371.36575 3616085.039175 500.0
646081.24645 3616492.262425 500.0
645791.1271500001 3616899.485675 500.0
645501.00785 3617306.708925 500.0
645210.88855 3617713.9321749997 500.0
644920.76925 3618121.155425 500.0
644630.64995 3618528.378675 500.0
644340.5306500001 3618935.601925 500.0
644050.4113500001 3619342.825175 500.0
643760.29205 3619750.048425 500.0
643470.17275 3620157.271675 500.0
643180.05345 3620564.494925 500.0
642889.93415 3620971.718175 500.0
642599.8148500001 3621378.941425 500.0
642309.6955500001 3621786.164675 500.0
642019.57625 3622193.387925 500.0
641729.45695 3622600.6111749997 500.0
641439.33765 3623007.834425 500.0
641149.21835 3623415.057675 500.0
640859.0990500001 3623822.280925 500.0
640568.97975 3624229.504175 500.0
640278.86045 3624636.727425 500.0
639988.74115 3625043.950675 500.0
639698.62185 3625451.173925 500.0
639408.5025500001 3625858.397175 500.0
639118.3832500001 3626265.620425 500.0
638828.26395 3626672.843675 500.0
646254.2618 3615387.696625 500.0
645964.1425 3615794.919875 500.0
645674.0231999999 3616202.143125 500.0
645383.9039 3616609.366375 500.0
645093.7846 3617016.589625 500.0
644803.6653 3617423.812875 500.0
644513.546 3617831.036125 500.0
644223.4267 3618238.259375 500.0
643933.3074 3618645.482625 500.0
643643.1881 3619052.705875 500.0
643353.0688 3619459.9291250003 500.0
643062.9495 3619867.152375 500.0
642772.8302 3620274.375625 500.0
642482.7109 3620681.598875 500.0
642192.5916 3621088.822125 500.0
641902.4723 3621496.045375 500.0
641612.353 3621903.268625 500.0
641322.2337 3622310.491875 500.0
641032.1144 3622717.715125 500.0
640741.9951 3623124.938375 500.0
640451.8758 3623532.161625 500.0
640161.7565 3623939.384875 500.0
639871.6372 3624346.6081250003 500.0
639581.5179 3624753.831375 500.0
639291.3986 3625161.054625 500.0
639001.2793 3625568.277875 500.0
638711.16 3625975.501125 500.0
638421.0407 3626382.724375 500.0
645847.0385499999 3615097.577325 500.0
645556.9192499999 3615504.8005750002 500.0
645266.7999499999 3615912.023825 500.0
644976.68065 3616319.2470750003 500.0
644686.56135 3616726.470325 500.0
644396.44205 3617133.693575 500.0
644106.3227499999 3617540.916825 500.0
643816.2034499999 3617948.140075 500.0
643526.08415 3618355.3633250003 500.0
643235.96485 3618762.586575 500.0
642945.84555 3619169.8098250004 500.0
642655.72625 3619577.033075 500.0
642365.6069499999 3619984.256325 500.0
642075.4876499999 3620391.4795750002 500.0
641785.36835 3620798.702825 500.0
641495.24905 3621205.9260750003 500.0
641205.12975 3621613.149325 500.0
640915.01045 3622020.372575 500.0
640624.8911499999 3622427.595825 500.0
640334.7718499999 3622834.819075 500.0
640044.65255 3623242.0423250003 500.0
639754.53325 3623649.265575 500.0
639464.41395 3624056.4888250004 500.0
639174.2946499999 3624463.712075 500.0
638884.1753499999 3624870.935325 500.0
638594.05605 3625278.1585750002 500.0
638303.93675 3625685.381825 500.0
638013.81745 3626092.6050750003 500.0
645439.8153 3614807.4580249996 500.0
645149.696 3615214.681275 500.0
644859.5767 3615621.9045249997 500.0
644569.4574000001 3616029.127775 500.0
644279.3381 3616436.3510249997 500.0
643989.2188 3616843.5742749996 500.0
643699.0995 3617250.797525 500.0
643408.9802 3617658.0207749996 500.0
643118.8609000001 3618065.244025 500.0
642828.7416000001 3618472.4672749997 500.0
642538.6223 3618879.690525 500.0
642248.503 3619286.913775 500.0
641958.3837 3619694.1370249996 500.0
641668.2644 3620101.360275 500.0
641378.1451000001 3620508.5835249997 500.0
641088.0258000001 3620915.806775 500.0
640797.9065 3621323.0300249998 500.0
640507.7872 3621730.2532749996 500.0
640217.6679 3622137.476525 500.0
639927.5486 3622544.6997749996 500.0
639637.4293000001 3622951.923025 500.0
639347.31 3623359.1462749997 500.0
639057.1907 3623766.369525 500.0
638767.0714 3624173.592775 500.0
638476.9521 3624580.8160249996 500.0
638186.8328000001 3624988.039275 500.0
637896.7135000001 3625395.2625249997 500.0
637606.5942 3625802.485775 500.0
645032.59205 3614517.3387249997 500.0
644742.47275 3614924.561975 500.0
644452.3534499999 3615331.7852249998 500.0
644162.23415 3615739.008475 500.0
643872.11485 3616146.231725 500.0
643581.99555 3616553.4549749997 500.0
643291.87625 3616960.678225 500.0
643001.75695 3617367.9014749997 500.0
642711.63765 3617775.124725 500.0
642421.51835 3618182.347975 500.0
642131.39905 3618589.571225 500.0
641841.27975 3618996.794475 500.0
641551.16045 3619404.0177249997 500.0
641261.04115 3619811.240975 500.0
640970.92185 3620218.464225 500.0
640680.80255 3620625.687475 500.0
640390.68325 3621032.910725 500.0
640100.56395 3621440.1339749997 500.0
639810.44465 3621847.357225 500.0
639520.3253499999 3622254.5804749997 500.0
639230.20605 3622661.803725 500.0
638940.08675 3623069.026975 500.0
638649.96745 3623476.250225 500.0
638359.84815 3623883.473475 500.0
638069.72885 3624290.6967249997 500.0
637779.60955 3624697.919975 500.0
637489.49025 3625105.143225 500.0
637199.37095 3625512.366475 500.0
644625.3687999999 3614227.219425 500.0
644335.2494999999 3614634.442675 500.0
644045.1301999999 3615041.665925 500.0
643755.0109 3615448.889175 500.0
643464.8916 3615856.112425 500.0
643174.7723 3616263.3356749997 500.0
642884.6529999999 3616670.558925 500.0
642594.5336999999 3617077.782175 500.0
642304.4144 3617485.005425 500.0
642014.2951 3617892.228675 500.0
641724.1758 3618299.451925 500.0
641434.0565 3618706.675175 500.0
641143.9371999999 3619113.898425 500.0
640853.8178999999 3619521.121675 500.0
640563.6986 3619928.344925 500.0
640273.5793 3620335.568175 500.0
639983.46 3620742.791425 500.0
639693.3407 3621150.0146749998 500.0
639403.2213999999 3621557.237925 500.0
639113.1020999999 3621964.461175 500.0
638822.9828 3622371.684425 500.0
638532.8635 3622778.907675 500.0
638242.7442 3623186.130925 500.0
637952.6248999999 3623593.354175 500.0
637662.5055999999 3624000.577425 500.0
637372.3863 3624407.800675 500.0
637082.267 3624815.023925 500.0
636792.1477 3625222.247175 500.0
644218.14555 3613937.100125 500.0
643928.02625 3614344.323375 500.0
643637.90695 3614751.546625 500.0
643347.7876500001 3615158.769875 500.0
643057.66835 3615565.993125 500.0
642767.54905 3615973.216375 500.0
642477.42975 3616380.439625 500.0
642187.31045 3616787.662875 500.0
641897.1911500001 3617194.886125 500.0
641607.0718500001 3617602.109375 500.0
641316.95255 3618009.3326250003 500.0
641026.83325 3618416.555875 500.0
640736.71395 3618823.779125 500.0
640446.59465 3619231.002375 500.0
640156.4753500001 3619638.225625 500.0
639866.3560500001 3620045.4488750002 500.0
639576.23675 3620452.672125 500.0
639286.11745 3620859.895375 500.0
638995.99815 3621267.118625 500.0
638705.87885 3621674.341875 500.0
638415.7595500001 3622081.565125 500.0
638125.64025 3622488.788375 500.0
637835.52095 3622896.0116250003 500.0
637545.40165 3623303.234875 500.0
637255.28235 3623710.458125 500.0
636965.1630500001 3624117.681375 500.0
636675.0437500001 3624524.904625 500.0
636384.92445 3624932.1278750002 500.0
643810.9223 3613646.980825 500.0
643520.803 3614054.2040750002 500.0
643230.6836999999 3614461.427325 500.0
642940.5644 3614868.6505750003 500.0
642650.4451 3615275.873825 500.0
642360.3258 3615683.097075 500.0
642070.2065 3616090.320325 500.0
641780.0872 3616497.543575 500.0
641489.9679 3616904.7668250003 500.0
641199.8486 3617311.990075 500.0
640909.7293 3617719.2133250004 500.0
640619.61 3618126.436575 500.0
640329.4907 3618533.659825 500.0
640039.3714 3618940.8830750003 500.0
639749.2521 3619348.106325 500.0
639459.1328 3619755.3295750003 500.0
639169.0135 3620162.552825 500.0
638878.8942 3620569.776075 500.0
638588.7749 3620976.999325 500.0
638298.6555999999 3621384.222575 500.0
638008.5363 3621791.4458250003 500.0
637718.417 3622198.669075 500.0
637428.2977 3622605.8923250004 500.0
637138.1784 3623013.115575 500.0
636848.0591 3623420.338825 500.0
636557.9398 3623827.5620750003 500.0
636267.8205 3624234.785325 500.0
635977.7012 3624642.0085750003 500.0
643403.6990499999 3613356.8615249996 500.0
643113.5797499999 3613764.084775 500.0
642823.4604499999 3614171.3080249997 500.0
642533.34115 3614578.531275 500.0
642243.22185 3614985.7545249998 500.0
641953.10255 3615392.9777749996 500.0
641662.9832499999 3615800.201025 500.0
641372.8639499999 3616207.4242749996 500.0
641082.74465 3616614.647525 500.0
640792.62535 3617021.8707749997 500.0
640502.50605 3617429.094025 500.0
640212.38675 3617836.317275 500.0
639922.2674499999 3618243.5405249996 500.0
639632.1481499999 3618650.763775 500.0
639342.02885 3619057.9870249997 500.0
639051.90955 3619465.210275 500.0
638761.79025 3619872.433525 500.0
638471.6709499999 3620279.6567749996 500.0
638181.5516499999 3620686.880025 500.0
637891.4323499999 3621094.1032749997 500.0
637601.31305 3621501.326525 500.0
637311.19375 3621908.5497749997 500.0
637021.07445 3622315.773025 500.0
636730.9551499999 3622722.996275 500.0
636440.8358499999 3623130.2195249996 500.0
636150.71655 3623537.442775 500.0
635860.59725 3623944.6660249997 500.0
635570.47795 3624351.889275 500.0
642996.4758 3613066.7422249997 500.0
642706.3565 3613473.965475 500.0
642416.2372 3613881.188725 500.0
642126.1179000001 3614288.411975 500.0
641835.9986 3614695.635225 500.0
641545.8793 3615102.8584749997 500.0
641255.76 3615510.081725 500.0
640965.6407 3615917.3049749997 500.0
640675.5214000001 3616324.528225 500.0
640385.4021000001 3616731.751475 500.0
640095.2828 3617138.974725 500.0
639805.1635 3617546.197975 500.0
639515.0442 3617953.4212249997 500.0
639224.9249 3618360.644475 500.0
638934.8056000001 3618767.867725 500.0
638644.6863000001 3619175.090975 500.0
638354.567 3619582.314225 500.0
638064.4477 3619989.5374749997 500.0
637774.3284 3620396.760725 500.0
637484.2091 3620803.9839749997 500.0
637194.0898000001 3621211.207225 500.0
636903.9705 3621618.430475 500.0
636613.8512 3622025.653725 500.0
636323.7319 3622432.876975 500.0
636033.6126 3622840.1002249997 500.0
635743.4933000001 3623247.323475 500.0
635453.3740000001 3623654.546725 500.0
635163.2547 3624061.769975 500.0
642589.25255 3612776.622925 500.0
642299.13325 3613183.846175 500.0
642009.0139499999 3613591.069425 500.0
641718.89465 3613998.292675 500.0
641428.77535 3614405.515925 500.0
641138.65605 3614812.7391749998 500.0
640848.53675 3615219.962425 500.0
640558.41745 3615627.185675 500.0
640268.29815 3616034.408925 500.0
639978.17885 3616441.632175 500.0
639688.05955 3616848.855425 500.0
639397.94025 3617256.078675 500.0
639107.82095 3617663.301925 500.0
638817.70165 3618070.525175 500.0
638527.58235 3618477.748425 500.0
638237.46305 3618884.971675 500.0
637947.34375 3619292.194925 500.0
637657.22445 3619699.4181749998 500.0
637367.10515 3620106.641425 500.0
637076.9858499999 3620513.864675 500.0
636786.86655 3620921.087925 500.0
636496.74725 3621328.311175 500.0
636206.62795 3621735.534425 500.0
635916.50865 3622142.757675 500.0
635626.38935 3622549.980925 500.0
635336.27005 3622957.204175 500.0
635046.15075 3623364.427425 500.0
634756.03145 3623771.650675 500.0
642182.0292999999 3612486.503625 500.0
641891.9099999999 3612893.726875 500.0
641601.7906999999 3613300.950125 500.0
641311.6714 3613708.1733750002 500.0
641021.5521 3614115.396625 500.0
640731.4328 3614522.619875 500.0
640441.3134999999 3614929.843125 500.0
640151.1941999999 3615337.066375 500.0
639861.0749 3615744.289625 500.0
639570.9556 3616151.512875 500.0
639280.8363 3616558.7361250003 500.0
638990.717 3616965.959375 500.0
638700.5976999999 3617373.182625 500.0
638410.4783999999 3617780.405875 500.0
638120.3591 3618187.629125 500.0
637830.2398 3618594.8523750002 500.0
637540.1205 3619002.075625 500.0
637250.0011999999 3619409.298875 500.0
636959.8818999999 3619816.522125 500.0
636669.7625999999 3620223.745375 500.0
636379.6433 3620630.968625 500.0
636089.524 3621038.191875 500.0
635799.4047 3621445.4151250003 500.0
635509.2853999999 3621852.638375 500.0
635219.1660999999 3622259.861625 500.0
634929.0468 3622667.084875 500.0
634638.9275 3623074.308125 500.0
634348.8082 3623481.5313750003 500.0
641774.80605 3612196.384325 500.0
641484.68675 3612603.6075750003 500.0
641194.56745 3613010.830825 500.0
640904.4481500001 3613418.0540750003 500.0
640614.32885 3613825.277325 500.0
640324.20955 3614232.500575 500.0
640034.09025 3614639.723825 500.0
639743.97095 3615046.947075 500.0
639453.8516500001 3615454.1703250003 500.0
639163.7323500001 3615861.393575 500.0
638873.61305 3616268.6168250004 500.0
638583.49375 3616675.840075 500.0
638293.37445 3617083.063325 500.0
638003.25515 3617490.2865750003 500.0
637713.1358500001 3617897.509825 500.0
637423.0165500001 3618304.7330750003 500.0
637132.89725 3618711.956325 500.0
636842.77795 3619119.179575 500.0
636552.65865 3619526.402825 500.0
636262.53935 3619933.626075 500.0
635972.4200500001 3620340.8493250003 500.0
635682.30075 3620748.072575 500.0
635392.18145 3621155.2958250004 500.0
635102.06215 3621562.519075 500.0
634811.94285 3621969.742325 500.0
634521.8235500001 3622376.9655750003 500.0
634231.7042500001 3622784.188825 500.0
633941.58495 3623191.4120750003 500.0
641367.5828 3611906.2650249996 500.0
641077.4635 3612313.488275 500.0
640787.3441999999 3612720.7115249997 500.0
640497.2249 3613127.934775 500.0
640207.1056 3613535.158025 500.0
639916.9863 3613942.3812749996 500.0
639626.867 3614349.604525 500.0
639336.7477 3614756.8277749997 500.0
639046.6284 3615164.051025 500.0
638756.5091 3615571.2742749997 500.0
638466.3898 3615978.497525 500.0
638176.2705 3616385.720775 500.0
637886.1512 3616792.9440249996 500.0
637596.0319 3617200.167275 500.0
637305.9126 3617607.3905249997 500.0
637015.7933 3618014.613775 500.0
636725.674 3618421.837025 500.0
636435.5547 3618829.0602749996 500.0
636145.4354 3619236.283525 500.0
635855.3160999999 3619643.5067749997 500.0
635565.1968 3620050.730025 500.0
635275.0775 3620457.9532749997 500.0
634984.9582 3620865.176525 500.0
634694.8389 3621272.399775 500.0
634404.7196 3621679.6230249996 500.0
634114.6003 3622086.846275 500.0
633824.481 3622494.0695249997 500.0
633534.3617 3622901.292775 500.0
652362.61055 3619739.486125 1000.0
652072.49125 3620146.709375 1000.0
651782.37195 3620553.932625 1000.0
651492.25265 3620961.155875 1000.0
651202.13335 3621368.379125 1000.0
650912.01405 3621775.602375 1000.0
650621.89475 3622182.825625 1000.0
650331.77545 3622590.048875 1000.0
650041.65615 3622997.272125 1000.0
649751.53685 3623404.495375 1000.0
649461.41755 3623811.718625 1000.0
649171.29825 3624218.941875 1000.0
648881.17895 3624626.165125 1000.0
648591.05965 3625033.388375 1000.0
648300.94035 3625440.611625 1000.0
648010.82105 3625847.834875 1000.0
647720.70175 3626255.058125 1000.0
647430.58245 3626662.281375 1000.0
647140.46315 3627069.504625 1000.0
646850.34385 3627476.727875 1000.0
646560.22455 3627883.951125 1000.0
646270.10525 3628291.174375 1000.0
645979.98595 3628698.397625 1000.0
645689.86665 3629105.620875 1000.0
645399.74735 3629512.844125 1000.0
645109.62805 3629920.067375 1000.0
644819.50875 3630327.290625 1000.0
644529.38945 3630734.513875 1000.0
651955.3873 3619449.366825 1000.0
651665.2679999999 3619856.590075 1000.0
651375.1486999999 3620263.813325 1000.0
651085.0294 3620671.0365750003 1000.0
650794.9101 3621078.259825 1000.0
650504.7908 3621485.483075 1000.0
650214.6714999999 3621892.706325 1000.0
649924.5521999999 3622299.929575 1000.0
649634.4329 3622707.152825 1000.0
649344.3136 3623114.376075 1000.0
649054.1943 3623521.5993250003 1000.0
648764.075 3623928.822575 1000.0
648473.9556999999 3624336.045825 1000.0
648183.8363999999 3624743.269075 1000.0
647893.7171 3625150.492325 1000.0
647603.5978 3625557.7155750003 1000.0
647313.4785 3625964.938825 1000.0
647023.3592 3626372.162075 1000.0
646733.2398999999 3626779.385325 1000.0
646443.1205999999 3627186.608575 1000.0
646153.0013 3627593.8318250002 1000.0
645862.882 3628001.055075 1000.0
645572.7627 3628408.2783250003 1000.0
645282.6434 3628815.501575 1000.0
644992.5240999999 3629222.724825 1000.0
644702.4048 3629629.948075 1000.0
644412.2855 3630037.171325 1000.0
644122.1662 3630444.3945750003 1000.0
651548.16405 3619159.247525 1000.0
651258.04475 3619566.4707750003 1000.0
650967.92545 3619973.694025 1000.0
650677.8061500001 3620380.9172750004 1000.0
650387.68685 3620788.140525 1000.0
650097.56755 3621195.363775 1000.0
649807.44825 3621602.5870250002 1000.0
649517.32895 3622009.810275 1000.0
649227.2096500001 3622417.0335250003 1000.0
648937.0903500001 3622824.256775 1000.0
648646.97105 3623231.4800250004 1000.0
648356.85175 3623638.703275 1000.0
648066.73245 3624045.926525 1000.0
647776.61315 3624453.1497750003 1000.0
647486.4938500001 3624860.373025 1000.0
647196.3745500001 3625267.5962750004 1000.0
646906.25525 3625674.819525 1000.0
646616.13595 3626082.042775 1000.0
646326.01665 3626489.2660250003 1000.0
646035.89735 3626896.489275 1000.0
645745.7780500001 3627303.7125250003 1000.0
645455.6587500001 3627710.935775 1000.0
645165.53945 3628118.1590250004 1000.0
644875.42015 3628525.382275 1000.0
644585.30085 3628932.605525 1000.0
644295.1815500001 3629339.8287750003 1000.0
644005.0622500001 3629747.052025 1000.0
643714.94295 3630154.2752750004 1000.0
651140.9408 3618869.1282249996 1000.0
650850.8215 3619276.351475 1000.0
650560.7021999999 3619683.5747249997 1000.0
650270.5829 3620090.797975 1000.0
649980.4636 3620498.021225 1000.0
649690.3443 3620905.2444749996 1000.0
649400.225 3621312.467725 1000.0
649110.1057 3621719.6909749997 1000.0
648819.9864 3622126.914225 1000.0
648529.8671 3622534.1374749998 1000.0
648239.7478 3622941.360725 1000.0
647949.6285 3623348.583975 1000.0
647659.5092 3623755.8072249996 1000.0
647369.3899 3624163.030475 1000.0
647079.2706 3624570.2537249997 1000.0
646789.1513 3624977.476975 1000.0
646499.032 3625384.700225 1000.0
646208.9127 3625791.9234749996 1000.0
645918.7934 3626199.146725 1000.0
645628.6741 3626606.3699749997 1000.0
645338.5548 3627013.593225 1000.0
645048.4355 3627420.8164749998 1000.0
644758.3162 3627828.039725 1000.0
644468.1969 3628235.262975 1000.0
644178.0776 3628642.4862249997 1000.0
643887.9583 3629049.709475 1000.0
643597.839 3629456.9327249997 1000.0
643307.7197 3629864.155975 1000.0
650733.71755 3618579.0089249997 1000.0
650443.5982499999 3618986.232175 1000.0
650153.4789499999 3619393.455425 1000.0
649863.35965 3619800.678675 1000.0
649573.24035 3620207.901925 1000.0
649283.12105 3620615.1251749997 1000.0
648993.0017499999 3621022.348425 1000.0
648702.8824499999 3621429.571675 1000.0
648412.76315 3621836.794925 1000.0
648122.64385 3622244.018175 1000.0
647832.52455 3622651.241425 1000.0
647542.40525 3623058.464675 1000.0
647252.2859499999 3623465.6879249997 1000.0
646962.1666499999 3623872.911175 1000.0
646672.04735 3624280.134425 1000.0
646381.92805 3624687.357675 1000.0
646091.80875 3625094.580925 1000.0
645801.68945 3625501.8041749997 1000.0
645511.5701499999 3625909.027425 1000.0
645221.4508499999 3626316.250675 1000.0
644931.33155 3626723.473925 1000.0
644641.21225 3627130.697175 1000.0
644351.09295 3627537.920425 1000.0
644060.9736499999 3627945.143675 1000.0
643770.8543499999 3628352.3669249997 1000.0
643480.73505 3628759.590175 1000.0
643190.61575 3629166.813425 1000.0
642900.49645 3629574.036675 1000.0
650326.4943 3618288.889625 1000.0
650036.375 3618696.112875 1000.0
649746.2557 3619103.336125 1000.0
649456.1364000001 3619510.559375 1000.0
649166.0171 3619917.782625 1000.0
648875.8978 3620325.005875 1000.0
648585.7785 3620732.229125 1000.0
648295.6592 3621139.452375 1000.0
648005.5399000001 3621546.675625 1000.0
647715.4206000001 3621953.898875 1000.0
647425.3013 3622361.122125 1000.0
647135.182 3622768.345375 1000.0
646845.0627 3623175.568625 1000.0
646554.9434 3623582.791875 1000.0
646264.8241000001 3623990.015125 1000.0
645974.7048000001 3624397.238375 1000.0
645684.5855 3624804.461625 1000.0
645394.4662 3625211.684875 1000.0
645104.3469 3625618.908125 1000.0
644814.2276 3626026.131375 1000.0
644524.1083000001 3626433.354625 1000.0
644233.9890000001 3626840.577875 1000.0
643943.8697 3627247.801125 1000.0
643653.7504 3627655.024375 1000.0
643363.6311 3628062.247625 1000.0
643073.5118000001 3628469.470875 1000.0
642783.3925000001 3628876.694125 1000.0
642493.2732 3629283.917375 1000.0
649919.27105 3617998.770325 1000.0
649629.15175 3618405.993575 1000.0
649339.0324499999 3618813.216825 1000.0
649048.91315 3619220.4400750003 1000.0
648758.79385 3619627.663325 1000.0
648468.67455 3620034.886575 1000.0
648178.55525 3620442.109825 1000.0
647888.43595 3620849.333075 1000.0
647598.31665 3621256.5563250002 1000.0
647308.19735 3621663.779575 1000.0
647018.07805 3622071.0028250003 1000.0
646727.95875 3622478.226075 1000.0
646437.83945 3622885.449325 1000.0
646147.72015 3623292.672575 1000.0
645857.60085 3623699.895825 1000.0
645567.48155 3624107.1190750003 1000.0
645277.36225 3624514.342325 1000.0
644987.24295 3624921.565575 1000.0
644697.12365 3625328.788825 1000.0
644407.00435 3625736.012075 1000.0
644116.88505 3626143.2353250002 1000.0
643826.76575 3626550.458575 1000.0
643536.64645 3626957.6818250003 1000.0
643246.52715 3627364.905075 1000.0
642956.40785 3627772.128325 1000.0
642666.28855 3628179.351575 1000.0
642376.16925 3628586.574825 1000.0
642086.04995 3628993.7980750003 1000.0
649512.0478 3617708.651025 1000.0
649221.9284999999 3618115.8742750003 1000.0
648931.8091999999 3618523.097525 1000.0
648641.6899 3618930.3207750004 1000.0
648351.5706 3619337.544025 1000.0
648061.4513 3619744.767275 1000.0
647771.3319999999 3620151.9905250003 1000.0
647481.2126999999 3620559.213775 1000.0
647191.0934 3620966.4370250003 1000.0
646900.9741 3621373.660275 1000.0
646610.8548 3621780.8835250004 1000.0
646320.7355 3622188.106775 1000.0
646030.6161999999 3622595.330025 1000.0
645740.4968999999 3623002.5532750003 1000.0
645450.3776 3623409.776525 1000.0
645160.2583 3623816.9997750004 1000.0
644870.139 3624224.223025 1000.0
644580.0197 3624631.446275 1000.0
644289.9003999999 3625038.6695250003 1000.0
643999.7810999999 3625445.892775 1000.0
643709.6618 3625853.1160250003 1000.0
643419.5425 3626260.339275 1000.0
643129.4232 3626667.5625250004 1000.0
642839.3038999999 3627074.785775 1000.0
642549.1845999999 3627482.009025 1000.0
642259.0653 3627889.2322750003 1000.0
641968.946 3628296.455525 1000.0
641678.8267 3628703.6787750004 1000.0
649104.82455 3617418.5317249997 1000.0
648814.70525 3617825.754975 1000.0
648524.58595 3618232.9782249997 1000.0
648234.4666500001 3618640.201475 1000.0
647944.34735 3619047.424725 1000.0
647654.22805 3619454.6479749996 1000.0
647364.10875 3619861.871225 1000.0
647073.98945 3620269.0944749997 1000.0
646783.8701500001 3620676.317725 1000.0
646493.7508500001 3621083.540975 1000.0
646203.63155 3621490.764225 1000.0
645913.51225 3621897.987475 1000.0
645623.39295 3622305.2107249997 1000.0
645333.27365 3622712.433975 1000.0
645043.1543500001 3623119.6572249997 1000.0
644753.0350500001 3623526.880475 1000.0
644462.91575 3623934.103725 1000.0
644172.79645 3624341.3269749996 1000.0
643882.67715 3624748.550225 1000.0
643592.55785 3625155.7734749997 1000.0
643302.4385500001 3625562.996725 1000.0
643012.3192500001 3625970.219975 1000.0
642722.19995 3626377.443225 1000.0
642432.08065 3626784.666475 1000.0
642141.96135 3627191.8897249997 1000.0
641851.8420500001 3627599.112975 1000.0
641561.7227500001 3628006.3362249997 1000.0
641271.60345 3628413.559475 1000.0
648697.6013 3617128.4124249998 1000.0
648407.482 3617535.635675 1000.0
648117.3626999999 3617942.858925 1000.0
647827.2434 3618350.082175 1000.0
647537.1241 3618757.305425 1000.0
647247.0048 3619164.5286749997 1000.0
646956.8855 3619571.751925 1000.0
646666.7662 3619978.975175 1000.0
646376.6469 3620386.198425 1000.0
646086.5276 3620793.421675 1000.0
645796.4083 3621200.644925 1000.0
645506.289 3621607.868175 1000.0
645216.1697 3622015.0914249998 1000.0
644926.0504 3622422.314675 1000.0
644635.9311 3622829.537925 1000.0
644345.8118 3623236.761175 1000.0
644055.6925 3623643.984425 1000.0
643765.5732 3624051.2076749997 1000.0
643475.4539 3624458.430925 1000.0
643185.3346 3624865.654175 1000.0
642895.2153 3625272.877425 1000.0
642605.096 3625680.100675 1000.0
642314.9767 3626087.323925 1000.0
642024.8574 3626494.547175 1000.0
641734.7381 3626901.7704249998 1000.0
641444.6188 3627308.993675 1000.0
641154.4995 3627716.216925 1000.0
640864.3802 3628123.440175 1000.0
648290.3780499999 3616838.293125 1000.0
648000.2587499999 3617245.516375 1000.0
647710.1394499999 3617652.739625 1000.0
647420.02015 3618059.962875 1000.0
647129.90085 3618467.186125 1000.0
646839.78155 3618874.409375 1000.0
646549.6622499999 3619281.632625 1000.0
646259.5429499999 3619688.855875 1000.0
645969.42365 3620096.079125 1000.0
645679.30435 3620503.302375 1000.0
645389.18505 3620910.5256250002 1000.0
645099.06575 3621317.748875 1000.0
644808.9464499999 3621724.972125 1000.0
644518.8271499999 3622132.195375 1000.0
644228.70785 3622539.418625 1000.0
643938.58855 3622946.641875 1000.0
643648.46925 3623353.865125 1000.0
643358.34995 3623761.088375 1000.0
643068.2306499999 3624168.311625 1000.0
642778.1113499999 3624575.534875 1000.0
642487.99205 3624982.758125 1000.0
642197.87275 3625389.981375 1000.0
641907.75345 3625797.2046250002 1000.0
641617.6341499999 3626204.427875 1000.0
641327.5148499999 3626611.651125 1000.0
641037.39555 3627018.874375 1000.0
640747.27625 3627426.097625 1000.0
640457.15695 3627833.320875 1000.0
647883.1548 3616548.173825 1000.0
647593.0355 3616955.397075 1000.0
647302.9162 3617362.620325 1000.0
647012.7969000001 3617769.8435750003 1000.0
646722.6776 3618177.066825 1000.0
646432.5583 3618584.290075 1000.0
646142.439 3618991.513325 1000.0
645852.3197 3619398.736575 1000.0
645562.2004000001 3619805.9598250003 1000.0
645272.0811000001 3620213.183075 1000.0
644981.9618 3620620.4063250003 1000.0
644691.8425 3621027.629575 1000.0
644401.7232 3621434.852825 1000.0
644111.6039 3621842.076075 1000.0
643821.4846000001 3622249.299325 1000.0
643531.3653000001 3622656.5225750003 1000.0
643241.246 3623063.745825 1000.0
642951.1267 3623470.969075 1000.0
642661.0074 3623878.192325 1000.0
642370.8881 3624285.415575 1000.0
642080.7688000001 3624692.6388250003 1000.0
641790.6495 3625099.862075 1000.0
641500.5302 3625507.0853250003 1000.0
641210.4109 3625914.308575 1000.0
640920.2916 3626321.531825 1000.0
640630.1723000001 3626728.755075 1000.0
640340.0530000001 3627135.978325 1000.0
640049.9337 3627543.2015750003 1000.0
647475.93155 3616258.054525 1000.0
647185.81225 3616665.2777750003 1000.0
646895.6929499999 3617072.501025 1000.0
646605.57365 3617479.7242750004 1000.0
646315.45435 3617886.947525 1000.0
646025.33505 3618294.170775 1000.0
645735.21575 3618701.3940250003 1000.0
645445.09645 3619108.617275 1000.0
645154.97715 3619515.8405250004 1000.0
644864.85785 3619923.063775 1000.0
644574.73855 3620330.2870250004 1000.0
644284.61925 3620737.5102750002 1000.0
643994.49995 3621144.733525 1000.0
643704.38065 3621551.9567750003 1000.0
643414.26135 3621959.180025 1000.0
643124.14205 3622366.4032750004 1000.0
642834.02275 3622773.626525 1000.0
642543.90345 3623180.849775 1000.0
642253.78415 3623588.0730250003 1000.0
641963.66485 3623995.296275 1000.0
641673.54555 3624402.5195250004 1000.0
641383.42625 3624809.742775 1000.0
641093.30695 3625216.9660250004 1000.0
640803.18765 3625624.1892750002 1000.0
640513.06835 3626031.412525 1000.0
640222.94905 3626438.6357750003 1000.0
639932.82975 3626845.859025 1000.0
639642.71045 3627253.0822750004 1000.0
647068.7082999999 3615967.9352249997 1000.0
646778.5889999999 3616375.158475 1000.0
646488.4696999999 3616782.3817249998 1000.0
646198.3504 3617189.604975 1000.0
645908.2311 3617596.828225 1000.0
645618.1118 3618004.0514749996 1000.0
645327.9924999999 3618411.274725 1000.0
645037.8731999999 3618818.4979749997 1000.0
644747.7539 3619225.721225 1000.0
644457.6346 3619632.944475 1000.0
644167.5153 3620040.167725 1000.0
643877.396 3620447.390975 1000.0
643587.2766999999 3620854.6142249997 1000.0
643297.1573999999 3621261.837475 1000.0
643007.0381 3621669.0607249998 1000.0
642716.9188 3622076.283975 1000.0
642426.7995 3622483.507225 1000.0
642136.6802 3622890.7304749996 1000.0
641846.5608999999 3623297.953725 1000.0
641556.4415999999 3623705.1769749997 1000.0
641266.3223 3624112.400225 1000.0
640976.203 3624519.623475 1000.0
640686.0837 3624926.846725 1000.0
640395.9643999999 3625334.069975 1000.0
640105.8450999999 3625741.2932249997 1000.0
639815.7258 3626148.516475 1000.0
639525.6065 3626555.7397249998 1000.0
639235.4872 3626962.962975 1000.0
646661.48505 3615677.815925 1000.0
646371.36575 3616085.039175 1000.0
646081.24645 3616492.262425 1000.0
645791.1271500001 3616899.485675 1000.0
645501.00785 3617306.708925 1000.0
645210.88855 3617713.9321749997 1000.0
644920.76925 3618121.155425 1000.0
644630.64995 3618528.378675 1000.0
644340.5306500001 3618935.601925 1000.0
644050.4113500001 3619342.825175 1000.0
643760.29205 3619750.048425 1000.0
643470.17275 3620157.271675 1000.0
643180.05345 3620564.494925 1000.0
642889.93415 3620971.718175 1000.0
642599.8148500001 3621378.941425 1000.0
642309.6955500001 3621786.164675 1000.0
642019.57625 3622193.387925 1000.0
641729.45695 3622600.6111749997 1000.0
641439.33765 3623007.834425 1000.0
641149.21835 3623415.057675 1000.0
640859.0990500001 3623822.280925 1000.0
640568.97975 3624229.504175 1000.0
640278.86045 3624636.727425 1000.0
639988.74115 3625043.950675 1000.0
639698.62185 3625451.173925 1000.0
639408.5025500001 3625858.397175 1000.0
639118.3832500001 3626265.620425 1000.0
638828.26395 3626672.843675 1000.0
646254.2618 3615387.696625 1000.0
645964.1425 3615794.919875 1000.0
645674.0231999999 3616202.143125 1000.0
645383.9039 3616609.366375 1000.0
645093.7846 3617016.589625 1000.0
644803.6653 3617423.812875 1000.0
644513.546 3617831.036125 1000.0
644223.4267 3618238.259375 1000.0
643933.3074 3618645.482625 1000.0
643643.1881 3619052.705875 1000.0
643353.0688 3619459.9291250003 1000.0
643062.9495 3619867.152375 1000.0
642772.8302 3620274.375625 1000.0
642482.7109 3620681.598875 1000.0
642192.5916 3621088.822125 1000.0
641902.4723 3621496.045375 1000.0
641612.353 3621903.268625 1000.0
641322.2337 3622310.491875 1000.0
641032.1144 3622717.715125 1000.0
640741.9951 3623124.938375 1000.0
640451.8758 3623532.161625 1000.0
640161.7565 3623939.384875 1000.0
639871.6372 3624346.6081250003 1000.0
639581.5179 3624753.831375 1000.0
639291.3986 3625161.054625 1000.0
639001.2793 3625568.277875 1000.0
638711.16 3625975.501125 1000.0
638421.0407 3626382.724375 1000.0
645847.0385499999 3615097.577325 1000.0
645556.9192499999 3615504.8005750002 1000.0
645266.7999499999 3615912.023825 1000.0
644976.68065 3616319.2470750003 1000.0
644686.56135 3616726.470325 1000.0
644396.44205 3617133.693575 1000.0
644106.3227499999 3617540.916825 1000.0
643816.2034499999 3617948.140075 1000.0
643526.08415 3618355.3633250003 1000.0
643235.96485 3618762.586575 1000.0
642945.84555 3619169.8098250004 1000.0
642655.72625 3619577.033075 1000.0
642365.6069499999 3619984.256325 1000.0
642075.4876499999 3620391.4795750002 1000.0
641785.36835 3620798.702825 1000.0
641495.24905 3621205.9260750003 1000.0
641205.12975 3621613.149325 1000.0
640915.01045 3622020.372575 1000.0
640624.8911499999 3622427.595825 1000.0
640334.7718499999 3622834.819075 1000.0
640044.65255 3623242.0423250003 1000.0
639754.53325 3623649.265575 1000.0
639464.41395 3624056.4888250004 1000.0
639174.2946499999 3624463.712075 1000.0
638884.1753499999 3624870.935325 1000.0
638594.05605 3625278.1585750002 1000.0
638303.93675 3625685.381825 1000.0
638013.81745 3626092.6050750003 1000.0
645439.8153 3614807.4580249996 1000.0
645149.696 3615214.681275 1000.0
644859.5767 3615621.9045249997 1000.0
644569.4574000001 3616029.127775 1000.0
644279.3381 3616436.3510249997 1000.0
643989.2188 3616843.5742749996 1000.0
643699.0995 3617250.797525 1000.0
643408.9802 3617658.0207749996 1000.0
643118.8609000001 3618065.244025 1000.0
642828.7416000001 3618472.4672749997 1000.0
642538.6223 3618879.690525 1000.0
642248.503 3619286.913775 1000.0
641958.3837 3619694.1370249996 1000.0
641668.2644 3620101.360275 1000.0
641378.1451000001 3620508.5835249997 1000.0
641088.0258000001 3620915.806775 1000.0
640797.9065 3621323.0300249998 1000.0
640507.7872 3621730.2532749996 1000.0
640217.6679 3622137.476525 1000.0
639927.5486 3622544.6997749996 1000.0
639637.4293000001 3622951.923025 1000.0
639347.31 3623359.1462749997 1000.0
639057.1907 3623766.369525 1000.0
638767.0714 3624173.592775 1000.0
638476.9521 3624580.8160249996 1000.0
638186.8328000001 3624988.039275 1000.0
637896.7135000001 3625395.2625249997 1000.0
637606.5942 3625802.485775 1000.0
645032.59205 3614517.3387249997 1000.0
644742.47275 3614924.561975 1000.0
644452.3534499999 3615331.7852249998 1000.0
644162.23415 3615739.008475 1000.0
643872.11485 3616146.231725 1000.0
643581.99555 3616553.4549749997 1000.0
643291.87625 3616960.678225 1000.0
643001.75695 3617367.9014749997 1000.0
642711.63765 3617775.124725 1000.0
642421.51835 3618182.347975 1000.0
642131.39905 3618589.571225 1000.0
641841.27975 3618996.794475 1000.0
641551.16045 3619404.0177249997 1000.0
641261.04115 3619811.240975 1000.0
640970.92185 3620218.464225 1000.0
640680.80255 3620625.687475 1000.0
640390.68325 3621032.910725 1000.0
640100.56395 3621440.1339749997 1000.0
639810.44465 3621847.357225 1000.0
639520.3253499999 3622254.5804749997 1000.0
639230.20605 3622661.803725 1000.0
638940.08675 3623069.026975 1000.0
638649.96745 3623476.250225 1000.0
638359.84815 3623883.473475 1000.0
638069.72885 3624290.6967249997 1000.0
637779.60955 3624697.919975 1000.0
637489.49025 3625105.143225 1000.0
637199.37095 3625512.366475 1000.0
644625.3687999999 3614227.219425 1000.0
644335.2494999999 3614634.442675 1000.0
644045.1301999999 3615041.665925 1000.0
643755.0109 3615448.889175 1000.0
643464.8916 3615856.112425 1000.0
643174.7723 3616263.3356749997 1000.0
642884.6529999999 3616670.558925 1000.0
642594.5336999999 3617077.782175 1000.0
642304.4144 3617485.005425 1000.0
642014.2951 3617892.228675 1000.0
641724.1758 3618299.451925 1000.0
641434.0565 3618706.675175 1000.0
641143.9371999999 3619113.898425 1000.0
640853.8178999999 3619521.121675 1000.0
640563.6986 3619928.344925 1000.0
640273.5793 3620335.568175 1000.0
639983.46 3620742.791425 1000.0
639693.3407 3621150.0146749998 1000.0
639403.2213999999 3621557.237925 1000.0
639113.1020999999 3621964.461175 1000.0
638822.9828 3622371.684425 1000.0
638532.8635 3622778.907675 1000.0
638242.7442 3623186.130925 1000.0
637952.6248999999 3623593.354175 1000.0
637662.5055999999 3624000.577425 1000.0
637372.3863 3624407.800675 1000.0
637082.267 3624815.023925 1000.0
636792.1477 3625222.247175 1000.0
644218.14555 3613937.100125 1000.0
643928.02625 3614344.323375 1000.0
643637.90695 3614751.546625 1000.0
643347.7876500001 3615158.769875 1000.0
643057.66835 3615565.993125 1000.0
642767.54905 3615973.216375 1000.0
642477.42975 3616380.439625 1000.0
642187.31045 3616787.662875 1000.0
641897.1911500001 3617194.886125 1000.0
641607.0718500001 3617602.109375 1000.0
641316.95255 3618009.3326250003 1000.0
641026.83325 3618416.555875 1000.0
640736.71395 3618823.779125 1000.0
640446.59465 3619231.002375 1000.0
640156.4753500001 3619638.225625 1000.0
639866.3560500001 3620045.4488750002 1000.0
639576.23675 3620452.672125 1000.0
639286.11745 3620859.895375 1000.0
638995.99815 3621267.118625 1000.0
638705.87885 3621674.341875 1000.0
638415.7595500001 3622081.565125 1000.0
638125.64025 3622488.788375 1000.0
637835.52095 3622896.0116250003 1000.0
637545.40165 3623303.234875 1000.0
637255.28235 3623710.458125 1000.0
636965.1630500001 3624117.681375 1000.0
636675.0437500001 3624524.904625 1000.0
636384.92445 3624932.1278750002 1000.0
643810.9223 3613646.980825 1000.0
643520.803 3614054.2040750002 1000.0
643230.6836999999 3614461.427325 1000.0
642940.5644 3614868.6505750003 1000.0
642650.4451 3615275.873825 1000.0
642360.3258 3615683.097075 1000.0
642070.2065 3616090.320325 1000.0
641780.0872 3616497.543575 1000.0
641489.9679 3616904.7668250003 1000.0
641199.8486 3617311.990075 1000.0
640909.7293 3617719.2133250004 1000.0
640619.61 3618126.436575 1000.0
640329.4907 3618533.659825 1000.0
640039.3714 3618940.8830750003 1000.0
639749.2521 3619348.106325 1000.0
639459.1328 3619755.3295750003 1000.0
639169.0135 3620162.552825 1000.0
638878.8942 3620569.776075 1000.0
638588.7749 3620976.999325 1000.0
638298.6555999999 3621384.222575 1000.0
638008.5363 3621791.4458250003 1000.0
637718.417 3622198.669075 1000.0
637428.2977 3622605.8923250004 1000.0
637138.1784 3623013.115575 1000.0
636848.0591 3623420.338825 1000.0
636557.9398 3623827.5620750003 1000.0
636267.8205 3624234.785325 1000.0
635977.7012 3624642.0085750003 1000.0
643403.6990499999 3613356.8615249996 1000.0
643113.5797499999 3613764.084775 1000.0
642823.4604499999 3614171.3080249997 1000.0
642533.34115 3614578.531275 1000.0
642243.22185 3614985.7545249998 1000.0
641953.10255 3615392.9777749996 1000.0
641662.9832499999 3615800.201025 1000.0
641372.8639499999 3616207.4242749996 1000.0
641082.74465 3616614.647525 1000.0
640792.62535 3617021.8707749997 1000.0
640502.50605 3617429.094025 1000.0
640212.38675 3617836.317275 1000.0
639922.2674499999 3618243.5405249996 1000.0
639632.1481499999 3618650.763775 1000.0
639342.02885 3619057.9870249997 1000.0
639051.90955 3619465.210275 1000.0
638761.79025 3619872.433525 1000.0
638471.6709499999 3620279.6567749996 1000.0
638181.5516499999 3620686.880025 1000.0
637891.4323499999 3621094.1032749997 1000.0
637601.31305 3621501.326525 1000.0
637311.19375 3621908.5497749997 1000.0
637021.07445 3622315.773025 1000.0
636730.9551499999 3622722.996275 1000.0
636440.8358499999 3623130.2195249996 1000.0
636150.71655 3623537.442775 1000.0
635860.59725 3623944.6660249997 1000.0
635570.47795 3624351.889275 1000.0
642996.4758 3613066.7422249997 1000.0
642706.3565 3613473.965475 1000.0
642416.2372 3613881.188725 1000.0
642126.1179000001 3614288.411975 1000.0
641835.9986 3614695.635225 1000.0
641545.8793 3615102.8584749997 1000.0
641255.76 3615510.081725 1000.0
640965.6407 3615917.3049749997 1000.0
640675.5214000001 3616324.528225 1000.0
640385.4021000001 3616731.751475 1000.0
640095.2828 3617138.974725 1000.0
639805.1635 3617546.197975 1000.0
639515.0442 3617953.4212249997 1000.0
639224.9249 3618360.644475 1000.0
638934.8056000001 3618767.867725 1000.0
638644.6863000001 3619175.090975 1000.0
638354.567 3619582.314225 1000.0
638064.4477 3619989.5374749997 1000.0
637774.3284 3620396.760725 1000.0
637484.2091 3620803.9839749997 1000.0
637194.0898000001 3621211.207225 1000.0
636903.9705 3621618.430475 1000.0
636613.8512 3622025.653725 1000.0
636323.7319 3622432.876975 1000.0
636033.6126 3622840.1002249997 1000.0
635743.4933000001 3623247.323475 1000.0
635453.3740000001 3623654.546725 1000.0
635163.2547 3624061.769975 1000.0
642589.25255 3612776.622925 1000.0
642299.13325 3613183.846175 1000.0
642009.0139499999 3613591.069425 1000.0
641718.89465 3613998.292675 1000.0
641428.77535 3614405.515925 1000.0
641138.65605 3614812.7391749998 1000.0
640848.53675 3615219.962425 1000.0
640558.41745 3615627.185675 1000.0
640268.29815 3616034.408925 1000.0
639978.17885 3616441.632175 1000.0
639688.05955 3616848.855425 1000.0
639397.94025 3617256.078675 1000.0
639107.82095 3617663.301925 1000.0
638817.70165 3618070.525175 1000.0
638527.58235 3618477.748425 1000.0
638237.46305 3618884.971675 1000.0
637947.34375 3619292.194925 1000.0
637657.22445 3619699.4181749998 1000.0
637367.10515 3620106.641425 1000.0
637076.9858499999 3620513.864675 1000.0
636786.86655 3620921.087925 1000.0
636496.74725 3621328.311175 1000.0
636206.62795 3621735.534425 1000.0
635916.50865 3622142.757675 1000.0
635626.38935 3622549.980925 1000.0
635336.27005 3622957.204175 1000.0
635046.15075 3623364.427425 1000.0
634756.03145 3623771.650675 1000.0
642182.0292999999 3612486.503625 1000.0
641891.9099999999 3612893.726875 1000.0
641601.7906999999 3613300.950125 1000.0
641311.6714 3613708.1733750002 1000.0
641021.5521 3614115.396625 1000.0
640731.4328 3614522.619875 1000.0
640441.3134999999 3614929.843125 1000.0
640151.1941999999 3615337.066375 1000.0
639861.0749 3615744.289625 1000.0
639570.9556 3616151.512875 1000.0
639280.8363 3616558.7361250003 1000.0
638990.717 3616965.959375 1000.0
638700.5976999999 3617373.182625 1000.0
638410.4783999999 3617780.405875 1000.0
638120.3591 3618187.629125 1000.0
637830.2398 3618594.8523750002 1000.0
637540.1205 3619002.075625 1000.0
637250.0011999999 3619409.298875 1000.0
636959.8818999999 3619816.522125 1000.0
636669.7625999999 3620223.745375 1000.0
636379.6433 3620630.968625 1000.0
636089.524 3621038.191875 1000.0
635799.4047 3621445.4151250003 1000.0
635509.2853999999 3621852.638375 1000.0
635219.1660999999 3622259.861625 1000.0
634929.0468 3622667.084875 1000.0
634638.9275 3623074.308125 1000.0
634348.8082 3623481.5313750003 1000.0
641774.80605 3612196.384325 1000.0
641484.68675 3612603.6075750003 1000.0
641194.56745 3613010.830825 1000.0
640904.4481500001 3613418.0540750003 1000.0
640614.32885 3613825.277325 1000.0
640324.20955 3614232.500575 1000.0
640034.09025 3614639.723825 1000.0
639743.97095 3615046.947075 1000.0
639453.8516500001 3615454.1703250003 1000.0
639163.7323500001 3615861.393575 1000.0
638873.61305 3616268.6168250004 1000.0
638583.49375 3616675.840075 1000.0
638293.37445 3617083.063325 1000.0
638003.25515 3617490.2865750003 1000.0
637713.1358500001 3617897.509825 1000.0
637423.0165500001 3618304.7330750003 1000.0
637132.89725 3618711.956325 1000.0
636842.77795 3619119.179575 1000.0
636552.65865 3619526.402825 1000.0
636262.53935 3619933.626075 1000.0
635972.4200500001 3620340.8493250003 1000.0
635682.30075 3620748.072575 1000.0
635392.18145 3621155.2958250004 1000.0
635102.06215 3621562.519075 1000.0
634811.94285 3621969.742325 1000.0
634521.8235500001 3622376.9655750003 1000.0
634231.7042500001 3622784.188825 1000.0
633941.58495 3623191.4120750003 1000.0
641367.5828 3611906.2650249996 1000.0
641077.4635 3612313.488275 1000.0
640787.3441999999 3612720.7115249997 1000.0
640497.2249 3613127.934775 1000.0
640207.1056 3613535.158025 1000.0
639916.9863 3613942.3812749996 1000.0
639626.867 3614349.604525 1000.0
639336.7477 3614756.8277749997 1000.0
639046.6284 3615164.051025 1000.0
638756.5091 3615571.2742749997 1000.0
638466.3898 3615978.497525 1000.0
638176.2705 3616385.720775 1000.0
637886.1512 3616792.9440249996 1000.0
637596.0319 3617200.167275 1000.0
637305.9126 3617607.3905249997 1000.0
637015.7933 3618014.613775 1000.0
636725.674 3618421.837025 1000.0
636435.5547 3618829.0602749996 1000.0
636145.4354 3619236.283525 1000.0
635855.3160999999 3619643.5067749997 1000.0
635565.1968 3620050.730025 1000.0
635275.0775 3620457.9532749997 1000.0
634984.9582 3620865.176525 1000.0
634694.8389 3621272.399775 1000.0
634404.7196 3621679.6230249996 1000.0
634114.6003 3622086.846275 1000.0
633824.481 3622494.0695249997 1000.0
633534.3617 3622901.292775 1000.0
652362.61055 3619739.486125 1500.0
652072.49125 3620146.709375 1500.0
651782.37195 3620553.932625 1500.0
651492.25265 3620961.155875 1500.0
651202.13335 3621368.379125 1500.0
650912.01405 3621775.602375 1500.0
650621.89475 3622182.825625 1500.0
650331.77545 3622590.048875 1500.0
650041.65615 3622997.272125 1500.0
649751.53685 3623404.495375 1500.0
649461.41755 3623811.718625 1500.0
649171.29825 3624218.941875 1500.0
648881.17895 3624626.165125 1500.0
648591.05965 3625033.388375 1500.0
648300.94035 3625440.611625 1500.0
648010.82105 3625847.834875 1500.0
647720.70175 3626255.058125 1500.0
647430.58245 3626662.281375 1500.0
647140.46315 3627069.504625 1500.0
646850.34385 3627476.727875 1500.0
646560.22455 3627883.951125 1500.0
646270.10525 3628291.174375 1500.0
645979.98595 3628698.397625 1500.0
645689.86665 3629105.620875 1500.0
645399.74735 3629512.844125 1500.0
645109.62805 3629920.067375 1500.0
644819.50875 3630327.290625 1500.0
644529.38945 3630734.513875 1500.0
651955.3873 3619449.366825 1500.0
651665.2679999999 3619856.590075 1500.0
651375.1486999999 3620263.813325 1500.0
651085.0294 3620671.0365750003 1500.0
650794.9101 3621078.259825 1500.0
650504.7908 3621485.483075 1500.0
650214.6714999999 3621892.706325 1500.0
649924.5521999999 3622299.929575 1500.0
649634.4329 3622707.152825 1500.0
649344.3136 3623114.376075 1500.0
649054.1943 3623521.5993250003 1500.0
648764.075 3623928.822575 1500.0
648473.9556999999 3624336.045825 1500.0
648183.8363999999 3624743.269075 1500.0
647893.7171 3625150.492325 1500.0
647603.5978 3625557.7155750003 1500.0
647313.4785 3625964.938825 1500.0
647023.3592 3626372.162075 1500.0
646733.2398999999 3626779.385325 1500.0
646443.1205999999 3627186.608575 1500.0
646153.0013 3627593.8318250002 1500.0
645862.882 3628001.055075 1500.0
645572.7627 3628408.2783250003 1500.0
645282.6434 3628815.501575 1500.0
644992.5240999999 3629222.724825 1500.0
644702.4048 3629629.948075 1500.0
644412.2855 3630037.171325 1500.0
644122.1662 3630444.3945750003 1500.0
651548.16405 3619159.247525 1500.0
651258.04475 3619566.4707750003 1500.0
650967.92545 3619973.694025 1500.0
650677.8061500001 3620380.9172750004 1500.0
650387.68685 3620788.140525 1500.0
650097.56755 3621195.363775 1500.0
649807.44825 3621602.5870250002 1500.0
649517.32895 3622009.810275 1500.0
649227.2096500001 3622417.0335250003 1500.0
648937.0903500001 3622824.256775 1500.0
648646.97105 3623231.4800250004 1500.0
648356.85175 3623638.703275 1500.0
648066.73245 3624045.926525 1500.0
647776.61315 3624453.1497750003 1500.0
647486.4938500001 3624860.373025 1500.0
647196.3745500001 3625267.5962750004 1500.0
646906.25525 3625674.819525 1500.0
646616.13595 3626082.042775 1500.0
646326.01665 3626489.2660250003 1500.0
646035.89735 3626896.489275 1500.0
645745.7780500001 3627303.7125250003 1500.0
645455.6587500001 3627710.935775 1500.0
645165.53945 3628118.1590250004 1500.0
644875.42015 3628525.382275 1500.0
644585.30085 3628932.605525 1500.0
644295.1815500001 3629339.8287750003 1500.0
644005.0622500001 3629747.052025 1500.0
643714.94295 3630154.2752750004 1500.0
651140.9408 3618869.1282249996 1500.0
650850.8215 3619276.351475 1500.0
650560.7021999999 3619683.5747249997 1500.0
650270.5829 3620090.797975 1500.0
649980.4636 3620498.021225 1500.0
649690.3443 3620905.2444749996 1500.0
649400.225 3621312.467725 1500.0
649110.1057 3621719.6909749997 1500.0
648819.9864 3622126.914225 1500.0
648529.8671 3622534.1374749998 1500.0
648239.7478 3622941.360725 1500.0
647949.6285 3623348.583975 1500.0
647659.5092 3623755.8072249996 1500.0
647369.3899 3624163.030475 1500.0
647079.2706 3624570.2537249997 1500.0
646789.1513 3624977.476975 1500.0
646499.032 3625384.700225 1500.0
646208.9127 3625791.9234749996 1500.0
645918.7934 3626199.146725 1500.0
645628.6741 3626606.3699749997 1500.0
645338.5548 3627013.593225 1500.0
645048.4355 3627420.8164749998 1500.0
644758.3162 3627828.039725 1500.0
644468.1969 3628235.262975 1500.0
644178.0776 3628642.4862249997 1500.0
643887.9583 3629049.709475 1500.0
643597.839 3629456.9327249997 1500.0
643307.7197 3629864.155975 1500.0
650733.71755 3618579.0089249997 1500.0
650443.5982499999 3618986.232175 1500.0
650153.4789499999 3619393.455425 1500.0
649863.35965 3619800.678675 1500.0
649573.24035 3620207.901925 1500.0
649283.12105 3620615.1251749997 1500.0
648993.0017499999 3621022.348425 1500.0
648702.8824499999 3621429.571675 1500.0
648412.76315 3621836.794925 1500.0
648122.64385 3622244.018175 1500.0
647832.52455 3622651.241425 1500.0
647542.40525 3623058.464675 1500.0
647252.2859499999 3623465.6879249997 1500.0
646962.1666499999 3623872.911175 1500.0
646672.04735 3624280.134425 1500.0
646381.92805 3624687.357675 1500.0
646091.80875 3625094.580925 1500.0
645801.68945 3625501.8041749997 1500.0
645511.5701499999 3625909.027425 1500.0
645221.4508499999 3626316.250675 1500.0
644931.33155 3626723.473925 1500.0
644641.21225 3627130.697175 1500.0
644351.09295 3627537.920425 1500.0
644060.9736499999 3627945.143675 1500.0
643770.8543499999 3628352.3669249997 1500.0
643480.73505 3628759.590175 1500.0
643190.61575 3629166.813425 1500.0
642900.49645 3629574.036675 1500.0
650326.4943 3618288.889625 1500.0
650036.375 3618696.112875 1500.0
649746.2557 3619103.336125 1500.0
649456.1364000001 3619510.559375 1500.0
649166.0171 3619917.782625 1500.0
648875.8978 3620325.005875 1500.0
648585.7785 3620732.229125 1500.0
648295.6592 3621139.452375 1500.0
648005.5399000001 3621546.675625 1500.0
647715.4206000001 3621953.898875 1500.0
647425.3013 3622361.122125 1500.0
647135.182 3622768.345375 1500.0
646845.0627 3623175.568625 1500.0
646554.9434 3623582.791875 1500.0
646264.8241000001 3623990.015125 1500.0
645974.7048000001 3624397.238375 1500.0
645684.5855 3624804.461625 1500.0
645394.4662 3625211.684875 1500.0
645104.3469 3625618.908125 1500.0
644814.2276 3626026.131375 1500.0
644524.1083000001 3626433.354625 1500.0
644233.9890000001 3626840.577875 1500.0
643943.8697 3627247.801125 1500.0
643653.7504 3627655.024375 1500.0
643363.6311 3628062.247625 1500.0
643073.5118000001 3628469.470875 1500.0
642783.3925000001 3628876.694125 1500.0
642493.2732 3629283.917375 1500.0
649919.27105 3617998.770325 1500.0
649629.15175 3618405.993575 1500.0
649339.0324499999 3618813.216825 1500.0
649048.91315 3619220.4400750003 1500.0
648758.79385 3619627.663325 1500.0
648468.67455 3620034.886575 1500.0
648178.55525 3620442.109825 1500.0
647888.43595 3620849.333075 1500.0
647598.31665 3621256.5563250002 1500.0
647308.19735 3621663.779575 1500.0
647018.07805 3622071.0028250003 1500.0
646727.95875 3622478.226075 1500.0
646437.83945 3622885.449325 1500.0
646147.72015 3623292.672575 1500.0
645857.60085 3623699.895825 1500.0
645567.48155 3624107.1190750003 1500.0
645277.36225 3624514.342325 1500.0
644987.24295 3624921.565575 1500.0
644697.12365 3625328.788825 1500.0
644407.00435 3625736.012075 1500.0
644116.88505 3626143.2353250002 1500.0
643826.76575 3626550.458575 1500.0
643536.64645 3626957.6818250003 1500.0
643246.52715 3627364.905075 1500.0
642956.40785 3627772.128325 1500.0
642666.28855 3628179.351575 1500.0
642376.16925 3628586.574825 1500.0
642086.04995 3628993.7980750003 1500.0
649512.0478 3617708.651025 1500.0
649221.9284999999 3618115.8742750003 1500.0
648931.8091999999 3618523.097525 1500.0
648641.6899 3618930.3207750004 1500.0
648351.5706 3619337.544025 1500.0
648061.4513 3619744.767275 1500.0
647771.3319999999 3620151.9905250003 1500.0
647481.2126999999 3620559.213775 1500.0
647191.0934 3620966.4370250003 1500.0
646900.9741 3621373.660275 1500.0
646610.8548 3621780.8835250004 1500.0
646320.7355 3622188.106775 1500.0
646030.6161999999 3622595.330025 1500.0
645740.4968999999 3623002.5532750003 1500.0
645450.3776 3623409.776525 1500.0
645160.2583 3623816.9997750004 1500.0
644870.139 3624224.223025 1500.0
644580.0197 3624631.446275 1500.0
644289.9003999999 3625038.6695250003 1500.0
643999.7810999999 3625445.892775 1500.0
643709.6618 3625853.1160250003 1500.0
643419.5425 3626260.339275 1500.0
643129.4232 3626667.5625250004 1500.0
642839.3038999999 3627074.785775 1500.0
642549.1845999999 3627482.009025 1500.0
642259.0653 3627889.2322750003 1500.0
641968.946 3628296.455525 1500.0
641678.8267 3628703.6787750004 1500.0
649104.82455 3617418.5317249997 1500.0
648814.70525 3617825.754975 1500.0
648524.58595 3618232.9782249997 1500.0
648234.4666500001 3618640.201475 1500.0
647944.34735 3619047.424725 1500.0
647654.22805 3619454.6479749996 1500.0
647364.10875 3619861.871225 1500.0
647073.98945 3620269.0944749997 1500.0
646783.8701500001 3620676.317725 1500.0
646493.7508500001 3621083.540975 1500.0
646203.63155 3621490.764225 1500.0
645913.51225 3621897.987475 1500.0
645623.39295 3622305.2107249997 1500.0
645333.27365 3622712.433975 1500.0
645043.1543500001 3623119.6572249997 1500.0
644753.0350500001 3623526.880475 1500.0
644462.91575 3623934.103725 1500.0
644172.79645 3624341.3269749996 1500.0
643882.67715 3624748.550225 1500.0
643592.55785 3625155.7734749997 1500.0
643302.4385500001 3625562.996725 1500.0
643012.3192500001 3625970.219975 1500.0
642722.19995 3626377.443225 1500.0
642432.08065 3626784.666475 1500.0
642141.96135 3627191.8897249997 1500.0
641851.8420500001 3627599.112975 1500.0
641561.7227500001 3628006.3362249997 1500.0
641271.60345 3628413.559475 1500.0
648697.6013 3617128.4124249998 1500.0
648407.482 3617535.635675 1500.0
648117.3626999999 3617942.858925 1500.0
647827.2434 3618350.082175 1500.0
647537.1241 3618757.305425 1500.0
647247.0048 3619164.5286749997 1500.0
646956.8855 3619571.751925 1500.0
646666.7662 3619978.975175 1500.0
646376.6469 3620386.198425 1500.0
646086.5276 3620793.421675 1500.0
645796.4083 3621200.644925 1500.0
645506.289 3621607.868175 1500.0
645216.1697 3622015.0914249998 1500.0
644926.0504 3622422.314675 1500.0
644635.9311 3622829.537925 1500.0
644345.8118 3623236.761175 1500.0
644055.6925 3623643.984425 1500.0
643765.5732 3624051.2076749997 1500.0
643475.4539 3624458.430925 1500.0
643185.3346 3624865.654175 1500.0
642895.2153 3625272.877425 1500.0
642605.096 3625680.100675 1500.0
642314.9767 3626087.323925 1500.0
642024.8574 3626494.547175 1500.0
641734.7381 3626901.7704249998 1500.0
641444.6188 3627308.993675 1500.0
641154.4995 3627716.216925 1500.0
640864.3802 3628123.440175 1500.0
648290.3780499999 3616838.293125 1500.0
648000.2587499999 3617245.516375 1500.0
647710.1394499999 3617652.739625 1500.0
647420.02015 3618059.962875 1500.0
647129.90085 3618467.186125 1500.0
646839.78155 3618874.409375 1500.0
646549.6622499999 3619281.632625 1500.0
646259.5429499999 3619688.855875 1500.0
645969.42365 3620096.079125 1500.0
645679.30435 3620503.302375 1500.0
645389.18505 3620910.5256250002 1500.0
645099.06575 3621317.748875 1500.0
644808.9464499999 3621724.972125 1500.0
644518.8271499999 3622132.195375 1500.0
644228.70785 3622539.418625 1500.0
643938.58855 3622946.641875 1500.0
643648.46925 3623353.865125 1500.0
643358.34995 3623761.088375 1500.0
643068.2306499999 3624168.311625 1500.0
642778.1113499999 3624575.534875 1500.0
642487.99205 3624982.758125 1500.0
642197.87275 3625389.981375 1500.0
641907.75345 3625797.2046250002 1500.0
641617.6341499999 3626204.427875 1500.0
641327.5148499999 3626611.651125 1500.0
641037.39555 3627018.874375 1500.0
640747.27625 3627426.097625 1500.0
640457.15695 3627833.320875 1500.0
647883.1548 3616548.173825 1500.0
647593.0355 3616955.397075 1500.0
647302.9162 3617362.620325 1500.0
647012.7969000001 3617769.8435750003 1500.0
646722.6776 3618177.066825 1500.0
646432.5583 3618584.290075 1500.0
646142.439 3618991.513325 1500.0
645852.3197 3619398.736575 1500.0
645562.2004000001 3619805.9598250003 1500.0
645272.0811000001 3620213.183075 1500.0
644981.9618 3620620.4063250003 1500.0
644691.8425 3621027.629575 1500.0
644401.7232 3621434.852825 1500.0
644111.6039 3621842.076075 1500.0
643821.4846000001 3622249.299325 1500.0
643531.3653000001 3622656.5225750003 1500.0
643241.246 3623063.745825 1500.0
642951.1267 3623470.969075 1500.0
642661.0074 3623878.192325 1500.0
642370.8881 3624285.415575 1500.0
642080.7688000001 3624692.6388250003 1500.0
641790.6495 3625099.862075 1500.0
641500.5302 3625507.0853250003 1500.0
641210.4109 3625914.308575 1500.0
640920.2916 3626321.531825 1500.0
640630.1723000001 3626728.755075 1500.0
640340.0530000001 3627135.978325 1500.0
640049.9337 3627543.2015750003 1500.0
647475.93155 3616258.054525 1500.0
647185.81225 3616665.2777750003 1500.0
646895.6929499999 3617072.501025 1500.0
646605.57365 3617479.7242750004 1500.0
646315.45435 3617886.947525 1500.0
646025.33505 3618294.170775 1500.0
645735.21575 3618701.3940250003 1500.0
645445.09645 3619108.617275 1500.0
645154.97715 3619515.8405250004 1500.0
644864.85785 3619923.063775 1500.0
644574.73855 3620330.2870250004 1500.0
644284.61925 3620737.5102750002 1500.0
643994.49995 3621144.733525 1500.0
643704.38065 3621551.9567750003 1500.0
643414.26135 3621959.180025 1500.0
643124.14205 3622366.4032750004 1500.0
642834.02275 3622773.626525 1500.0
642543.90345 3623180.849775 1500.0
642253.78415 3623588.0730250003 1500.0
641963.66485 3623995.296275 1500.0
641673.54555 3624402.5195250004 1500.0
641383.42625 3624809.742775 1500.0
641093.30695 3625216.9660250004 1500.0
640803.18765 3625624.1892750002 1500.0
640513.06835 3626031.412525 1500.0
640222.94905 3626438.6357750003 1500.0
639932.82975 3626845.859025 1500.0
639642.71045 3627253.0822750004 1500.0
647068.7082999999 3615967.9352249997 1500.0
646778.5889999999 3616375.158475 1500.0
646488.4696999999 3616782.3817249998 1500.0
646198.3504 3617189.604975 1500.0
645908.2311 3617596.828225 1500.0
645618.1118 3618004.0514749996 1500.0
645327.9924999999 3618411.274725 1500.0
645037.8731999999 3618818.4979749997 1500.0
644747.7539 3619225.721225 1500.0
644457.6346 3619632.944475 1500.0
644167.5153 3620040.167725 1500.0
643877.396 3620447.390975 1500.0
643587.2766999999 3620854.6142249997 1500.0
643297.1573999999 3621261.837475 1500.0
643007.0381 3621669.0607249998 1500.0
642716.9188 3622076.283975 1500.0
642426.7995 3622483.507225 1500.0
642136.6802 3622890.7304749996 1500.0
641846.5608999999 3623297.953725 1500.0
641556.4415999999 3623705.1769749997 1500.0
641266.3223 3624112.400225 1500.0
640976.203 3624519.623475 1500.0
640686.0837 3624926.846725 1500.0
640395.9643999999 3625334.069975 1500.0
640105.8450999999 3625741.2932249997 1500.0
639815.7258 3626148.516475 1500.0
639525.6065 3626555.7397249998 1500.0
639235.4872 3626962.962975 1500.0
646661.48505 3615677.815925 1500.0
646371.36575 3616085.039175 1500.0
646081.24645 3616492.262425 1500.0
645791.1271500001 3616899.485675 1500.0
645501.00785 3617306.708925 1500.0
645210.88855 3617713.9321749997 1500.0
644920.76925 3618121.155425 1500.0
644630.64995 3618528.378675 1500.0
644340.5306500001 3618935.601925 1500.0
644050.4113500001 3619342.825175 1500.0
643760.29205 3619750.048425 1500.0
643470.17275 3620157.271675 1500.0
643180.05345 3620564.494925 1500.0
642889.93415 3620971.718175 1500.0
642599.8148500001 3621378.941425 1500.0
642309.6955500001 3621786.164675 1500.0
642019.57625 3622193.387925 1500.0
641729.45695 3622600.6111749997 1500.0
641439.33765 3623007.834425 1500.0
641149.21835 3623415.057675 1500.0
640859.0990500001 3623822.280925 1500.0
640568.97975 3624229.504175 1500.0
640278.86045 3624636.727425 1500.0
639988.74115 3625043.950675 1500.0
639698.62185 3625451.173925 1500.0
639408.5025500001 3625858.397175 1500.0
639118.3832500001 3626265.620425 1500.0
638828.26395 3626672.843675 1500.0
646254.2618 3615387.696625 1500.0
645964.1425 3615794.919875 1500.0
645674.0231999999 3616202.143125 1500.0
645383.9039 3616609.366375 1500.0
645093.7846 3617016.589625 1500.0
644803.6653 3617423.812875 1500.0
644513.546 3617831.036125 1500.0
644223.4267 3618238.259375 1500.0
643933.3074 3618645.482625 1500.0
643643.1881 3619052.705875 1500.0
643353.0688 3619459.9291250003 1500.0
643062.9495 3619867.152375 1500.0
642772.8302 3620274.375625 1500.0
642482.7109 3620681.598875 1500.0
642192.5916 3621088.822125 1500.0
641902.4723 3621496.045375 1500.0
641612.353 3621903.268625 1500.0
641322.2337 3622310.491875 1500.0
641032.1144 3622717.715125 1500.0
640741.9951 3623124.938375 1500.0
640451.8758 3623532.161625 1500.0
640161.7565 3623939.384875 1500.0
639871.6372 3624346.6081250003 1500.0
639581.5179 3624753.831375 1500.0
639291.3986 3625161.054625 1500.0
639001.2793 3625568.277875 1500.0
638711.16 3625975.501125 1500.0
638421.0407 3626382.724375 1500.0
645847.0385499999 3615097.577325 1500.0
645556.9192499999 3615504.8005750002 1500.0
645266.7999499999 3615912.023825 1500.0
644976.68065 3616319.2470750003 1500.0
644686.56135 3616726.470325 1500.0
644396.44205 3617133.693575 1500.0
644106.3227499999 3617540.916825 1500.0
643816.2034499999 3617948.140075 1500.0
643526.08415 3618355.3633250003 1500.0
643235.96485 3618762.586575 1500.0
642945.84555 3619169.8098250004 1500.0
642655.72625 3619577.033075 1500.0
642365.6069499999 3619984.256325 1500.0
642075.4876499999 3620391.4795750002 1500.0
641785.36835 3620798.702825 1500.0
641495.24905 3621205.9260750003 1500.0
641205.12975 3621613.149325 1500.0
640915.01045 3622020.372575 1500.0
640624.8911499999 3622427.595825 1500.0
640334.7718499999 3622834.819075 1500.0
640044.65255 3623242.0423250003 1500.0
639754.53325 3623649.265575 1500.0
639464.41395 3624056.4888250004 1500.0
639174.2946499999 3624463.712075 1500.0
638884.1753499999 3624870.935325 1500.0
638594.05605 3625278.1585750002 1500.0
638303.93675 3625685.381825 1500.0
638013.81745 3626092.6050750003 1500.0
645439.8153 3614807.4580249996 1500.0
645149.696 3615214.681275 1500.0
644859.5767 3615621.9045249997 1500.0
644569.4574000001 3616029.127775 1500.0
644279.3381 3616436.3510249997 1500.0
643989.2188 3616843.5742749996 1500.0
643699.0995 3617250.797525 1500.0
643408.9802 3617658.0207749996 1500.0
643118.8609000001 3618065.244025 1500.0
642828.7416000001 3618472.4672749997 1500.0
642538.6223 3618879.690525 1500.0
642248.503 3619286.913775 1500.0
641958.3837 3619694.1370249996 1500.0
641668.2644 3620101.360275 1500.0
641378.1451000001 3620508.5835249997 1500.0
641088.0258000001 3620915.806775 1500.0
640797.9065 3621323.0300249998 1500.0
640507.7872 3621730.2532749996 1500.0
640217.6679 3622137.476525 1500.0
639927.5486 3622544.6997749996 1500.0
639637.4293000001 3622951.923025 1500.0
639347.31 3623359.1462749997 1500.0
639057.1907 3623766.369525 1500.0
638767.0714 3624173.592775 1500.0
638476.9521 3624580.8160249996 1500.0
638186.8328000001 3624988.039275 1500.0
637896.7135000001 3625395.2625249997 1500.0
637606.5942 3625802.485775 1500.0
645032.59205 3614517.3387249997 1500.0
644742.47275 3614924.561975 1500.0
644452.3534499999 3615331.7852249998 1500.0
644162.23415 3615739.008475 1500.0
643872.11485 3616146.231725 1500.0
643581.99555 3616553.4549749997 1500.0
643291.87625 3616960.678225 1500.0
643001.75695 3617367.9014749997 1500.0
642711.63765 3617775.124725 1500.0
642421.51835 3618182.347975 1500.0
642131.39905 3618589.571225 1500.0
641841.27975 3618996.794475 1500.0
641551.16045 3619404.0177249997 1500.0
641261.04115 3619811.240975 1500.0
640970.92185 3620218.464225 1500.0
640680.80255 3620625.687475 1500.0
640390.68325 3621032.910725 1500.0
640100.56395 3621440.1339749997 1500.0
639810.44465 3621847.357225 1500.0
639520.3253499999 3622254.5804749997 1500.0
639230.20605 3622661.803725 1500.0
638940.08675 3623069.026975 1500.0
638649.96745 3623476.250225 1500.0
638359.84815 3623883.473475 1500.0
638069.72885 3624290.6967249997 1500.0
637779.60955 3624697.919975 1500.0
637489.49025 3625105.143225 1500.0
637199.37095 3625512.366475 1500.0
644625.3687999999 3614227.219425 1500.0
644335.2494999999 3614634.442675 1500.0
644045.1301999999 3615041.665925 1500.0
643755.0109 3615448.889175 1500.0
643464.8916 3615856.112425 1500.0
643174.7723 3616263.3356749997 1500.0
642884.6529999999 3616670.558925 1500.0
642594.5336999999 3617077.782175 1500.0
642304.4144 3617485.005425 1500.0
642014.2951 3617892.228675 1500.0
641724.1758 3618299.451925 1500.0
641434.0565 3618706.675175 1500.0
641143.9371999999 3619113.898425 1500.0
640853.8178999999 3619521.121675 1500.0
640563.6986 3619928.344925 1500.0
640273.5793 3620335.568175 1500.0
639983.46 3620742.791425 1500.0
639693.3407 3621150.0146749998 1500.0
639403.2213999999 3621557.237925 1500.0
639113.1020999999 3621964.461175 1500.0
638822.9828 3622371.684425 1500.0
638532.8635 3622778.907675 1500.0
638242.7442 3623186.130925 1500.0
637952.6248999999 3623593.354175 1500.0
637662.5055999999 3624000.577425 1500.0
637372.3863 3624407.800675 1500.0
637082.267 3624815.023925 1500.0
636792.1477 3625222.247175 1500.0
644218.14555 3613937.100125 1500.0
643928.02625 3614344.323375 1500.0
643637.90695 3614751.546625 1500.0
643347.7876500001 3615158.769875 1500.0
643057.66835 3615565.993125 1500.0
642767.54905 3615973.216375 1500.0
642477.42975 3616380.439625 1500.0
642187.31045 3616787.662875 1500.0
641897.1911500001 3617194.886125 1500.0
641607.0718500001 3617602.109375 1500.0
641316.95255 3618009.3326250003 1500.0
641026.83325 3618416.555875 1500.0
640736.71395 3618823.779125 1500.0
640446.59465 3619231.002375 1500.0
640156.4753500001 3619638.225625 1500.0
639866.3560500001 3620045.4488750002 1500.0
639576.23675 3620452.672125 1500.0
639286.11745 3620859.895375 1500.0
638995.99815 3621267.118625 1500.0
638705.87885 3621674.341875 1500.0
638415.7595500001 3622081.565125 1500.0
638125.64025 3622488.788375 1500.0
637835.52095 3622896.0116250003 1500.0
637545.40165 3623303.234875 1500.0
637255.28235 3623710.458125 1500.0
636965.1630500001 3624117.681375 1500.0
636675.0437500001 3624524.904625 1500.0
636384.92445 3624932.1278750002 1500.0
643810.9223 3613646.980825 1500.0
643520.803 3614054.2040750002 1500.0
643230.6836999999 3614461.427325 1500.0
642940.5644 3614868.6505750003 1500.0
642650.4451 3615275.873825 1500.0
642360.3258 3615683.097075 1500.0
642070.2065 3616090.320325 1500.0
641780.0872 3616497.543575 1500.0
641489.9679 3616904.7668250003 1500.0
641199.8486 3617311.990075 1500.0
640909.7293 3617719.2133250004 1500.0
640619.61 3618126.436575 1500.0
640329.4907 3618533.659825 1500.0
640039.3714 3618940.8830750003 1500.0
639749.2521 3619348.106325 1500.0
639459.1328 3619755.3295750003 1500.0
639169.0135 3620162.552825 1500.0
638878.8942 3620569.776075 1500.0
638588.7749 3620976.999325 1500.0
638298.6555999999 3621384.222575 1500.0
638008.5363 3621791.4458250003 1500.0
637718.417 3622198.669075 1500.0
637428.2977 3622605.8923250004 1500.0
637138.1784 3623013.115575 1500.0
636848.0591 3623420.338825 1500.0
636557.9398 3623827.5620750003 1500.0
636267.8205 3624234.785325 1500.0
635977.7012 3624642.0085750003 1500.0
643403.6990499999 3613356.8615249996 1500.0
643113.5797499999 3613764.084775 1500.0
642823.4604499999 3614171.3080249997 1500.0
642533.34115 3614578.531275 1500.0
642243.22185 3614985.7545249998 1500.0
641953.10255 3615392.9777749996 1500.0
641662.9832499999 3615800.201025 1500.0
641372.8639499999 3616207.4242749996 1500.0
641082.74465 3616614.647525 1500.0
640792.62535 3617021.8707749997 1500.0
640502.50605 3617429.094025 1500.0
640212.38675 3617836.317275 1500.0
639922.2674499999 3618243.5405249996 1500.0
639632.1481499999 3618650.763775 1500.0
639342.02885 3619057.9870249997 1500.0
639051.90955 3619465.210275 1500.0
638761.79025 3619872.433525 1500.0
638471.6709499999 3620279.6567749996 1500.0
638181.5516499999 3620686.880025 1500.0
637891.4323499999 3621094.1032749997 1500.0
637601.31305 3621501.326525 1500.0
637311.19375 3621908.5497749997 1500.0
637021.07445 3622315.773025 1500.0
636730.9551499999 3622722.996275 1500.0
636440.8358499999 3623130.2195249996 1500.0
636150.71655 3623537.442775 1500.0
635860.59725 3623944.6660249997 1500.0
635570.47795 3624351.889275 1500.0
642996.4758 3613066.7422249997 1500.0
642706.3565 3613473.965475 1500.0
642416.2372 3613881.188725 1500.0
642126.1179000001 3614288.411975 1500.0
641835.9986 3614695.635225 1500.0
641545.8793 3615102.8584749997 1500.0
641255.76 3615510.081725 1500.0
640965.6407 3615917.3049749997 1500.0
640675.5214000001 3616324.528225 1500.0
640385.4021000001 3616731.751475 1500.0
640095.2828 3617138.974725 1500.0
639805.1635 3617546.197975 1500.0
639515.0442 3617953.4212249997 1500.0
639224.9249 3618360.644475 1500.0
638934.8056000001 3618767.867725 1500.0
638644.6863000001 3619175.090975 1500.0
638354.567 3619582.314225 1500.0
638064.4477 3619989.5374749997 1500.0
637774.3284 3620396.760725 1500.0
637484.2091 3620803.9839749997 1500.0
637194.0898000001 3621211.207225 1500.0
636903.9705 3621618.430475 1500.0
636613.8512 3622025.653725 1500.0
636323.7319 3622432.876975 1500.0
636033.6126 3622840.1002249997 1500.0
635743.4933000001 3623247.323475 1500.0
635453.3740000001 3623654.546725 1500.0
635163.2547 3624061.769975 1500.0
642589.25255 3612776.622925 1500.0
642299.13325 3613183.846175 1500.0
642009.0139499999 3613591.069425 1500.0
641718.89465 3613998.292675 1500.0
641428.77535 3614405.515925 1500.0
641138.65605 3614812.7391749998 1500.0
640848.53675 3615219.962425 1500.0
640558.41745 3615627.185675 1500.0
640268.29815 3616034.408925 1500.0
639978.17885 3616441.632175 1500.0
639688.05955 3616848.855425 1500.0
639397.94025 3617256.078675 1500.0
639107.82095 3617663.301925 1500.0
638817.70165 3618070.525175 1500.0
638527.58235 3618477.748425 1500.0
638237.46305 3618884.971675 1500.0
637947.34375 3619292.194925 1500.0
637657.22445 3619699.4181749998 1500.0
637367.10515 3620106.641425 1500.0
637076.9858499999 3620513.864675 1500.0
636786.86655 3620921.087925 1500.0
636496.74725 3621328.311175 1500.0
636206.62795 3621735.534425 1500.0
635916.50865 3622142.757675 1500.0
635626.38935 3622549.980925 1500.0
635336.27005 3622957.204175 1500.0
635046.15075 3623364.427425 1500.0
634756.03145 3623771.650675 1500.0
642182.0292999999 3612486.503625 1500.0
641891.9099999999 3612893.726875 1500.0
641601.7906999999 3613300.950125 1500.0
641311.6714 3613708.1733750002 1500.0
641021.5521 3614115.396625 1500.0
640731.4328 3614522.619875 1500.0
640441.3134999999 3614929.843125 1500.0
640151.1941999999 3615337.066375 1500.0
639861.0749 3615744.289625 1500.0
639570.9556 3616151.512875 1500.0
639280.8363 3616558.7361250003 1500.0
638990.717 3616965.959375 1500.0
638700.5976999999 3617373.182625 1500.0
638410.4783999999 3617780.405875 1500.0
638120.3591 3618187.629125 1500.0
637830.2398 3618594.8523750002 1500.0
637540.1205 3619002.075625 1500.0
637250.0011999999 3619409.298875 1500.0
636959.8818999999 3619816.522125 1500.0
636669.7625999999 3620223.745375 1500.0
636379.6433 3620630.968625 1500.0
636089.524 3621038.191875 1500.0
635799.4047 3621445.4151250003 1500.0
635509.2853999999 3621852.638375 1500.0
635219.1660999999 3622259.861625 1500.0
634929.0468 3622667.084875 1500.0
634638.9275 3623074.308125 1500.0
634348.8082 3623481.5313750003 1500.0
641774.80605 3612196.384325 1500.0
641484.68675 3612603.6075750003 1500.0
641194.56745 3613010.830825 1500.0
640904.4481500001 3613418.0540750003 1500.0
640614.32885 3613825.277325 1500.0
640324.20955 3614232.500575 1500.0
640034.09025 3614639.723825 1500.0
639743.97095 3615046.947075 1500.0
639453.8516500001 3615454.1703250003 1500.0
639163.7323500001 3615861.393575 1500.0
638873.61305 3616268.6168250004 1500.0
638583.49375 3616675.840075 1500.0
638293.37445 3617083.063325 1500.0
638003.25515 3617490.2865750003 1500.0
637713.1358500001 3617897.509825 1500.0
637423.0165500001 3618304.7330750003 1500.0
637132.89725 3618711.956325 1500.0
636842.77795 3619119.179575 1500.0
636552.65865 3619526.402825 1500.0
636262.53935 3619933.626075 1500.0
635972.4200500001 3620340.8493250003 1500.0
635682.30075 3620748.072575 1500.0
635392.18145 3621155.2958250004 1500.0
635102.06215 3621562.519075 1500.0
634811.94285 3621969.742325 1500.0
634521.8235500001 3622376.9655750003 1500.0
634231.7042500001 3622784.188825 1500.0
633941.58495 3623191.4120750003 1500.0
641367.5828 3611906.2650249996 1500.0
641077.4635 3612313.488275 1500.0
640787.3441999999 3612720.7115249997 1500.0
640497.2249 3613127.934775 1500.0
640207.1056 3613535.158025 1500.0
639916.9863 3613942.3812749996 1500.0
639626.867 3614349.604525 1500.0
639336.7477 3614756.8277749997 1500.0
639046.6284 3615164.051025 1500.0
638756.5091 3615571.2742749997 1500.0
638466.3898 3615978.497525 1500.0
638176.2705 3616385.720775 1500.0
637886.1512 3616792.9440249996 1500.0
637596.0319 3617200.167275 1500.0
637305.9126 3617607.3905249997 1500.0
637015.7933 3618014.613775 1500.0
636725.674 3618421.837025 1500.0
636435.5547 3618829.0602749996 1500.0
636145.4354 3619236.283525 1500.0
635855.3160999999 3619643.5067749997 1500.0
635565.1968 3620050.730025 1500.0
635275.0775 3620457.9532749997 1500.0
634984.9582 3620865.176525 1500.0
634694.8389 3621272.399775 1500.0
634404.7196 3621679.6230249996 1500.0
634114.6003 3622086.846275 1500.0
633824.481 3622494.0695249997 1500.0
633534.3617 3622901.292775 1500.0
652362.61055 3619739.486125 2000.0
652072.49125 3620146.709375 2000.0
651782.37195 3620553.932625 2000.0
651492.25265 3620961.155875 2000.0
651202.13335 3621368.379125 2000.0
650912.01405 3621775.602375 2000.0
650621.89475 3622182.825625 2000.0
650331.77545 3622590.048875 2000.0
650041.65615 3622997.272125 2000.0
649751.53685 3623404.495375 2000.0
649461.41755 3623811.718625 2000.0
649171.29825 3624218.941875 2000.0
648881.17895 3624626.165125 2000.0
648591.05965 3625033.388375 2000.0
648300.94035 3625440.611625 2000.0
648010.82105 3625847.834875 2000.0
647720.70175 3626255.058125 2000.0
647430.58245 3626662.281375 2000.0
647140.46315 3627069.504625 2000.0
646850.34385 3627476.727875 2000.0
646560.22455 3627883.951125 2000.0
646270.10525 3628291.174375 2000.0
645979.98595 3628698.397625 2000.0
645689.86665 3629105.620875 2000.0
645399.74735 3629512.844125 2000.0
645109.62805 3629920.067375 2000.0
644819.50875 3630327.290625 2000.0
644529.38945 3630734.513875 2000.0
651955.3873 3619449.366825 2000.0
651665.2679999999 3619856.590075 2000.0
651375.1486999999 3620263.813325 2000.0
651085.0294 3620671.0365750003 2000.0
650794.9101 3621078.259825 2000.0
650504.7908 3621485.483075 2000.0
650214.6714999999 3621892.706325 2000.0
649924.5521999999 3622299.929575 2000.0
649634.4329 3622707.152825 2000.0
649344.3136 3623114.376075 2000.0
649054.1943 3623521.5993250003 2000.0
648764.075 3623928.822575 2000.0
648473.9556999999 3624336.045825 2000.0
648183.8363999999 3624743.269075 2000.0
647893.7171 3625150.492325 2000.0
647603.5978 3625557.7155750003 2000.0
647313.4785 3625964.938825 2000.0
647023.3592 3626372.162075 2000.0
646733.2398999999 3626779.385325 2000.0
646443.1205999999 3627186.608575 2000.0
646153.0013 3627593.8318250002 2000.0
645862.882 3628001.055075 2000.0
645572.7627 3628408.2783250003 2000.0
645282.6434 3628815.501575 2000.0
644992.5240999999 3629222.724825 2000.0
644702.4048 3629629.948075 2000.0
644412.2855 3630037.171325 2000.0
644122.1662 3630444.3945750003 2000.0
651548.16405 3619159.247525 2000.0
651258.04475 3619566.4707750003 2000.0
650967.92545 3619973.694025 2000.0
650677.8061500001 3620380.9172750004 2000.0
650387.68685 3620788.140525 2000.0
650097.56755 3621195.363775 2000.0
649807.44825 3621602.5870250002 2000.0
649517.32895 3622009.810275 2000.0
649227.2096500001 3622417.0335250003 2000.0
648937.0903500001 3622824.256775 2000.0
648646.97105 3623231.4800250004 2000.0
648356.85175 3623638.703275 2000.0
648066.73245 3624045.926525 2000.0
647776.61315 3624453.1497750003 2000.0
647486.4938500001 3624860.373025 2000.0
647196.3745500001 3625267.5962750004 2000.0
646906.25525 3625674.819525 2000.0
646616.13595 3626082.042775 2000.0
646326.01665 3626489.2660250003 2000.0
646035.89735 3626896.489275 2000.0
645745.7780500001 3627303.7125250003 2000.0
645455.6587500001 3627710.935775 2000.0
645165.53945 3628118.1590250004 2000.0
644875.42015 3628525.382275 2000.0
644585.30085 3628932.605525 2000.0
644295.1815500001 3629339.8287750003 2000.0
644005.0622500001 3629747.052025 2000.0
643714.94295 3630154.2752750004 2000.0
651140.9408 3618869.1282249996 2000.0
650850.8215 3619276.351475 2000.0
650560.7021999999 3619683.5747249997 2000.0
650270.5829 3620090.797975 2000.0
649980.4636 3620498.021225 2000.0
649690.3443 3620905.2444749996 2000.0
649400.225 3621312.467725 2000.0
649110.1057 3621719.6909749997 2000.0
648819.9864 3622126.914225 2000.0
648529.8671 3622534.1374749998 2000.0
648239.7478 3622941.360725 2000.0
647949.6285 3623348.583975 2000.0
647659.5092 3623755.8072249996 2000.0
647369.3899 3624163.030475 2000.0
647079.2706 3624570.2537249997 2000.0
646789.1513 3624977.476975 2000.0
646499.032 3625384.700225 2000.0
646208.9127 3625791.9234749996 2000.0
645918.7934 3626199.146725 2000.0
645628.6741 3626606.3699749997 2000.0
645338.5548 3627013.593225 2000.0
645048.4355 3627420.8164749998 2000.0
644758.3162 3627828.039725 2000.0
644468.1969 3628235.262975 2000.0
644178.0776 3628642.4862249997 2000.0
643887.9583 3629049.709475 2000.0
643597.839 3629456.9327249997 2000.0
643307.7197 3629864.155975 2000.0
650733.71755 3618579.0089249997 2000.0
650443.5982499999 3618986.232175 2000.0
650153.4789499999 3619393.455425 2000.0
649863.35965 3619800.678675 2000.0
649573.24035 3620207.901925 2000.0
649283.12105 3620615.1251749997 2000.0
648993.0017499999 3621022.348425 2000.0
648702.8824499999 3621429.571675 2000.0
648412.76315 3621836.794925 2000.0
648122.64385 3622244.018175 2000.0
647832.52455 3622651.241425 2000.0
647542.40525 3623058.464675 2000.0
647252.2859499999 3623465.6879249997 2000.0
646962.1666499999 3623872.911175 2000.0
646672.04735 3624280.134425 2000.0
646381.92805 3624687.357675 2000.0
646091.80875 3625094.580925 2000.0
645801.68945 3625501.8041749997 2000.0
645511.5701499999 3625909.027425 2000.0
645221.4508499999 3626316.250675 2000.0
644931.33155 3626723.473925 2000.0
644641.21225 3627130.697175 2000.0
644351.09295 3627537.920425 2000.0
644060.9736499999 3627945.143675 2000.0
643770.8543499999 3628352.3669249997 2000.0
643480.73505 3628759.590175 2000.0
643190.61575 3629166.813425 2000.0
642900.49645 3629574.036675 2000.0
650326.4943 3618288.889625 2000.0
650036.375 3618696.112875 2000.0
649746.2557 3619103.336125 2000.0
649456.1364000001 3619510.559375 2000.0
649166.0171 3619917.782625 2000.0
648875.8978 3620325.005875 2000.0
648585.7785 3620732.229125 2000.0
648295.6592 3621139.452375 2000.0
648005.5399000001 3621546.675625 2000.0
647715.4206000001 3621953.898875 2000.0
647425.3013 3622361.122125 2000.0
647135.182 3622768.345375 2000.0
646845.0627 3623175.568625 2000.0
646554.9434 3623582.791875 2000.0
646264.8241000001 3623990.015125 2000.0
645974.7048000001 3624397.238375 2000.0
645684.5855 3624804.461625 2000.0
645394.4662 3625211.684875 2000.0
645104.3469 3625618.908125 2000.0
644814.2276 3626026.131375 2000.0
644524.1083000001 3626433.354625 2000.0
644233.9890000001 3626840.577875 2000.0
643943.8697 3627247.801125 2000.0
643653.7504 3627655.024375 2000.0
643363.6311 3628062.247625 2000.0
643073.5118000001 3628469.470875 2000.0
642783.3925000001 3628876.694125 2000.0
642493.2732 3629283.917375 2000.0
649919.27105 3617998.770325 2000.0
649629.15175 3618405.993575 2000.0
649339.0324499999 3618813.216825 2000.0
649048.91315 3619220.4400750003 2000.0
648758.79385 3619627.663325 2000.0
648468.67455 3620034.886575 2000.0
648178.55525 3620442.109825 2000.0
647888.43595 3620849.333075 2000.0
647598.31665 3621256.5563250002 2000.0
647308.19735 3621663.779575 2000.0
647018.07805 3622071.0028250003 2000.0
646727.95875 3622478.226075 2000.0
646437.83945 3622885.449325 2000.0
646147.72015 3623292.672575 2000.0
645857.60085 3623699.895825 2000.0
645567.48155 3624107.1190750003 2000.0
645277.36225 3624514.342325 2000.0
644987.24295 3624921.565575 2000.0
644697.12365 3625328.788825 2000.0
644407.00435 3625736.012075 2000.0
644116.88505 3626143.2353250002 2000.0
643826.76575 3626550.458575 2000.0
643536.64645 3626957.6818250003 2000.0
643246.52715 3627364.905075 2000.0
642956.40785 3627772.128325 2000.0
642666.28855 3628179.351575 2000.0
642376.16925 3628586.574825 2000.0
642086.04995 3628993.7980750003 2000.0
649512.0478 3617708.651025 2000.0
649221.9284999999 3618115.8742750003 2000.0
648931.8091999999 3618523.097525 2000.0
648641.6899 3618930.3207750004 2000.0
648351.5706 3619337.544025 2000.0
648061.4513 3619744.767275 2000.0
647771.3319999999 3620151.9905250003 2000.0
647481.2126999999 3620559.213775 2000.0
647191.0934 3620966.4370250003 2000.0
646900.9741 3621373.660275 2000.0
646610.8548 3621780.8835250004 2000.0
646320.7355 3622188.106775 2000.0
646030.6161999999 3622595.330025 2000.0
645740.4968999999 3623002.5532750003 2000.0
645450.3776 3623409.776525 2000.0
645160.2583 3623816.9997750004 2000.0
644870.139 3624224.223025 2000.0
644580.0197 3624631.446275 2000.0
644289.9003999999 3625038.6695250003 2000.0
643999.7810999999 3625445.892775 2000.0
643709.6618 3625853.1160250003 2000.0
643419.5425 3626260.339275 2000.0
643129.4232 3626667.5625250004 2000.0
642839.3038999999 3627074.785775 2000.0
642549.1845999999 3627482.009025 2000.0
642259.0653 3627889.2322750003 2000.0
641968.946 3628296.455525 2000.0
641678.8267 3628703.6787750004 2000.0
649104.82455 3617418.5317249997 2000.0
648814.70525 3617825.754975 2000.0
648524.58595 3618232.9782249997 2000.0
648234.4666500001 3618640.201475 2000.0
647944.34735 3619047.424725 2000.0
647654.22805 3619454.6479749996 2000.0
647364.10875 3619861.871225 2000.0
647073.98945 3620269.0944749997 2000.0
646783.8701500001 3620676.317725 2000.0
646493.7508500001 3621083.540975 2000.0
646203.63155 3621490.764225 2000.0
645913.51225 3621897.987475 2000.0
645623.39295 3622305.2107249997 2000.0
645333.27365 3622712.433975 2000.0
645043.1543500001 3623119.6572249997 2000.0
644753.0350500001 3623526.880475 2000.0
644462.91575 3623934.103725 2000.0
644172.79645 3624341.3269749996 2000.0
643882.67715 3624748.550225 2000.0
643592.55785 3625155.7734749997 2000.0
643302.4385500001 3625562.996725 2000.0
643012.3192500001 3625970.219975 2000.0
642722.19995 3626377.443225 2000.0
642432.08065 3626784.666475 2000.0
642141.96135 3627191.8897249997 2000.0
641851.8420500001 3627599.112975 2000.0
641561.7227500001 3628006.3362249997 2000.0
641271.60345 3628413.559475 2000.0
648697.6013 3617128.4124249998 2000.0
648407.482 3617535.635675 2000.0
648117.3626999999 3617942.858925 2000.0
647827.2434 3618350.082175 2000.0
647537.1241 3618757.305425 2000.0
647247.0048 3619164.5286749997 2000.0
646956.8855 3619571.751925 2000.0
646666.7662 3619978.975175 2000.0
646376.6469 3620386.198425 2000.0
646086.5276 3620793.421675 2000.0
645796.4083 3621200.644925 2000.0
645506.289 3621607.868175 2000.0
645216.1697 3622015.0914249998 2000.0
644926.0504 3622422.314675 2000.0
644635.9311 3622829.537925 2000.0
644345.8118 3623236.761175 2000.0
644055.6925 3623643.984425 2000.0
643765.5732 3624051.2076749997 2000.0
643475.4539 3624458.430925 2000.0
643185.3346 3624865.654175 2000.0
642895.2153 3625272.877425 2000.0
642605.096 3625680.100675 2000.0
642314.9767 3626087.323925 2000.0
642024.8574 3626494.547175 2000.0
641734.7381 3626901.7704249998 2000.0
641444.6188 3627308.993675 2000.0
641154.4995 3627716.216925 2000.0
640864.3802 3628123.440175 2000.0
648290.3780499999 3616838.293125 2000.0
648000.2587499999 3617245.516375 2000.0
647710.1394499999 3617652.739625 2000.0
647420.02015 3618059.962875 2000.0
647129.90085 3618467.186125 2000.0
646839.78155 3618874.409375 2000.0
646549.6622499999 3619281.632625 2000.0
646259.5429499999 3619688.855875 2000.0
645969.42365 3620096.079125 2000.0
645679.30435 3620503.302375 2000.0
645389.18505 3620910.5256250002 2000.0
645099.06575 3621317.748875 2000.0
644808.9464499999 3621724.972125 2000.0
644518.8271499999 3622132.195375 2000.0
644228.70785 3622539.418625 2000.0
643938.58855 3622946.641875 2000.0
643648.46925 3623353.865125 2000.0
643358.34995 3623761.088375 2000.0
643068.2306499999 3624168.311625 2000.0
642778.1113499999 3624575.534875 2000.0
642487.99205 3624982.758125 2000.0
642197.87275 3625389.981375 2000.0
641907.75345 3625797.2046250002 2000.0
641617.6341499999 3626204.427875 2000.0
641327.5148499999 3626611.651125 2000.0
641037.39555 3627018.874375 2000.0
640747.27625 3627426.097625 2000.0
640457.15695 3627833.320875 2000.0
647883.1548 3616548.173825 2000.0
647593.0355 3616955.397075 2000.0
647302.9162 3617362.620325 2000.0
647012.7969000001 3617769.8435750003 2000.0
646722.6776 3618177.066825 2000.0
646432.5583 3618584.290075 2000.0
646142.439 3618991.513325 2000.0
645852.3197 3619398.736575 2000.0
645562.2004000001 3619805.9598250003 2000.0
645272.0811000001 3620213.183075 2000.0
644981.9618 3620620.4063250003 2000.0
644691.8425 3621027.629575 2000.0
644401.7232 3621434.852825 2000.0
644111.6039 3621842.076075 2000.0
643821.4846000001 3622249.299325 2000.0
643531.3653000001 3622656.5225750003 2000.0
643241.246 3623063.745825 2000.0
642951.1267 3623470.969075 2000.0
642661.0074 3623878.192325 2000.0
642370.8881 3624285.415575 2000.0
642080.7688000001 3624692.6388250003 2000.0
641790.6495 3625099.862075 2000.0
641500.5302 3625507.0853250003 2000.0
641210.4109 3625914.308575 2000.0
640920.2916 3626321.531825 2000.0
640630.1723000001 3626728.755075 2000.0
640340.0530000001 3627135.978325 2000.0
640049.9337 3627543.2015750003 2000.0
647475.93155 3616258.054525 2000.0
647185.81225 3616665.2777750003 2000.0
646895.6929499999 3617072.501025 2000.0
646605.57365 3617479.7242750004 2000.0
646315.45435 3617886.947525 2000.0
646025.33505 3618294.170775 2000.0
645735.21575 3618701.3940250003 2000.0
645445.09645 3619108.617275 2000.0
645154.97715 3619515.8405250004 2000.0
644864.85785 3619923.063775 2000.0
644574.73855 3620330.2870250004 2000.0
644284.61925 3620737.5102750002 2000.0
643994.49995 3621144.733525 2000.0
643704.38065 3621551.9567750003 2000.0
643414.26135 3621959.180025 2000.0
643124.14205 3622366.4032750004 2000.0
642834.02275 3622773.626525 2000.0
642543.90345 3623180.849775 2000.0
642253.78415 3623588.0730250003 2000.0
641963.66485 3623995.296275 2000.0
641673.54555 3624402.5195250004 2000.0
641383.42625 3624809.742775 2000.0
641093.30695 3625216.9660250004 2000.0
640803.18765 3625624.1892750002 2000.0
640513.06835 3626031.412525 2000.0
640222.94905 3626438.6357750003 2000.0
639932.82975 3626845.859025 2000.0
639642.71045 3627253.0822750004 2000.0
647068.7082999999 3615967.9352249997 2000.0
646778.5889999999 3616375.158475 2000.0
646488.4696999999 3616782.3817249998 2000.0
646198.3504 3617189.604975 2000.0
645908.2311 3617596.828225 2000.0
645618.1118 3618004.0514749996 2000.0
645327.9924999999 3618411.274725 2000.0
645037.8731999999 3618818.4979749997 2000.0
644747.7539 3619225.721225 2000.0
644457.6346 3619632.944475 2000.0
644167.5153 3620040.167725 2000.0
643877.396 3620447.390975 2000.0
643587.2766999999 3620854.6142249997 2000.0
643297.1573999999 3621261.837475 2000.0
643007.0381 3621669.0607249998 2000.0
642716.9188 3622076.283975 2000.0
642426.7995 3622483.507225 2000.0
642136.6802 3622890.7304749996 2000.0
641846.5608999999 3623297.953725 2000.0
641556.4415999999 3623705.1769749997 2000.0
641266.3223 3624112.400225 2000.0
640976.203 3624519.623475 2000.0
640686.0837 3624926.846725 2000.0
640395.9643999999 3625334.069975 2000.0
640105.8450999999 3625741.2932249997 2000.0
639815.7258 3626148.516475 2000.0
639525.6065 3626555.7397249998 2000.0
639235.4872 3626962.962975 2000.0
646661.48505 3615677.815925 2000.0
646371.36575 3616085.039175 2000.0
646081.24645 3616492.262425 2000.0
645791.1271500001 3616899.485675 2000.0
645501.00785 3617306.708925 2000.0
645210.88855 3617713.9321749997 2000.0
644920.76925 3618121.155425 2000.0
644630.64995 3618528.378675 2000.0
644340.5306500001 3618935.601925 2000.0
644050.4113500001 3619342.825175 2000.0
643760.29205 3619750.048425 2000.0
643470.17275 3620157.271675 2000.0
643180.05345 3620564.494925 2000.0
642889.93415 3620971.718175 2000.0
642599.8148500001 3621378.941425 2000.0
642309.6955500001 3621786.164675 2000.0
642019.57625 3622193.387925 2000.0
641729.45695 3622600.6111749997 2000.0
641439.33765 3623007.834425 2000.0
641149.21835 3623415.057675 2000.0
640859.0990500001 3623822.280925 2000.0
640568.97975 3624229.504175 2000.0
640278.86045 3624636.727425 2000.0
639988.74115 3625043.950675 2000.0
639698.62185 3625451.173925 2000.0
639408.5025500001 3625858.397175 2000.0
639118.3832500001 3626265.620425 2000.0
638828.26395 3626672.843675 2000.0
646254.2618 3615387.696625 2000.0
645964.1425 3615794.919875 2000.0
645674.0231999999 3616202.143125 2000.0
645383.9039 3616609.366375 2000.0
645093.7846 3617016.589625 2000.0
644803.6653 3617423.812875 2000.0
644513.546 3617831.036125 2000.0
644223.4267 3618238.259375 2000.0
643933.3074 3618645.482625 2000.0
643643.1881 3619052.705875 2000.0
643353.0688 3619459.9291250003 2000.0
643062.9495 3619867.152375 2000.0
642772.8302 3620274.375625 2000.0
642482.7109 3620681.598875 2000.0
642192.5916 3621088.822125 2000.0
641902.4723 3621496.045375 2000.0
641612.353 3621903.268625 2000.0
641322.2337 3622310.491875 2000.0
641032.1144 3622717.715125 2000.0
640741.9951 3623124.938375 2000.0
640451.8758 3623532.161625 2000.0
640161.7565 3623939.384875 2000.0
639871.6372 3624346.6081250003 2000.0
639581.5179 3624753.831375 2000.0
639291.3986 3625161.054625 2000.0
639001.2793 3625568.277875 2000.0
638711.16 3625975.501125 2000.0
638421.0407 3626382.724375 2000.0
645847.0385499999 3615097.577325 2000.0
645556.9192499999 3615504.8005750002 2000.0
645266.7999499999 3615912.023825 2000.0
644976.68065 3616319.2470750003 2000.0
644686.56135 3616726.470325 2000.0
644396.44205 3617133.693575 2000.0
644106.3227499999 3617540.916825 2000.0
643816.2034499999 3617948.140075 2000.0
643526.08415 3618355.3633250003 2000.0
643235.96485 3618762.586575 2000.0
642945.84555 3619169.8098250004 2000.0
642655.72625 3619577.033075 2000.0
642365.6069499999 3619984.256325 2000.0
642075.4876499999 3620391.4795750002 2000.0
641785.36835 3620798.702825 2000.0
641495.24905 3621205.9260750003 2000.0
641205.12975 3621613.149325 2000.0
640915.01045 3622020.372575 2000.0
640624.8911499999 3622427.595825 2000.0
640334.7718499999 3622834.819075 2000.0
640044.65255 3623242.0423250003 2000.0
639754.53325 3623649.265575 2000.0
639464.41395 3624056.4888250004 2000.0
639174.2946499999 3624463.712075 2000.0
638884.1753499999 3624870.935325 2000.0
638594.05605 3625278.1585750002 2000.0
638303.93675 3625685.381825 2000.0
638013.81745 3626092.6050750003 2000.0
645439.8153 3614807.4580249996 2000.0
645149.696 3615214.681275 2000.0
644859.5767 3615621.9045249997 2000.0
644569.4574000001 3616029.127775 2000.0
644279.3381 3616436.3510249997 2000.0
643989.2188 3616843.5742749996 2000.0
643699.0995 3617250.797525 2000.0
643408.9802 3617658.0207749996 2000.0
643118.8609000001 3618065.244025 2000.0
642828.7416000001 3618472.4672749997 2000.0
642538.6223 3618879.690525 2000.0
642248.503 3619286.913775 2000.0
641958.3837 3619694.1370249996 2000.0
641668.2644 3620101.360275 2000.0
641378.1451000001 3620508.5835249997 2000.0
641088.0258000001 3620915.806775 2000.0
640797.9065 3621323.0300249998 2000.0
640507.7872 3621730.2532749996 2000.0
640217.6679 3622137.476525 2000.0
639927.5486 3622544.6997749996 2000.0
639637.4293000001 3622951.923025 2000.0
639347.31 3623359.1462749997 2000.0
639057.1907 3623766.369525 2000.0
638767.0714 3624173.592775 2000.0
638476.9521 3624580.8160249996 2000.0
638186.8328000001 3624988.039275 2000.0
637896.7135000001 3625395.2625249997 2000.0
637606.5942 3625802.485775 2000.0
645032.59205 3614517.3387249997 2000.0
644742.47275 3614924.561975 2000.0
644452.3534499999 3615331.7852249998 2000.0
644162.23415 3615739.008475 2000.0
643872.11485 3616146.231725 2000.0
643581.99555 3616553.4549749997 2000.0
643291.87625 3616960.678225 2000.0
643001.75695 3617367.9014749997 2000.0
642711.63765 3617775.124725 2000.0
642421.51835 3618182.347975 2000.0
642131.39905 3618589.571225 2000.0
641841.27975 3618996.794475 2000.0
641551.16045 3619404.0177249997 2000.0
641261.04115 3619811.240975 2000.0
640970.92185 3620218.464225 2000.0
640680.80255 3620625.687475 2000.0
640390.68325 3621032.910725 2000.0
640100.56395 3621440.1339749997 2000.0
639810.44465 3621847.357225 2000.0
639520.3253499999 3622254.5804749997 2000.0
639230.20605 3622661.803725 2000.0
638940.08675 3623069.026975 2000.0
638649.96745 3623476.250225 2000.0
638359.84815 3623883.473475 2000.0
638069.72885 3624290.6967249997 2000.0
637779.60955 3624697.919975 2000.0
637489.49025 3625105.143225 2000.0
637199.37095 3625512.366475 2000.0
644625.3687999999 3614227.219425 2000.0
644335.2494999999 3614634.442675 2000.0
644045.1301999999 3615041.665925 2000.0
643755.0109 3615448.889175 2000.0
643464.8916 3615856.112425 2000.0
643174.7723 3616263.3356749997 2000.0
642884.6529999999 3616670.558925 2000.0
642594.5336999999 3617077.782175 2000.0
642304.4144 3617485.005425 2000.0
642014.2951 3617892.228675 2000.0
641724.1758 3618299.451925 2000.0
641434.0565 3618706.675175 2000.0
641143.9371999999 3619113.898425 2000.0
640853.8178999999 3619521.121675 2000.0
640563.6986 3619928.344925 2000.0
640273.5793 3620335.568175 2000.0
639983.46 3620742.791425 2000.0
639693.3407 3621150.0146749998 2000.0
639403.2213999999 3621557.237925 2000.0
639113.1020999999 3621964.461175 2000.0
638822.9828 3622371.684425 2000.0
638532.8635 3622778.907675 2000.0
638242.7442 3623186.130925 2000.0
637952.6248999999 3623593.354175 2000.0
637662.5055999999 3624000.577425 2000.0
637372.3863 3624407.800675 2000.0
637082.267 3624815.023925 2000.0
636792.1477 3625222.247175 2000.0
644218.14555 3613937.100125 2000.0
643928.02625 3614344.323375 2000.0
643637.90695 3614751.546625 2000.0
643347.7876500001 3615158.769875 2000.0
643057.66835 3615565.993125 2000.0
642767.54905 3615973.216375 2000.0
642477.42975 3616380.439625 2000.0
642187.31045 3616787.662875 2000.0
641897.1911500001 3617194.886125 2000.0
641607.0718500001 3617602.109375 2000.0
641316.95255 3618009.3326250003 2000.0
641026.83325 3618416.555875 2000.0
640736.71395 3618823.779125 2000.0
640446.59465 3619231.002375 2000.0
640156.4753500001 3619638.225625 2000.0
639866.3560500001 3620045.4488750002 2000.0
639576.23675 3620452.672125 2000.0
639286.11745 3620859.895375 2000.0
638995.99815 3621267.118625 2000.0
638705.87885 3621674.341875 2000.0
638415.7595500001 3622081.565125 2000.0
638125.64025 3622488.788375 2000.0
637835.52095 3622896.0116250003 2000.0
637545.40165 3623303.234875 2000.0
637255.28235 3623710.458125 2000.0
636965.1630500001 3624117.681375 2000.0
636675.0437500001 3624524.904625 2000.0
636384.92445 3624932.1278750002 2000.0
643810.9223 3613646.980825 2000.0
643520.803 3614054.2040750002 2000.0
643230.6836999999 3614461.427325 2000.0
642940.5644 3614868.6505750003 2000.0
642650.4451 3615275.873825 2000.0
642360.3258 3615683.097075 2000.0
642070.2065 3616090.320325 2000.0
641780.0872 3616497.543575 2000.0
641489.9679 3616904.7668250003 2000.0
641199.8486 3617311.990075 2000.0
640909.7293 3617719.2133250004 2000.0
640619.61 3618126.436575 2000.0
640329.4907 3618533.659825 2000.0
640039.3714 3618940.8830750003 2000.0
639749.2521 3619348.106325 2000.0
639459.1328 3619755.3295750003 2000.0
639169.0135 3620162.552825 2000.0
638878.8942 3620569.776075 2000.0
638588.7749 3620976.999325 2000.0
638298.6555999999 3621384.222575 2000.0
638008.5363 3621791.4458250003 2000.0
637718.417 3622198.669075 2000.0
637428.2977 3622605.8923250004 2000.0
637138.1784 3623013.115575 2000.0
636848.0591 3623420.338825 2000.0
636557.9398 3623827.5620750003 2000.0
636267.8205 3624234.785325 2000.0
635977.7012 3624642.0085750003 2000.0
643403.6990499999 3613356.8615249996 2000.0
643113.5797499999 3613764.084775 2000.0
642823.4604499999 3614171.3080249997 2000.0
642533.34115 3614578.531275 2000.0
642243.22185 3614985.7545249998 2000.0
641953.10255 3615392.9777749996 2000.0
641662.9832499999 3615800.201025 2000.0
641372.8639499999 3616207.4242749996 2000.0
641082.74465 3616614.647525 2000.0
640792.62535 3617021.8707749997 2000.0
640502.50605 3617429.094025 2000.0
640212.38675 3617836.317275 2000.0
639922.2674499999 3618243.5405249996 2000.0
639632.1481499999 3618650.763775 2000.0
639342.02885 3619057.9870249997 2000.0
639051.90955 3619465.210275 2000.0
638761.79025 3619872.433525 2000.0
638471.6709499999 3620279.6567749996 2000.0
638181.5516499999 3620686.880025 2000.0
637891.4323499999 3621094.1032749997 2000.0
637601.31305 3621501.326525 2000.0
637311.19375 3621908.5497749997 2000.0
637021.07445 3622315.773025 2000.0
636730.9551499999 3622722.996275 2000.0
636440.8358499999 3623130.2195249996 2000.0
636150.71655 3623537.442775 2000.0
635860.59725 3623944.6660249997 2000.0
635570.47795 3624351.889275 2000.0
642996.4758 3613066.7422249997 2000.0
642706.3565 3613473.965475 2000.0
642416.2372 3613881.188725 2000.0
642126.1179000001 3614288.411975 2000.0
641835.9986 3614695.635225 2000.0
641545.8793 3615102.8584749997 2000.0
641255.76 3615510.081725 2000.0
640965.6407 3615917.3049749997 2000.0
640675.5214000001 3616324.528225 2000.0
640385.4021000001 3616731.751475 2000.0
640095.2828 3617138.974725 2000.0
639805.1635 3617546.197975 2000.0
639515.0442 3617953.4212249997 2000.0
639224.9249 3618360.644475 2000.0
638934.8056000001 3618767.867725 2000.0
638644.6863000001 3619175.090975 2000.0
638354.567 3619582.314225 2000.0
638064.4477 3619989.5374749997 2000.0
637774.3284 3620396.760725 2000.0
637484.2091 3620803.9839749997 2000.0
637194.0898000001 3621211.207225 2000.0
636903.9705 3621618.430475 2000.0
636613.8512 3622025.653725 2000.0
636323.7319 3622432.876975 2000.0
636033.6126 3622840.1002249997 2000.0
635743.4933000001 3623247.323475 2000.0
635453.3740000001 3623654.546725 2000.0
635163.2547 3624061.769975 2000.0
642589.25255 3612776.622925 2000.0
642299.13325 3613183.846175 2000.0
642009.0139499999 3613591.069425 2000.0
641718.89465 3613998.292675 2000.0
641428.77535 3614405.515925 2000.0
641138.65605 3614812.7391749998 2000.0
640848.53675 3615219.962425 2000.0
640558.41745 3615627.185675 2000.0
640268.29815 3616034.408925 2000.0
639978.17885 3616441.632175 2000.0
639688.05955 3616848.855425 2000.0
639397.94025 3617256.078675 2000.0
639107.82095 3617663.301925 2000.0
638817.70165 3618070.525175 2000.0
638527.58235 3618477.748425 2000.0
638237.46305 3618884.971675 2000.0
637947.34375 3619292.194925 2000.0
637657.22445 3619699.4181749998 2000.0
637367.10515 3620106.641425 2000.0
637076.9858499999 3620513.864675 2000.0
636786.86655 3620921.087925 2000.0
636496.74725 3621328.311175 2000.0
636206.62795 3621735.534425 2000.0
635916.50865 3622142.757675 2000.0
635626.38935 3622549.980925 2000.0
635336.27005 3622957.204175 2000.0
635046.15075 3623364.427425 2000.0
634756.03145 3623771.650675 2000.0
642182.0292999999 3612486.503625 2000.0
641891.9099999999 3612893.726875 2000.0
641601.7906999999 3613300.950125 2000.0
641311.6714 3613708.1733750002 2000.0
641021.5521 3614115.396625 2000.0
640731.4328 3614522.619875 2000.0
640441.3134999999 3614929.843125 2000.0
640151.1941999999 3615337.066375 2000.0
639861.0749 3615744.289625 2000.0
639570.9556 3616151.512875 2000.0
639280.8363 3616558.7361250003 2000.0
638990.717 3616965.959375 2000.0
638700.5976999999 3617373.182625 2000.0
638410.4783999999 3617780.405875 2000.0
638120.3591 3618187.629125 2000.0
637830.2398 3618594.8523750002 2000.0
637540.1205 3619002.075625 2000.0
637250.0011999999 3619409.298875 2000.0
636959.8818999999 3619816.522125 2000.0
636669.7625999999 3620223.745375 2000.0
636379.6433 3620630.968625 2000.0
636089.524 3621038.191875 2000.0
635799.4047 3621445.4151250003 2000.0
635509.2853999999 3621852.638375 2000.0
635219.1660999999 3622259.861625 2000.0
634929.0468 3622667.084875 2000.0
634638.9275 3623074.308125 2000.0
634348.8082 3623481.5313750003 2000.0
641774.80605 3612196.384325 2000.0
641484.68675 3612603.6075750003 2000.0
641194.56745 3613010.830825 2000.0
640904.4481500001 3613418.0540750003 2000.0
640614.32885 3613825.277325 2000.0
640324.20955 3614232.500575 2000.0
640034.09025 3614639.723825 2000.0
639743.97095 3615046.947075 2000.0
639453.8516500001 3615454.1703250003 2000.0
639163.7323500001 3615861.393575 2000.0
638873.61305 3616268.6168250004 2000.0
638583.49375 3616675.840075 2000.0
638293.37445 3617083.063325 2000.0
638003.25515 3617490.2865750003 2000.0
637713.1358500001 3617897.509825 2000.0
637423.0165500001 3618304.7330750003 2000.0
637132.89725 3618711.956325 2000.0
636842.77795 3619119.179575 2000.0
636552.65865 3619526.402825 2000.0
636262.53935 3619933.626075 2000.0
635972.4200500001 3620340.8493250003 2000.0
635682.30075 3620748.072575 2000.0
635392.18145 3621155.2958250004 2000.0
635102.06215 3621562.519075 2000.0
634811.94285 3621969.742325 2000.0
634521.8235500001 3622376.9655750003 2000.0
634231.7042500001 3622784.188825 2000.0
633941.58495 3623191.4120750003 2000.0
641367.5828 3611906.2650249996 2000.0
641077.4635 3612313.488275 2000.0
640787.3441999999 3612720.7115249997 2000.0
640497.2249 3613127.934775 2000.0
640207.1056 3613535.158025 2000.0
639916.9863 3613942.3812749996 2000.0
639626.867 3614349.604525 2000.0
639336.7477 3614756.8277749997 2000.0
639046.6284 3615164.051025 2000.0
638756.5091 3615571.2742749997 2000.0
638466.3898 3615978.497525 2000.0
638176.2705 3616385.720775 2000.0
637886.1512 3616792.9440249996 2000.0
637596.0319 3617200.167275 2000.0
637305.9126 3617607.3905249997 2000.0
637015.7933 3618014.613775 2000.0
636725.674 3618421.837025 2000.0
636435.5547 3618829.0602749996 2000.0
636145.4354 3619236.283525 2000.0
635855.3160999999 3619643.5067749997 2000.0
635565.1968 3620050.730025 2000.0
635275.0775 3620457.9532749997 2000.0
634984.9582 3620865.176525 2000.0
634694.8389 3621272.399775 2000.0
634404.7196 3621679.6230249996 2000.0
634114.6003 3622086.846275 2000.0
633824.481 3622494.0695249997 2000.0
633534.3617 3622901.292775 2000.0
652362.61055 3619739.486125 2500.0
652072.49125 3620146.709375 2500.0
651782.37195 3620553.932625 2500.0
651492.25265 3620961.155875 2500.0
651202.13335 3621368.379125 2500.0
650912.01405 3621775.602375 2500.0
650621.89475 3622182.825625 2500.0
650331.77545 3622590.048875 2500.0
650041.65615 3622997.272125 2500.0
649751.53685 3623404.495375 2500.0
649461.41755 3623811.718625 2500.0
649171.29825 3624218.941875 2500.0
648881.17895 3624626.165125 2500.0
648591.05965 3625033.388375 2500.0
648300.94035 3625440.611625 2500.0
648010.82105 3625847.834875 2500.0
647720.70175 3626255.058125 2500.0
647430.58245 3626662.281375 2500.0
647140.46315 3627069.504625 2500.0
646850.34385 3627476.727875 2500.0
646560.22455 3627883.951125 2500.0
646270.10525 3628291.174375 2500.0
645979.98595 3628698.397625 2500.0
645689.86665 3629105.620875 2500.0
645399.74735 3629512.844125 2500.0
645109.62805 3629920.067375 2500.0
644819.50875 3630327.290625 2500.0
644529.38945 3630734.513875 2500.0
651955.3873 3619449.366825 2500.0
651665.2679999999 3619856.590075 2500.0
651375.1486999999 3620263.813325 2500.0
651085.0294 3620671.0365750003 2500.0
650794.9101 3621078.259825 2500.0
650504.7908 3621485.483075 2500.0
650214.6714999999 3621892.706325 2500.0
649924.5521999999 3622299.929575 2500.0
649634.4329 3622707.152825 2500.0
649344.3136 3623114.376075 2500.0
649054.1943 3623521.5993250003 2500.0
648764.075 3623928.822575 2500.0
648473.9556999999 3624336.045825 2500.0
648183.8363999999 3624743.269075 2500.0
647893.7171 3625150.492325 2500.0
647603.5978 3625557.7155750003 2500.0
647313.4785 3625964.938825 2500.0
647023.3592 3626372.162075 2500.0
646733.2398999999 3626779.385325 2500.0
646443.1205999999 3627186.608575 2500.0
646153.0013 3627593.8318250002 2500.0
645862.882 3628001.055075 2500.0
645572.7627 3628408.2783250003 2500.0
645282.6434 3628815.501575 2500.0
644992.5240999999 3629222.724825 2500.0
644702.4048 3629629.948075 2500.0
644412.2855 3630037.171325 2500.0
644122.1662 3630444.3945750003 2500.0
651548.16405 3619159.247525 2500.0
651258.04475 3619566.4707750003 2500.0
650967.92545 3619973.694025 2500.0
650677.8061500001 3620380.9172750004 2500.0
650387.68685 3620788.140525 2500.0
650097.56755 3621195.363775 2500.0
649807.44825 3621602.5870250002 2500.0
649517.32895 3622009.810275 2500.0
649227.2096500001 3622417.0335250003 2500.0
648937.0903500001 3622824.256775 2500.0
648646.97105 3623231.4800250004 2500.0
648356.85175 3623638.703275 2500.0
648066.73245 3624045.926525 2500.0
647776.61315 3624453.1497750003 2500.0
647486.4938500001 3624860.373025 2500.0
647196.3745500001 3625267.5962750004 2500.0
646906.25525 3625674.819525 2500.0
646616.13595 3626082.042775 2500.0
646326.01665 3626489.2660250003 2500.0
646035.89735 3626896.489275 2500.0
645745.7780500001 3627303.7125250003 2500.0
645455.6587500001 3627710.935775 2500.0
645165.53945 3628118.1590250004 2500.0
644875.42015 3628525.382275 2500.0
644585.30085 3628932.605525 2500.0
644295.1815500001 3629339.8287750003 2500.0
644005.0622500001 3629747.052025 2500.0
643714.94295 3630154.2752750004 2500.0
651140.9408 3618869.1282249996 2500.0
650850.8215 3619276.351475 2500.0
650560.7021999999 3619683.5747249997 2500.0
650270.5829 3620090.797975 2500.0
649980.4636 3620498.021225 2500.0
649690.3443 3620905.2444749996 2500.0
649400.225 3621312.467725 2500.0
649110.1057 3621719.6909749997 2500.0
648819.9864 3622126.914225 2500.0
648529.8671 3622534.1374749998 2500.0
648239.7478 3622941.360725 2500.0
647949.6285 3623348.583975 2500.0
647659.5092 3623755.8072249996 2500.0
647369.3899 3624163.030475 2500.0
647079.2706 3624570.2537249997 2500.0
646789.1513 3624977.476975 2500.0
646499.032 3625384.700225 2500.0
646208.9127 3625791.9234749996 2500.0
645918.7934 3626199.146725 2500.0
645628.6741 3626606.3699749997 2500.0
645338.5548 3627013.593225 2500.0
645048.4355 3627420.8164749998 2500.0
644758.3162 3627828.039725 2500.0
644468.1969 3628235.262975 2500.0
644178.0776 3628642.4862249997 2500.0
643887.9583 3629049.709475 2500.0
643597.839 3629456.9327249997 2500.0
643307.7197 3629864.155975 2500.0
650733.71755 3618579.0089249997 2500.0
650443.5982499999 3618986.232175 2500.0
650153.4789499999 3619393.455425 2500.0
649863.35965 3619800.678675 2500.0
649573.24035 3620207.901925 2500.0
649283.12105 3620615.1251749997 2500.0
648993.0017499999 3621022.348425 2500.0
648702.8824499999 3621429.571675 2500.0
648412.76315 3621836.794925 2500.0
648122.64385 3622244.018175 2500.0
647832.52455 3622651.241425 2500.0
647542.40525 3623058.464675 2500.0
647252.2859499999 3623465.6879249997 2500.0
646962.1666499999 3623872.911175 2500.0
646672.04735 3624280.134425 2500.0
646381.92805 3624687.357675 2500.0
646091.80875 3625094.580925 2500.0
645801.68945 3625501.8041749997 2500.0
645511.5701499999 3625909.027425 2500.0
645221.4508499999 3626316.250675 2500.0
644931.33155 3626723.473925 2500.0
644641.21225 3627130.697175 2500.0
644351.09295 3627537.920425 2500.0
644060.9736499999 3627945.143675 2500.0
643770.8543499999 3628352.3669249997 2500.0
643480.73505 3628759.590175 2500.0
643190.61575 3629166.813425 2500.0
642900.49645 3629574.036675 2500.0
650326.4943 3618288.889625 2500.0
650036.375 3618696.112875 2500.0
649746.2557 3619103.336125 2500.0
649456.1364000001 3619510.559375 2500.0
649166.0171 3619917.782625 2500.0
648875.8978 3620325.005875 2500.0
648585.7785 3620732.229125 2500.0
648295.6592 3621139.452375 2500.0
648005.5399000001 3621546.675625 2500.0
647715.4206000001 3621953.898875 2500.0
647425.3013 3622361.122125 2500.0
647135.182 3622768.345375 2500.0
646845.0627 3623175.568625 2500.0
646554.9434 3623582.791875 2500.0
646264.8241000001 3623990.015125 2500.0
645974.7048000001 3624397.238375 2500.0
645684.5855 3624804.461625 2500.0
645394.4662 3625211.684875 2500.0
645104.3469 3625618.908125 2500.0
644814.2276 3626026.131375 2500.0
644524.1083000001 3626433.354625 2500.0
644233.9890000001 3626840.577875 2500.0
643943.8697 3627247.801125 2500.0
643653.7504 3627655.024375 2500.0
643363.6311 3628062.247625 2500.0
643073.5118000001 3628469.470875 2500.0
642783.3925000001 3628876.694125 2500.0
642493.2732 3629283.917375 2500.0
649919.27105 3617998.770325 2500.0
649629.15175 3618405.993575 2500.0
649339.0324499999 3618813.216825 2500.0
649048.91315 3619220.4400750003 2500.0
648758.79385 3619627.663325 2500.0
648468.67455 3620034.886575 2500.0
648178.55525 3620442.109825 2500.0
647888.43595 3620849.333075 2500.0
647598.31665 3621256.5563250002 2500.0
647308.19735 3621663.779575 2500.0
647018.07805 3622071.0028250003 2500.0
646727.95875 3622478.226075 2500.0
646437.83945 3622885.449325 2500.0
646147.72015 3623292.672575 2500.0
645857.60085 3623699.895825 2500.0
645567.48155 3624107.1190750003 2500.0
645277.36225 3624514.342325 2500.0
644987.24295 3624921.565575 2500.0
644697.12365 3625328.788825 2500.0
644407.00435 3625736.012075 2500.0
644116.88505 3626143.2353250002 2500.0
643826.76575 3626550.458575 2500.0
643536.64645 3626957.6818250003 2500.0
643246.52715 3627364.905075 2500.0
642956.40785 3627772.128325 2500.0
642666.28855 3628179.351575 2500.0
642376.16925 3628586.574825 2500.0
642086.04995 3628993.7980750003 2500.0
649512.0478 3617708.651025 2500.0
649221.9284999999 3618115.8742750003 2500.0
648931.8091999999 3618523.097525 2500.0
648641.6899 3618930.3207750004 2500.0
648351.5706 3619337.544025 2500.0
648061.4513 3619744.767275 2500.0
647771.3319999999 3620151.9905250003 2500.0
647481.2126999999 3620559.213775 2500.0
647191.0934 3620966.4370250003 2500.0
646900.9741 3621373.660275 2500.0
646610.8548 3621780.8835250004 2500.0
646320.7355 3622188.106775 2500.0
646030.6161999999 3622595.330025 2500.0
645740.4968999999 3623002.5532750003 2500.0
645450.3776 3623409.776525 2500.0
645160.2583 3623816.9997750004 2500.0
644870.139 3624224.223025 2500.0
644580.0197 3624631.446275 2500.0
644289.9003999999 3625038.6695250003 2500.0
643999.7810999999 3625445.892775 2500.0
643709.6618 3625853.1160250003 2500.0
643419.5425 3626260.339275 2500.0
643129.4232 3626667.5625250004 2500.0
642839.3038999999 3627074.785775 2500.0
642549.1845999999 3627482.009025 2500.0
642259.0653 3627889.2322750003 2500.0
641968.946 3628296.455525 2500.0
641678.8267 3628703.6787750004 2500.0
649104.82455 3617418.5317249997 2500.0
648814.70525 3617825.754975 2500.0
648524.58595 3618232.9782249997 2500.0
648234.4666500001 3618640.201475 2500.0
647944.34735 3619047.424725 2500.0
647654.22805 3619454.6479749996 2500.0
647364.10875 3619861.871225 2500.0
647073.98945 3620269.0944749997 2500.0
646783.8701500001 3620676.317725 2500.0
646493.7508500001 3621083.540975 2500.0
646203.63155 3621490.764225 2500.0
645913.51225 3621897.987475 2500.0
645623.39295 3622305.2107249997 2500.0
645333.27365 3622712.433975 2500.0
645043.1543500001 3623119.6572249997 2500.0
644753.0350500001 3623526.880475 2500.0
644462.91575 3623934.103725 2500.0
644172.79645 3624341.3269749996 2500.0
643882.67715 3624748.550225 2500.0
643592.55785 3625155.7734749997 2500.0
643302.4385500001 3625562.996725 2500.0
643012.3192500001 3625970.219975 2500.0
642722.19995 3626377.443225 2500.0
642432.08065 3626784.666475 2500.0
642141.96135 3627191.8897249997 2500.0
641851.8420500001 3627599.112975 2500.0
641561.7227500001 3628006.3362249997 2500.0
641271.60345 3628413.559475 2500.0
648697.6013 3617128.4124249998 2500.0
648407.482 3617535.635675 2500.0
648117.3626999999 3617942.858925 2500.0
647827.2434 3618350.082175 2500.0
647537.1241 3618757.305425 2500.0
647247.0048 3619164.5286749997 2500.0
646956.8855 3619571.751925 2500.0
646666.7662 3619978.975175 2500.0
646376.6469 3620386.198425 2500.0
646086.5276 3620793.421675 2500.0
645796.4083 3621200.644925 2500.0
645506.289 3621607.868175 2500.0
645216.1697 3622015.0914249998 2500.0
644926.0504 3622422.314675 2500.0
644635.9311 3622829.537925 2500.0
644345.8118 3623236.761175 2500.0
644055.6925 3623643.984425 2500.0
643765.5732 3624051.2076749997 2500.0
643475.4539 3624458.430925 2500.0
643185.3346 3624865.654175 2500.0
642895.2153 3625272.877425 2500.0
642605.096 3625680.100675 2500.0
642314.9767 3626087.323925 2500.0
642024.8574 3626494.547175 2500.0
641734.7381 3626901.7704249998 2500.0
641444.6188 3627308.993675 2500.0
641154.4995 3627716.216925 2500.0
640864.3802 3628123.440175 2500.0
648290.3780499999 3616838.293125 2500.0
648000.2587499999 3617245.516375 2500.0
647710.1394499999 3617652.739625 2500.0
647420.02015 3618059.962875 2500.0
647129.90085 3618467.186125 2500.0
646839.78155 3618874.409375 2500.0
646549.6622499999 3619281.632625 2500.0
646259.5429499999 3619688.855875 2500.0
645969.42365 3620096.079125 2500.0
645679.30435 3620503.302375 2500.0
645389.18505 3620910.5256250002 2500.0
645099.06575 3621317.748875 2500.0
644808.9464499999 3621724.972125 2500.0
644518.8271499999 3622132.195375 2500.0
644228.70785 3622539.418625 2500.0
643938.58855 3622946.641875 2500.0
643648.46925 3623353.865125 2500.0
643358.34995 3623761.088375 2500.0
643068.2306499999 3624168.311625 2500.0
642778.1113499999 3624575.534875 2500.0
642487.99205 3624982.758125 2500.0
642197.87275 3625389.981375 2500.0
641907.75345 3625797.2046250002 2500.0
641617.6341499999 3626204.427875 2500.0
641327.5148499999 3626611.651125 2500.0
641037.39555 3627018.874375 2500.0
640747.27625 3627426.097625 2500.0
640457.15695 3627833.320875 2500.0
647883.1548 3616548.173825 2500.0
647593.0355 3616955.397075 2500.0
647302.9162 3617362.620325 2500.0
647012.7969000001 3617769.8435750003 2500.0
646722.6776 3618177.066825 2500.0
646432.5583 3618584.290075 2500.0
646142.439 3618991.513325 2500.0
645852.3197 3619398.736575 2500.0
645562.2004000001 3619805.9598250003 2500.0
645272.0811000001 3620213.183075 2500.0
644981.9618 3620620.4063250003 2500.0
644691.8425 3621027.629575 2500.0
644401.7232 3621434.852825 2500.0
644111.6039 3621842.076075 2500.0
643821.4846000001 3622249.299325 2500.0
643531.3653000001 3622656.5225750003 2500.0
643241.246 3623063.745825 2500.0
642951.1267 3623470.969075 2500.0
642661.0074 3623878.192325 2500.0
642370.8881 3624285.415575 2500.0
642080.7688000001 3624692.6388250003 2500.0
641790.6495 3625099.862075 2500.0
641500.5302 3625507.0853250003 2500.0
641210.4109 3625914.308575 2500.0
640920.2916 3626321.531825 2500.0
640630.1723000001 3626728.755075 2500.0
640340.0530000001 3627135.978325 2500.0
640049.9337 3627543.2015750003 2500.0
647475.93155 3616258.054525 2500.0
647185.81225 3616665.2777750003 2500.0
646895.6929499999 3617072.501025 2500.0
646605.57365 3617479.7242750004 2500.0
646315.45435 3617886.947525 2500.0
646025.33505 3618294.170775 2500.0
645735.21575 3618701.3940250003 2500.0
645445.09645 3619108.617275 2500.0
645154.97715 3619515.8405250004 2500.0
644864.85785 3619923.063775 2500.0
644574.73855 3620330.2870250004 2500.0
644284.61925 3620737.5102750002 2500.0
643994.49995 3621144.733525 2500.0
643704.38065 3621551.9567750003 2500.0
643414.26135 3621959.180025 2500.0
643124.14205 3622366.4032750004 2500.0
642834.02275 3622773.626525 2500.0
642543.90345 3623180.849775 2500.0
642253.78415 3623588.0730250003 2500.0
641963.66485 3623995.296275 2500.0
641673.54555 3624402.5195250004 2500.0
641383.42625 3624809.742775 2500.0
641093.30695 3625216.9660250004 2500.0
640803.18765 3625624.1892750002 2500.0
640513.06835 3626031.412525 2500.0
640222.94905 3626438.6357750003 2500.0
639932.82975 3626845.859025 2500.0
639642.71045 3627253.0822750004 2500.0
647068.7082999999 3615967.9352249997 2500.0
646778.5889999999 3616375.158475 2500.0
646488.4696999999 3616782.3817249998 2500.0
646198.3504 3617189.604975 2500.0
645908.2311 3617596.828225 2500.0
645618.1118 3618004.0514749996 2500.0
645327.9924999999 3618411.274725 2500.0
645037.8731999999 3618818.4979749997 2500.0
644747.7539 3619225.721225 2500.0
644457.6346 3619632.944475 2500.0
644167.5153 3620040.167725 2500.0
643877.396 3620447.390975 2500.0
643587.2766999999 3620854.6142249997 2500.0
643297.1573999999 3621261.837475 2500.0
643007.0381 3621669.0607249998 2500.0
642716.9188 3622076.283975 2500.0
642426.7995 3622483.507225 2500.0
642136.6802 3622890.7304749996 2500.0
641846.5608999999 3623297.953725 2500.0
641556.4415999999 3623705.1769749997 2500.0
641266.3223 3624112.400225 2500.0
640976.203 3624519.623475 2500.0
640686.0837 3624926.846725 2500.0
640395.9643999999 3625334.069975 2500.0
640105.8450999999 3625741.2932249997 2500.0
639815.7258 3626148.516475 2500.0
639525.6065 3626555.7397249998 2500.0
639235.4872 3626962.962975 2500.0
646661.48505 3615677.815925 2500.0
646371.36575 3616085.039175 2500.0
646081.24645 3616492.262425 2500.0
645791.1271500001 3616899.485675 2500.0
645501.00785 3617306.708925 2500.0
645210.88855 3617713.9321749997 2500.0
644920.76925 3618121.155425 2500.0
644630.64995 3618528.378675 2500.0
644340.5306500001 3618935.601925 2500.0
644050.4113500001 3619342.825175 2500.0
643760.29205 3619750.048425 2500.0
643470.17275 3620157.271675 2500.0
643180.05345 3620564.494925 2500.0
642889.93415 3620971.718175 2500.0
642599.8148500001 3621378.941425 2500.0
642309.6955500001 3621786.164675 2500.0
642019.57625 3622193.387925 2500.0
641729.45695 3622600.6111749997 2500.0
641439.33765 3623007.834425 2500.0
641149.21835 3623415.057675 2500.0
640859.0990500001 3623822.280925 2500.0
640568.97975 3624229.504175 2500.0
640278.86045 3624636.727425 2500.0
639988.74115 3625043.950675 2500.0
639698.62185 3625451.173925 2500.0
639408.5025500001 3625858.397175 2500.0
639118.3832500001 3626265.620425 2500.0
638828.26395 3626672.843675 2500.0
646254.2618 3615387.696625 2500.0
645964.1425 3615794.919875 2500.0
645674.0231999999 3616202.143125 2500.0
645383.9039 3616609.366375 2500.0
645093.7846 3617016.589625 2500.0
644803.6653 3617423.812875 2500.0
644513.546 3617831.036125 2500.0
644223.4267 3618238.259375 2500.0
643933.3074 3618645.482625 2500.0
643643.1881 3619052.705875 2500.0
643353.0688 3619459.9291250003 2500.0
643062.9495 3619867.152375 2500.0
642772.8302 3620274.375625 2500.0
642482.7109 3620681.598875 2500.0
642192.5916 3621088.822125 2500.0
641902.4723 3621496.045375 2500.0
641612.353 3621903.268625 2500.0
641322.2337 3622310.491875 2500.0
641032.1144 3622717.715125 2500.0
640741.9951 3623124.938375 2500.0
640451.8758 3623532.161625 2500.0
640161.7565 3623939.384875 2500.0
639871.6372 3624346.6081250003 2500.0
639581.5179 3624753.831375 2500.0
639291.3986 3625161.054625 2500.0
639001.2793 3625568.277875 2500.0
638711.16 3625975.501125 2500.0
638421.0407 3626382.724375 2500.0
645847.0385499999 3615097.577325 2500.0
645556.9192499999 3615504.8005750002 2500.0
645266.7999499999 3615912.023825 2500.0
644976.68065 3616319.2470750003 2500.0
644686.56135 3616726.470325 2500.0
644396.44205 3617133.693575 2500.0
644106.3227499999 3617540.916825 2500.0
643816.2034499999 3617948.140075 2500.0
643526.08415 3618355.3633250003 2500.0
643235.96485 3618762.586575 2500.0
642945.84555 3619169.8098250004 2500.0
642655.72625 3619577.033075 2500.0
642365.6069499999 3619984.256325 2500.0
642075.4876499999 3620391.4795750002 2500.0
641785.36835 3620798.702825 2500.0
641495.24905 3621205.9260750003 2500.0
641205.12975 3621613.149325 2500.0
640915.01045 3622020.372575 2500.0
640624.8911499999 3622427.595825 2500.0
640334.7718499999 3622834.819075 2500.0
640044.65255 3623242.0423250003 2500.0
639754.53325 3623649.265575 2500.0
639464.41395 3624056.4888250004 2500.0
639174.2946499999 3624463.712075 2500.0
638884.1753499999 3624870.935325 2500.0
638594.05605 3625278.1585750002 2500.0
638303.93675 3625685.381825 2500.0
638013.81745 3626092.6050750003 2500.0
645439.8153 3614807.4580249996 2500.0
645149.696 3615214.681275 2500.0
644859.5767 3615621.9045249997 2500.0
644569.4574000001 3616029.127775 2500.0
644279.3381 3616436.3510249997 2500.0
643989.2188 3616843.5742749996 2500.0
643699.0995 3617250.797525 2500.0
643408.9802 3617658.0207749996 2500.0
643118.8609000001 3618065.244025 2500.0
642828.7416000001 3618472.4672749997 2500.0
642538.6223 3618879.690525 2500.0
642248.503 3619286.913775 2500.0
641958.3837 3619694.1370249996 2500.0
641668.2644 3620101.360275 2500.0
641378.1451000001 3620508.5835249997 2500.0
641088.0258000001 3620915.806775 2500.0
640797.9065 3621323.0300249998 2500.0
640507.7872 3621730.2532749996 2500.0
640217.6679 3622137.476525 2500.0
639927.5486 3622544.6997749996 2500.0
639637.4293000001 3622951.923025 2500.0
639347.31 3623359.1462749997 2500.0
639057.1907 3623766.369525 2500.0
638767.0714 3624173.592775 2500.0
638476.9521 3624580.8160249996 2500.0
638186.8328000001 3624988.039275 2500.0
637896.7135000001 3625395.2625249997 2500.0
637606.5942 3625802.485775 2500.0
645032.59205 3614517.3387249997 2500.0
644742.47275 3614924.561975 2500.0
644452.3534499999 3615331.7852249998 2500.0
644162.23415 3615739.008475 2500.0
643872.11485 3616146.231725 2500.0
643581.99555 3616553.4549749997 2500.0
643291.87625 3616960.678225 2500.0
643001.75695 3617367.9014749997 2500.0
642711.63765 3617775.124725 2500.0
642421.51835 3618182.347975 2500.0
642131.39905 3618589.571225 2500.0
641841.27975 3618996.794475 2500.0
641551.16045 3619404.0177249997 2500.0
641261.04115 3619811.240975 2500.0
640970.92185 3620218.464225 2500.0
640680.80255 3620625.687475 2500.0
640390.68325 3621032.910725 2500.0
640100.56395 3621440.1339749997 2500.0
639810.44465 3621847.357225 2500.0
639520.3253499999 3622254.5804749997 2500.0
639230.20605 3622661.803725 2500.0
638940.08675 3623069.026975 2500.0
638649.96745 3623476.250225 2500.0
638359.84815 3623883.473475 2500.0
638069.72885 3624290.6967249997 2500.0
637779.60955 3624697.919975 2500.0
637489.49025 3625105.143225 2500.0
637199.37095 3625512.366475 2500.0
644625.3687999999 3614227.219425 2500.0
644335.2494999999 3614634.442675 2500.0
644045.1301999999 3615041.665925 2500.0
643755.0109 3615448.889175 2500.0
643464.8916 3615856.112425 2500.0
643174.7723 3616263.3356749997 2500.0
642884.6529999999 3616670.558925 2500.0
642594.5336999999 3617077.782175 2500.0
642304.4144 3617485.005425 2500.0
642014.2951 3617892.228675 2500.0
641724.1758 3618299.451925 2500.0
641434.0565 3618706.675175 2500.0
641143.9371999999 3619113.898425 2500.0
640853.8178999999 3619521.121675 2500.0
640563.6986 3619928.344925 2500.0
640273.5793 3620335.568175 2500.0
639983.46 3620742.791425 2500.0
639693.3407 3621150.0146749998 2500.0
639403.2213999999 3621557.237925 2500.0
639113.1020999999 3621964.461175 2500.0
638822.9828 3622371.684425 2500.0
638532.8635 3622778.907675 2500.0
638242.7442 3623186.130925 2500.0
637952.6248999999 3623593.354175 2500.0
637662.5055999999 3624000.577425 2500.0
637372.3863 3624407.800675 2500.0
637082.267 3624815.023925 2500.0
636792.1477 3625222.247175 2500.0
644218.14555 3613937.100125 2500.0
643928.02625 3614344.323375 2500.0
643637.90695 3614751.546625 2500.0
643347.7876500001 3615158.769875 2500.0
643057.66835 3615565.993125 2500.0
642767.54905 3615973.216375 2500.0
642477.42975 3616380.439625 2500.0
642187.31045 3616787.662875 2500.0
641897.1911500001 3617194.886125 2500.0
641607.0718500001 3617602.109375 2500.0
641316.95255 3618009.3326250003 2500.0
641026.83325 3618416.555875 2500.0
640736.71395 3618823.779125 2500.0
640446.59465 3619231.002375 2500.0
640156.4753500001 3619638.225625 2500.0
639866.3560500001 3620045.4488750002 2500.0
639576.23675 3620452.672125 2500.0
639286.11745 3620859.895375 2500.0
638995.99815 3621267.118625 2500.0
638705.87885 3621674.341875 2500.0
638415.7595500001 3622081.565125 2500.0
638125.64025 3622488.788375 2500.0
637835.52095 3622896.0116250003 2500.0
637545.40165 3623303.234875 2500.0
637255.28235 3623710.458125 2500.0
636965.1630500001 3624117.681375 2500.0
636675.0437500001 3624524.904625 2500.0
636384.92445 3624932.1278750002 2500.0
643810.9223 3613646.980825 2500.0
643520.803 3614054.2040750002 2500.0
643230.6836999999 3614461.427325 2500.0
642940.5644 3614868.6505750003 2500.0
642650.4451 3615275.873825 2500.0
642360.3258 3615683.097075 2500.0
642070.2065 3616090.320325 2500.0
641780.0872 3616497.543575 2500.0
641489.9679 3616904.7668250003 2500.0
641199.8486 3617311.990075 2500.0
640909.7293 3617719.2133250004 2500.0
640619.61 3618126.436575 2500.0
640329.4907 3618533.659825 2500.0
640039.3714 3618940.8830750003 2500.0
639749.2521 3619348.106325 2500.0
639459.1328 3619755.3295750003 2500.0
639169.0135 3620162.552825 2500.0
638878.8942 3620569.776075 2500.0
638588.7749 3620976.999325 2500.0
638298.6555999999 3621384.222575 2500.0
638008.5363 3621791.4458250003 2500.0
637718.417 3622198.669075 2500.0
637428.2977 3622605.8923250004 2500.0
637138.1784 3623013.115575 2500.0
636848.0591 3623420.338825 2500.0
636557.9398 3623827.5620750003 2500.0
636267.8205 3624234.785325 2500.0
635977.7012 3624642.0085750003 2500.0
643403.6990499999 3613356.8615249996 2500.0
643113.5797499999 3613764.084775 2500.0
642823.4604499999 3614171.3080249997 2500.0
642533.34115 3614578.531275 2500.0
642243.22185 3614985.7545249998 2500.0
641953.10255 3615392.9777749996 2500.0
641662.9832499999 3615800.201025 2500.0
641372.8639499999 3616207.4242749996 2500.0
641082.74465 3616614.647525 2500.0
640792.62535 3617021.8707749997 2500.0
640502.50605 3617429.094025 2500.0
640212.38675 3617836.317275 2500.0
639922.2674499999 3618243.5405249996 2500.0
639632.1481499999 3618650.763775 2500.0
639342.02885 3619057.9870249997 2500.0
639051.90955 3619465.210275 2500.0
638761.79025 3619872.433525 2500.0
638471.6709499999 3620279.6567749996 2500.0
638181.5516499999 3620686.880025 2500.0
637891.4323499999 3621094.1032749997 2500.0
637601.31305 3621501.326525 2500.0
637311.19375 3621908.5497749997 2500.0
637021.07445 3622315.773025 2500.0
636730.9551499999 3622722.996275 2500.0
636440.8358499999 3623130.2195249996 2500.0
636150.71655 3623537.442775 2500.0
635860.59725 3623944.6660249997 2500.0
635570.47795 3624351.889275 2500.0
642996.4758 3613066.7422249997 2500.0
642706.3565 3613473.965475 2500.0
642416.2372 3613881.188725 2500.0
642126.1179000001 3614288.411975 2500.0
641835.9986 3614695.635225 2500.0
641545.8793 3615102.8584749997 2500.0
641255.76 3615510.081725 2500.0
640965.6407 3615917.3049749997 2500.0
640675.5214000001 3616324.528225 2500.0
640385.4021000001 3616731.751475 2500.0
640095.2828 3617138.974725 2500.0
639805.1635 3617546.197975 2500.0
639515.0442 3617953.4212249997 2500.0
639224.9249 3618360.644475 2500.0
638934.8056000001 3618767.867725 2500.0
638644.6863000001 3619175.090975 2500.0
638354.567 3619582.314225 2500.0
638064.4477 3619989.5374749997 2500.0
637774.3284 3620396.760725 2500.0
637484.2091 3620803.9839749997 2500.0
637194.0898000001 3621211.207225 2500.0
636903.9705 3621618.430475 2500.0
636613.8512 3622025.653725 2500.0
636323.7319 3622432.876975 2500.0
636033.6126 3622840.1002249997 2500.0
635743.4933000001 3623247.323475 2500.0
635453.3740000001 3623654.546725 2500.0
635163.2547 3624061.769975 2500.0
642589.25255 3612776.622925 2500.0
642299.13325 3613183.846175 2500.0
642009.0139499999 3613591.069425 2500.0
641718.89465 3613998.292675 2500.0
641428.77535 3614405.515925 2500.0
641138.65605 3614812.7391749998 2500.0
640848.53675 3615219.962425 2500.0
640558.41745 3615627.185675 2500.0
640268.29815 3616034.408925 2500.0
639978.17885 3616441.632175 2500.0
639688.05955 3616848.855425 2500.0
639397.94025 3617256.078675 2500.0
639107.82095 3617663.301925 2500.0
638817.70165 3618070.525175 2500.0
638527.58235 3618477.748425 2500.0
638237.46305 3618884.971675 2500.0
637947.34375 3619292.194925 2500.0
637657.22445 3619699.4181749998 2500.0
637367.10515 3620106.641425 2500.0
637076.9858499999 3620513.864675 2500.0
636786.86655 3620921.087925 2500.0
636496.74725 3621328.311175 2500.0
636206.62795 3621735.534425 2500.0
635916.50865 3622142.757675 2500.0
635626.38935 3622549.980925 2500.0
635336.27005 3622957.204175 2500.0
635046.15075 3623364.427425 2500.0
634756.03145 3623771.650675 2500.0
642182.0292999999 3612486.503625 2500.0
641891.9099999999 3612893.726875 2500.0
641601.7906999999 3613300.950125 2500.0
641311.6714 3613708.1733750002 2500.0
641021.5521 3614115.396625 2500.0
640731.4328 3614522.619875 2500.0
640441.3134999999 3614929.843125 2500.0
640151.1941999999 3615337.066375 2500.0
639861.0749 3615744.289625 2500.0
639570.9556 3616151.512875 2500.0
639280.8363 3616558.7361250003 2500.0
638990.717 3616965.959375 2500.0
638700.5976999999 3617373.182625 2500.0
638410.4783999999 3617780.405875 2500.0
638120.3591 3618187.629125 2500.0
637830.2398 3618594.8523750002 2500.0
637540.1205 3619002.075625 2500.0
637250.0011999999 3619409.298875 2500.0
636959.8818999999 3619816.522125 2500.0
636669.7625999999 3620223.745375 2500.0
636379.6433 3620630.968625 2500.0
636089.524 3621038.191875 2500.0
635799.4047 3621445.4151250003 2500.0
635509.2853999999 3621852.638375 2500.0
635219.1660999999 3622259.861625 2500.0
634929.0468 3622667.084875 2500.0
634638.9275 3623074.308125 2500.0
634348.8082 3623481.5313750003 2500.0
641774.80605 3612196.384325 2500.0
641484.68675 3612603.6075750003 2500.0
641194.56745 3613010.830825 2500.0
640904.4481500001 3613418.0540750003 2500.0
640614.32885 3613825.277325 2500.0
640324.20955 3614232.500575 2500.0
640034.09025 3614639.723825 2500.0
639743.97095 3615046.947075 2500.0
639453.8516500001 3615454.1703250003 2500.0
639163.7323500001 3615861.393575 2500.0
638873.61305 3616268.6168250004 2500.0
638583.49375 3616675.840075 2500.0
638293.37445 3617083.063325 2500.0
638003.25515 3617490.2865750003 2500.0
637713.1358500001 3617897.509825 2500.0
637423.0165500001 3618304.7330750003 2500.0
637132.89725 3618711.956325 2500.0
636842.77795 3619119.179575 2500.0
636552.65865 3619526.402825 2500.0
636262.53935 3619933.626075 2500.0
635972.4200500001 3620340.8493250003 2500.0
635682.30075 3620748.072575 2500.0
635392.18145 3621155.2958250004 2500.0
635102.06215 3621562.519075 2500.0
634811.94285 3621969.742325 2500.0
634521.8235500001 3622376.9655750003 2500.0
634231.7042500001 3622784.188825 2500.0
633941.58495 3623191.4120750003 2500.0
641367.5828 3611906.2650249996 2500.0
641077.4635 3612313.488275 2500.0
640787.3441999999 3612720.7115249997 2500.0
640497.2249 3613127.934775 2500.0
640207.1056 3613535.158025 2500.0
639916.9863 3613942.3812749996 2500.0
639626.867 3614349.604525 2500.0
639336.7477 3614756.8277749997 2500.0
639046.6284 3615164.051025 2500.0
638756.5091 3615571.2742749997 2500.0
638466.3898 3615978.497525 2500.0
638176.2705 3616385.720775 2500.0
637886.1512 3616792.9440249996 2500.0
637596.0319 3617200.167275 2500.0
637305.9126 3617607.3905249997 2500.0
637015.7933 3618014.613775 2500.0
636725.674 3618421.837025 2500.0
636435.5547 3618829.0602749996 2500.0
636145.4354 3619236.283525 2500.0
635855.3160999999 3619643.5067749997 2500.0
635565.1968 3620050.730025 2500.0
635275.0775 3620457.9532749997 2500.0
634984.9582 3620865.176525 2500.0
634694.8389 3621272.399775 2500.0
634404.7196 3621679.6230249996 2500.0
634114.6003 3622086.846275 2500.0
633824.481 3622494.0695249997 2500.0
633534.3617 3622901.292775 2500.0
652362.61055 3619739.486125 3000.0
652072.49125 3620146.709375 3000.0
651782.37195 3620553.932625 3000.0
651492.25265 3620961.155875 3000.0
651202.13335 3621368.379125 3000.0
650912.01405 3621775.602375 3000.0
650621.89475 3622182.825625 3000.0
650331.77545 3622590.048875 3000.0
650041.65615 3622997.272125 3000.0
649751.53685 3623404.495375 3000.0
649461.41755 3623811.718625 3000.0
649171.29825 3624218.941875 3000.0
648881.17895 3624626.165125 3000.0
648591.05965 3625033.388375 3000.0
648300.94035 3625440.611625 3000.0
648010.82105 3625847.834875 3000.0
647720.70175 3626255.058125 3000.0
647430.58245 3626662.281375 3000.0
647140.46315 3627069.504625 3000.0
646850.34385 3627476.727875 3000.0
646560.22455 3627883.951125 3000.0
646270.10525 3628291.174375 3000.0
645979.98595 3628698.397625 3000.0
645689.86665 3629105.620875 3000.0
645399.74735 3629512.844125 3000.0
645109.62805 3629920.067375 3000.0
644819.50875 3630327.290625 3000.0
644529.38945 3630734.513875 3000.0
651955.3873 3619449.366825 3000.0
651665.2679999999 3619856.590075 3000.0
651375.1486999999 3620263.813325 3000.0
651085.0294 3620671.0365750003 3000.0
650794.9101 3621078.259825 3000.0
650504.7908 3621485.483075 3000.0
650214.6714999999 3621892.706325 3000.0
649924.5521999999 3622299.929575 3000.0
649634.4329 3622707.152825 3000.0
649344.3136 3623114.376075 3000.0
649054.1943 3623521.5993250003 3000.0
648764.075 3623928.822575 3000.0
648473.9556999999 3624336.045825 3000.0
648183.8363999999 3624743.269075 3000.0
647893.7171 3625150.492325 3000.0
647603.5978 3625557.7155750003 3000.0
647313.4785 3625964.938825 3000.0
647023.3592 3626372.162075 3000.0
646733.2398999999 3626779.385325 3000.0
646443.1205999999 3627186.608575 3000.0
646153.0013 3627593.8318250002 3000.0
645862.882 3628001.055075 3000.0
645572.7627 3628408.2783250003 3000.0
645282.6434 3628815.501575 3000.0
644992.5240999999 3629222.724825 3000.0
644702.4048 3629629.948075 3000.0
644412.2855 3630037.171325 3000.0
644122.1662 3630444.3945750003 3000.0
651548.16405 3619159.247525 3000.0
651258.04475 3619566.4707750003 3000.0
650967.92545 3619973.694025 3000.0
650677.8061500001 3620380.9172750004 3000.0
650387.68685 3620788.140525 3000.0
650097.56755 3621195.363775 3000.0
649807.44825 3621602.5870250002 3000.0
649517.32895 3622009.810275 3000.0
649227.2096500001 3622417.0335250003 3000.0
648937.0903500001 3622824.256775 3000.0
648646.97105 3623231.4800250004 3000.0
648356.85175 3623638.703275 3000.0
648066.73245 3624045.926525 3000.0
647776.61315 3624453.1497750003 3000.0
647486.4938500001 3624860.373025 3000.0
647196.3745500001 3625267.5962750004 3000.0
646906.25525 3625674.819525 3000.0
646616.13595 3626082.042775 3000.0
646326.01665 3626489.2660250003 3000.0
646035.89735 3626896.489275 3000.0
645745.7780500001 3627303.7125250003 3000.0
645455.6587500001 3627710.935775 3000.0
645165.53945 3628118.1590250004 3000.0
644875.42015 3628525.382275 3000.0
644585.30085 3628932.605525 3000.0
644295.1815500001 3629339.8287750003 3000.0
644005.0622500001 3629747.052025 3000.0
643714.94295 3630154.2752750004 3000.0
651140.9408 3618869.1282249996 3000.0
650850.8215 3619276.351475 3000.0
650560.7021999999 3619683.5747249997 3000.0
650270.5829 3620090.797975 3000.0
649980.4636 3620498.021225 3000.0
649690.3443 3620905.2444749996 3000.0
649400.225 3621312.467725 3000.0
649110.1057 3621719.6909749997 3000.0
648819.9864 3622126.914225 3000.0
648529.8671 3622534.1374749998 3000.0
648239.7478 3622941.360725 3000.0
647949.6285 3623348.583975 3000.0
647659.5092 3623755.8072249996 3000.0
647369.3899 3624163.030475 3000.0
647079.2706 3624570.2537249997 3000.0
646789.1513 3624977.476975 3000.0
646499.032 3625384.700225 3000.0
646208.9127 3625791.9234749996 3000.0
645918.7934 3626199.146725 3000.0
645628.6741 3626606.3699749997 3000.0
645338.5548 3627013.593225 3000.0
645048.4355 3627420.8164749998 3000.0
644758.3162 3627828.039725 3000.0
644468.1969 3628235.262975 3000.0
644178.0776 3628642.4862249997 3000.0
643887.9583 3629049.709475 3000.0
643597.839 3629456.9327249997 3000.0
643307.7197 3629864.155975 3000.0
650733.71755 3618579.0089249997 3000.0
650443.5982499999 3618986.232175 3000.0
650153.4789499999 3619393.455425 3000.0
649863.35965 3619800.678675 3000.0
649573.24035 3620207.901925 3000.0
649283.12105 3620615.1251749997 3000.0
648993.0017499999 3621022.348425 3000.0
648702.8824499999 3621429.571675 3000.0
648412.76315 3621836.794925 3000.0
648122.64385 3622244.018175 3000.0
647832.52455 3622651.241425 3000.0
647542.40525 3623058.464675 3000.0
647252.2859499999 3623465.6879249997 3000.0
646962.1666499999 3623872.911175 3000.0
646672.04735 3624280.134425 3000.0
646381.92805 3624687.357675 3000.0
646091.80875 3625094.580925 3000.0
645801.68945 3625501.8041749997 3000.0
645511.5701499999 3625909.027425 3000.0
645221.4508499999 3626316.250675 3000.0
644931.33155 3626723.473925 3000.0
644641.21225 3627130.697175 3000.0
644351.09295 3627537.920425 3000.0
644060.9736499999 3627945.143675 3000.0
643770.8543499999 3628352.3669249997 3000.0
643480.73505 3628759.590175 3000.0
643190.61575 3629166.813425 3000.0
642900.49645 3629574.036675 3000.0
650326.4943 3618288.889625 3000.0
650036.375 3618696.112875 3000.0
649746.2557 3619103.336125 3000.0
649456.1364000001 3619510.559375 3000.0
649166.0171 3619917.782625 3000.0
648875.8978 3620325.005875 3000.0
648585.7785 3620732.229125 3000.0
648295.6592 3621139.452375 3000.0
648005.5399000001 3621546.675625 3000.0
647715.4206000001 3621953.898875 3000.0
647425.3013 3622361.122125 3000.0
647135.182 3622768.345375 3000.0
646845.0627 3623175.568625 3000.0
646554.9434 3623582.791875 3000.0
646264.8241000001 3623990.015125 3000.0
645974.7048000001 3624397.238375 3000.0
645684.5855 3624804.461625 3000.0
645394.4662 3625211.684875 3000.0
645104.3469 3625618.908125 3000.0
644814.2276 3626026.131375 3000.0
644524.1083000001 3626433.354625 3000.0
644233.9890000001 3626840.577875 3000.0
643943.8697 3627247.801125 3000.0
643653.7504 3627655.024375 3000.0
643363.6311 3628062.247625 3000.0
643073.5118000001 3628469.470875 3000.0
642783.3925000001 3628876.694125 3000.0
642493.2732 3629283.917375 3000.0
649919.27105 3617998.770325 3000.0
649629.15175 3618405.993575 3000.0
649339.0324499999 3618813.216825 3000.0
649048.91315 3619220.4400750003 3000.0
648758.79385 3619627.663325 3000.0
648468.67455 3620034.886575 3000.0
648178.55525 3620442.109825 3000.0
647888.43595 3620849.333075 3000.0
647598.31665 3621256.5563250002 3000.0
647308.19735 3621663.779575 3000.0
647018.07805 3622071.0028250003 3000.0
646727.95875 3622478.226075 3000.0
646437.83945 3622885.449325 3000.0
646147.72015 3623292.672575 3000.0
645857.60085 3623699.895825 3000.0
645567.48155 3624107.1190750003 3000.0
645277.36225 3624514.342325 3000.0
644987.24295 3624921.565575 3000.0
644697.12365 3625328.788825 3000.0
644407.00435 3625736.012075 3000.0
644116.88505 3626143.2353250002 3000.0
643826.76575 3626550.458575 3000.0
643536.64645 3626957.6818250003 3000.0
643246.52715 3627364.905075 3000.0
642956.40785 3627772.128325 3000.0
642666.28855 3628179.351575 3000.0
642376.16925 3628586.574825 3000.0
642086.04995 3628993.7980750003 3000.0
649512.0478 3617708.651025 3000.0
649221.9284999999 3618115.8742750003 3000.0
648931.8091999999 3618523.097525 3000.0
648641.6899 3618930.3207750004 3000.0
648351.5706 3619337.544025 3000.0
648061.4513 3619744.767275 3000.0
647771.3319999999 3620151.9905250003 3000.0
647481.2126999999 3620559.213775 3000.0
647191.0934 3620966.4370250003 3000.0
646900.9741 3621373.660275 3000.0
646610.8548 3621780.8835250004 3000.0
646320.7355 3622188.106775 3000.0
646030.6161999999 3622595.330025 3000.0
645740.4968999999 3623002.5532750003 3000.0
645450.3776 3623409.776525 3000.0
645160.2583 3623816.9997750004 3000.0
644870.139 3624224.223025 3000.0
644580.0197 3624631.446275 3000.0
644289.9003999999 3625038.6695250003 3000.0
643999.7810999999 3625445.892775 3000.0
643709.6618 3625853.1160250003 3000.0
643419.5425 3626260.339275 3000.0
643129.4232 3626667.5625250004 3000.0
642839.3038999999 3627074.785775 3000.0
642549.1845999999 3627482.009025 3000.0
642259.0653 3627889.2322750003 3000.0
641968.946 3628296.455525 3000.0
641678.8267 3628703.6787750004 3000.0
649104.82455 3617418.5317249997 3000.0
648814.70525 3617825.754975 3000.0
648524.58595 3618232.9782249997 3000.0
648234.4666500001 3618640.201475 3000.0
647944.34735 3619047.424725 3000.0
647654.22805 3619454.6479749996 3000.0
647364.10875 3619861.871225 3000.0
647073.98945 3620269.0944749997 3000.0
646783.8701500001 3620676.317725 3000.0
646493.7508500001 3621083.540975 3000.0
646203.63155 3621490.764225 3000.0
645913.51225 3621897.987475 3000.0
645623.39295 3622305.2107249997 3000.0
645333.27365 3622712.433975 3000.0
645043.1543500001 3623119.6572249997 3000.0
644753.0350500001 3623526.880475 3000.0
644462.91575 3623934.103725 3000.0
644172.79645 3624341.3269749996 3000.0
643882.67715 3624748.550225 3000.0
643592.55785 3625155.7734749997 3000.0
643302.4385500001 3625562.996725 3000.0
643012.3192500001 3625970.219975 3000.0
642722.19995 3626377.443225 3000.0
642432.08065 3626784.666475 3000.0
642141.96135 3627191.8897249997 3000.0
641851.8420500001 3627599.112975 3000.0
641561.7227500001 3628006.3362249997 3000.0
641271.60345 3628413.559475 3000.0
648697.6013 3617128.4124249998 3000.0
648407.482 3617535.635675 3000.0
648117.3626999999 3617942.858925 3000.0
647827.2434 3618350.082175 3000.0
647537.1241 3618757.305425 3000.0
647247.0048 3619164.5286749997 3000.0
646956.8855 3619571.751925 3000.0
646666.7662 3619978.975175 3000.0
646376.6469 3620386.198425 3000.0
646086.5276 3620793.421675 3000.0
645796.4083 3621200.644925 3000.0
645506.289 3621607.868175 3000.0
645216.1697 3622015.0914249998 3000.0
644926.0504 3622422.314675 3000.0
644635.9311 3622829.537925 3000.0
644345.8118 3623236.761175 3000.0
644055.6925 3623643.984425 3000.0
643765.5732 3624051.2076749997 3000.0
643475.4539 3624458.430925 3000.0
643185.3346 3624865.654175 3000.0
642895.2153 3625272.877425 3000.0
642605.096 3625680.100675 3000.0
642314.9767 3626087.323925 3000.0
642024.8574 3626494.547175 3000.0
641734.7381 3626901.7704249998 3000.0
641444.6188 3627308.993675 3000.0
641154.4995 3627716.216925 3000.0
640864.3802 3628123.440175 3000.0
648290.3780499999 3616838.293125 3000.0
648000.2587499999 3617245.516375 3000.0
647710.1394499999 3617652.739625 3000.0
647420.02015 3618059.962875 3000.0
647129.90085 3618467.186125 3000.0
646839.78155 3618874.409375 3000.0
646549.6622499999 3619281.632625 3000.0
646259.5429499999 3619688.855875 3000.0
645969.42365 3620096.079125 3000.0
645679.30435 3620503.302375 3000.0
645389.18505 3620910.5256250002 3000.0
645099.06575 3621317.748875 3000.0
644808.9464499999 3621724.972125 3000.0
644518.8271499999 3622132.195375 3000.0
644228.70785 3622539.418625 3000.0
643938.58855 3622946.641875 3000.0
643648.46925 3623353.865125 3000.0
643358.34995 3623761.088375 3000.0
643068.2306499999 3624168.311625 3000.0
642778.1113499999 3624575.534875 3000.0
642487.99205 3624982.758125 3000.0
642197.87275 3625389.981375 3000.0
641907.75345 3625797.2046250002 3000.0
641617.6341499999 3626204.427875 3000.0
641327.5148499999 3626611.651125 3000.0
641037.39555 3627018.874375 3000.0
640747.27625 3627426.097625 3000.0
640457.15695 3627833.320875 3000.0
647883.1548 3616548.173825 3000.0
647593.0355 3616955.397075 3000.0
647302.9162 3617362.620325 3000.0
647012.7969000001 3617769.8435750003 3000.0
646722.6776 3618177.066825 3000.0
646432.5583 3618584.290075 3000.0
646142.439 3618991.513325 3000.0
645852.3197 3619398.736575 3000.0
645562.2004000001 3619805.9598250003 3000.0
645272.0811000001 3620213.183075 3000.0
644981.9618 3620620.4063250003 3000.0
644691.8425 3621027.629575 3000.0
644401.7232 3621434.852825 3000.0
644111.6039 3621842.076075 3000.0
643821.4846000001 3622249.299325 3000.0
643531.3653000001 3622656.5225750003 3000.0
643241.246 3623063.745825 3000.0
642951.1267 3623470.969075 3000.0
642661.0074 3623878.192325 3000.0
642370.8881 3624285.415575 3000.0
642080.7688000001 3624692.6388250003 3000.0
641790.6495 3625099.862075 3000.0
641500.5302 3625507.0853250003 3000.0
641210.4109 3625914.308575 3000.0
640920.2916 3626321.531825 3000.0
640630.1723000001 3626728.755075 3000.0
640340.0530000001 3627135.978325 3000.0
640049.9337 3627543.2015750003 3000.0
647475.93155 3616258.054525 3000.0
647185.81225 3616665.2777750003 3000.0
646895.6929499999 3617072.501025 3000.0
646605.57365 3617479.7242750004 3000.0
646315.45435 3617886.947525 3000.0
646025.33505 3618294.170775 3000.0
645735.21575 3618701.3940250003 3000.0
645445.09645 3619108.617275 3000.0
645154.97715 3619515.8405250004 3000.0
644864.85785 3619923.063775 3000.0
644574.73855 3620330.2870250004 3000.0
644284.61925 3620737.5102750002 3000.0
643994.49995 3621144.733525 3000.0
643704.38065 3621551.9567750003 3000.0
643414.26135 3621959.180025 3000.0
643124.14205 3622366.4032750004 3000.0
642834.02275 3622773.626525 3000.0
642543.90345 3623180.849775 3000.0
642253.78415 3623588.0730250003 3000.0
641963.66485 3623995.296275 3000.0
641673.54555 3624402.5195250004 3000.0
641383.42625 3624809.742775 3000.0
641093.30695 3625216.9660250004 3000.0
640803.18765 3625624.1892750002 3000.0
640513.06835 3626031.412525 3000.0
640222.94905 3626438.6357750003 3000.0
639932.82975 3626845.859025 3000.0
639642.71045 3627253.0822750004 3000.0
647068.7082999999 3615967.9352249997 3000.0
646778.5889999999 3616375.158475 3000.0
646488.4696999999 3616782.3817249998 3000.0
646198.3504 3617189.604975 3000.0
645908.2311 3617596.828225 3000.0
645618.1118 3618004.0514749996 3000.0
645327.9924999999 3618411.274725 3000.0
645037.8731999999 3618818.4979749997 3000.0
644747.7539 3619225.721225 3000.0
644457.6346 3619632.944475 3000.0
644167.5153 3620040.167725 3000.0
643877.396 3620447.390975 3000.0
643587.2766999999 3620854.6142249997 3000.0
643297.1573999999 3621261.837475 3000.0
643007.0381 3621669.0607249998 3000.0
642716.9188 3622076.283975 3000.0
642426.7995 3622483.507225 3000.0
642136.6802 3622890.7304749996 3000.0
641846.5608999999 3623297.953725 3000.0
641556.4415999999 3623705.1769749997 3000.0
641266.3223 3624112.400225 3000.0
640976.203 3624519.623475 3000.0
640686.0837 3624926.846725 3000.0
640395.9643999999 3625334.069975 3000.0
640105.8450999999 3625741.2932249997 3000.0
639815.7258 3626148.516475 3000.0
639525.6065 3626555.7397249998 3000.0
639235.4872 3626962.962975 3000.0
646661.48505 3615677.815925 3000.0
646371.36575 3616085.039175 3000.0
646081.24645 3616492.262425 3000.0
645791.1271500001 3616899.485675 3000.0
645501.00785 3617306.708925 3000.0
645210.88855 3617713.9321749997 3000.0
644920.76925 3618121.155425 3000.0
644630.64995 3618528.378675 3000.0
644340.5306500001 3618935.601925 3000.0
644050.4113500001 3619342.825175 3000.0
643760.29205 3619750.048425 3000.0
643470.17275 3620157.271675 3000.0
643180.05345 3620564.494925 3000.0
642889.93415 3620971.718175 3000.0
642599.8148500001 3621378.941425 3000.0
642309.6955500001 3621786.164675 3000.0
642019.57625 3622193.387925 3000.0
641729.45695 3622600.6111749997 3000.0
641439.33765 3623007.834425 3000.0
641149.21835 3623415.057675 3000.0
640859.0990500001 3623822.280925 3000.0
640568.97975 3624229.504175 3000.0
640278.86045 3624636.727425 3000.0
639988.74115 3625043.950675 3000.0
639698.62185 3625451.173925 3000.0
639408.5025500001 3625858.397175 3000.0
639118.3832500001 3626265.620425 3000.0
638828.26395 3626672.843675 3000.0
646254.2618 3615387.696625 3000.0
645964.1425 3615794.919875 3000.0
645674.0231999999 3616202.143125 3000.0
645383.9039 3616609.366375 3000.0
645093.7846 3617016.589625 3000.0
644803.6653 3617423.812875 3000.0
644513.546 3617831.036125 3000.0
644223.4267 3618238.259375 3000.0
643933.3074 3618645.482625 3000.0
643643.1881 3619052.705875 3000.0
643353.0688 3619459.9291250003 3000.0
643062.9495 3619867.152375 3000.0
642772.8302 3620274.375625 3000.0
642482.7109 3620681.598875 3000.0
642192.5916 3621088.822125 3000.0
641902.4723 3621496.045375 3000.0
641612.353 3621903.268625 3000.0
641322.2337 3622310.491875 3000.0
641032.1144 3622717.715125 3000.0
640741.9951 3623124.938375 3000.0
640451.8758 3623532.161625 3000.0
640161.7565 3623939.384875 3000.0
639871.6372 3624346.6081250003 3000.0
639581.5179 3624753.831375 3000.0
639291.3986 3625161.054625 3000.0
639001.2793 3625568.277875 3000.0
638711.16 3625975.501125 3000.0
638421.0407 3626382.724375 3000.0
645847.0385499999 3615097.577325 3000.0
645556.9192499999 3615504.8005750002 3000.0
645266.7999499999 3615912.023825 3000.0
644976.68065 3616319.2470750003 3000.0
644686.56135 3616726.470325 3000.0
644396.44205 3617133.693575 3000.0
644106.3227499999 3617540.916825 3000.0
643816.2034499999 3617948.140075 3000.0
643526.08415 3618355.3633250003 3000.0
643235.96485 3618762.586575 3000.0
642945.84555 3619169.8098250004 3000.0
642655.72625 3619577.033075 3000.0
642365.6069499999 3619984.256325 3000.0
642075.4876499999 3620391.4795750002 3000.0
641785.36835 3620798.702825 3000.0
641495.24905 3621205.9260750003 3000.0
641205.12975 3621613.149325 3000.0
640915.01045 3622020.372575 3000.0
640624.8911499999 3622427.595825 3000.0
640334.7718499999 3622834.819075 3000.0
640044.65255 3623242.0423250003 3000.0
639754.53325 3623649.265575 3000.0
639464.41395 3624056.4888250004 3000.0
639174.2946499999 3624463.712075 3000.0
638884.1753499999 3624870.935325 3000.0
638594.05605 3625278.1585750002 3000.0
638303.93675 3625685.381825 3000.0
638013.81745 3626092.6050750003 3000.0
645439.8153 3614807.4580249996 3000.0
645149.696 3615214.681275 3000.0
644859.5767 3615621.9045249997 3000.0
644569.4574000001 3616029.127775 3000.0
644279.3381 3616436.3510249997 3000.0
643989.2188 3616843.5742749996 3000.0
643699.0995 3617250.797525 3000.0
643408.9802 3617658.0207749996 3000.0
643118.8609000001 3618065.244025 3000.0
642828.7416000001 3618472.4672749997 3000.0
642538.6223 3618879.690525 3000.0
642248.503 3619286.913775 3000.0
641958.3837 3619694.1370249996 3000.0
641668.2644 3620101.360275 3000.0
641378.1451000001 3620508.5835249997 3000.0
641088.0258000001 3620915.806775 3000.0
640797.9065 3621323.0300249998 3000.0
640507.7872 3621730.2532749996 3000.0
640217.6679 3622137.476525 3000.0
639927.5486 3622544.6997749996 3000.0
639637.4293000001 3622951.923025 3000.0
639347.31 3623359.1462749997 3000.0
639057.1907 3623766.369525 3000.0
638767.0714 3624173.592775 3000.0
638476.9521 3624580.8160249996 3000.0
638186.8328000001 3624988.039275 3000.0
637896.7135000001 3625395.2625249997 3000.0
637606.5942 3625802.485775 3000.0
645032.59205 3614517.3387249997 3000.0
644742.47275 3614924.561975 3000.0
644452.3534499999 3615331.7852249998 3000.0
644162.23415 3615739.008475 3000.0
643872.11485 3616146.231725 3000.0
643581.99555 3616553.4549749997 3000.0
643291.87625 3616960.678225 3000.0
643001.75695 3617367.9014749997 3000.0
642711.63765 3617775.124725 3000.0
642421.51835 3618182.347975 3000.0
642131.39905 3618589.571225 3000.0
641841.27975 3618996.794475 3000.0
641551.16045 3619404.0177249997 3000.0
641261.04115 3619811.240975 3000.0
640970.92185 3620218.464225 3000.0
640680.80255 3620625.687475 3000.0
640390.68325 3621032.910725 3000.0
640100.56395 3621440.1339749997 3000.0
639810.44465 3621847.357225 3000.0
639520.3253499999 3622254.5804749997 3000.0
639230.20605 3622661.803725 3000.0
638940.08675 3623069.026975 3000.0
638649.96745 3623476.250225 3000.0
638359.84815 3623883.473475 3000.0
638069.72885 3624290.6967249997 3000.0
637779.60955 3624697.919975 3000.0
637489.49025 3625105.143225 3000.0
637199.37095 3625512.366475 3000.0
644625.3687999999 3614227.219425 3000.0
644335.2494999999 3614634.442675 3000.0
644045.1301999999 3615041.665925 3000.0
643755.0109 3615448.889175 3000.0
643464.8916 3615856.112425 3000.0
643174.7723 3616263.3356749997 3000.0
642884.6529999999 3616670.558925 3000.0
642594.5336999999 3617077.782175 3000.0
642304.4144 3617485.005425 3000.0
642014.2951 3617892.228675 3000.0
641724.1758 3618299.451925 3000.0
641434.0565 3618706.675175 3000.0
641143.9371999999 3619113.898425 3000.0
640853.8178999999 3619521.121675 3000.0
640563.6986 3619928.344925 3000.0
640273.5793 3620335.568175 3000.0
639983.46 3620742.791425 3000.0
639693.3407 3621150.0146749998 3000.0
639403.2213999999 3621557.237925 3000.0
639113.1020999999 3621964.461175 3000.0
638822.9828 3622371.684425 3000.0
638532.8635 3622778.907675 3000.0
638242.7442 3623186.130925 3000.0
637952.6248999999 3623593.354175 3000.0
637662.5055999999 3624000.577425 3000.0
637372.3863 3624407.800675 3000.0
637082.267 3624815.023925 3000.0
636792.1477 3625222.247175 3000.0
644218.14555 3613937.100125 3000.0
643928.02625 3614344.323375 3000.0
643637.90695 3614751.546625 3000.0
643347.7876500001 3615158.769875 3000.0
643057.66835 3615565.993125 3000.0
642767.54905 3615973.216375 3000.0
642477.42975 3616380.439625 3000.0
642187.31045 3616787.662875 3000.0
641897.1911500001 3617194.886125 3000.0
641607.0718500001 3617602.109375 3000.0
641316.95255 3618009.3326250003 3000.0
641026.83325 3618416.555875 3000.0
640736.71395 3618823.779125 3000.0
640446.59465 3619231.002375 3000.0
640156.4753500001 3619638.225625 3000.0
639866.3560500001 3620045.4488750002 3000.0
639576.23675 3620452.672125 3000.0
639286.11745 3620859.895375 3000.0
638995.99815 3621267.118625 3000.0
638705.87885 3621674.341875 3000.0
638415.7595500001 3622081.565125 3000.0
638125.64025 3622488.788375 3000.0
637835.52095 3622896.0116250003 3000.0
637545.40165 3623303.234875 3000.0
637255.28235 3623710.458125 3000.0
636965.1630500001 3624117.681375 3000.0
636675.0437500001 3624524.904625 3000.0
636384.92445 3624932.1278750002 3000.0
643810.9223 3613646.980825 3000.0
643520.803 3614054.2040750002 3000.0
643230.6836999999 3614461.427325 3000.0
642940.5644 3614868.6505750003 3000.0
642650.4451 3615275.873825 3000.0
642360.3258 3615683.097075 3000.0
642070.2065 3616090.320325 3000.0
641780.0872 3616497.543575 3000.0
641489.9679 3616904.7668250003 3000.0
641199.8486 3617311.990075 3000.0
640909.7293 3617719.2133250004 3000.0
640619.61 3618126.436575 3000.0
640329.4907 3618533.659825 3000.0
640039.3714 3618940.8830750003 3000.0
639749.2521 3619348.106325 3000.0
639459.1328 3619755.3295750003 3000.0
639169.0135 3620162.552825 3000.0
638878.8942 3620569.776075 3000.0
638588.7749 3620976.999325 3000.0
638298.6555999999 3621384.222575 3000.0
638008.5363 3621791.4458250003 3000.0
637718.417 3622198.669075 3000.0
637428.2977 3622605.8923250004 3000.0
637138.1784 3623013.115575 3000.0
636848.0591 3623420.338825 3000.0
636557.9398 3623827.5620750003 3000.0
636267.8205 3624234.785325 3000.0
635977.7012 3624642.0085750003 3000.0
643403.6990499999 3613356.8615249996 3000.0
643113.5797499999 3613764.084775 3000.0
642823.4604499999 3614171.3080249997 3000.0
642533.34115 3614578.531275 3000.0
642243.22185 3614985.7545249998 3000.0
641953.10255 3615392.9777749996 3000.0
641662.9832499999 3615800.201025 3000.0
641372.8639499999 3616207.4242749996 3000.0
641082.74465 3616614.647525 3000.0
640792.62535 3617021.8707749997 3000.0
640502.50605 3617429.094025 3000.0
640212.38675 3617836.317275 3000.0
639922.2674499999 3618243.5405249996 3000.0
639632.1481499999 3618650.763775 3000.0
639342.02885 3619057.9870249997 3000.0
639051.90955 3619465.210275 3000.0
638761.79025 3619872.433525 3000.0
638471.6709499999 3620279.6567749996 3000.0
638181.5516499999 3620686.880025 3000.0
637891.4323499999 3621094.1032749997 3000.0
637601.31305 3621501.326525 3000.0
637311.19375 3621908.5497749997 3000.0
637021.07445 3622315.773025 3000.0
636730.9551499999 3622722.996275 3000.0
636440.8358499999 3623130.2195249996 3000.0
636150.71655 3623537.442775 3000.0
635860.59725 3623944.6660249997 3000.0
635570.47795 3624351.889275 3000.0
642996.4758 3613066.7422249997 3000.0
642706.3565 3613473.965475 3000.0
642416.2372 3613881.188725 3000.0
642126.1179000001 3614288.411975 3000.0
641835.9986 3614695.635225 3000.0
641545.8793 3615102.8584749997 3000.0
641255.76 3615510.081725 3000.0
640965.6407 3615917.3049749997 3000.0
640675.5214000001 3616324.528225 3000.0
640385.4021000001 3616731.751475 3000.0
640095.2828 3617138.974725 3000.0
639805.1635 3617546.197975 3000.0
639515.0442 3617953.4212249997 3000.0
639224.9249 3618360.644475 3000.0
638934.8056000001 3618767.867725 3000.0
638644.6863000001 3619175.090975 3000.0
638354.567 3619582.314225 3000.0
638064.4477 3619989.5374749997 3000.0
637774.3284 3620396.760725 3000.0
637484.2091 3620803.9839749997 3000.0
637194.0898000001 3621211.207225 3000.0
636903.9705 3621618.430475 3000.0
636613.8512 3622025.653725 3000.0
636323.7319 3622432.876975 3000.0
636033.6126 3622840.1002249997 3000.0
635743.4933000001 3623247.323475 3000.0
635453.3740000001 3623654.546725 3000.0
635163.2547 3624061.769975 3000.0
642589.25255 3612776.622925 3000.0
642299.13325 3613183.846175 3000.0
642009.0139499999 3613591.069425 3000.0
641718.89465 3613998.292675 3000.0
641428.77535 3614405.515925 3000.0
641138.65605 3614812.7391749998 3000.0
640848.53675 3615219.962425 3000.0
640558.41745 3615627.185675 3000.0
640268.29815 3616034.408925 3000.0
639978.17885 3616441.632175 3000.0
639688.05955 3616848.855425 3000.0
639397.94025 3617256.078675 3000.0
639107.82095 3617663.301925 3000.0
638817.70165 3618070.525175 3000.0
638527.58235 3618477.748425 3000.0
638237.46305 3618884.971675 3000.0
637947.34375 3619292.194925 3000.0
637657.22445 3619699.4181749998 3000.0
637367.10515 3620106.641425 3000.0
637076.9858499999 3620513.864675 3000.0
636786.86655 3620921.087925 3000.0
636496.74725 3621328.311175 3000.0
636206.62795 3621735.534425 3000.0
635916.50865 3622142.757675 3000.0
635626.38935 3622549.980925 3000.0
635336.27005 3622957.204175 3000.0
635046.15075 3623364.427425 3000.0
634756.03145 3623771.650675 3000.0
642182.0292999999 3612486.503625 3000.0
641891.9099999999 3612893.726875 3000.0
641601.7906999999 3613300.950125 3000.0
641311.6714 3613708.1733750002 3000.0
641021.5521 3614115.396625 3000.0
640731.4328 3614522.619875 3000.0
640441.3134999999 3614929.843125 3000.0
640151.1941999999 3615337.066375 3000.0
639861.0749 3615744.289625 3000.0
639570.9556 3616151.512875 3000.0
639280.8363 3616558.7361250003 3000.0
638990.717 3616965.959375 3000.0
638700.5976999999 3617373.182625 3000.0
638410.4783999999 3617780.405875 3000.0
638120.3591 3618187.629125 3000.0
637830.2398 3618594.8523750002 3000.0
637540.1205 3619002.075625 3000.0
637250.0011999999 3619409.298875 3000.0
636959.8818999999 3619816.522125 3000.0
636669.7625999999 3620223.745375 3000.0
636379.6433 3620630.968625 3000.0
636089.524 3621038.191875 3000.0
635799.4047 3621445.4151250003 3000.0
635509.2853999999 3621852.638375 3000.0
635219.1660999999 3622259.861625 3000.0
634929.0468 3622667.084875 3000.0
634638.9275 3623074.308125 3000.0
634348.8082 3623481.5313750003 3000.0
641774.80605 3612196.384325 3000.0
641484.68675 3612603.6075750003 3000.0
641194.56745 3613010.830825 3000.0
640904.4481500001 3613418.0540750003 3000.0
640614.32885 3613825.277325 3000.0
640324.20955 3614232.500575 3000.0
640034.09025 3614639.723825 3000.0
639743.97095 3615046.947075 3000.0
639453.8516500001 3615454.1703250003 3000.0
639163.7323500001 3615861.393575 3000.0
638873.61305 3616268.6168250004 3000.0
638583.49375 3616675.840075 3000.0
638293.37445 3617083.063325 3000.0
638003.25515 3617490.2865750003 3000.0
637713.1358500001 3617897.509825 3000.0
637423.0165500001 3618304.7330750003 3000.0
637132.89725 3618711.956325 3000.0
636842.77795 3619119.179575 3000.0
636552.65865 3619526.402825 3000.0
636262.53935 3619933.626075 3000.0
635972.4200500001 3620340.8493250003 3000.0
635682.30075 3620748.072575 3000.0
635392.18145 3621155.2958250004 3000.0
635102.06215 3621562.519075 3000.0
634811.94285 3621969.742325 3000.0
634521.8235500001 3622376.9655750003 3000.0
634231.7042500001 3622784.188825 3000.0
633941.58495 3623191.4120750003 3000.0
641367.5828 3611906.2650249996 3000.0
641077.4635 3612313.488275 3000.0
640787.3441999999 3612720.7115249997 3000.0
640497.2249 3613127.934775 3000.0
640207.1056 3613535.158025 3000.0
639916.9863 3613942.3812749996 3000.0
639626.867 3614349.604525 3000.0
639336.7477 3614756.8277749997 3000.0
639046.6284 3615164.051025 3000.0
638756.5091 3615571.2742749997 3000.0
638466.3898 3615978.497525 3000.0
638176.2705 3616385.720775 3000.0
637886.1512 3616792.9440249996 3000.0
637596.0319 3617200.167275 3000.0
637305.9126 3617607.3905249997 3000.0
637015.7933 3618014.613775 3000.0
636725.674 3618421.837025 3000.0
636435.5547 3618829.0602749996 3000.0
636145.4354 3619236.283525 3000.0
635855.3160999999 3619643.5067749997 3000.0
635565.1968 3620050.730025 3000.0
635275.0775 3620457.9532749997 3000.0
634984.9582 3620865.176525 3000.0
634694.8389 3621272.399775 3000.0
634404.7196 3621679.6230249996 3000.0
634114.6003 3622086.846275 3000.0
633824.481 3622494.0695249997 3000.0
633534.3617 3622901.292775 3000.0
652362.61055 3619739.486125 3500.0
652072.49125 3620146.709375 3500.0
651782.37195 3620553.932625 3500.0
651492.25265 3620961.155875 3500.0
651202.13335 3621368.379125 3500.0
650912.01405 3621775.602375 3500.0
650621.89475 3622182.825625 3500.0
650331.77545 3622590.048875 3500.0
650041.65615 3622997.272125 3500.0
649751.53685 3623404.495375 3500.0
649461.41755 3623811.718625 3500.0
649171.29825 3624218.941875 3500.0
648881.17895 3624626.165125 3500.0
648591.05965 3625033.388375 3500.0
648300.94035 3625440.611625 3500.0
648010.82105 3625847.834875 3500.0
647720.70175 3626255.058125 3500.0
647430.58245 3626662.281375 3500.0
647140.46315 3627069.504625 3500.0
646850.34385 3627476.727875 3500.0
646560.22455 3627883.951125 3500.0
646270.10525 3628291.174375 3500.0
645979.98595 3628698.397625 3500.0
645689.86665 3629105.620875 3500.0
645399.74735 3629512.844125 3500.0
645109.62805 3629920.067375 3500.0
644819.50875 3630327.290625 3500.0
644529.38945 3630734.513875 3500.0
651955.3873 3619449.366825 3500.0
651665.2679999999 3619856.590075 3500.0
651375.1486999999 3620263.813325 3500.0
651085.0294 3620671.0365750003 3500.0
650794.9101 3621078.259825 3500.0
650504.7908 3621485.483075 3500.0
650214.6714999999 3621892.706325 3500.0
649924.5521999999 3622299.929575 3500.0
649634.4329 3622707.152825 3500.0
649344.3136 3623114.376075 3500.0
649054.1943 3623521.5993250003 3500.0
648764.075 3623928.822575 3500.0
648473.9556999999 3624336.045825 3500.0
648183.8363999999 3624743.269075 3500.0
647893.7171 3625150.492325 3500.0
647603.5978 3625557.7155750003 3500.0
647313.4785 3625964.938825 3500.0
647023.3592 3626372.162075 3500.0
646733.2398999999 3626779.385325 3500.0
646443.1205999999 3627186.608575 3500.0
646153.0013 3627593.8318250002 3500.0
645862.882 3628001.055075 3500.0
645572.7627 3628408.2783250003 3500.0
645282.6434 3628815.501575 3500.0
644992.5240999999 3629222.724825 3500.0
644702.4048 3629629.948075 3500.0
644412.2855 3630037.171325 3500.0
644122.1662 3630444.3945750003 3500.0
651548.16405 3619159.247525 3500.0
651258.04475 3619566.4707750003 3500.0
650967.92545 3619973.694025 3500.0
650677.8061500001 3620380.9172750004 3500.0
650387.68685 3620788.140525 3500.0
650097.56755 3621195.363775 3500.0
649807.44825 3621602.5870250002 3500.0
649517.32895 3622009.810275 3500.0
649227.2096500001 3622417.0335250003 3500.0
648937.0903500001 3622824.256775 3500.0
648646.97105 3623231.4800250004 3500.0
648356.85175 3623638.703275 3500.0
648066.73245 3624045.926525 3500.0
647776.61315 3624453.1497750003 3500.0
647486.4938500001 3624860.373025 3500.0
647196.3745500001 3625267.5962750004 3500.0
646906.25525 3625674.819525 3500.0
646616.13595 3626082.042775 3500.0
646326.01665 3626489.2660250003 3500.0
646035.89735 3626896.489275 3500.0
645745.7780500001 3627303.7125250003 3500.0
645455.6587500001 3627710.935775 3500.0
645165.53945 3628118.1590250004 3500.0
644875.42015 3628525.382275 3500.0
644585.30085 3628932.605525 3500.0
644295.1815500001 3629339.8287750003 3500.0
644005.0622500001 3629747.052025 3500.0
643714.94295 3630154.2752750004 3500.0
651140.9408 3618869.1282249996 3500.0
650850.8215 3619276.351475 3500.0
650560.7021999999 3619683.5747249997 3500.0
650270.5829 3620090.797975 3500.0
649980.4636 3620498.021225 3500.0
649690.3443 3620905.2444749996 3500.0
649400.225 3621312.467725 3500.0
649110.1057 3621719.6909749997 3500.0
648819.9864 3622126.914225 3500.0
648529.8671 3622534.1374749998 3500.0
648239.7478 3622941.360725 3500.0
647949.6285 3623348.583975 3500.0
647659.5092 3623755.8072249996 3500.0
647369.3899 3624163.030475 3500.0
647079.2706 3624570.2537249997 3500.0
646789.1513 3624977.476975 3500.0
646499.032 3625384.700225 3500.0
646208.9127 3625791.9234749996 3500.0
645918.7934 3626199.146725 3500.0
645628.6741 3626606.3699749997 3500.0
645338.5548 3627013.593225 3500.0
645048.4355 3627420.8164749998 3500.0
644758.3162 3627828.039725 3500.0
644468.1969 3628235.262975 3500.0
644178.0776 3628642.4862249997 3500.0
643887.9583 3629049.709475 3500.0
643597.839 3629456.9327249997 3500.0
643307.7197 3629864.155975 3500.0
650733.71755 3618579.0089249997 3500.0
650443.5982499999 3618986.232175 3500.0
650153.4789499999 3619393.455425 3500.0
649863.35965 3619800.678675 3500.0
649573.24035 3620207.901925 3500.0
649283.12105 3620615.1251749997 3500.0
648993.0017499999 3621022.348425 3500.0
648702.8824499999 3621429.571675 3500.0
648412.76315 3621836.794925 3500.0
648122.64385 3622244.018175 3500.0
647832.52455 3622651.241425 3500.0
647542.40525 3623058.464675 3500.0
647252.2859499999 3623465.6879249997 3500.0
646962.1666499999 3623872.911175 3500.0
646672.04735 3624280.134425 3500.0
646381.92805 3624687.357675 3500.0
646091.80875 3625094.580925 3500.0
645801.68945 3625501.8041749997 3500.0
645511.5701499999 3625909.027425 3500.0
645221.4508499999 3626316.250675 3500.0
644931.33155 3626723.473925 3500.0
644641.21225 3627130.697175 3500.0
644351.09295 3627537.920425 3500.0
644060.9736499999 3627945.143675 3500.0
643770.8543499999 3628352.3669249997 3500.0
643480.73505 3628759.590175 3500.0
643190.61575 3629166.813425 3500.0
642900.49645 3629574.036675 3500.0
650326.4943 3618288.889625 3500.0
650036.375 3618696.112875 3500.0
649746.2557 3619103.336125 3500.0
649456.1364000001 3619510.559375 3500.0
649166.0171 3619917.782625 3500.0
648875.8978 3620325.005875 3500.0
648585.7785 3620732.229125 3500.0
648295.6592 3621139.452375 3500.0
648005.5399000001 3621546.675625 3500.0
647715.4206000001 3621953.898875 3500.0
647425.3013 3622361.122125 3500.0
647135.182 3622768.345375 3500.0
646845.0627 3623175.568625 3500.0
646554.9434 3623582.791875 3500.0
646264.8241000001 3623990.015125 3500.0
645974.7048000001 3624397.238375 3500.0
645684.5855 3624804.461625 3500.0
645394.4662 3625211.684875 3500.0
645104.3469 3625618.908125 3500.0
644814.2276 3626026.131375 3500.0
644524.1083000001 3626433.354625 3500.0
644233.9890000001 3626840.577875 3500.0
643943.8697 3627247.801125 3500.0
643653.7504 3627655.024375 3500.0
643363.6311 3628062.247625 3500.0
643073.5118000001 3628469.470875 3500.0
642783.3925000001 3628876.694125 3500.0
642493.2732 3629283.917375 3500.0
649919.27105 3617998.770325 3500.0
649629.15175 3618405.993575 3500.0
649339.0324499999 3618813.216825 3500.0
649048.91315 3619220.4400750003 3500.0
648758.79385 3619627.663325 3500.0
648468.67455 3620034.886575 3500.0
648178.55525 3620442.109825 3500.0
647888.43595 3620849.333075 3500.0
647598.31665 3621256.5563250002 3500.0
647308.19735 3621663.779575 3500.0
647018.07805 3622071.0028250003 3500.0
646727.95875 3622478.226075 3500.0
646437.83945 3622885.449325 3500.0
646147.72015 3623292.672575 3500.0
645857.60085 3623699.895825 3500.0
645567.48155 3624107.1190750003 3500.0
645277.36225 3624514.342325 3500.0
644987.24295 3624921.565575 3500.0
644697.12365 3625328.788825 3500.0
644407.00435 3625736.012075 3500.0
644116.88505 3626143.2353250002 3500.0
643826.76575 3626550.458575 3500.0
643536.64645 3626957.6818250003 3500.0
643246.52715 3627364.905075 3500.0
642956.40785 3627772.128325 3500.0
642666.28855 3628179.351575 3500.0
642376.16925 3628586.574825 3500.0
642086.04995 3628993.7980750003 3500.0
649512.0478 3617708.651025 3500.0
649221.9284999999 3618115.8742750003 3500.0
648931.8091999999 3618523.097525 3500.0
648641.6899 3618930.3207750004 3500.0
648351.5706 3619337.544025 3500.0
648061.4513 3619744.767275 3500.0
647771.3319999999 3620151.9905250003 3500.0
647481.2126999999 3620559.213775 3500.0
647191.0934 3620966.4370250003 3500.0
646900.9741 3621373.660275 3500.0
646610.8548 3621780.8835250004 3500.0
646320.7355 3622188.106775 3500.0
646030.6161999999 3622595.330025 3500.0
645740.4968999999 3623002.5532750003 3500.0
645450.3776 3623409.776525 3500.0
645160.2583 3623816.9997750004 3500.0
644870.139 3624224.223025 3500.0
644580.0197 3624631.446275 3500.0
644289.9003999999 3625038.6695250003 3500.0
643999.7810999999 3625445.892775 3500.0
643709.6618 3625853.1160250003 3500.0
643419.5425 3626260.339275 3500.0
643129.4232 3626667.5625250004 3500.0
642839.3038999999 3627074.785775 3500.0
642549.1845999999 3627482.009025 3500.0
642259.0653 3627889.2322750003 3500.0
641968.946 3628296.455525 3500.0
641678.8267 3628703.6787750004 3500.0
649104.82455 3617418.5317249997 3500.0
648814.70525 3617825.754975 3500.0
648524.58595 3618232.9782249997 3500.0
648234.4666500001 3618640.201475 3500.0
647944.34735 3619047.424725 3500.0
647654.22805 3619454.6479749996 3500.0
647364.10875 3619861.871225 3500.0
647073.98945 3620269.0944749997 3500.0
646783.8701500001 3620676.317725 3500.0
646493.7508500001 3621083.540975 3500.0
646203.63155 3621490.764225 3500.0
645913.51225 3621897.987475 3500.0
645623.39295 3622305.2107249997 3500.0
645333.27365 3622712.433975 3500.0
645043.1543500001 3623119.6572249997 3500.0
644753.0350500001 3623526.880475 3500.0
644462.91575 3623934.103725 3500.0
644172.79645 3624341.3269749996 3500.0
643882.67715 3624748.550225 3500.0
643592.55785 3625155.7734749997 3500.0
643302.4385500001 3625562.996725 3500.0
643012.3192500001 3625970.219975 3500.0
642722.19995 3626377.443225 3500.0
642432.08065 3626784.666475 3500.0
642141.96135 3627191.8897249997 3500.0
641851.8420500001 3627599.112975 3500.0
641561.7227500001 3628006.3362249997 3500.0
641271.60345 3628413.559475 3500.0
648697.6013 3617128.4124249998 3500.0
648407.482 3617535.635675 3500.0
648117.3626999999 3617942.858925 3500.0
647827.2434 3618350.082175 3500.0
647537.1241 3618757.305425 3500.0
647247.0048 3619164.5286749997 3500.0
646956.8855 3619571.751925 3500.0
646666.7662 3619978.975175 3500.0
646376.6469 3620386.198425 3500.0
646086.5276 3620793.421675 3500.0
645796.4083 3621200.644925 3500.0
645506.289 3621607.868175 3500.0
645216.1697 3622015.0914249998 3500.0
644926.0504 3622422.314675 3500.0
644635.9311 3622829.537925 3500.0
644345.8118 3623236.761175 3500.0
644055.6925 3623643.984425 3500.0
643765.5732 3624051.2076749997 3500.0
643475.4539 3624458.430925 3500.0
643185.3346 3624865.654175 3500.0
642895.2153 3625272.877425 3500.0
642605.096 3625680.100675 3500.0
642314.9767 3626087.323925 3500.0
642024.8574 3626494.547175 3500.0
641734.7381 3626901.7704249998 3500.0
641444.6188 3627308.993675 3500.0
641154.4995 3627716.216925 3500.0
640864.3802 3628123.440175 3500.0
648290.3780499999 3616838.293125 3500.0
648000.2587499999 3617245.516375 3500.0
647710.1394499999 3617652.739625 3500.0
647420.02015 3618059.962875 3500.0
647129.90085 3618467.186125 3500.0
646839.78155 3618874.409375 3500.0
646549.6622499999 3619281.632625 3500.0
646259.5429499999 3619688.855875 3500.0
645969.42365 3620096.079125 3500.0
645679.30435 3620503.302375 3500.0
645389.18505 3620910.5256250002 3500.0
645099.06575 3621317.748875 3500.0
644808.9464499999 3621724.972125 3500.0
644518.8271499999 3622132.195375 3500.0
644228.70785 3622539.418625 3500.0
643938.58855 3622946.641875 3500.0
643648.46925 3623353.865125 3500.0
643358.34995 3623761.088375 3500.0
643068.2306499999 3624168.311625 3500.0
642778.1113499999 3624575.534875 3500.0
642487.99205 3624982.758125 3500.0
642197.87275 3625389.981375 3500.0
641907.75345 3625797.2046250002 3500.0
641617.6341499999 3626204.427875 3500.0
641327.5148499999 3626611.651125 3500.0
641037.39555 3627018.874375 3500.0
640747.27625 3627426.097625 3500.0
640457.15695 3627833.320875 3500.0
647883.1548 3616548.173825 3500.0
647593.0355 3616955.397075 3500.0
647302.9162 3617362.620325 3500.0
647012.7969000001 3617769.8435750003 3500.0
646722.6776 3618177.066825 3500.0
646432.5583 3618584.290075 3500.0
646142.439 3618991.513325 3500.0
645852.3197 3619398.736575 3500.0
645562.2004000001 3619805.9598250003 3500.0
645272.0811000001 3620213.183075 3500.0
644981.9618 3620620.4063250003 3500.0
644691.8425 3621027.629575 3500.0
644401.7232 3621434.852825 3500.0
644111.6039 3621842.076075 3500.0
643821.4846000001 3622249.299325 3500.0
643531.3653000001 3622656.5225750003 3500.0
643241.246 3623063.745825 3500.0
642951.1267 3623470.969075 3500.0
642661.0074 3623878.192325 3500.0
642370.8881 3624285.415575 3500.0
642080.7688000001 3624692.6388250003 3500.0
641790.6495 3625099.862075 3500.0
641500.5302 3625507.0853250003 3500.0
641210.4109 3625914.308575 3500.0
640920.2916 3626321.531825 3500.0
640630.1723000001 3626728.755075 3500.0
640340.0530000001 3627135.978325 3500.0
640049.9337 3627543.2015750003 3500.0
647475.93155 3616258.054525 3500.0
647185.81225 3616665.2777750003 3500.0
646895.6929499999 3617072.501025 3500.0
646605.57365 3617479.7242750004 3500.0
646315.45435 3617886.947525 3500.0
646025.33505 3618294.170775 3500.0
645735.21575 3618701.3940250003 3500.0
645445.09645 3619108.617275 3500.0
645154.97715 3619515.8405250004 3500.0
644864.85785 3619923.063775 3500.0
644574.73855 3620330.2870250004 3500.0
644284.61925 3620737.5102750002 3500.0
643994.49995 3621144.733525 3500.0
643704.38065 3621551.9567750003 3500.0
643414.26135 3621959.180025 3500.0
643124.14205 3622366.4032750004 3500.0
642834.02275 3622773.626525 3500.0
642543.90345 3623180.849775 3500.0
642253.78415 3623588.0730250003 3500.0
641963.66485 3623995.296275 3500.0
641673.54555 3624402.5195250004 3500.0
641383.42625 3624809.742775 3500.0
641093.30695 3625216.9660250004 3500.0
640803.18765 3625624.1892750002 3500.0
640513.06835 3626031.412525 3500.0
640222.94905 3626438.6357750003 3500.0
639932.82975 3626845.859025 3500.0
639642.71045 3627253.0822750004 3500.0
647068.7082999999 3615967.9352249997 3500.0
646778.5889999999 3616375.158475 3500.0
646488.4696999999 3616782.3817249998 3500.0
646198.3504 3617189.604975 3500.0
645908.2311 3617596.828225 3500.0
645618.1118 3618004.0514749996 3500.0
645327.9924999999 3618411.274725 3500.0
645037.8731999999 3618818.4979749997 3500.0
644747.7539 3619225.721225 3500.0
644457.6346 3619632.944475 3500.0
644167.5153 3620040.167725 3500.0
643877.396 3620447.390975 3500.0
643587.2766999999 3620854.6142249997 3500.0
643297.1573999999 3621261.837475 3500.0
643007.0381 3621669.0607249998 3500.0
642716.9188 3622076.283975 3500.0
642426.7995 3622483.507225 3500.0
642136.6802 3622890.7304749996 3500.0
641846.5608999999 3623297.953725 3500.0
641556.4415999999 3623705.1769749997 3500.0
641266.3223 3624112.400225 3500.0
640976.203 3624519.623475 3500.0
640686.0837 3624926.846725 3500.0
640395.9643999999 3625334.069975 3500.0
640105.8450999999 3625741.2932249997 3500.0
639815.7258 3626148.516475 3500.0
639525.6065 3626555.7397249998 3500.0
639235.4872 3626962.962975 3500.0
646661.48505 3615677.815925 3500.0
646371.36575 3616085.039175 3500.0
646081.24645 3616492.262425 3500.0
645791.1271500001 3616899.485675 3500.0
645501.00785 3617306.708925 3500.0
645210.88855 3617713.9321749997 3500.0
644920.76925 3618121.155425 3500.0
644630.64995 3618528.378675 3500.0
644340.5306500001 3618935.601925 3500.0
644050.4113500001 3619342.825175 3500.0
643760.29205 3619750.048425 3500.0
643470.17275 3620157.271675 3500.0
643180.05345 3620564.494925 3500.0
642889.93415 3620971.718175 3500.0
642599.8148500001 3621378.941425 3500.0
642309.6955500001 3621786.164675 3500.0
642019.57625 3622193.387925 3500.0
641729.45695 3622600.6111749997 3500.0
641439.33765 3623007.834425 3500.0
641149.21835 3623415.057675 3500.0
640859.0990500001 3623822.280925 3500.0
640568.97975 3624229.504175 3500.0
640278.86045 3624636.727425 3500.0
639988.74115 3625043.950675 3500.0
639698.62185 3625451.173925 3500.0
639408.5025500001 3625858.397175 3500.0
639118.3832500001 3626265.620425 3500.0
638828.26395 3626672.843675 3500.0
646254.2618 3615387.696625 3500.0
645964.1425 3615794.919875 3500.0
645674.0231999999 3616202.143125 3500.0
645383.9039 3616609.366375 3500.0
645093.7846 3617016.589625 3500.0
644803.6653 3617423.812875 3500.0
644513.546 3617831.036125 3500.0
644223.4267 3618238.259375 3500.0
643933.3074 3618645.482625 3500.0
643643.1881 3619052.705875 3500.0
643353.0688 3619459.9291250003 3500.0
643062.9495 3619867.152375 3500.0
642772.8302 3620274.375625 3500.0
642482.7109 3620681.598875 3500.0
642192.5916 3621088.822125 3500.0
641902.4723 3621496.045375 3500.0
641612.353 3621903.268625 3500.0
641322.2337 3622310.491875 3500.0
641032.1144 3622717.715125 3500.0
640741.9951 3623124.938375 3500.0
640451.8758 3623532.161625 3500.0
640161.7565 3623939.384875 3500.0
639871.6372 3624346.6081250003 3500.0
639581.5179 3624753.831375 3500.0
639291.3986 3625161.054625 3500.0
639001.2793 3625568.277875 3500.0
638711.16 3625975.501125 3500.0
638421.0407 3626382.724375 3500.0
645847.0385499999 3615097.577325 3500.0
645556.9192499999 3615504.8005750002 3500.0
645266.7999499999 3615912.023825 3500.0
644976.68065 3616319.2470750003 3500.0
644686.56135 3616726.470325 3500.0
644396.44205 3617133.693575 3500.0
644106.3227499999 3617540.916825 3500.0
643816.2034499999 3617948.140075 3500.0
643526.08415 3618355.3633250003 3500.0
643235.96485 3618762.586575 3500.0
642945.84555 3619169.8098250004 3500.0
642655.72625 3619577.033075 3500.0
642365.6069499999 3619984.256325 3500.0
642075.4876499999 3620391.4795750002 3500.0
641785.36835 3620798.702825 3500.0
641495.24905 3621205.9260750003 3500.0
641205.12975 3621613.149325 3500.0
640915.01045 3622020.372575 3500.0
640624.8911499999 3622427.595825 3500.0
640334.7718499999 3622834.819075 3500.0
640044.65255 3623242.0423250003 3500.0
639754.53325 3623649.265575 3500.0
639464.41395 3624056.4888250004 3500.0
639174.2946499999 3624463.712075 3500.0
638884.1753499999 3624870.935325 3500.0
638594.05605 3625278.1585750002 3500.0
638303.93675 3625685.381825 3500.0
638013.81745 3626092.6050750003 3500.0
645439.8153 3614807.4580249996 3500.0
645149.696 3615214.681275 3500.0
644859.5767 3615621.9045249997 3500.0
644569.4574000001 3616029.127775 3500.0
644279.3381 3616436.3510249997 3500.0
643989.2188 3616843.5742749996 3500.0
643699.0995 3617250.797525 3500.0
643408.9802 3617658.0207749996 3500.0
643118.8609000001 3618065.244025 3500.0
642828.7416000001 3618472.4672749997 3500.0
642538.6223 3618879.690525 3500.0
642248.503 3619286.913775 3500.0
641958.3837 3619694.1370249996 3500.0
641668.2644 3620101.360275 3500.0
641378.1451000001 3620508.5835249997 3500.0
641088.0258000001 3620915.806775 3500.0
640797.9065 3621323.0300249998 3500.0
640507.7872 3621730.2532749996 3500.0
640217.6679 3622137.476525 3500.0
639927.5486 3622544.6997749996 3500.0
639637.4293000001 3622951.923025 3500.0
639347.31 3623359.1462749997 3500.0
639057.1907 3623766.369525 3500.0
638767.0714 3624173.592775 3500.0
638476.9521 3624580.8160249996 3500.0
638186.8328000001 3624988.039275 3500.0
637896.7135000001 3625395.2625249997 3500.0
637606.5942 3625802.485775 3500.0
645032.59205 3614517.3387249997 3500.0
644742.47275 3614924.561975 3500.0
644452.3534499999 3615331.7852249998 3500.0
644162.23415 3615739.008475 3500.0
643872.11485 3616146.231725 3500.0
643581.99555 3616553.4549749997 3500.0
643291.87625 3616960.678225 3500.0
643001.75695 3617367.9014749997 3500.0
642711.63765 3617775.124725 3500.0
642421.51835 3618182.347975 3500.0
642131.39905 3618589.571225 3500.0
641841.27975 3618996.794475 3500.0
641551.16045 3619404.0177249997 3500.0
641261.04115 3619811.240975 3500.0
640970.92185 3620218.464225 3500.0
640680.80255 3620625.687475 3500.0
640390.68325 3621032.910725 3500.0
640100.56395 3621440.1339749997 3500.0
639810.44465 3621847.357225 3500.0
639520.3253499999 3622254.5804749997 3500.0
639230.20605 3622661.803725 3500.0
638940.08675 3623069.026975 3500.0
638649.96745 3623476.250225 3500.0
638359.84815 3623883.473475 3500.0
638069.72885 3624290.6967249997 3500.0
637779.60955 3624697.919975 3500.0
637489.49025 3625105.143225 3500.0
637199.37095 3625512.366475 3500.0
644625.3687999999 3614227.219425 3500.0
644335.2494999999 3614634.442675 3500.0
644045.1301999999 3615041.665925 3500.0
643755.0109 3615448.889175 3500.0
643464.8916 3615856.112425 3500.0
643174.7723 3616263.3356749997 3500.0
642884.6529999999 3616670.558925 3500.0
642594.5336999999 3617077.782175 3500.0
642304.4144 3617485.005425 3500.0
642014.2951 3617892.228675 3500.0
641724.1758 3618299.451925 3500.0
641434.0565 3618706.675175 3500.0
641143.9371999999 3619113.898425 3500.0
640853.8178999999 3619521.121675 3500.0
640563.6986 3619928.344925 3500.0
640273.5793 3620335.568175 3500.0
639983.46 3620742.791425 3500.0
639693.3407 3621150.0146749998 3500.0
639403.2213999999 3621557.237925 3500.0
639113.1020999999 3621964.461175 3500.0
638822.9828 3622371.684425 3500.0
638532.8635 3622778.907675 3500.0
638242.7442 3623186.130925 3500.0
637952.6248999999 3623593.354175 3500.0
637662.5055999999 3624000.577425 3500.0
637372.3863 3624407.800675 3500.0
637082.267 3624815.023925 3500.0
636792.1477 3625222.247175 3500.0
644218.14555 3613937.100125 3500.0
643928.02625 3614344.323375 3500.0
643637.90695 3614751.546625 3500.0
643347.7876500001 3615158.769875 3500.0
643057.66835 3615565.993125 3500.0
642767.54905 3615973.216375 3500.0
642477.42975 3616380.439625 3500.0
642187.31045 3616787.662875 3500.0
641897.1911500001 3617194.886125 3500.0
641607.0718500001 3617602.109375 3500.0
641316.95255 3618009.3326250003 3500.0
641026.83325 3618416.555875 3500.0
640736.71395 3618823.779125 3500.0
640446.59465 3619231.002375 3500.0
640156.4753500001 3619638.225625 3500.0
639866.3560500001 3620045.4488750002 3500.0
639576.23675 3620452.672125 3500.0
639286.11745 3620859.895375 3500.0
638995.99815 3621267.118625 3500.0
638705.87885 3621674.341875 3500.0
638415.7595500001 3622081.565125 3500.0
638125.64025 3622488.788375 3500.0
637835.52095 3622896.0116250003 3500.0
637545.40165 3623303.234875 3500.0
637255.28235 3623710.458125 3500.0
636965.1630500001 3624117.681375 3500.0
636675.0437500001 3624524.904625 3500.0
636384.92445 3624932.1278750002 3500.0
643810.9223 3613646.980825 3500.0
643520.803 3614054.2040750002 3500.0
643230.6836999999 3614461.427325 3500.0
642940.5644 3614868.6505750003 3500.0
642650.4451 3615275.873825 3500.0
642360.3258 3615683.097075 3500.0
642070.2065 3616090.320325 3500.0
641780.0872 3616497.543575 3500.0
641489.9679 3616904.7668250003 3500.0
641199.8486 3617311.990075 3500.0
640909.7293 3617719.2133250004 3500.0
640619.61 3618126.436575 3500.0
640329.4907 3618533.659825 3500.0
640039.3714 3618940.8830750003 3500.0
639749.2521 3619348.106325 3500.0
639459.1328 3619755.3295750003 3500.0
639169.0135 3620162.552825 3500.0
638878.8942 3620569.776075 3500.0
638588.7749 3620976.999325 3500.0
638298.6555999999 3621384.222575 3500.0
638008.5363 3621791.4458250003 3500.0
637718.417 3622198.669075 3500.0
637428.2977 3622605.8923250004 3500.0
637138.1784 3623013.115575 3500.0
636848.0591 3623420.338825 3500.0
636557.9398 3623827.5620750003 3500.0
636267.8205 3624234.785325 3500.0
635977.7012 3624642.0085750003 3500.0
643403.6990499999 3613356.8615249996 3500.0
643113.5797499999 3613764.084775 3500.0
642823.4604499999 3614171.3080249997 3500.0
642533.34115 3614578.531275 3500.0
642243.22185 3614985.7545249998 3500.0
641953.10255 3615392.9777749996 3500.0
641662.9832499999 3615800.201025 3500.0
641372.8639499999 3616207.4242749996 3500.0
641082.74465 3616614.647525 3500.0
640792.62535 3617021.8707749997 3500.0
640502.50605 3617429.094025 3500.0
640212.38675 3617836.317275 3500.0
639922.2674499999 3618243.5405249996 3500.0
639632.1481499999 3618650.763775 3500.0
639342.02885 3619057.9870249997 3500.0
639051.90955 3619465.210275 3500.0
638761.79025 3619872.433525 3500.0
638471.6709499999 3620279.6567749996 3500.0
638181.5516499999 3620686.880025 3500.0
637891.4323499999 3621094.1032749997 3500.0
637601.31305 3621501.326525 3500.0
637311.19375 3621908.5497749997 3500.0
637021.07445 3622315.773025 3500.0
636730.9551499999 3622722.996275 3500.0
636440.8358499999 3623130.2195249996 3500.0
636150.71655 3623537.442775 3500.0
635860.59725 3623944.6660249997 3500.0
635570.47795 3624351.889275 3500.0
642996.4758 3613066.7422249997 3500.0
642706.3565 3613473.965475 3500.0
642416.2372 3613881.188725 3500.0
642126.1179000001 3614288.411975 3500.0
641835.9986 3614695.635225 3500.0
641545.8793 3615102.8584749997 3500.0
641255.76 3615510.081725 3500.0
640965.6407 3615917.3049749997 3500.0
640675.5214000001 3616324.528225 3500.0
640385.4021000001 3616731.751475 3500.0
640095.2828 3617138.974725 3500.0
639805.1635 3617546.197975 3500.0
639515.0442 3617953.4212249997 3500.0
639224.9249 3618360.644475 3500.0
638934.8056000001 3618767.867725 3500.0
638644.6863000001 3619175.090975 3500.0
638354.567 3619582.314225 3500.0
638064.4477 3619989.5374749997 3500.0
637774.3284 3620396.760725 3500.0
637484.2091 3620803.9839749997 3500.0
637194.0898000001 3621211.207225 3500.0
636903.9705 3621618.430475 3500.0
636613.8512 3622025.653725 3500.0
636323.7319 3622432.876975 3500.0
636033.6126 3622840.1002249997 3500.0
635743.4933000001 3623247.323475 3500.0
635453.3740000001 3623654.546725 3500.0
635163.2547 3624061.769975 3500.0
642589.25255 3612776.622925 3500.0
642299.13325 3613183.846175 3500.0
642009.0139499999 3613591.069425 3500.0
641718.89465 3613998.292675 3500.0
641428.77535 3614405.515925 3500.0
641138.65605 3614812.7391749998 3500.0
640848.53675 3615219.962425 3500.0
640558.41745 3615627.185675 3500.0
640268.29815 3616034.408925 3500.0
639978.17885 3616441.632175 3500.0
639688.05955 3616848.855425 3500.0
639397.94025 3617256.078675 3500.0
639107.82095 3617663.301925 3500.0
638817.70165 3618070.525175 3500.0
638527.58235 3618477.748425 3500.0
638237.46305 3618884.971675 3500.0
637947.34375 3619292.194925 3500.0
637657.22445 3619699.4181749998 3500.0
637367.10515 3620106.641425 3500.0
637076.9858499999 3620513.864675 3500.0
636786.86655 3620921.087925 3500.0
636496.74725 3621328.311175 3500.0
636206.62795 3621735.534425 3500.0
635916.50865 3622142.757675 3500.0
635626.38935 3622549.980925 3500.0
635336.27005 3622957.204175 3500.0
635046.15075 3623364.427425 3500.0
634756.03145 3623771.650675 3500.0
642182.0292999999 3612486.503625 3500.0
641891.9099999999 3612893.726875 3500.0
641601.7906999999 3613300.950125 3500.0
641311.6714 3613708.1733750002 3500.0
641021.5521 3614115.396625 3500.0
640731.4328 3614522.619875 3500.0
640441.3134999999 3614929.843125 3500.0
640151.1941999999 3615337.066375 3500.0
639861.0749 3615744.289625 3500.0
639570.9556 3616151.512875 3500.0
639280.8363 3616558.7361250003 3500.0
638990.717 3616965.959375 3500.0
638700.5976999999 3617373.182625 3500.0
638410.4783999999 3617780.405875 3500.0
638120.3591 3618187.629125 3500.0
637830.2398 3618594.8523750002 3500.0
637540.1205 3619002.075625 3500.0
637250.0011999999 3619409.298875 3500.0
636959.8818999999 3619816.522125 3500.0
636669.7625999999 3620223.745375 3500.0
636379.6433 3620630.968625 3500.0
636089.524 3621038.191875 3500.0
635799.4047 3621445.4151250003 3500.0
635509.2853999999 3621852.638375 3500.0
635219.1660999999 3622259.861625 3500.0
634929.0468 3622667.084875 3500.0
634638.9275 3623074.308125 3500.0
634348.8082 3623481.5313750003 3500.0
641774.80605 3612196.384325 3500.0
641484.68675 3612603.6075750003 3500.0
641194.56745 3613010.830825 3500.0
640904.4481500001 3613418.0540750003 3500.0
640614.32885 3613825.277325 3500.0
640324.20955 3614232.500575 3500.0
640034.09025 3614639.723825 3500.0
639743.97095 3615046.947075 3500.0
639453.8516500001 3615454.1703250003 3500.0
639163.7323500001 3615861.393575 3500.0
638873.61305 3616268.6168250004 3500.0
638583.49375 3616675.840075 3500.0
638293.37445 3617083.063325 3500.0
638003.25515 3617490.2865750003 3500.0
637713.1358500001 3617897.509825 3500.0
637423.0165500001 3618304.7330750003 3500.0
637132.89725 3618711.956325 3500.0
636842.77795 3619119.179575 3500.0
636552.65865 3619526.402825 3500.0
636262.53935 3619933.626075 3500.0
635972.4200500001 3620340.8493250003 3500.0
635682.30075 3620748.072575 3500.0
635392.18145 3621155.2958250004 3500.0
635102.06215 3621562.519075 3500.0
634811.94285 3621969.742325 3500.0
634521.8235500001 3622376.9655750003 3500.0
634231.7042500001 3622784.188825 3500.0
633941.58495 3623191.4120750003 3500.0
641367.5828 3611906.2650249996 3500.0
641077.4635 3612313.488275 3500.0
640787.3441999999 3612720.7115249997 3500.0
640497.2249 3613127.934775 3500.0
640207.1056 3613535.158025 3500.0
639916.9863 3613942.3812749996 3500.0
639626.867 3614349.604525 3500.0
639336.7477 3614756.8277749997 3500.0
639046.6284 3615164.051025 3500.0
638756.5091 3615571.2742749997 3500.0
638466.3898 3615978.497525 3500.0
638176.2705 3616385.720775 3500.0
637886.1512 3616792.9440249996 3500.0
637596.0319 3617200.167275 3500.0
637305.9126 3617607.3905249997 3500.0
637015.7933 3618014.613775 3500.0
636725.674 3618421.837025 3500.0
636435.5547 3618829.0602749996 3500.0
636145.4354 3619236.283525 3500.0
635855.3160999999 3619643.5067749997 3500.0
635565.1968 3620050.730025 3500.0
635275.0775 3620457.9532749997 3500.0
634984.9582 3620865.176525 3500.0
634694.8389 3621272.399775 3500.0
634404.7196 3621679.6230249996 3500.0
634114.6003 3622086.846275 3500.0
633824.481 3622494.0695249997 3500.0
633534.3617 3622901.292775 3500.0
652362.61055 3619739.486125 4000.0
652072.49125 3620146.709375 4000.0
651782.37195 3620553.932625 4000.0
651492.25265 3620961.155875 4000.0
651202.13335 3621368.379125 4000.0
650912.01405 3621775.602375 4000.0
650621.89475 3622182.825625 4000.0
650331.77545 3622590.048875 4000.0
650041.65615 3622997.272125 4000.0
649751.53685 3623404.495375 4000.0
649461.41755 3623811.718625 4000.0
649171.29825 3624218.941875 4000.0
648881.17895 3624626.165125 4000.0
648591.05965 3625033.388375 4000.0
648300.94035 3625440.611625 4000.0
648010.82105 3625847.834875 4000.0
647720.70175 3626255.058125 4000.0
647430.58245 3626662.281375 4000.0
647140.46315 3627069.504625 4000.0
646850.34385 3627476.727875 4000.0
646560.22455 3627883.951125 4000.0
646270.10525 3628291.174375 4000.0
645979.98595 3628698.397625 4000.0
645689.86665 3629105.620875 4000.0
645399.74735 3629512.844125 4000.0
645109.62805 3629920.067375 4000.0
644819.50875 3630327.290625 4000.0
644529.38945 3630734.513875 4000.0
651955.3873 3619449.366825 4000.0
651665.2679999999 3619856.590075 4000.0
651375.1486999999 3620263.813325 4000.0
651085.0294 3620671.0365750003 4000.0
650794.9101 3621078.259825 4000.0
650504.7908 3621485.483075 4000.0
650214.6714999999 3621892.706325 4000.0
649924.5521999999 3622299.929575 4000.0
649634.4329 3622707.152825 4000.0
649344.3136 3623114.376075 4000.0
649054.1943 3623521.5993250003 4000.0
648764.075 3623928.822575 4000.0
648473.9556999999 3624336.045825 4000.0
648183.8363999999 3624743.269075 4000.0
647893.7171 3625150.492325 4000.0
647603.5978 3625557.7155750003 4000.0
647313.4785 3625964.938825 4000.0
647023.3592 3626372.162075 4000.0
646733.2398999999 3626779.385325 4000.0
646443.1205999999 3627186.608575 4000.0
646153.0013 3627593.8318250002 4000.0
645862.882 3628001.055075 4000.0
645572.7627 3628408.2783250003 4000.0
645282.6434 3628815.501575 4000.0
644992.5240999999 3629222.724825 4000.0
644702.4048 3629629.948075 4000.0
644412.2855 3630037.171325 4000.0
644122.1662 3630444.3945750003 4000.0
651548.16405 3619159.247525 4000.0
651258.04475 3619566.4707750003 4000.0
650967.92545 3619973.694025 4000.0
650677.8061500001 3620380.9172750004 4000.0
650387.68685 3620788.140525 4000.0
650097.56755 3621195.363775 4000.0
649807.44825 3621602.5870250002 4000.0
649517.32895 3622009.810275 4000.0
649227.2096500001 3622417.0335250003 4000.0
648937.0903500001 3622824.256775 4000.0
648646.97105 3623231.4800250004 4000.0
648356.85175 3623638.703275 4000.0
648066.73245 3624045.926525 4000.0
647776.61315 3624453.1497750003 4000.0
647486.4938500001 3624860.373025 4000.0
647196.3745500001 3625267.5962750004 4000.0
646906.25525 3625674.819525 4000.0
646616.13595 3626082.042775 4000.0
646326.01665 3626489.2660250003 4000.0
646035.89735 3626896.489275 4000.0
645745.7780500001 3627303.7125250003 4000.0
645455.6587500001 3627710.935775 4000.0
645165.53945 3628118.1590250004 4000.0
644875.42015 3628525.382275 4000.0
644585.30085 3628932.605525 4000.0
644295.1815500001 3629339.8287750003 4000.0
644005.0622500001 3629747.052025 4000.0
643714.94295 3630154.2752750004 4000.0
651140.9408 3618869.1282249996 4000.0
650850.8215 3619276.351475 4000.0
650560.7021999999 3619683.5747249997 4000.0
650270.5829 3620090.797975 4000.0
649980.4636 3620498.021225 4000.0
649690.3443 3620905.2444749996 4000.0
649400.225 3621312.467725 4000.0
649110.1057 3621719.6909749997 4000.0
648819.9864 3622126.914225 4000.0
648529.8671 3622534.1374749998 4000.0
648239.7478 3622941.360725 4000.0
647949.6285 3623348.583975 4000.0
647659.5092 3623755.8072249996 4000.0
647369.3899 3624163.030475 4000.0
647079.2706 3624570.2537249997 4000.0
646789.1513 3624977.476975 4000.0
646499.032 3625384.700225 4000.0
646208.9127 3625791.9234749996 4000.0
645918.7934 3626199.146725 4000.0
645628.6741 3626606.3699749997 4000.0
645338.5548 3627013.593225 4000.0
645048.4355 3627420.8164749998 4000.0
644758.3162 3627828.039725 4000.0
644468.1969 3628235.262975 4000.0
644178.0776 3628642.4862249997 4000.0
643887.9583 3629049.709475 4000.0
643597.839 3629456.9327249997 4000.0
643307.7197 3629864.155975 4000.0
650733.71755 3618579.0089249997 4000.0
650443.5982499999 3618986.232175 4000.0
650153.4789499999 3619393.455425 4000.0
649863.35965 3619800.678675 4000.0
649573.24035 3620207.901925 4000.0
649283.12105 3620615.1251749997 4000.0
648993.0017499999 3621022.348425 4000.0
648702.8824499999 3621429.571675 4000.0
648412.76315 3621836.794925 4000.0
648122.64385 3622244.018175 4000.0
647832.52455 3622651.241425 4000.0
647542.40525 3623058.464675 4000.0
647252.2859499999 3623465.6879249997 4000.0
646962.1666499999 3623872.911175 4000.0
646672.04735 3624280.134425 4000.0
646381.92805 3624687.357675 4000.0
646091.80875 3625094.580925 4000.0
645801.68945 3625501.8041749997 4000.0
645511.5701499999 3625909.027425 4000.0
645221.4508499999 3626316.250675 4000.0
644931.33155 3626723.473925 4000.0
644641.21225 3627130.697175 4000.0
644351.09295 3627537.920425 4000.0
644060.9736499999 3627945.143675 4000.0
643770.8543499999 3628352.3669249997 4000.0
643480.73505 3628759.590175 4000.0
643190.61575 3629166.813425 4000.0
642900.49645 3629574.036675 4000.0
650326.4943 3618288.889625 4000.0
650036.375 3618696.112875 4000.0
649746.2557 3619103.336125 4000.0
649456.1364000001 3619510.559375 4000.0
649166.0171 3619917.782625 4000.0
648875.8978 3620325.005875 4000.0
648585.7785 3620732.229125 4000.0
648295.6592 3621139.452375 4000.0
648005.5399000001 3621546.675625 4000.0
647715.4206000001 3621953.898875 4000.0
647425.3013 3622361.122125 4000.0
647135.182 3622768.345375 4000.0
646845.0627 3623175.568625 4000.0
646554.9434 3623582.791875 4000.0
646264.8241000001 3623990.015125 4000.0
645974.7048000001 3624397.238375 4000.0
645684.5855 3624804.461625 4000.0
645394.4662 3625211.684875 4000.0
645104.3469 3625618.908125 4000.0
644814.2276 3626026.131375 4000.0
644524.1083000001 3626433.354625 4000.0
644233.9890000001 3626840.577875 4000.0
643943.8697 3627247.801125 4000.0
643653.7504 3627655.024375 4000.0
643363.6311 3628062.247625 4000.0
643073.5118000001 3628469.470875 4000.0
642783.3925000001 3628876.694125 4000.0
642493.2732 3629283.917375 4000.0
649919.27105 3617998.770325 4000.0
649629.15175 3618405.993575 4000.0
649339.0324499999 3618813.216825 4000.0
649048.91315 3619220.4400750003 4000.0
648758.79385 3619627.663325 4000.0
648468.67455 3620034.886575 4000.0
648178.55525 3620442.109825 4000.0
647888.43595 3620849.333075 4000.0
647598.31665 3621256.5563250002 4000.0
647308.19735 3621663.779575 4000.0
647018.07805 3622071.0028250003 4000.0
646727.95875 3622478.226075 4000.0
646437.83945 3622885.449325 4000.0
646147.72015 3623292.672575 4000.0
645857.60085 3623699.895825 4000.0
645567.48155 3624107.1190750003 4000.0
645277.36225 3624514.342325 4000.0
644987.24295 3624921.565575 4000.0
644697.12365 3625328.788825 4000.0
644407.00435 3625736.012075 4000.0
644116.88505 3626143.2353250002 4000.0
643826.76575 3626550.458575 4000.0
643536.64645 3626957.6818250003 4000.0
643246.52715 3627364.905075 4000.0
642956.40785 3627772.128325 4000.0
642666.28855 3628179.351575 4000.0
642376.16925 3628586.574825 4000.0
642086.04995 3628993.7980750003 4000.0
649512.0478 3617708.651025 4000.0
649221.9284999999 3618115.8742750003 4000.0
648931.8091999999 3618523.097525 4000.0
648641.6899 3618930.3207750004 4000.0
648351.5706 3619337.544025 4000.0
648061.4513 3619744.767275 4000.0
647771.3319999999 3620151.9905250003 4000.0
647481.2126999999 3620559.213775 4000.0
647191.0934 3620966.4370250003 4000.0
646900.9741 3621373.660275 4000.0
646610.8548 3621780.8835250004 4000.0
646320.7355 3622188.106775 4000.0
646030.6161999999 3622595.330025 4000.0
645740.4968999999 3623002.5532750003 4000.0
645450.3776 3623409.776525 4000.0
645160.2583 3623816.9997750004 4000.0
644870.139 3624224.223025 4000.0
644580.0197 3624631.446275 4000.0
644289.9003999999 3625038.6695250003 4000.0
643999.7810999999 3625445.892775 4000.0
643709.6618 3625853.1160250003 4000.0
643419.5425 3626260.339275 4000.0
643129.4232 3626667.5625250004 4000.0
642839.3038999999 3627074.785775 4000.0
642549.1845999999 3627482.009025 4000.0
642259.0653 3627889.2322750003 4000.0
641968.946 3628296.455525 4000.0
641678.8267 3628703.6787750004 4000.0
649104.82455 3617418.5317249997 4000.0
648814.70525 3617825.754975 4000.0
648524.58595 3618232.9782249997 4000.0
648234.4666500001 3618640.201475 4000.0
647944.34735 3619047.424725 4000.0
647654.22805 3619454.6479749996 4000.0
647364.10875 3619861.871225 4000.0
647073.98945 3620269.0944749997 4000.0
646783.8701500001 3620676.317725 4000.0
646493.7508500001 3621083.540975 4000.0
646203.63155 3621490.764225 4000.0
645913.51225 3621897.987475 4000.0
645623.39295 3622305.2107249997 4000.0
645333.27365 3622712.433975 4000.0
645043.1543500001 3623119.6572249997 4000.0
644753.0350500001 3623526.880475 4000.0
644462.91575 3623934.103725 4000.0
644172.79645 3624341.3269749996 4000.0
643882.67715 3624748.550225 4000.0
643592.55785 3625155.7734749997 4000.0
643302.4385500001 3625562.996725 4000.0
643012.3192500001 3625970.219975 4000.0
642722.19995 3626377.443225 4000.0
642432.08065 3626784.666475 4000.0
642141.96135 3627191.8897249997 4000.0
641851.8420500001 3627599.112975 4000.0
641561.7227500001 3628006.3362249997 4000.0
641271.60345 3628413.559475 4000.0
648697.6013 3617128.4124249998 4000.0
648407.482 3617535.635675 4000.0
648117.3626999999 3617942.858925 4000.0
647827.2434 3618350.082175 4000.0
647537.1241 3618757.305425 4000.0
647247.0048 3619164.5286749997 4000.0
646956.8855 3619571.751925 4000.0
646666.7662 3619978.975175 4000.0
646376.6469 3620386.198425 4000.0
646086.5276 3620793.421675 4000.0
645796.4083 3621200.644925 4000.0
645506.289 3621607.868175 4000.0
645216.1697 3622015.0914249998 4000.0
644926.0504 3622422.314675 4000.0
644635.9311 3622829.537925 4000.0
644345.8118 3623236.761175 4000.0
644055.6925 3623643.984425 4000.0
643765.5732 3624051.2076749997 4000.0
643475.4539 3624458.430925 4000.0
643185.3346 3624865.654175 4000.0
642895.2153 3625272.877425 4000.0
642605.096 3625680.100675 4000.0
642314.9767 3626087.323925 4000.0
642024.8574 3626494.547175 4000.0
641734.7381 3626901.7704249998 4000.0
641444.6188 3627308.993675 4000.0
641154.4995 3627716.216925 4000.0
640864.3802 3628123.440175 4000.0
648290.3780499999 3616838.293125 4000.0
648000.2587499999 3617245.516375 4000.0
647710.1394499999 3617652.739625 4000.0
647420.02015 3618059.962875 4000.0
647129.90085 3618467.186125 4000.0
646839.78155 3618874.409375 4000.0
646549.6622499999 3619281.632625 4000.0
646259.5429499999 3619688.855875 4000.0
645969.42365 3620096.079125 4000.0
645679.30435 3620503.302375 4000.0
645389.18505 3620910.5256250002 4000.0
645099.06575 3621317.748875 4000.0
644808.9464499999 3621724.972125 4000.0
644518.8271499999 3622132.195375 4000.0
644228.70785 3622539.418625 4000.0
643938.58855 3622946.641875 4000.0
643648.46925 3623353.865125 4000.0
643358.34995 3623761.088375 4000.0
643068.2306499999 3624168.311625 4000.0
642778.1113499999 3624575.534875 4000.0
642487.99205 3624982.758125 4000.0
642197.87275 3625389.981375 4000.0
641907.75345 3625797.2046250002 4000.0
641617.6341499999 3626204.427875 4000.0
641327.5148499999 3626611.651125 4000.0
641037.39555 3627018.874375 4000.0
640747.27625 3627426.097625 4000.0
640457.15695 3627833.320875 4000.0
647883.1548 3616548.173825 4000.0
647593.0355 3616955.397075 4000.0
647302.9162 3617362.620325 4000.0
647012.7969000001 3617769.8435750003 4000.0
646722.6776 3618177.066825 4000.0
646432.5583 3618584.290075 4000.0
646142.439 3618991.513325 4000.0
645852.3197 3619398.736575 4000.0
645562.2004000001 3619805.9598250003 4000.0
645272.0811000001 3620213.183075 4000.0
644981.9618 3620620.4063250003 4000.0
644691.8425 3621027.629575 4000.0
644401.7232 3621434.852825 4000.0
644111.6039 3621842.076075 4000.0
643821.4846000001 3622249.299325 4000.0
643531.3653000001 3622656.5225750003 4000.0
643241.246 3623063.745825 4000.0
642951.1267 3623470.969075 4000.0
642661.0074 3623878.192325 4000.0
642370.8881 3624285.415575 4000.0
642080.7688000001 3624692.6388250003 4000.0
641790.6495 3625099.862075 4000.0
641500.5302 3625507.0853250003 4000.0
641210.4109 3625914.308575 4000.0
640920.2916 3626321.531825 4000.0
640630.1723000001 3626728.755075 4000.0
640340.0530000001 3627135.978325 4000.0
640049.9337 3627543.2015750003 4000.0
647475.93155 3616258.054525 4000.0
647185.81225 3616665.2777750003 4000.0
646895.6929499999 3617072.501025 4000.0
646605.57365 3617479.7242750004 4000.0
646315.45435 3617886.947525 4000.0
646025.33505 3618294.170775 4000.0
645735.21575 3618701.3940250003 4000.0
645445.09645 3619108.617275 4000.0
645154.97715 3619515.8405250004 4000.0
644864.85785 3619923.063775 4000.0
644574.73855 3620330.2870250004 4000.0
644284.61925 3620737.5102750002 4000.0
643994.49995 3621144.733525 4000.0
643704.38065 3621551.9567750003 4000.0
643414.26135 3621959.180025 4000.0
643124.14205 3622366.4032750004 4000.0
642834.02275 3622773.626525 4000.0
642543.90345 3623180.849775 4000.0
642253.78415 3623588.0730250003 4000.0
641963.66485 3623995.296275 4000.0
641673.54555 3624402.5195250004 4000.0
641383.42625 3624809.742775 4000.0
641093.30695 3625216.9660250004 4000.0
640803.18765 3625624.1892750002 4000.0
640513.06835 3626031.412525 4000.0
640222.94905 3626438.6357750003 4000.0
639932.82975 3626845.859025 4000.0
639642.71045 3627253.0822750004 4000.0
647068.7082999999 3615967.9352249997 4000.0
646778.5889999999 3616375.158475 4000.0
646488.4696999999 3616782.3817249998 4000.0
646198.3504 3617189.604975 4000.0
645908.2311 3617596.828225 4000.0
645618.1118 3618004.0514749996 4000.0
645327.9924999999 3618411.274725 4000.0
645037.8731999999 3618818.4979749997 4000.0
644747.7539 3619225.721225 4000.0
644457.6346 3619632.944475 4000.0
644167.5153 3620040.167725 4000.0
643877.396 3620447.390975 4000.0
643587.2766999999 3620854.6142249997 4000.0
643297.1573999999 3621261.837475 4000.0
643007.0381 3621669.0607249998 4000.0
642716.9188 3622076.283975 4000.0
642426.7995 3622483.507225 4000.0
642136.6802 3622890.7304749996 4000.0
641846.5608999999 3623297.953725 4000.0
641556.4415999999 3623705.1769749997 4000.0
641266.3223 3624112.400225 4000.0
640976.203 3624519.623475 4000.0
640686.0837 3624926.846725 4000.0
640395.9643999999 3625334.069975 4000.0
640105.8450999999 3625741.2932249997 4000.0
639815.7258 3626148.516475 4000.0
639525.6065 3626555.7397249998 4000.0
639235.4872 3626962.962975 4000.0
646661.48505 3615677.815925 4000.0
646371.36575 3616085.039175 4000.0
646081.24645 3616492.262425 4000.0
645791.1271500001 3616899.485675 4000.0
645501.00785 3617306.708925 4000.0
645210.88855 3617713.9321749997 4000.0
644920.76925 3618121.155425 4000.0
644630.64995 3618528.378675 4000.0
644340.5306500001 3618935.601925 4000.0
644050.4113500001 3619342.825175 4000.0
643760.29205 3619750.048425 4000.0
643470.17275 3620157.271675 4000.0
643180.05345 3620564.494925 4000.0
642889.93415 3620971.718175 4000.0
642599.8148500001 3621378.941425 4000.0
642309.6955500001 3621786.164675 4000.0
642019.57625 3622193.387925 4000.0
641729.45695 3622600.6111749997 4000.0
641439.33765 3623007.834425 4000.0
641149.21835 3623415.057675 4000.0
640859.0990500001 3623822.280925 4000.0
640568.97975 3624229.504175 4000.0
640278.86045 3624636.727425 4000.0
639988.74115 3625043.950675 4000.0
639698.62185 3625451.173925 4000.0
639408.5025500001 3625858.397175 4000.0
639118.3832500001 3626265.620425 4000.0
638828.26395 3626672.843675 4000.0
646254.2618 3615387.696625 4000.0
645964.1425 3615794.919875 4000.0
645674.0231999999 3616202.143125 4000.0
645383.9039 3616609.366375 4000.0
645093.7846 3617016.589625 4000.0
644803.6653 3617423.812875 4000.0
644513.546 3617831.036125 4000.0
644223.4267 3618238.259375 4000.0
643933.3074 3618645.482625 4000.0
643643.1881 3619052.705875 4000.0
643353.0688 3619459.9291250003 4000.0
643062.9495 3619867.152375 4000.0
642772.8302 3620274.375625 4000.0
642482.7109 3620681.598875 4000.0
642192.5916 3621088.822125 4000.0
641902.4723 3621496.045375 4000.0
641612.353 3621903.268625 4000.0
641322.2337 3622310.491875 4000.0
641032.1144 3622717.715125 4000.0
640741.9951 3623124.938375 4000.0
640451.8758 3623532.161625 4000.0
640161.7565 3623939.384875 4000.0
639871.6372 3624346.6081250003 4000.0
639581.5179 3624753.831375 4000.0
639291.3986 3625161.054625 4000.0
639001.2793 3625568.277875 4000.0
638711.16 3625975.501125 4000.0
638421.0407 3626382.724375 4000.0
645847.0385499999 3615097.577325 4000.0
645556.9192499999 3615504.8005750002 4000.0
645266.7999499999 3615912.023825 4000.0
644976.68065 3616319.2470750003 4000.0
644686.56135 3616726.470325 4000.0
644396.44205 3617133.693575 4000.0
644106.3227499999 3617540.916825 4000.0
643816.2034499999 3617948.140075 4000.0
643526.08415 3618355.3633250003 4000.0
643235.96485 3618762.586575 4000.0
642945.84555 3619169.8098250004 4000.0
642655.72625 3619577.033075 4000.0
642365.6069499999 3619984.256325 4000.0
642075.4876499999 3620391.4795750002 4000.0
641785.36835 3620798.702825 4000.0
641495.24905 3621205.9260750003 4000.0
641205.12975 3621613.149325 4000.0
640915.01045 3622020.372575 4000.0
640624.8911499999 3622427.595825 4000.0
640334.7718499999 3622834.819075 4000.0
640044.65255 3623242.0423250003 4000.0
639754.53325 3623649.265575 4000.0
639464.41395 3624056.4888250004 4000.0
639174.2946499999 3624463.712075 4000.0
638884.1753499999 3624870.935325 4000.0
638594.05605 3625278.1585750002 4000.0
638303.93675 3625685.381825 4000.0
638013.81745 3626092.6050750003 4000.0
645439.8153 3614807.4580249996 4000.0
645149.696 3615214.681275 4000.0
644859.5767 3615621.9045249997 4000.0
644569.4574000001 3616029.127775 4000.0
644279.3381 3616436.3510249997 4000.0
643989.2188 3616843.5742749996 4000.0
643699.0995 3617250.797525 4000.0
643408.9802 3617658.0207749996 4000.0
643118.8609000001 3618065.244025 4000.0
642828.7416000001 3618472.4672749997 4000.0
642538.6223 3618879.690525 4000.0
642248.503 3619286.913775 4000.0
641958.3837 3619694.1370249996 4000.0
641668.2644 3620101.360275 4000.0
641378.1451000001 3620508.5835249997 4000.0
641088.0258000001 3620915.806775 4000.0
640797.9065 3621323.0300249998 4000.0
640507.7872 3621730.2532749996 4000.0
640217.6679 3622137.476525 4000.0
639927.5486 3622544.6997749996 4000.0
639637.4293000001 3622951.923025 4000.0
639347.31 3623359.1462749997 4000.0
639057.1907 3623766.369525 4000.0
638767.0714 3624173.592775 4000.0
638476.9521 3624580.8160249996 4000.0
638186.8328000001 3624988.039275 4000.0
637896.7135000001 3625395.2625249997 4000.0
637606.5942 3625802.485775 4000.0
645032.59205 3614517.3387249997 4000.0
644742.47275 3614924.561975 4000.0
644452.3534499999 3615331.7852249998 4000.0
644162.23415 3615739.008475 4000.0
643872.11485 3616146.231725 4000.0
643581.99555 3616553.4549749997 4000.0
643291.87625 3616960.678225 4000.0
643001.75695 3617367.9014749997 4000.0
642711.63765 3617775.124725 4000.0
642421.51835 3618182.347975 4000.0
642131.39905 3618589.571225 4000.0
641841.27975 3618996.794475 4000.0
641551.16045 3619404.0177249997 4000.0
641261.04115 3619811.240975 4000.0
640970.92185 3620218.464225 4000.0
640680.80255 3620625.687475 4000.0
640390.68325 3621032.910725 4000.0
640100.56395 3621440.1339749997 4000.0
639810.44465 3621847.357225 4000.0
639520.3253499999 3622254.5804749997 4000.0
639230.20605 3622661.803725 4000.0
638940.08675 3623069.026975 4000.0
638649.96745 3623476.250225 4000.0
638359.84815 3623883.473475 4000.0
638069.72885 3624290.6967249997 4000.0
637779.60955 3624697.919975 4000.0
637489.49025 3625105.143225 4000.0
637199.37095 3625512.366475 4000.0
644625.3687999999 3614227.219425 4000.0
644335.2494999999 3614634.442675 4000.0
644045.1301999999 3615041.665925 4000.0
643755.0109 3615448.889175 4000.0
643464.8916 3615856.112425 4000.0
643174.7723 3616263.3356749997 4000.0
642884.6529999999 3616670.558925 4000.0
642594.5336999999 3617077.782175 4000.0
642304.4144 3617485.005425 4000.0
642014.2951 3617892.228675 4000.0
641724.1758 3618299.451925 4000.0
641434.0565 3618706.675175 4000.0
641143.9371999999 3619113.898425 4000.0
640853.8178999999 3619521.121675 4000.0
640563.6986 3619928.344925 4000.0
640273.5793 3620335.568175 4000.0
639983.46 3620742.791425 4000.0
639693.3407 3621150.0146749998 4000.0
639403.2213999999 3621557.237925 4000.0
639113.1020999999 3621964.461175 4000.0
638822.9828 3622371.684425 4000.0
638532.8635 3622778.907675 4000.0
638242.7442 3623186.130925 4000.0
637952.6248999999 3623593.354175 4000.0
637662.5055999999 3624000.577425 4000.0
637372.3863 3624407.800675 4000.0
637082.267 3624815.023925 4000.0
636792.1477 3625222.247175 4000.0
644218.14555 3613937.100125 4000.0
643928.02625 3614344.323375 4000.0
643637.90695 3614751.546625 4000.0
643347.7876500001 3615158.769875 4000.0
643057.66835 3615565.993125 4000.0
642767.54905 3615973.216375 4000.0
642477.42975 3616380.439625 4000.0
642187.31045 3616787.662875 4000.0
641897.1911500001 3617194.886125 4000.0
641607.0718500001 3617602.109375 4000.0
641316.95255 3618009.3326250003 4000.0
641026.83325 3618416.555875 4000.0
640736.71395 3618823.779125 4000.0
640446.59465 3619231.002375 4000.0
640156.4753500001 3619638.225625 4000.0
639866.3560500001 3620045.4488750002 4000.0
639576.23675 3620452.672125 4000.0
639286.11745 3620859.895375 4000.0
638995.99815 3621267.118625 4000.0
638705.87885 3621674.341875 4000.0
638415.7595500001 3622081.565125 4000.0
638125.64025 3622488.788375 4000.0
637835.52095 3622896.0116250003 4000.0
637545.40165 3623303.234875 4000.0
637255.28235 3623710.458125 4000.0
636965.1630500001 3624117.681375 4000.0
636675.0437500001 3624524.904625 4000.0
636384.92445 3624932.1278750002 4000.0
643810.9223 3613646.980825 4000.0
643520.803 3614054.2040750002 4000.0
643230.6836999999 3614461.427325 4000.0
642940.5644 3614868.6505750003 4000.0
642650.4451 3615275.873825 4000.0
642360.3258 3615683.097075 4000.0
642070.2065 3616090.320325 4000.0
641780.0872 3616497.543575 4000.0
641489.9679 3616904.7668250003 4000.0
641199.8486 3617311.990075 4000.0
640909.7293 3617719.2133250004 4000.0
640619.61 3618126.436575 4000.0
640329.4907 3618533.659825 4000.0
640039.3714 3618940.8830750003 4000.0
639749.2521 3619348.106325 4000.0
639459.1328 3619755.3295750003 4000.0
639169.0135 3620162.552825 4000.0
638878.8942 3620569.776075 4000.0
638588.7749 3620976.999325 4000.0
638298.6555999999 3621384.222575 4000.0
638008.5363 3621791.4458250003 4000.0
637718.417 3622198.669075 4000.0
637428.2977 3622605.8923250004 4000.0
637138.1784 3623013.115575 4000.0
636848.0591 3623420.338825 4000.0
636557.9398 3623827.5620750003 4000.0
636267.8205 3624234.785325 4000.0
635977.7012 3624642.0085750003 4000.0
643403.6990499999 3613356.8615249996 4000.0
643113.5797499999 3613764.084775 4000.0
642823.4604499999 3614171.3080249997 4000.0
642533.34115 3614578.531275 4000.0
642243.22185 3614985.7545249998 4000.0
641953.10255 3615392.9777749996 4000.0
641662.9832499999 3615800.201025 4000.0
641372.8639499999 3616207.4242749996 4000.0
641082.74465 3616614.647525 4000.0
640792.62535 3617021.8707749997 4000.0
640502.50605 3617429.094025 4000.0
640212.38675 3617836.317275 4000.0
639922.2674499999 3618243.5405249996 4000.0
639632.1481499999 3618650.763775 4000.0
639342.02885 3619057.9870249997 4000.0
639051.90955 3619465.210275 4000.0
638761.79025 3619872.433525 4000.0
638471.6709499999 3620279.6567749996 4000.0
638181.5516499999 3620686.880025 4000.0
637891.4323499999 3621094.1032749997 4000.0
637601.31305 3621501.326525 4000.0
637311.19375 3621908.5497749997 4000.0
637021.07445 3622315.773025 4000.0
636730.9551499999 3622722.996275 4000.0
636440.8358499999 3623130.2195249996 4000.0
636150.71655 3623537.442775 4000.0
635860.59725 3623944.6660249997 4000.0
635570.47795 3624351.889275 4000.0
642996.4758 3613066.7422249997 4000.0
642706.3565 3613473.965475 4000.0
642416.2372 3613881.188725 4000.0
642126.1179000001 3614288.411975 4000.0
641835.9986 3614695.635225 4000.0
641545.8793 3615102.8584749997 4000.0
641255.76 3615510.081725 4000.0
640965.6407 3615917.3049749997 4000.0
640675.5214000001 3616324.528225 4000.0
640385.4021000001 3616731.751475 4000.0
640095.2828 3617138.974725 4000.0
639805.1635 3617546.197975 4000.0
639515.0442 3617953.4212249997 4000.0
639224.9249 3618360.644475 4000.0
638934.8056000001 3618767.867725 4000.0
638644.6863000001 3619175.090975 4000.0
638354.567 3619582.314225 4000.0
638064.4477 3619989.5374749997 4000.0
637774.3284 3620396.760725 4000.0
637484.2091 3620803.9839749997 4000.0
637194.0898000001 3621211.207225 4000.0
636903.9705 3621618.430475 4000.0
636613.8512 3622025.653725 4000.0
636323.7319 3622432.876975 4000.0
636033.6126 3622840.1002249997 4000.0
635743.4933000001 3623247.323475 4000.0
635453.3740000001 3623654.546725 4000.0
635163.2547 3624061.769975 4000.0
642589.25255 3612776.622925 4000.0
642299.13325 3613183.846175 4000.0
642009.0139499999 3613591.069425 4000.0
641718.89465 3613998.292675 4000.0
641428.77535 3614405.515925 4000.0
641138.65605 3614812.7391749998 4000.0
640848.53675 3615219.962425 4000.0
640558.41745 3615627.185675 4000.0
640268.29815 3616034.408925 4000.0
639978.17885 3616441.632175 4000.0
639688.05955 3616848.855425 4000.0
639397.94025 3617256.078675 4000.0
639107.82095 3617663.301925 4000.0
638817.70165 3618070.525175 4000.0
638527.58235 3618477.748425 4000.0
638237.46305 3618884.971675 4000.0
637947.34375 3619292.194925 4000.0
637657.22445 3619699.4181749998 4000.0
637367.10515 3620106.641425 4000.0
637076.9858499999 3620513.864675 4000.0
636786.86655 3620921.087925 4000.0
636496.74725 3621328.311175 4000.0
636206.62795 3621735.534425 4000.0
635916.50865 3622142.757675 4000.0
635626.38935 3622549.980925 4000.0
635336.27005 3622957.204175 4000.0
635046.15075 3623364.427425 4000.0
634756.03145 3623771.650675 4000.0
642182.0292999999 3612486.503625 4000.0
641891.9099999999 3612893.726875 4000.0
641601.7906999999 3613300.950125 4000.0
641311.6714 3613708.1733750002 4000.0
641021.5521 3614115.396625 4000.0
640731.4328 3614522.619875 4000.0
640441.3134999999 3614929.843125 4000.0
640151.1941999999 3615337.066375 4000.0
639861.0749 3615744.289625 4000.0
639570.9556 3616151.512875 4000.0
639280.8363 3616558.7361250003 4000.0
638990.717 3616965.959375 4000.0
638700.5976999999 3617373.182625 4000.0
638410.4783999999 3617780.405875 4000.0
638120.3591 3618187.629125 4000.0
637830.2398 3618594.8523750002 4000.0
637540.1205 3619002.075625 4000.0
637250.0011999999 3619409.298875 4000.0
636959.8818999999 3619816.522125 4000.0
636669.7625999999 3620223.745375 4000.0
636379.6433 3620630.968625 4000.0
636089.524 3621038.191875 4000.0
635799.4047 3621445.4151250003 4000.0
635509.2853999999 3621852.638375 4000.0
635219.1660999999 3622259.861625 4000.0
634929.0468 3622667.084875 4000.0
634638.9275 3623074.308125 4000.0
634348.8082 3623481.5313750003 4000.0
641774.80605 3612196.384325 4000.0
641484.68675 3612603.6075750003 4000.0
641194.56745 3613010.830825 4000.0
640904.4481500001 3613418.0540750003 4000.0
640614.32885 3613825.277325 4000.0
640324.20955 3614232.500575 4000.0
640034.09025 3614639.723825 4000.0
639743.97095 3615046.947075 4000.0
639453.8516500001 3615454.1703250003 4000.0
639163.7323500001 3615861.393575 4000.0
638873.61305 3616268.6168250004 4000.0
638583.49375 3616675.840075 4000.0
638293.37445 3617083.063325 4000.0
638003.25515 3617490.2865750003 4000.0
637713.1358500001 3617897.509825 4000.0
637423.0165500001 3618304.7330750003 4000.0
637132.89725 3618711.956325 4000.0
636842.77795 3619119.179575 4000.0
636552.65865 3619526.402825 4000.0
636262.53935 3619933.626075 4000.0
635972.4200500001 3620340.8493250003 4000.0
635682.30075 3620748.072575 4000.0
635392.18145 3621155.2958250004 4000.0
635102.06215 3621562.519075 4000.0
634811.94285 3621969.742325 4000.0
634521.8235500001 3622376.9655750003 4000.0
634231.7042500001 3622784.188825 4000.0
633941.58495 3623191.4120750003 4000.0
641367.5828 3611906.2650249996 4000.0
641077.4635 3612313.488275 4000.0
640787.3441999999 3612720.7115249997 4000.0
640497.2249 3613127.934775 4000.0
640207.1056 3613535.158025 4000.0
639916.9863 3613942.3812749996 4000.0
639626.867 3614349.604525 4000.0
639336.7477 3614756.8277749997 4000.0
639046.6284 3615164.051025 4000.0
638756.5091 3615571.2742749997 4000.0
638466.3898 3615978.497525 4000.0
638176.2705 3616385.720775 4000.0
637886.1512 3616792.9440249996 4000.0
637596.0319 3617200.167275 4000.0
637305.9126 3617607.3905249997 4000.0
637015.7933 3618014.613775 4000.0
636725.674 3618421.837025 4000.0
636435.5547 3618829.0602749996 4000.0
636145.4354 3619236.283525 4000.0
635855.3160999999 3619643.5067749997 4000.0
635565.1968 3620050.730025 4000.0
635275.0775 3620457.9532749997 4000.0
634984.9582 3620865.176525 4000.0
634694.8389 3621272.399775 4000.0
634404.7196 3621679.6230249996 4000.0
634114.6003 3622086.846275 4000.0
633824.481 3622494.0695249997 4000.0
633534.3617 3622901.292775 4000.0
652362.61055 3619739.486125 4500.0
652072.49125 3620146.709375 4500.0
651782.37195 3620553.932625 4500.0
651492.25265 3620961.155875 4500.0
651202.13335 3621368.379125 4500.0
650912.01405 3621775.602375 4500.0
650621.89475 3622182.825625 4500.0
650331.77545 3622590.048875 4500.0
650041.65615 3622997.272125 4500.0
649751.53685 3623404.495375 4500.0
649461.41755 3623811.718625 4500.0
649171.29825 3624218.941875 4500.0
648881.17895 3624626.165125 4500.0
648591.05965 3625033.388375 4500.0
648300.94035 3625440.611625 4500.0
648010.82105 3625847.834875 4500.0
647720.70175 3626255.058125 4500.0
647430.58245 3626662.281375 4500.0
647140.46315 3627069.504625 4500.0
646850.34385 3627476.727875 4500.0
646560.22455 3627883.951125 4500.0
646270.10525 3628291.174375 4500.0
645979.98595 3628698.397625 4500.0
645689.86665 3629105.620875 4500.0
645399.74735 3629512.844125 4500.0
645109.62805 3629920.067375 4500.0
644819.50875 3630327.290625 4500.0
644529.38945 3630734.513875 4500.0
651955.3873 3619449.366825 4500.0
651665.2679999999 3619856.590075 4500.0
651375.1486999999 3620263.813325 4500.0
651085.0294 3620671.0365750003 4500.0
650794.9101 3621078.259825 4500.0
650504.7908 3621485.483075 4500.0
650214.6714999999 3621892.706325 4500.0
649924.5521999999 3622299.929575 4500.0
649634.4329 3622707.152825 4500.0
649344.3136 3623114.376075 4500.0
649054.1943 3623521.5993250003 4500.0
648764.075 3623928.822575 4500.0
648473.9556999999 3624336.045825 4500.0
648183.8363999999 3624743.269075 4500.0
647893.7171 3625150.492325 4500.0
647603.5978 3625557.7155750003 4500.0
647313.4785 3625964.938825 4500.0
647023.3592 3626372.162075 4500.0
646733.2398999999 3626779.385325 4500.0
646443.1205999999 3627186.608575 4500.0
646153.0013 3627593.8318250002 4500.0
645862.882 3628001.055075 4500.0
645572.7627 3628408.2783250003 4500.0
645282.6434 3628815.501575 4500.0
644992.5240999999 3629222.724825 4500.0
644702.4048 3629629.948075 4500.0
644412.2855 3630037.171325 4500.0
644122.1662 3630444.3945750003 4500.0
651548.16405 3619159.247525 4500.0
651258.04475 3619566.4707750003 4500.0
650967.92545 3619973.694025 4500.0
650677.8061500001 3620380.9172750004 4500.0
650387.68685 3620788.140525 4500.0
650097.56755 3621195.363775 4500.0
649807.44825 3621602.5870250002 4500.0
649517.32895 3622009.810275 4500.0
649227.2096500001 3622417.0335250003 4500.0
648937.0903500001 3622824.256775 4500.0
648646.97105 3623231.4800250004 4500.0
648356.85175 3623638.703275 4500.0
648066.73245 3624045.926525 4500.0
647776.61315 3624453.1497750003 4500.0
647486.4938500001 3624860.373025 4500.0
647196.3745500001 3625267.5962750004 4500.0
646906.25525 3625674.819525 4500.0
646616.13595 3626082.042775 4500.0
646326.01665 3626489.2660250003 4500.0
646035.89735 3626896.489275 4500.0
645745.7780500001 3627303.7125250003 4500.0
645455.6587500001 3627710.935775 4500.0
645165.53945 3628118.1590250004 4500.0
644875.42015 3628525.382275 4500.0
644585.30085 3628932.605525 4500.0
644295.1815500001 3629339.8287750003 4500.0
644005.0622500001 3629747.052025 4500.0
643714.94295 3630154.2752750004 4500.0
651140.9408 3618869.1282249996 4500.0
650850.8215 3619276.351475 4500.0
650560.7021999999 3619683.5747249997 4500.0
650270.5829 3620090.797975 4500.0
649980.4636 3620498.021225 4500.0
649690.3443 3620905.2444749996 4500.0
649400.225 3621312.467725 4500.0
649110.1057 3621719.6909749997 4500.0
648819.9864 3622126.914225 4500.0
648529.8671 3622534.1374749998 4500.0
648239.7478 3622941.360725 4500.0
647949.6285 3623348.583975 4500.0
647659.5092 3623755.8072249996 4500.0
647369.3899 3624163.030475 4500.0
647079.2706 3624570.2537249997 4500.0
646789.1513 3624977.476975 4500.0
646499.032 3625384.700225 4500.0
646208.9127 3625791.9234749996 4500.0
645918.7934 3626199.146725 4500.0
645628.6741 3626606.3699749997 4500.0
645338.5548 3627013.593225 4500.0
645048.4355 3627420.8164749998 4500.0
644758.3162 3627828.039725 4500.0
644468.1969 3628235.262975 4500.0
644178.0776 3628642.4862249997 4500.0
643887.9583 3629049.709475 4500.0
643597.839 3629456.9327249997 4500.0
643307.7197 3629864.155975 4500.0
650733.71755 3618579.0089249997 4500.0
650443.5982499999 3618986.232175 4500.0
650153.4789499999 3619393.455425 4500.0
649863.35965 3619800.678675 4500.0
649573.24035 3620207.901925 4500.0
649283.12105 3620615.1251749997 4500.0
648993.0017499999 3621022.348425 4500.0
648702.8824499999 3621429.571675 4500.0
648412.76315 3621836.794925 4500.0
648122.64385 3622244.018175 4500.0
647832.52455 3622651.241425 4500.0
647542.40525 3623058.464675 4500.0
647252.2859499999 3623465.6879249997 4500.0
646962.1666499999 3623872.911175 4500.0
646672.04735 3624280.134425 4500.0
646381.92805 3624687.357675 4500.0
646091.80875 3625094.580925 4500.0
645801.68945 3625501.8041749997 4500.0
645511.5701499999 3625909.027425 4500.0
645221.4508499999 3626316.250675 4500.0
644931.33155 3626723.473925 4500.0
644641.21225 3627130.697175 4500.0
644351.09295 3627537.920425 4500.0
644060.9736499999 3627945.143675 4500.0
643770.8543499999 3628352.3669249997 4500.0
643480.73505 3628759.590175 4500.0
643190.61575 3629166.813425 4500.0
642900.49645 3629574.036675 4500.0
650326.4943 3618288.889625 4500.0
650036.375 3618696.112875 4500.0
649746.2557 3619103.336125 4500.0
649456.1364000001 3619510.559375 4500.0
649166.0171 3619917.782625 4500.0
648875.8978 3620325.005875 4500.0
648585.7785 3620732.229125 4500.0
648295.6592 3621139.452375 4500.0
648005.5399000001 3621546.675625 4500.0
647715.4206000001 3621953.898875 4500.0
647425.3013 3622361.122125 4500.0
647135.182 3622768.345375 4500.0
646845.0627 3623175.568625 4500.0
646554.9434 3623582.791875 4500.0
646264.8241000001 3623990.015125 4500.0
645974.7048000001 3624397.238375 4500.0
645684.5855 3624804.461625 4500.0
645394.4662 3625211.684875 4500.0
645104.3469 3625618.908125 4500.0
644814.2276 3626026.131375 4500.0
644524.1083000001 3626433.354625 4500.0
644233.9890000001 3626840.577875 4500.0
643943.8697 3627247.801125 4500.0
643653.7504 3627655.024375 4500.0
643363.6311 3628062.247625 4500.0
643073.5118000001 3628469.470875 4500.0
642783.3925000001 3628876.694125 4500.0
642493.2732 3629283.917375 4500.0
649919.27105 3617998.770325 4500.0
649629.15175 3618405.993575 4500.0
649339.0324499999 3618813.216825 4500.0
649048.91315 3619220.4400750003 4500.0
648758.79385 3619627.663325 4500.0
648468.67455 3620034.886575 4500.0
648178.55525 3620442.109825 4500.0
647888.43595 3620849.333075 4500.0
647598.31665 3621256.5563250002 4500.0
647308.19735 3621663.779575 4500.0
647018.07805 3622071.0028250003 4500.0
646727.95875 3622478.226075 4500.0
646437.83945 3622885.449325 4500.0
646147.72015 3623292.672575 4500.0
645857.60085 3623699.895825 4500.0
645567.48155 3624107.1190750003 4500.0
645277.36225 3624514.342325 4500.0
644987.24295 3624921.565575 4500.0
644697.12365 3625328.788825 4500.0
644407.00435 3625736.012075 4500.0
644116.88505 3626143.2353250002 4500.0
643826.76575 3626550.458575 4500.0
643536.64645 3626957.6818250003 4500.0
643246.52715 3627364.905075 4500.0
642956.40785 3627772.128325 4500.0
642666.28855 3628179.351575 4500.0
642376.16925 3628586.574825 4500.0
642086.04995 3628993.7980750003 4500.0
649512.0478 3617708.651025 4500.0
649221.9284999999 3618115.8742750003 4500.0
648931.8091999999 3618523.097525 4500.0
648641.6899 3618930.3207750004 4500.0
648351.5706 3619337.544025 4500.0
648061.4513 3619744.767275 4500.0
647771.3319999999 3620151.9905250003 4500.0
647481.2126999999 3620559.213775 4500.0
647191.0934 3620966.4370250003 4500.0
646900.9741 3621373.660275 4500.0
646610.8548 3621780.8835250004 4500.0
646320.7355 3622188.106775 4500.0
646030.6161999999 3622595.330025 4500.0
645740.4968999999 3623002.5532750003 4500.0
645450.3776 3623409.776525 4500.0
645160.2583 3623816.9997750004 4500.0
644870.139 3624224.223025 4500.0
644580.0197 3624631.446275 4500.0
644289.9003999999 3625038.6695250003 4500.0
643999.7810999999 3625445.892775 4500.0
643709.6618 3625853.1160250003 4500.0
643419.5425 3626260.339275 4500.0
643129.4232 3626667.5625250004 4500.0
642839.3038999999 3627074.785775 4500.0
642549.1845999999 3627482.009025 4500.0
642259.0653 3627889.2322750003 4500.0
641968.946 3628296.455525 4500.0
641678.8267 3628703.6787750004 4500.0
649104.82455 3617418.5317249997 4500.0
648814.70525 3617825.754975 4500.0
648524.58595 3618232.9782249997 4500.0
648234.4666500001 3618640.201475 4500.0
647944.34735 3619047.424725 4500.0
647654.22805 3619454.6479749996 4500.0
647364.10875 3619861.871225 4500.0
647073.98945 3620269.0944749997 4500.0
646783.8701500001 3620676.317725 4500.0
646493.7508500001 3621083.540975 4500.0
646203.63155 3621490.764225 4500.0
645913.51225 3621897.987475 4500.0
645623.39295 3622305.2107249997 4500.0
645333.27365 3622712.433975 4500.0
645043.1543500001 3623119.6572249997 4500.0
644753.0350500001 3623526.880475 4500.0
644462.91575 3623934.103725 4500.0
644172.79645 3624341.3269749996 4500.0
643882.67715 3624748.550225 4500.0
643592.55785 3625155.7734749997 4500.0
643302.4385500001 3625562.996725 4500.0
643012.3192500001 3625970.219975 4500.0
642722.19995 3626377.443225 4500.0
642432.08065 3626784.666475 4500.0
642141.96135 3627191.8897249997 4500.0
641851.8420500001 3627599.112975 4500.0
641561.7227500001 3628006.3362249997 4500.0
641271.60345 3628413.559475 4500.0
648697.6013 3617128.4124249998 4500.0
648407.482 3617535.635675 4500.0
648117.3626999999 3617942.858925 4500.0
647827.2434 3618350.082175 4500.0
647537.1241 3618757.305425 4500.0
647247.0048 3619164.5286749997 4500.0
646956.8855 3619571.751925 4500.0
646666.7662 3619978.975175 4500.0
646376.6469 3620386.198425 4500.0
646086.5276 3620793.421675 4500.0
645796.4083 3621200.644925 4500.0
645506.289 3621607.868175 4500.0
645216.1697 3622015.0914249998 4500.0
644926.0504 3622422.314675 4500.0
644635.9311 3622829.537925 4500.0
644345.8118 3623236.761175 4500.0
644055.6925 3623643.984425 4500.0
643765.5732 3624051.2076749997 4500.0
643475.4539 3624458.430925 4500.0
643185.3346 3624865.654175 4500.0
642895.2153 3625272.877425 4500.0
642605.096 3625680.100675 4500.0
642314.9767 3626087.323925 4500.0
642024.8574 3626494.547175 4500.0
641734.7381 3626901.7704249998 4500.0
641444.6188 3627308.993675 4500.0
641154.4995 3627716.216925 4500.0
640864.3802 3628123.440175 4500.0
648290.3780499999 3616838.293125 4500.0
648000.2587499999 3617245.516375 4500.0
647710.1394499999 3617652.739625 4500.0
647420.02015 3618059.962875 4500.0
647129.90085 3618467.186125 4500.0
646839.78155 3618874.409375 4500.0
646549.6622499999 3619281.632625 4500.0
646259.5429499999 3619688.855875 4500.0
645969.42365 3620096.079125 4500.0
645679.30435 3620503.302375 4500.0
645389.18505 3620910.5256250002 4500.0
645099.06575 3621317.748875 4500.0
644808.9464499999 3621724.972125 4500.0
644518.8271499999 3622132.195375 4500.0
644228.70785 3622539.418625 4500.0
643938.58855 3622946.641875 4500.0
643648.46925 3623353.865125 4500.0
643358.34995 3623761.088375 4500.0
643068.2306499999 3624168.311625 4500.0
642778.1113499999 3624575.534875 4500.0
642487.99205 3624982.758125 4500.0
642197.87275 3625389.981375 4500.0
641907.75345 3625797.2046250002 4500.0
641617.6341499999 3626204.427875 4500.0
641327.5148499999 3626611.651125 4500.0
641037.39555 3627018.874375 4500.0
640747.27625 3627426.097625 4500.0
640457.15695 3627833.320875 4500.0
647883.1548 3616548.173825 4500.0
647593.0355 3616955.397075 4500.0
647302.9162 3617362.620325 4500.0
647012.7969000001 3617769.8435750003 4500.0
646722.6776 3618177.066825 4500.0
646432.5583 3618584.290075 4500.0
646142.439 3618991.513325 4500.0
645852.3197 3619398.736575 4500.0
645562.2004000001 3619805.9598250003 4500.0
645272.0811000001 3620213.183075 4500.0
644981.9618 3620620.4063250003 4500.0
644691.8425 3621027.629575 4500.0
644401.7232 3621434.852825 4500.0
644111.6039 3621842.076075 4500.0
643821.4846000001 3622249.299325 4500.0
643531.3653000001 3622656.5225750003 4500.0
643241.246 3623063.745825 4500.0
642951.1267 3623470.969075 4500.0
642661.0074 3623878.192325 4500.0
642370.8881 3624285.415575 4500.0
642080.7688000001 3624692.6388250003 4500.0
641790.6495 3625099.862075 4500.0
641500.5302 3625507.0853250003 4500.0
641210.4109 3625914.308575 4500.0
640920.2916 3626321.531825 4500.0
640630.1723000001 3626728.755075 4500.0
640340.0530000001 3627135.978325 4500.0
640049.9337 3627543.2015750003 4500.0
647475.93155 3616258.054525 4500.0
647185.81225 3616665.2777750003 4500.0
646895.6929499999 3617072.501025 4500.0
646605.57365 3617479.7242750004 4500.0
646315.45435 3617886.947525 4500.0
646025.33505 3618294.170775 4500.0
645735.21575 3618701.3940250003 4500.0
645445.09645 3619108.617275 4500.0
645154.97715 3619515.8405250004 4500.0
644864.85785 3619923.063775 4500.0
644574.73855 3620330.2870250004 4500.0
644284.61925 3620737.5102750002 4500.0
643994.49995 3621144.733525 4500.0
643704.38065 3621551.9567750003 4500.0
643414.26135 3621959.180025 4500.0
643124.14205 3622366.4032750004 4500.0
642834.02275 3622773.626525 4500.0
642543.90345 3623180.849775 4500.0
642253.78415 3623588.0730250003 4500.0
641963.66485 3623995.296275 4500.0
641673.54555 3624402.5195250004 4500.0
641383.42625 3624809.742775 4500.0
641093.30695 3625216.9660250004 4500.0
640803.18765 3625624.1892750002 4500.0
640513.06835 3626031.412525 4500.0
640222.94905 3626438.6357750003 4500.0
639932.82975 3626845.859025 4500.0
639642.71045 3627253.0822750004 4500.0
647068.7082999999 3615967.9352249997 4500.0
646778.5889999999 3616375.158475 4500.0
646488.4696999999 3616782.3817249998 4500.0
646198.3504 3617189.604975 4500.0
645908.2311 3617596.828225 4500.0
645618.1118 3618004.0514749996 4500.0
645327.9924999999 3618411.274725 4500.0
645037.8731999999 3618818.4979749997 4500.0
644747.7539 3619225.721225 4500.0
644457.6346 3619632.944475 4500.0
644167.5153 3620040.167725 4500.0
643877.396 3620447.390975 4500.0
643587.2766999999 3620854.6142249997 4500.0
643297.1573999999 3621261.837475 4500.0
643007.0381 3621669.0607249998 4500.0
642716.9188 3622076.283975 4500.0
642426.7995 3622483.507225 4500.0
642136.6802 3622890.7304749996 4500.0
641846.5608999999 3623297.953725 4500.0
641556.4415999999 3623705.1769749997 4500.0
641266.3223 3624112.400225 4500.0
640976.203 3624519.623475 4500.0
640686.0837 3624926.846725 4500.0
640395.9643999999 3625334.069975 4500.0
640105.8450999999 3625741.2932249997 4500.0
639815.7258 3626148.516475 4500.0
639525.6065 3626555.7397249998 4500.0
639235.4872 3626962.962975 4500.0
646661.48505 3615677.815925 4500.0
646371.36575 3616085.039175 4500.0
646081.24645 3616492.262425 4500.0
645791.1271500001 3616899.485675 4500.0
645501.00785 3617306.708925 4500.0
645210.88855 3617713.9321749997 4500.0
644920.76925 3618121.155425 4500.0
644630.64995 3618528.378675 4500.0
644340.5306500001 3618935.601925 4500.0
644050.4113500001 3619342.825175 4500.0
643760.29205 3619750.048425 4500.0
643470.17275 3620157.271675 4500.0
643180.05345 3620564.494925 4500.0
642889.93415 3620971.718175 4500.0
642599.8148500001 3621378.941425 4500.0
642309.6955500001 3621786.164675 4500.0
642019.57625 3622193.387925 4500.0
641729.45695 3622600.6111749997 4500.0
641439.33765 3623007.834425 4500.0
641149.21835 3623415.057675 4500.0
640859.0990500001 3623822.280925 4500.0
640568.97975 3624229.504175 4500.0
640278.86045 3624636.727425 4500.0
639988.74115 3625043.950675 4500.0
639698.62185 3625451.173925 4500.0
639408.5025500001 3625858.397175 4500.0
639118.3832500001 3626265.620425 4500.0
638828.26395 3626672.843675 4500.0
646254.2618 3615387.696625 4500.0
645964.1425 3615794.919875 4500.0
645674.0231999999 3616202.143125 4500.0
645383.9039 3616609.366375 4500.0
645093.7846 3617016.589625 4500.0
644803.6653 3617423.812875 4500.0
644513.546 3617831.036125 4500.0
644223.4267 3618238.259375 4500.0
643933.3074 3618645.482625 4500.0
643643.1881 3619052.705875 4500.0
643353.0688 3619459.9291250003 4500.0
643062.9495 3619867.152375 4500.0
642772.8302 3620274.375625 4500.0
642482.7109 3620681.598875 4500.0
642192.5916 3621088.822125 4500.0
641902.4723 3621496.045375 4500.0
641612.353 3621903.268625 4500.0
641322.2337 3622310.491875 4500.0
641032.1144 3622717.715125 4500.0
640741.9951 3623124.938375 4500.0
640451.8758 3623532.161625 4500.0
640161.7565 3623939.384875 4500.0
639871.6372 3624346.6081250003 4500.0
639581.5179 3624753.831375 4500.0
639291.3986 3625161.054625 4500.0
639001.2793 3625568.277875 4500.0
638711.16 3625975.501125 4500.0
638421.0407 3626382.724375 4500.0
645847.0385499999 3615097.577325 4500.0
645556.9192499999 3615504.8005750002 4500.0
645266.7999499999 3615912.023825 4500.0
644976.68065 3616319.2470750003 4500.0
644686.56135 3616726.470325 4500.0
644396.44205 3617133.693575 4500.0
644106.3227499999 3617540.916825 4500.0
643816.2034499999 3617948.140075 4500.0
643526.08415 3618355.3633250003 4500.0
643235.96485 3618762.586575 4500.0
642945.84555 3619169.8098250004 4500.0
642655.72625 3619577.033075 4500.0
642365.6069499999 3619984.256325 4500.0
642075.4876499999 3620391.4795750002 4500.0
641785.36835 3620798.702825 4500.0
641495.24905 3621205.9260750003 4500.0
641205.12975 3621613.149325 4500.0
640915.01045 3622020.372575 4500.0
640624.8911499999 3622427.595825 4500.0
640334.7718499999 3622834.819075 4500.0
640044.65255 3623242.0423250003 4500.0
639754.53325 3623649.265575 4500.0
639464.41395 3624056.4888250004 4500.0
639174.2946499999 3624463.712075 4500.0
638884.1753499999 3624870.935325 4500.0
638594.05605 3625278.1585750002 4500.0
638303.93675 3625685.381825 4500.0
638013.81745 3626092.6050750003 4500.0
645439.8153 3614807.4580249996 4500.0
645149.696 3615214.681275 4500.0
644859.5767 3615621.9045249997 4500.0
644569.4574000001 3616029.127775 4500.0
644279.3381 3616436.3510249997 4500.0
643989.2188 3616843.5742749996 4500.0
643699.0995 3617250.797525 4500.0
643408.9802 3617658.0207749996 4500.0
643118.8609000001 3618065.244025 4500.0
642828.7416000001 3618472.4672749997 4500.0
642538.6223 3618879.690525 4500.0
642248.503 3619286.913775 4500.0
641958.3837 3619694.1370249996 4500.0
641668.2644 3620101.360275 4500.0
641378.1451000001 3620508.5835249997 4500.0
641088.0258000001 3620915.806775 4500.0
640797.9065 3621323.0300249998 4500.0
640507.7872 3621730.2532749996 4500.0
640217.6679 3622137.476525 4500.0
639927.5486 3622544.6997749996 4500.0
639637.4293000001 3622951.923025 4500.0
639347.31 3623359.1462749997 4500.0
639057.1907 3623766.369525 4500.0
638767.0714 3624173.592775 4500.0
638476.9521 3624580.8160249996 4500.0
638186.8328000001 3624988.039275 4500.0
637896.7135000001 3625395.2625249997 4500.0
637606.5942 3625802.485775 4500.0
645032.59205 3614517.3387249997 4500.0
644742.47275 3614924.561975 4500.0
644452.3534499999 3615331.7852249998 4500.0
644162.23415 3615739.008475 4500.0
643872.11485 3616146.231725 4500.0
643581.99555 3616553.4549749997 4500.0
643291.87625 3616960.678225 4500.0
643001.75695 3617367.9014749997 4500.0
642711.63765 3617775.124725 4500.0
642421.51835 3618182.347975 4500.0
642131.39905 3618589.571225 4500.0
641841.27975 3618996.794475 4500.0
641551.16045 3619404.0177249997 4500.0
641261.04115 3619811.240975 4500.0
640970.92185 3620218.464225 4500.0
640680.80255 3620625.687475 4500.0
640390.68325 3621032.910725 4500.0
640100.56395 3621440.1339749997 4500.0
639810.44465 3621847.357225 4500.0
639520.3253499999 3622254.5804749997 4500.0
639230.20605 3622661.803725 4500.0
638940.08675 3623069.026975 4500.0
638649.96745 3623476.250225 4500.0
638359.84815 3623883.473475 4500.0
638069.72885 3624290.6967249997 4500.0
637779.60955 3624697.919975 4500.0
637489.49025 3625105.143225 4500.0
637199.37095 3625512.366475 4500.0
644625.3687999999 3614227.219425 4500.0
644335.2494999999 3614634.442675 4500.0
644045.1301999999 3615041.665925 4500.0
643755.0109 3615448.889175 4500.0
643464.8916 3615856.112425 4500.0
643174.7723 3616263.3356749997 4500.0
642884.6529999999 3616670.558925 4500.0
642594.5336999999 3617077.782175 4500.0
642304.4144 3617485.005425 4500.0
642014.2951 3617892.228675 4500.0
641724.1758 3618299.451925 4500.0
641434.0565 3618706.675175 4500.0
641143.9371999999 3619113.898425 4500.0
640853.8178999999 3619521.121675 4500.0
640563.6986 3619928.344925 4500.0
640273.5793 3620335.568175 4500.0
639983.46 3620742.791425 4500.0
639693.3407 3621150.0146749998 4500.0
639403.2213999999 3621557.237925 4500.0
639113.1020999999 3621964.461175 4500.0
638822.9828 3622371.684425 4500.0
638532.8635 3622778.907675 4500.0
638242.7442 3623186.130925 4500.0
637952.6248999999 3623593.354175 4500.0
637662.5055999999 3624000.577425 4500.0
637372.3863 3624407.800675 4500.0
637082.267 3624815.023925 4500.0
636792.1477 3625222.247175 4500.0
644218.14555 3613937.100125 4500.0
643928.02625 3614344.323375 4500.0
643637.90695 3614751.546625 4500.0
643347.7876500001 3615158.769875 4500.0
643057.66835 3615565.993125 4500.0
642767.54905 3615973.216375 4500.0
642477.42975 3616380.439625 4500.0
642187.31045 3616787.662875 4500.0
641897.1911500001 3617194.886125 4500.0
641607.0718500001 3617602.109375 4500.0
641316.95255 3618009.3326250003 4500.0
641026.83325 3618416.555875 4500.0
640736.71395 3618823.779125 4500.0
640446.59465 3619231.002375 4500.0
640156.4753500001 3619638.225625 4500.0
639866.3560500001 3620045.4488750002 4500.0
639576.23675 3620452.672125 4500.0
639286.11745 3620859.895375 4500.0
638995.99815 3621267.118625 4500.0
638705.87885 3621674.341875 4500.0
638415.7595500001 3622081.565125 4500.0
638125.64025 3622488.788375 4500.0
637835.52095 3622896.0116250003 4500.0
637545.40165 3623303.234875 4500.0
637255.28235 3623710.458125 4500.0
636965.1630500001 3624117.681375 4500.0
636675.0437500001 3624524.904625 4500.0
636384.92445 3624932.1278750002 4500.0
643810.9223 3613646.980825 4500.0
643520.803 3614054.2040750002 4500.0
643230.6836999999 3614461.427325 4500.0
642940.5644 3614868.6505750003 4500.0
642650.4451 3615275.873825 4500.0
642360.3258 3615683.097075 4500.0
642070.2065 3616090.320325 4500.0
641780.0872 3616497.543575 4500.0
641489.9679 3616904.7668250003 4500.0
641199.8486 3617311.990075 4500.0
640909.7293 3617719.2133250004 4500.0
640619.61 3618126.436575 4500.0
640329.4907 3618533.659825 4500.0
640039.3714 3618940.8830750003 4500.0
639749.2521 3619348.106325 4500.0
639459.1328 3619755.3295750003 4500.0
639169.0135 3620162.552825 4500.0
638878.8942 3620569.776075 4500.0
638588.7749 3620976.999325 4500.0
638298.6555999999 3621384.222575 4500.0
638008.5363 3621791.4458250003 4500.0
637718.417 3622198.669075 4500.0
637428.2977 3622605.8923250004 4500.0
637138.1784 3623013.115575 4500.0
636848.0591 3623420.338825 4500.0
636557.9398 3623827.5620750003 4500.0
636267.8205 3624234.785325 4500.0
635977.7012 3624642.0085750003 4500.0
643403.6990499999 3613356.8615249996 4500.0
643113.5797499999 3613764.084775 4500.0
642823.4604499999 3614171.3080249997 4500.0
642533.34115 3614578.531275 4500.0
642243.22185 3614985.7545249998 4500.0
641953.10255 3615392.9777749996 4500.0
641662.9832499999 3615800.201025 4500.0
641372.8639499999 3616207.4242749996 4500.0
641082.74465 3616614.647525 4500.0
640792.62535 3617021.8707749997 4500.0
640502.50605 3617429.094025 4500.0
640212.38675 3617836.317275 4500.0
639922.2674499999 3618243.5405249996 4500.0
639632.1481499999 3618650.763775 4500.0
639342.02885 3619057.9870249997 4500.0
639051.90955 3619465.210275 4500.0
638761.79025 3619872.433525 4500.0
638471.6709499999 3620279.6567749996 4500.0
638181.5516499999 3620686.880025 4500.0
637891.4323499999 3621094.1032749997 4500.0
637601.31305 3621501.326525 4500.0
637311.19375 3621908.5497749997 4500.0
637021.07445 3622315.773025 4500.0
636730.9551499999 3622722.996275 4500.0
636440.8358499999 3623130.2195249996 4500.0
636150.71655 3623537.442775 4500.0
635860.59725 3623944.6660249997 4500.0
635570.47795 3624351.889275 4500.0
642996.4758 3613066.7422249997 4500.0
642706.3565 3613473.965475 4500.0
642416.2372 3613881.188725 4500.0
642126.1179000001 3614288.411975 4500.0
641835.9986 3614695.635225 4500.0
641545.8793 3615102.8584749997 4500.0
641255.76 3615510.081725 4500.0
640965.6407 3615917.3049749997 4500.0
640675.5214000001 3616324.528225 4500.0
640385.4021000001 3616731.751475 4500.0
640095.2828 3617138.974725 4500.0
639805.1635 3617546.197975 4500.0
639515.0442 3617953.4212249997 4500.0
639224.9249 3618360.644475 4500.0
638934.8056000001 3618767.867725 4500.0
638644.6863000001 3619175.090975 4500.0
638354.567 3619582.314225 4500.0
638064.4477 3619989.5374749997 4500.0
637774.3284 3620396.760725 4500.0
637484.2091 3620803.9839749997 4500.0
637194.0898000001 3621211.207225 4500.0
636903.9705 3621618.430475 4500.0
636613.8512 3622025.653725 4500.0
636323.7319 3622432.876975 4500.0
636033.6126 3622840.1002249997 4500.0
635743.4933000001 3623247.323475 4500.0
635453.3740000001 3623654.546725 4500.0
635163.2547 3624061.769975 4500.0
642589.25255 3612776.622925 4500.0
642299.13325 3613183.846175 4500.0
642009.0139499999 3613591.069425 4500.0
641718.89465 3613998.292675 4500.0
641428.77535 3614405.515925 4500.0
641138.65605 3614812.7391749998 4500.0
640848.53675 3615219.962425 4500.0
640558.41745 3615627.185675 4500.0
640268.29815 3616034.408925 4500.0
639978.17885 3616441.632175 4500.0
639688.05955 3616848.855425 4500.0
639397.94025 3617256.078675 4500.0
639107.82095 3617663.301925 4500.0
638817.70165 3618070.525175 4500.0
638527.58235 3618477.748425 4500.0
638237.46305 3618884.971675 4500.0
637947.34375 3619292.194925 4500.0
637657.22445 3619699.4181749998 4500.0
637367.10515 3620106.641425 4500.0
637076.9858499999 3620513.864675 4500.0
636786.86655 3620921.087925 4500.0
636496.74725 3621328.311175 4500.0
636206.62795 3621735.534425 4500.0
635916.50865 3622142.757675 4500.0
635626.38935 3622549.980925 4500.0
635336.27005 3622957.204175 4500.0
635046.15075 3623364.427425 4500.0
634756.03145 3623771.650675 4500.0
642182.0292999999 3612486.503625 4500.0
641891.9099999999 3612893.726875 4500.0
641601.7906999999 3613300.950125 4500.0
641311.6714 3613708.1733750002 4500.0
641021.5521 3614115.396625 4500.0
640731.4328 3614522.619875 4500.0
640441.3134999999 3614929.843125 4500.0
640151.1941999999 3615337.066375 4500.0
639861.0749 3615744.289625 4500.0
639570.9556 3616151.512875 4500.0
639280.8363 3616558.7361250003 4500.0
638990.717 3616965.959375 4500.0
638700.5976999999 3617373.182625 4500.0
638410.4783999999 3617780.405875 4500.0
638120.3591 3618187.629125 4500.0
637830.2398 3618594.8523750002 4500.0
637540.1205 3619002.075625 4500.0
637250.0011999999 3619409.298875 4500.0
636959.8818999999 3619816.522125 4500.0
636669.7625999999 3620223.745375 4500.0
636379.6433 3620630.968625 4500.0
636089.524 3621038.191875 4500.0
635799.4047 3621445.4151250003 4500.0
635509.2853999999 3621852.638375 4500.0
635219.1660999999 3622259.861625 4500.0
634929.0468 3622667.084875 4500.0
634638.9275 3623074.308125 4500.0
634348.8082 3623481.5313750003 4500.0
641774.80605 3612196.384325 4500.0
641484.68675 3612603.6075750003 4500.0
641194.56745 3613010.830825 4500.0
640904.4481500001 3613418.0540750003 4500.0
640614.32885 3613825.277325 4500.0
640324.20955 3614232.500575 4500.0
640034.09025 3614639.723825 4500.0
639743.97095 3615046.947075 4500.0
639453.8516500001 3615454.1703250003 4500.0
639163.7323500001 3615861.393575 4500.0
638873.61305 3616268.6168250004 4500.0
638583.49375 3616675.840075 4500.0
638293.37445 3617083.063325 4500.0
638003.25515 3617490.2865750003 4500.0
637713.1358500001 3617897.509825 4500.0
637423.0165500001 3618304.7330750003 4500.0
637132.89725 3618711.956325 4500.0
636842.77795 3619119.179575 4500.0
636552.65865 3619526.402825 4500.0
636262.53935 3619933.626075 4500.0
635972.4200500001 3620340.8493250003 4500.0
635682.30075 3620748.072575 4500.0
635392.18145 3621155.2958250004 4500.0
635102.06215 3621562.519075 4500.0
634811.94285 3621969.742325 4500.0
634521.8235500001 3622376.9655750003 4500.0
634231.7042500001 3622784.188825 4500.0
633941.58495 3623191.4120750003 4500.0
641367.5828 3611906.2650249996 4500.0
641077.4635 3612313.488275 4500.0
640787.3441999999 3612720.7115249997 4500.0
640497.2249 3613127.934775 4500.0
640207.1056 3613535.158025 4500.0
639916.9863 3613942.3812749996 4500.0
639626.867 3614349.604525 4500.0
639336.7477 3614756.8277749997 4500.0
639046.6284 3615164.051025 4500.0
638756.5091 3615571.2742749997 4500.0
638466.3898 3615978.497525 4500.0
638176.2705 3616385.720775 4500.0
637886.1512 3616792.9440249996 4500.0
637596.0319 3617200.167275 4500.0
637305.9126 3617607.3905249997 4500.0
637015.7933 3618014.613775 4500.0
636725.674 3618421.837025 4500.0
636435.5547 3618829.0602749996 4500.0
636145.4354 3619236.283525 4500.0
635855.3160999999 3619643.5067749997 4500.0
635565.1968 3620050.730025 4500.0
635275.0775 3620457.9532749997 4500.0
634984.9582 3620865.176525 4500.0
634694.8389 3621272.399775 4500.0
634404.7196 3621679.6230249996 4500.0
634114.6003 3622086.846275 4500.0
633824.481 3622494.0695249997 4500.0
633534.3617 3622901.292775 4500.0
652362.61055 3619739.486125 5000.0
652072.49125 3620146.709375 5000.0
651782.37195 3620553.932625 5000.0
651492.25265 3620961.155875 5000.0
651202.13335 3621368.379125 5000.0
650912.01405 3621775.602375 5000.0
650621.89475 3622182.825625 5000.0
650331.77545 3622590.048875 5000.0
650041.65615 3622997.272125 5000.0
649751.53685 3623404.495375 5000.0
649461.41755 3623811.718625 5000.0
649171.29825 3624218.941875 5000.0
648881.17895 3624626.165125 5000.0
648591.05965 3625033.388375 5000.0
648300.94035 3625440.611625 5000.0
648010.82105 3625847.834875 5000.0
647720.70175 3626255.058125 5000.0
647430.58245 3626662.281375 5000.0
647140.46315 3627069.504625 5000.0
646850.34385 3627476.727875 5000.0
646560.22455 3627883.951125 5000.0
646270.10525 3628291.174375 5000.0
645979.98595 3628698.397625 5000.0
645689.86665 3629105.620875 5000.0
645399.74735 3629512.844125 5000.0
645109.62805 3629920.067375 5000.0
644819.50875 3630327.290625 5000.0
644529.38945 3630734.513875 5000.0
651955.3873 3619449.366825 5000.0
651665.2679999999 3619856.590075 5000.0
651375.1486999999 3620263.813325 5000.0
651085.0294 3620671.0365750003 5000.0
650794.9101 3621078.259825 5000.0
650504.7908 3621485.483075 5000.0
650214.6714999999 3621892.706325 5000.0
649924.5521999999 3622299.929575 5000.0
649634.4329 3622707.152825 5000.0
649344.3136 3623114.376075 5000.0
649054.1943 3623521.5993250003 5000.0
648764.075 3623928.822575 5000.0
648473.9556999999 3624336.045825 5000.0
648183.8363999999 3624743.269075 5000.0
647893.7171 3625150.492325 5000.0
647603.5978 3625557.7155750003 5000.0
647313.4785 3625964.938825 5000.0
647023.3592 3626372.162075 5000.0
646733.2398999999 3626779.385325 5000.0
646443.1205999999 3627186.608575 5000.0
646153.0013 3627593.8318250002 5000.0
645862.882 3628001.055075 5000.0
645572.7627 3628408.2783250003 5000.0
645282.6434 3628815.501575 5000.0
644992.5240999999 3629222.724825 5000.0
644702.4048 3629629.948075 5000.0
644412.2855 3630037.171325 5000.0
644122.1662 3630444.3945750003 5000.0
651548.16405 3619159.247525 5000.0
651258.04475 3619566.4707750003 5000.0
650967.92545 3619973.694025 5000.0
650677.8061500001 3620380.9172750004 5000.0
650387.68685 3620788.140525 5000.0
650097.56755 3621195.363775 5000.0
649807.44825 3621602.5870250002 5000.0
649517.32895 3622009.810275 5000.0
649227.2096500001 3622417.0335250003 5000.0
648937.0903500001 3622824.256775 5000.0
648646.97105 3623231.4800250004 5000.0
648356.85175 3623638.703275 5000.0
648066.73245 3624045.926525 5000.0
647776.61315 3624453.1497750003 5000.0
647486.4938500001 3624860.373025 5000.0
647196.3745500001 3625267.5962750004 5000.0
646906.25525 3625674.819525 5000.0
646616.13595 3626082.042775 5000.0
646326.01665 3626489.2660250003 5000.0
646035.89735 3626896.489275 5000.0
645745.7780500001 3627303.7125250003 5000.0
645455.6587500001 3627710.935775 5000.0
645165.53945 3628118.1590250004 5000.0
644875.42015 3628525.382275 5000.0
644585.30085 3628932.605525 5000.0
644295.1815500001 3629339.8287750003 5000.0
644005.0622500001 3629747.052025 5000.0
643714.94295 3630154.2752750004 5000.0
651140.9408 3618869.1282249996 5000.0
650850.8215 3619276.351475 5000.0
650560.7021999999 3619683.5747249997 5000.0
650270.5829 3620090.797975 5000.0
649980.4636 3620498.021225 5000.0
649690.3443 3620905.2444749996 5000.0
649400.225 3621312.467725 5000.0
649110.1057 3621719.6909749997 5000.0
648819.9864 3622126.914225 5000.0
648529.8671 3622534.1374749998 5000.0
648239.7478 3622941.360725 5000.0
647949.6285 3623348.583975 5000.0
647659.5092 3623755.8072249996 5000.0
647369.3899 3624163.030475 5000.0
647079.2706 3624570.2537249997 5000.0
646789.1513 3624977.476975 5000.0
646499.032 3625384.700225 5000.0
646208.9127 3625791.9234749996 5000.0
645918.7934 3626199.146725 5000.0
645628.6741 3626606.3699749997 5000.0
645338.5548 3627013.593225 5000.0
645048.4355 3627420.8164749998 5000.0
644758.3162 3627828.039725 5000.0
644468.1969 3628235.262975 5000.0
644178.0776 3628642.4862249997 5000.0
643887.9583 3629049.709475 5000.0
643597.839 3629456.9327249997 5000.0
643307.7197 3629864.155975 5000.0
650733.71755 3618579.0089249997 5000.0
650443.5982499999 3618986.232175 5000.0
650153.4789499999 3619393.455425 5000.0
649863.35965 3619800.678675 5000.0
649573.24035 3620207.901925 5000.0
649283.12105 3620615.1251749997 5000.0
648993.0017499999 3621022.348425 5000.0
648702.8824499999 3621429.571675 5000.0
648412.76315 3621836.794925 5000.0
648122.64385 3622244.018175 5000.0
647832.52455 3622651.241425 5000.0
647542.40525 3623058.464675 5000.0
647252.2859499999 3623465.6879249997 5000.0
646962.1666499999 3623872.911175 5000.0
646672.04735 3624280.134425 5000.0
646381.92805 3624687.357675 5000.0
646091.80875 3625094.580925 5000.0
645801.68945 3625501.8041749997 5000.0
645511.5701499999 3625909.027425 5000.0
645221.4508499999 3626316.250675 5000.0
644931.33155 3626723.473925 5000.0
644641.21225 3627130.697175 5000.0
644351.09295 3627537.920425 5000.0
644060.9736499999 3627945.143675 5000.0
643770.8543499999 3628352.3669249997 5000.0
643480.73505 3628759.590175 5000.0
643190.61575 3629166.813425 5000.0
642900.49645 3629574.036675 5000.0
650326.4943 3618288.889625 5000.0
650036.375 3618696.112875 5000.0
649746.2557 3619103.336125 5000.0
649456.1364000001 3619510.559375 5000.0
649166.0171 3619917.782625 5000.0
648875.8978 3620325.005875 5000.0
648585.7785 3620732.229125 5000.0
648295.6592 3621139.452375 5000.0
648005.5399000001 3621546.675625 5000.0
647715.4206000001 3621953.898875 5000.0
647425.3013 3622361.122125 5000.0
647135.182 3622768.345375 5000.0
646845.0627 3623175.568625 5000.0
646554.9434 3623582.791875 5000.0
646264.8241000001 3623990.015125 5000.0
645974.7048000001 3624397.238375 5000.0
645684.5855 3624804.461625 5000.0
645394.4662 3625211.684875 5000.0
645104.3469 3625618.908125 5000.0
644814.2276 3626026.131375 5000.0
644524.1083000001 3626433.354625 5000.0
644233.9890000001 3626840.577875 5000.0
643943.8697 3627247.801125 5000.0
643653.7504 3627655.024375 5000.0
643363.6311 3628062.247625 5000.0
643073.5118000001 3628469.470875 5000.0
642783.3925000001 3628876.694125 5000.0
642493.2732 3629283.917375 5000.0
649919.27105 3617998.770325 5000.0
649629.15175 3618405.993575 5000.0
649339.0324499999 3618813.216825 5000.0
649048.91315 3619220.4400750003 5000.0
648758.79385 3619627.663325 5000.0
648468.67455 3620034.886575 5000.0
648178.55525 3620442.109825 5000.0
647888.43595 3620849.333075 5000.0
647598.31665 3621256.5563250002 5000.0
647308.19735 3621663.779575 5000.0
647018.07805 3622071.0028250003 5000.0
646727.95875 3622478.226075 5000.0
646437.83945 3622885.449325 5000.0
646147.72015 3623292.672575 5000.0
645857.60085 3623699.895825 5000.0
645567.48155 3624107.1190750003 5000.0
645277.36225 3624514.342325 5000.0
644987.24295 3624921.565575 5000.0
644697.12365 3625328.788825 5000.0
644407.00435 3625736.012075 5000.0
644116.88505 3626143.2353250002 5000.0
643826.76575 3626550.458575 5000.0
643536.64645 3626957.6818250003 5000.0
643246.52715 3627364.905075 5000.0
642956.40785 3627772.128325 5000.0
642666.28855 3628179.351575 5000.0
642376.16925 3628586.574825 5000.0
642086.04995 3628993.7980750003 5000.0
649512.0478 3617708.651025 5000.0
649221.9284999999 3618115.8742750003 5000.0
648931.8091999999 3618523.097525 5000.0
648641.6899 3618930.3207750004 5000.0
648351.5706 3619337.544025 5000.0
648061.4513 3619744.767275 5000.0
647771.3319999999 3620151.9905250003 5000.0
647481.2126999999 3620559.213775 5000.0
647191.0934 3620966.4370250003 5000.0
646900.9741 3621373.660275 5000.0
646610.8548 3621780.8835250004 5000.0
646320.7355 3622188.106775 5000.0
646030.6161999999 3622595.330025 5000.0
645740.4968999999 3623002.5532750003 5000.0
645450.3776 3623409.776525 5000.0
645160.2583 3623816.9997750004 5000.0
644870.139 3624224.223025 5000.0
644580.0197 3624631.446275 5000.0
644289.9003999999 3625038.6695250003 5000.0
643999.7810999999 3625445.892775 5000.0
643709.6618 3625853.1160250003 5000.0
643419.5425 3626260.339275 5000.0
643129.4232 3626667.5625250004 5000.0
642839.3038999999 3627074.785775 5000.0
642549.1845999999 3627482.009025 5000.0
642259.0653 3627889.2322750003 5000.0
641968.946 3628296.455525 5000.0
641678.8267 3628703.6787750004 5000.0
649104.82455 3617418.5317249997 5000.0
648814.70525 3617825.754975 5000.0
648524.58595 3618232.9782249997 5000.0
648234.4666500001 3618640.201475 5000.0
647944.34735 3619047.424725 5000.0
647654.22805 3619454.6479749996 5000.0
647364.10875 3619861.871225 5000.0
647073.98945 3620269.0944749997 5000.0
646783.8701500001 3620676.317725 5000.0
646493.7508500001 3621083.540975 5000.0
646203.63155 3621490.764225 5000.0
645913.51225 3621897.987475 5000.0
645623.39295 3622305.2107249997 5000.0
645333.27365 3622712.433975 5000.0
645043.1543500001 3623119.6572249997 5000.0
644753.0350500001 3623526.880475 5000.0
644462.91575 3623934.103725 5000.0
644172.79645 3624341.3269749996 5000.0
643882.67715 3624748.550225 5000.0
643592.55785 3625155.7734749997 5000.0
643302.4385500001 3625562.996725 5000.0
643012.3192500001 3625970.219975 5000.0
642722.19995 3626377.443225 5000.0
642432.08065 3626784.666475 5000.0
642141.96135 3627191.8897249997 5000.0
641851.8420500001 3627599.112975 5000.0
641561.7227500001 3628006.3362249997 5000.0
641271.60345 3628413.559475 5000.0
648697.6013 3617128.4124249998 5000.0
648407.482 3617535.635675 5000.0
648117.3626999999 3617942.858925 5000.0
647827.2434 3618350.082175 5000.0
647537.1241 3618757.305425 5000.0
647247.0048 3619164.5286749997 5000.0
646956.8855 3619571.751925 5000.0
646666.7662 3619978.975175 5000.0
646376.6469 3620386.198425 5000.0
646086.5276 3620793.421675 5000.0
645796.4083 3621200.644925 5000.0
645506.289 3621607.868175 5000.0
645216.1697 3622015.0914249998 5000.0
644926.0504 3622422.314675 5000.0
644635.9311 3622829.537925 5000.0
644345.8118 3623236.761175 5000.0
644055.6925 3623643.984425 5000.0
643765.5732 3624051.2076749997 5000.0
643475.4539 3624458.430925 5000.0
643185.3346 3624865.654175 5000.0
642895.2153 3625272.877425 5000.0
642605.096 3625680.100675 5000.0
642314.9767 3626087.323925 5000.0
642024.8574 3626494.547175 5000.0
641734.7381 3626901.7704249998 5000.0
641444.6188 3627308.993675 5000.0
641154.4995 3627716.216925 5000.0
640864.3802 3628123.440175 5000.0
648290.3780499999 3616838.293125 5000.0
648000.2587499999 3617245.516375 5000.0
647710.1394499999 3617652.739625 5000.0
647420.02015 3618059.962875 5000.0
647129.90085 3618467.186125 5000.0
646839.78155 3618874.409375 5000.0
646549.6622499999 3619281.632625 5000.0
646259.5429499999 3619688.855875 5000.0
645969.42365 3620096.079125 5000.0
645679.30435 3620503.302375 5000.0
645389.18505 3620910.5256250002 5000.0
645099.06575 3621317.748875 5000.0
644808.9464499999 3621724.972125 5000.0
644518.8271499999 3622132.195375 5000.0
644228.70785 3622539.418625 5000.0
643938.58855 3622946.641875 5000.0
643648.46925 3623353.865125 5000.0
643358.34995 3623761.088375 5000.0
643068.2306499999 3624168.311625 5000.0
642778.1113499999 3624575.534875 5000.0
642487.99205 3624982.758125 5000.0
642197.87275 3625389.981375 5000.0
641907.75345 3625797.2046250002 5000.0
641617.6341499999 3626204.427875 5000.0
641327.5148499999 3626611.651125 5000.0
641037.39555 3627018.874375 5000.0
640747.27625 3627426.097625 5000.0
640457.15695 3627833.320875 5000.0
647883.1548 3616548.173825 5000.0
647593.0355 3616955.397075 5000.0
647302.9162 3617362.620325 5000.0
647012.7969000001 3617769.8435750003 5000.0
646722.6776 3618177.066825 5000.0
646432.5583 3618584.290075 5000.0
646142.439 3618991.513325 5000.0
645852.3197 3619398.736575 5000.0
645562.2004000001 3619805.9598250003 5000.0
645272.0811000001 3620213.183075 5000.0
644981.9618 3620620.4063250003 5000.0
644691.8425 3621027.629575 5000.0
644401.7232 3621434.852825 5000.0
644111.6039 3621842.076075 5000.0
643821.4846000001 3622249.299325 5000.0
643531.3653000001 3622656.5225750003 5000.0
643241.246 3623063.745825 5000.0
642951.1267 3623470.969075 5000.0
642661.0074 3623878.192325 5000.0
642370.8881 3624285.415575 5000.0
642080.7688000001 3624692.6388250003 5000.0
641790.6495 3625099.862075 5000.0
641500.5302 3625507.0853250003 5000.0
641210.4109 3625914.308575 5000.0
640920.2916 3626321.531825 5000.0
640630.1723000001 3626728.755075 5000.0
640340.0530000001 3627135.978325 5000.0
640049.9337 3627543.2015750003 5000.0
647475.93155 3616258.054525 5000.0
647185.81225 3616665.2777750003 5000.0
646895.6929499999 3617072.501025 5000.0
646605.57365 3617479.7242750004 5000.0
646315.45435 3617886.947525 5000.0
646025.33505 3618294.170775 5000.0
645735.21575 3618701.3940250003 5000.0
645445.09645 3619108.617275 5000.0
645154.97715 3619515.8405250004 5000.0
644864.85785 3619923.063775 5000.0
644574.73855 3620330.2870250004 5000.0
644284.61925 3620737.5102750002 5000.0
643994.49995 3621144.733525 5000.0
643704.38065 3621551.9567750003 5000.0
643414.26135 3621959.180025 5000.0
643124.14205 3622366.4032750004 5000.0
642834.02275 3622773.626525 5000.0
642543.90345 3623180.849775 5000.0
642253.78415 3623588.0730250003 5000.0
641963.66485 3623995.296275 5000.0
641673.54555 3624402.5195250004 5000.0
641383.42625 3624809.742775 5000.0
641093.30695 3625216.9660250004 5000.0
640803.18765 3625624.1892750002 5000.0
640513.06835 3626031.412525 5000.0
640222.94905 3626438.6357750003 5000.0
639932.82975 3626845.859025 5000.0
639642.71045 3627253.0822750004 5000.0
647068.7082999999 3615967.9352249997 5000.0
646778.5889999999 3616375.158475 5000.0
646488.4696999999 3616782.3817249998 5000.0
646198.3504 3617189.604975 5000.0
645908.2311 3617596.828225 5000.0
645618.1118 3618004.0514749996 5000.0
645327.9924999999 3618411.274725 5000.0
645037.8731999999 3618818.4979749997 5000.0
644747.7539 3619225.721225 5000.0
644457.6346 3619632.944475 5000.0
644167.5153 3620040.167725 5000.0
643877.396 3620447.390975 5000.0
643587.2766999999 3620854.6142249997 5000.0
643297.1573999999 3621261.837475 5000.0
643007.0381 3621669.0607249998 5000.0
642716.9188 3622076.283975 5000.0
642426.7995 3622483.507225 5000.0
642136.6802 3622890.7304749996 5000.0
641846.5608999999 3623297.953725 5000.0
641556.4415999999 3623705.1769749997 5000.0
641266.3223 3624112.400225 5000.0
640976.203 3624519.623475 5000.0
640686.0837 3624926.846725 5000.0
640395.9643999999 3625334.069975 5000.0
640105.8450999999 3625741.2932249997 5000.0
639815.7258 3626148.516475 5000.0
639525.6065 3626555.7397249998 5000.0
639235.4872 3626962.962975 5000.0
646661.48505 3615677.815925 5000.0
646371.36575 3616085.039175 5000.0
646081.24645 3616492.262425 5000.0
645791.1271500001 3616899.485675 5000.0
645501.00785 3617306.708925 5000.0
645210.88855 3617713.9321749997 5000.0
644920.76925 3618121.155425 5000.0
644630.64995 3618528.378675 5000.0
644340.5306500001 3618935.601925 5000.0
644050.4113500001 3619342.825175 5000.0
643760.29205 3619750.048425 5000.0
643470.17275 3620157.271675 5000.0
643180.05345 3620564.494925 5000.0
642889.93415 3620971.718175 5000.0
642599.8148500001 3621378.941425 5000.0
642309.6955500001 3621786.164675 5000.0
642019.57625 3622193.387925 5000.0
641729.45695 3622600.6111749997 5000.0
641439.33765 3623007.834425 5000.0
641149.21835 3623415.057675 5000.0
640859.0990500001 3623822.280925 5000.0
640568.97975 3624229.504175 5000.0
640278.86045 3624636.727425 5000.0
639988.74115 3625043.950675 5000.0
639698.62185 3625451.173925 5000.0
639408.5025500001 3625858.397175 5000.0
639118.3832500001 3626265.620425 5000.0
638828.26395 3626672.843675 5000.0
646254.2618 3615387.696625 5000.0
645964.1425 3615794.919875 5000.0
645674.0231999999 3616202.143125 5000.0
645383.9039 3616609.366375 5000.0
645093.7846 3617016.589625 5000.0
644803.6653 3617423.812875 5000.0
644513.546 3617831.036125 5000.0
644223.4267 3618238.259375 5000.0
643933.3074 3618645.482625 5000.0
643643.1881 3619052.705875 5000.0
643353.0688 3619459.9291250003 5000.0
643062.9495 3619867.152375 5000.0
642772.8302 3620274.375625 5000.0
642482.7109 3620681.598875 5000.0
642192.5916 3621088.822125 5000.0
641902.4723 3621496.045375 5000.0
641612.353 3621903.268625 5000.0
641322.2337 3622310.491875 5000.0
641032.1144 3622717.715125 5000.0
640741.9951 3623124.938375 5000.0
640451.8758 3623532.161625 5000.0
640161.7565 3623939.384875 5000.0
639871.6372 3624346.6081250003 5000.0
639581.5179 3624753.831375 5000.0
639291.3986 3625161.054625 5000.0
639001.2793 3625568.277875 5000.0
638711.16 3625975.501125 5000.0
638421.0407 3626382.724375 5000.0
645847.0385499999 3615097.577325 5000.0
645556.9192499999 3615504.8005750002 5000.0
645266.7999499999 3615912.023825 5000.0
644976.68065 3616319.2470750003 5000.0
644686.56135 3616726.470325 5000.0
644396.44205 3617133.693575 5000.0
644106.3227499999 3617540.916825 5000.0
643816.2034499999 3617948.140075 5000.0
643526.08415 3618355.3633250003 5000.0
643235.96485 3618762.586575 5000.0
642945.84555 3619169.8098250004 5000.0
642655.72625 3619577.033075 5000.0
642365.6069499999 3619984.256325 5000.0
642075.4876499999 3620391.4795750002 5000.0
641785.36835 3620798.702825 5000.0
641495.24905 3621205.9260750003 5000.0
641205.12975 3621613.149325 5000.0
640915.01045 3622020.372575 5000.0
640624.8911499999 3622427.595825 5000.0
640334.7718499999 3622834.819075 5000.0
640044.65255 3623242.0423250003 5000.0
639754.53325 3623649.265575 5000.0
639464.41395 3624056.4888250004 5000.0
639174.2946499999 3624463.712075 5000.0
638884.1753499999 3624870.935325 5000.0
638594.05605 3625278.1585750002 5000.0
638303.93675 3625685.381825 5000.0
638013.81745 3626092.6050750003 5000.0
645439.8153 3614807.4580249996 5000.0
645149.696 3615214.681275 5000.0
644859.5767 3615621.9045249997 5000.0
644569.4574000001 3616029.127775 5000.0
644279.3381 3616436.3510249997 5000.0
643989.2188 3616843.5742749996 5000.0
643699.0995 3617250.797525 5000.0
643408.9802 3617658.0207749996 5000.0
643118.8609000001 3618065.244025 5000.0
642828.7416000001 3618472.4672749997 5000.0
642538.6223 3618879.690525 5000.0
642248.503 3619286.913775 5000.0
641958.3837 3619694.1370249996 5000.0
641668.2644 3620101.360275 5000.0
641378.1451000001 3620508.5835249997 5000.0
641088.0258000001 3620915.806775 5000.0
640797.9065 3621323.0300249998 5000.0
640507.7872 3621730.2532749996 5000.0
640217.6679 3622137.476525 5000.0
639927.5486 3622544.6997749996 5000.0
639637.4293000001 3622951.923025 5000.0
639347.31 3623359.1462749997 5000.0
639057.1907 3623766.369525 5000.0
638767.0714 3624173.592775 5000.0
638476.9521 3624580.8160249996 5000.0
638186.8328000001 3624988.039275 5000.0
637896.7135000001 3625395.2625249997 5000.0
637606.5942 3625802.485775 5000.0
645032.59205 3614517.3387249997 5000.0
644742.47275 3614924.561975 5000.0
644452.3534499999 3615331.7852249998 5000.0
644162.23415 3615739.008475 5000.0
643872.11485 3616146.231725 5000.0
643581.99555 3616553.4549749997 5000.0
643291.87625 3616960.678225 5000.0
643001.75695 3617367.9014749997 5000.0
642711.63765 3617775.124725 5000.0
642421.51835 3618182.347975 5000.0
642131.39905 3618589.571225 5000.0
641841.27975 3618996.794475 5000.0
641551.16045 3619404.0177249997 5000.0
641261.04115 3619811.240975 5000.0
640970.92185 3620218.464225 5000.0
640680.80255 3620625.687475 5000.0
640390.68325 3621032.910725 5000.0
640100.56395 3621440.1339749997 5000.0
639810.44465 3621847.357225 5000.0
639520.3253499999 3622254.5804749997 5000.0
639230.20605 3622661.803725 5000.0
638940.08675 3623069.026975 5000.0
638649.96745 3623476.250225 5000.0
638359.84815 3623883.473475 5000.0
638069.72885 3624290.6967249997 5000.0
637779.60955 3624697.919975 5000.0
637489.49025 3625105.143225 5000.0
637199.37095 3625512.366475 5000.0
644625.3687999999 3614227.219425 5000.0
644335.2494999999 3614634.442675 5000.0
644045.1301999999 3615041.665925 5000.0
643755.0109 3615448.889175 5000.0
643464.8916 3615856.112425 5000.0
643174.7723 3616263.3356749997 5000.0
642884.6529999999 3616670.558925 5000.0
642594.5336999999 3617077.782175 5000.0
642304.4144 3617485.005425 5000.0
642014.2951 3617892.228675 5000.0
641724.1758 3618299.451925 5000.0
641434.0565 3618706.675175 5000.0
641143.9371999999 3619113.898425 5000.0
640853.8178999999 3619521.121675 5000.0
640563.6986 3619928.344925 5000.0
640273.5793 3620335.568175 5000.0
639983.46 3620742.791425 5000.0
639693.3407 3621150.0146749998 5000.0
639403.2213999999 3621557.237925 5000.0
639113.1020999999 3621964.461175 5000.0
638822.9828 3622371.684425 5000.0
638532.8635 3622778.907675 5000.0
638242.7442 3623186.130925 5000.0
637952.6248999999 3623593.354175 5000.0
637662.5055999999 3624000.577425 5000.0
637372.3863 3624407.800675 5000.0
637082.267 3624815.023925 5000.0
636792.1477 3625222.247175 5000.0
644218.14555 3613937.100125 5000.0
643928.02625 3614344.323375 5000.0
643637.90695 3614751.546625 5000.0
643347.7876500001 3615158.769875 5000.0
643057.66835 3615565.993125 5000.0
642767.54905 3615973.216375 5000.0
642477.42975 3616380.439625 5000.0
642187.31045 3616787.662875 5000.0
641897.1911500001 3617194.886125 5000.0
641607.0718500001 3617602.109375 5000.0
641316.95255 3618009.3326250003 5000.0
641026.83325 3618416.555875 5000.0
640736.71395 3618823.779125 5000.0
640446.59465 3619231.002375 5000.0
640156.4753500001 3619638.225625 5000.0
639866.3560500001 3620045.4488750002 5000.0
639576.23675 3620452.672125 5000.0
639286.11745 3620859.895375 5000.0
638995.99815 3621267.118625 5000.0
638705.87885 3621674.341875 5000.0
638415.7595500001 3622081.565125 5000.0
638125.64025 3622488.788375 5000.0
637835.52095 3622896.0116250003 5000.0
637545.40165 3623303.234875 5000.0
637255.28235 3623710.458125 5000.0
636965.1630500001 3624117.681375 5000.0
636675.0437500001 3624524.904625 5000.0
636384.92445 3624932.1278750002 5000.0
643810.9223 3613646.980825 5000.0
643520.803 3614054.2040750002 5000.0
643230.6836999999 3614461.427325 5000.0
642940.5644 3614868.6505750003 5000.0
642650.4451 3615275.873825 5000.0
642360.3258 3615683.097075 5000.0
642070.2065 3616090.320325 5000.0
641780.0872 3616497.543575 5000.0
641489.9679 3616904.7668250003 5000.0
641199.8486 3617311.990075 5000.0
640909.7293 3617719.2133250004 5000.0
640619.61 3618126.436575 5000.0
640329.4907 3618533.659825 5000.0
640039.3714 3618940.8830750003 5000.0
639749.2521 3619348.106325 5000.0
639459.1328 3619755.3295750003 5000.0
639169.0135 3620162.552825 5000.0
638878.8942 3620569.776075 5000.0
638588.7749 3620976.999325 5000.0
638298.6555999999 3621384.222575 5000.0
638008.5363 3621791.4458250003 5000.0
637718.417 3622198.669075 5000.0
637428.2977 3622605.8923250004 5000.0
637138.1784 3623013.115575 5000.0
636848.0591 3623420.338825 5000.0
636557.9398 3623827.5620750003 5000.0
636267.8205 3624234.785325 5000.0
635977.7012 3624642.0085750003 5000.0
643403.6990499999 3613356.8615249996 5000.0
643113.5797499999 3613764.084775 5000.0
642823.4604499999 3614171.3080249997 5000.0
642533.34115 3614578.531275 5000.0
642243.22185 3614985.7545249998 5000.0
641953.10255 3615392.9777749996 5000.0
641662.9832499999 3615800.201025 5000.0
641372.8639499999 3616207.4242749996 5000.0
641082.74465 3616614.647525 5000.0
640792.62535 3617021.8707749997 5000.0
640502.50605 3617429.094025 5000.0
640212.38675 3617836.317275 5000.0
639922.2674499999 3618243.5405249996 5000.0
639632.1481499999 3618650.763775 5000.0
639342.02885 3619057.9870249997 5000.0
639051.90955 3619465.210275 5000.0
638761.79025 3619872.433525 5000.0
638471.6709499999 3620279.6567749996 5000.0
638181.5516499999 3620686.880025 5000.0
637891.4323499999 3621094.1032749997 5000.0
637601.31305 3621501.326525 5000.0
637311.19375 3621908.5497749997 5000.0
637021.07445 3622315.773025 5000.0
636730.9551499999 3622722.996275 5000.0
636440.8358499999 3623130.2195249996 5000.0
636150.71655 3623537.442775 5000.0
635860.59725 3623944.6660249997 5000.0
635570.47795 3624351.889275 5000.0
642996.4758 3613066.7422249997 5000.0
642706.3565 3613473.965475 5000.0
642416.2372 3613881.188725 5000.0
642126.1179000001 3614288.411975 5000.0
641835.9986 3614695.635225 5000.0
641545.8793 3615102.8584749997 5000.0
641255.76 3615510.081725 5000.0
640965.6407 3615917.3049749997 5000.0
640675.5214000001 3616324.528225 5000.0
640385.4021000001 3616731.751475 5000.0
640095.2828 3617138.974725 5000.0
639805.1635 3617546.197975 5000.0
639515.0442 3617953.4212249997 5000.0
639224.9249 3618360.644475 5000.0
638934.8056000001 3618767.867725 5000.0
638644.6863000001 3619175.090975 5000.0
638354.567 3619582.314225 5000.0
638064.4477 3619989.5374749997 5000.0
637774.3284 3620396.760725 5000.0
637484.2091 3620803.9839749997 5000.0
637194.0898000001 3621211.207225 5000.0
636903.9705 3621618.430475 5000.0
636613.8512 3622025.653725 5000.0
636323.7319 3622432.876975 5000.0
636033.6126 3622840.1002249997 5000.0
635743.4933000001 3623247.323475 5000.0
635453.3740000001 3623654.546725 5000.0
635163.2547 3624061.769975 5000.0
642589.25255 3612776.622925 5000.0
642299.13325 3613183.846175 5000.0
642009.0139499999 3613591.069425 5000.0
641718.89465 3613998.292675 5000.0
641428.77535 3614405.515925 5000.0
641138.65605 3614812.7391749998 5000.0
640848.53675 3615219.962425 5000.0
640558.41745 3615627.185675 5000.0
640268.29815 3616034.408925 5000.0
639978.17885 3616441.632175 5000.0
639688.05955 3616848.855425 5000.0
639397.94025 3617256.078675 5000.0
639107.82095 3617663.301925 5000.0
638817.70165 3618070.525175 5000.0
638527.58235 3618477.748425 5000.0
638237.46305 3618884.971675 5000.0
637947.34375 3619292.194925 5000.0
637657.22445 3619699.4181749998 5000.0
637367.10515 3620106.641425 5000.0
637076.9858499999 3620513.864675 5000.0
636786.86655 3620921.087925 5000.0
636496.74725 3621328.311175 5000.0
636206.62795 3621735.534425 5000.0
635916.50865 3622142.757675 5000.0
635626.38935 3622549.980925 5000.0
635336.27005 3622957.204175 5000.0
635046.15075 3623364.427425 5000.0
634756.03145 3623771.650675 5000.0
642182.0292999999 3612486.503625 5000.0
641891.9099999999 3612893.726875 5000.0
641601.7906999999 3613300.950125 5000.0
641311.6714 3613708.1733750002 5000.0
641021.5521 3614115.396625 5000.0
640731.4328 3614522.619875 5000.0
640441.3134999999 3614929.843125 5000.0
640151.1941999999 3615337.066375 5000.0
639861.0749 3615744.289625 5000.0
639570.9556 3616151.512875 5000.0
639280.8363 3616558.7361250003 5000.0
638990.717 3616965.959375 5000.0
638700.5976999999 3617373.182625 5000.0
638410.4783999999 3617780.405875 5000.0
638120.3591 3618187.629125 5000.0
637830.2398 3618594.8523750002 5000.0
637540.1205 3619002.075625 5000.0
637250.0011999999 3619409.298875 5000.0
636959.8818999999 3619816.522125 5000.0
636669.7625999999 3620223.745375 5000.0
636379.6433 3620630.968625 5000.0
636089.524 3621038.191875 5000.0
635799.4047 3621445.4151250003 5000.0
635509.2853999999 3621852.638375 5000.0
635219.1660999999 3622259.861625 5000.0
634929.0468 3622667.084875 5000.0
634638.9275 3623074.308125 5000.0
634348.8082 3623481.5313750003 5000.0
641774.80605 3612196.384325 5000.0
641484.68675 3612603.6075750003 5000.0
641194.56745 3613010.830825 5000.0
640904.4481500001 3613418.0540750003 5000.0
640614.32885 3613825.277325 5000.0
640324.20955 3614232.500575 5000.0
640034.09025 3614639.723825 5000.0
639743.97095 3615046.947075 5000.0
639453.8516500001 3615454.1703250003 5000.0
639163.7323500001 3615861.393575 5000.0
638873.61305 3616268.6168250004 5000.0
638583.49375 3616675.840075 5000.0
638293.37445 3617083.063325 5000.0
638003.25515 3617490.2865750003 5000.0
637713.1358500001 3617897.509825 5000.0
637423.0165500001 3618304.7330750003 5000.0
637132.89725 3618711.956325 5000.0
636842.77795 3619119.179575 5000.0
636552.65865 3619526.402825 5000.0
636262.53935 3619933.626075 5000.0
635972.4200500001 3620340.8493250003 5000.0
635682.30075 3620748.072575 5000.0
635392.18145 3621155.2958250004 5000.0
635102.06215 3621562.519075 5000.0
634811.94285 3621969.742325 5000.0
634521.8235500001 3622376.9655750003 5000.0
634231.7042500001 3622784.188825 5000.0
633941.58495 3623191.4120750003 5000.0
641367.5828 3611906.2650249996 5000.0
641077.4635 3612313.488275 5000.0
640787.3441999999 3612720.7115249997 5000.0
640497.2249 3613127.934775 5000.0
640207.1056 3613535.158025 5000.0
639916.9863 3613942.3812749996 5000.0
639626.867 3614349.604525 5000.0
639336.7477 3614756.8277749997 5000.0
639046.6284 3615164.051025 5000.0
638756.5091 3615571.2742749997 5000.0
638466.3898 3615978.497525 5000.0
638176.2705 3616385.720775 5000.0
637886.1512 3616792.9440249996 5000.0
637596.0319 3617200.167275 5000.0
637305.9126 3617607.3905249997 5000.0
637015.7933 3618014.613775 5000.0
636725.674 3618421.837025 5000.0
636435.5547 3618829.0602749996 5000.0
636145.4354 3619236.283525 5000.0
635855.3160999999 3619643.5067749997 5000.0
635565.1968 3620050.730025 5000.0
635275.0775 3620457.9532749997 5000.0
634984.9582 3620865.176525 5000.0
634694.8389 3621272.399775 5000.0
634404.7196 3621679.6230249996 5000.0
634114.6003 3622086.846275 5000.0
633824.481 3622494.0695249997 5000.0
633534.3617 3622901.292775 5000.0
652362.61055 3619739.486125 5500.0
652072.49125 3620146.709375 5500.0
651782.37195 3620553.932625 5500.0
651492.25265 3620961.155875 5500.0
651202.13335 3621368.379125 5500.0
650912.01405 3621775.602375 5500.0
650621.89475 3622182.825625 5500.0
650331.77545 3622590.048875 5500.0
650041.65615 3622997.272125 5500.0
649751.53685 3623404.495375 5500.0
649461.41755 3623811.718625 5500.0
649171.29825 3624218.941875 5500.0
648881.17895 3624626.165125 5500.0
648591.05965 3625033.388375 5500.0
648300.94035 3625440.611625 5500.0
648010.82105 3625847.834875 5500.0
647720.70175 3626255.058125 5500.0
647430.58245 3626662.281375 5500.0
647140.46315 3627069.504625 5500.0
646850.34385 3627476.727875 5500.0
646560.22455 3627883.951125 5500.0
646270.10525 3628291.174375 5500.0
645979.98595 3628698.397625 5500.0
645689.86665 3629105.620875 5500.0
645399.74735 3629512.844125 5500.0
645109.62805 3629920.067375 5500.0
644819.50875 3630327.290625 5500.0
644529.38945 3630734.513875 5500.0
651955.3873 3619449.366825 5500.0
651665.2679999999 3619856.590075 5500.0
651375.1486999999 3620263.813325 5500.0
651085.0294 3620671.0365750003 5500.0
650794.9101 3621078.259825 5500.0
650504.7908 3621485.483075 5500.0
650214.6714999999 3621892.706325 5500.0
649924.5521999999 3622299.929575 5500.0
649634.4329 3622707.152825 5500.0
649344.3136 3623114.376075 5500.0
649054.1943 3623521.5993250003 5500.0
648764.075 3623928.822575 5500.0
648473.9556999999 3624336.045825 5500.0
648183.8363999999 3624743.269075 5500.0
647893.7171 3625150.492325 5500.0
647603.5978 3625557.7155750003 5500.0
647313.4785 3625964.938825 5500.0
647023.3592 3626372.162075 5500.0
646733.2398999999 3626779.385325 5500.0
646443.1205999999 3627186.608575 5500.0
646153.0013 3627593.8318250002 5500.0
645862.882 3628001.055075 5500.0
645572.7627 3628408.2783250003 5500.0
645282.6434 3628815.501575 5500.0
644992.5240999999 3629222.724825 5500.0
644702.4048 3629629.948075 5500.0
644412.2855 3630037.171325 5500.0
644122.1662 3630444.3945750003 5500.0
651548.16405 3619159.247525 5500.0
651258.04475 3619566.4707750003 5500.0
650967.92545 3619973.694025 5500.0
650677.8061500001 3620380.9172750004 5500.0
650387.68685 3620788.140525 5500.0
650097.56755 3621195.363775 5500.0
649807.44825 3621602.5870250002 5500.0
649517.32895 3622009.810275 5500.0
649227.2096500001 3622417.0335250003 5500.0
648937.0903500001 3622824.256775 5500.0
648646.97105 3623231.4800250004 5500.0
648356.85175 3623638.703275 5500.0
648066.73245 3624045.926525 5500.0
647776.61315 3624453.1497750003 5500.0
647486.4938500001 3624860.373025 5500.0
647196.3745500001 3625267.5962750004 5500.0
646906.25525 3625674.819525 5500.0
646616.13595 3626082.042775 5500.0
646326.01665 3626489.2660250003 5500.0
646035.89735 3626896.489275 5500.0
645745.7780500001 3627303.7125250003 5500.0
645455.6587500001 3627710.935775 5500.0
645165.53945 3628118.1590250004 5500.0
644875.42015 3628525.382275 5500.0
644585.30085 3628932.605525 5500.0
644295.1815500001 3629339.8287750003 5500.0
644005.0622500001 3629747.052025 5500.0
643714.94295 3630154.2752750004 5500.0
651140.9408 3618869.1282249996 5500.0
650850.8215 3619276.351475 5500.0
650560.7021999999 3619683.5747249997 5500.0
650270.5829 3620090.797975 5500.0
649980.4636 3620498.021225 5500.0
649690.3443 3620905.2444749996 5500.0
649400.225 3621312.467725 5500.0
649110.1057 3621719.6909749997 5500.0
648819.9864 3622126.914225 5500.0
648529.8671 3622534.1374749998 5500.0
648239.7478 3622941.360725 5500.0
647949.6285 3623348.583975 5500.0
647659.5092 3623755.8072249996 5500.0
647369.3899 3624163.030475 5500.0
647079.2706 3624570.2537249997 5500.0
646789.1513 3624977.476975 5500.0
646499.032 3625384.700225 5500.0
646208.9127 3625791.9234749996 5500.0
645918.7934 3626199.146725 5500.0
645628.6741 3626606.3699749997 5500.0
645338.5548 3627013.593225 5500.0
645048.4355 3627420.8164749998 5500.0
644758.3162 3627828.039725 5500.0
644468.1969 3628235.262975 5500.0
644178.0776 3628642.4862249997 5500.0
643887.9583 3629049.709475 5500.0
643597.839 3629456.9327249997 5500.0
643307.7197 3629864.155975 5500.0
650733.71755 3618579.0089249997 5500.0
650443.5982499999 3618986.232175 5500.0
650153.4789499999 3619393.455425 5500.0
649863.35965 3619800.678675 5500.0
649573.24035 3620207.901925 5500.0
649283.12105 3620615.1251749997 5500.0
648993.0017499999 3621022.348425 5500.0
648702.8824499999 3621429.571675 5500.0
648412.76315 3621836.794925 5500.0
648122.64385 3622244.018175 5500.0
647832.52455 3622651.241425 5500.0
647542.40525 3623058.464675 5500.0
647252.2859499999 3623465.6879249997 5500.0
646962.1666499999 3623872.911175 5500.0
646672.04735 3624280.134425 5500.0
646381.92805 3624687.357675 5500.0
646091.80875 3625094.580925 5500.0
645801.68945 3625501.8041749997 5500.0
645511.5701499999 3625909.027425 5500.0
645221.4508499999 3626316.250675 5500.0
644931.33155 3626723.473925 5500.0
644641.21225 3627130.697175 5500.0
644351.09295 3627537.920425 5500.0
644060.9736499999 3627945.143675 5500.0
643770.8543499999 3628352.3669249997 5500.0
643480.73505 3628759.590175 5500.0
643190.61575 3629166.813425 5500.0
642900.49645 3629574.036675 5500.0
650326.4943 3618288.889625 5500.0
650036.375 3618696.112875 5500.0
649746.2557 3619103.336125 5500.0
649456.1364000001 3619510.559375 5500.0
649166.0171 3619917.782625 5500.0
648875.8978 3620325.005875 5500.0
648585.7785 3620732.229125 5500.0
648295.6592 3621139.452375 5500.0
648005.5399000001 3621546.675625 5500.0
647715.4206000001 3621953.898875 5500.0
647425.3013 3622361.122125 5500.0
647135.182 3622768.345375 5500.0
646845.0627 3623175.568625 5500.0
646554.9434 3623582.791875 5500.0
646264.8241000001 3623990.015125 5500.0
645974.7048000001 3624397.238375 5500.0
645684.5855 3624804.461625 5500.0
645394.4662 3625211.684875 5500.0
645104.3469 3625618.908125 5500.0
644814.2276 3626026.131375 5500.0
644524.1083000001 3626433.354625 5500.0
644233.9890000001 3626840.577875 5500.0
643943.8697 3627247.801125 5500.0
643653.7504 3627655.024375 5500.0
643363.6311 3628062.247625 5500.0
643073.5118000001 3628469.470875 5500.0
642783.3925000001 3628876.694125 5500.0
642493.2732 3629283.917375 5500.0
649919.27105 3617998.770325 5500.0
649629.15175 3618405.993575 5500.0
649339.0324499999 3618813.216825 5500.0
649048.91315 3619220.4400750003 5500.0
648758.79385 3619627.663325 5500.0
648468.67455 3620034.886575 5500.0
648178.55525 3620442.109825 5500.0
647888.43595 3620849.333075 5500.0
647598.31665 3621256.5563250002 5500.0
647308.19735 3621663.779575 5500.0
647018.07805 3622071.0028250003 5500.0
646727.95875 3622478.226075 5500.0
646437.83945 3622885.449325 5500.0
646147.72015 3623292.672575 5500.0
645857.60085 3623699.895825 5500.0
645567.48155 3624107.1190750003 5500.0
645277.36225 3624514.342325 5500.0
644987.24295 3624921.565575 5500.0
644697.12365 3625328.788825 5500.0
644407.00435 3625736.012075 5500.0
644116.88505 3626143.2353250002 5500.0
643826.76575 3626550.458575 5500.0
643536.64645 3626957.6818250003 5500.0
643246.52715 3627364.905075 5500.0
642956.40785 3627772.128325 5500.0
642666.28855 3628179.351575 5500.0
642376.16925 3628586.574825 5500.0
642086.04995 3628993.7980750003 5500.0
649512.0478 3617708.651025 5500.0
649221.9284999999 3618115.8742750003 5500.0
648931.8091999999 3618523.097525 5500.0
648641.6899 3618930.3207750004 5500.0
648351.5706 3619337.544025 5500.0
648061.4513 3619744.767275 5500.0
647771.3319999999 3620151.9905250003 5500.0
647481.2126999999 3620559.213775 5500.0
647191.0934 3620966.4370250003 5500.0
646900.9741 3621373.660275 5500.0
646610.8548 3621780.8835250004 5500.0
646320.7355 3622188.106775 5500.0
646030.6161999999 3622595.330025 5500.0
645740.4968999999 3623002.5532750003 5500.0
645450.3776 3623409.776525 5500.0
645160.2583 3623816.9997750004 5500.0
644870.139 3624224.223025 5500.0
644580.0197 3624631.446275 5500.0
644289.9003999999 3625038.6695250003 5500.0
643999.7810999999 3625445.892775 5500.0
643709.6618 3625853.1160250003 5500.0
643419.5425 3626260.339275 5500.0
643129.4232 3626667.5625250004 5500.0
642839.3038999999 3627074.785775 5500.0
642549.1845999999 3627482.009025 5500.0
642259.0653 3627889.2322750003 5500.0
641968.946 3628296.455525 5500.0
641678.8267 3628703.6787750004 5500.0
649104.82455 3617418.5317249997 5500.0
648814.70525 3617825.754975 5500.0
648524.58595 3618232.9782249997 5500.0
648234.4666500001 3618640.201475 5500.0
647944.34735 3619047.424725 5500.0
647654.22805 3619454.6479749996 5500.0
647364.10875 3619861.871225 5500.0
647073.98945 3620269.0944749997 5500.0
646783.8701500001 3620676.317725 5500.0
646493.7508500001 3621083.540975 5500.0
646203.63155 3621490.764225 5500.0
645913.51225 3621897.987475 5500.0
645623.39295 3622305.2107249997 5500.0
645333.27365 3622712.433975 5500.0
645043.1543500001 3623119.6572249997 5500.0
644753.0350500001 3623526.880475 5500.0
644462.91575 3623934.103725 5500.0
644172.79645 3624341.3269749996 5500.0
643882.67715 3624748.550225 5500.0
643592.55785 3625155.7734749997 5500.0
643302.4385500001 3625562.996725 5500.0
643012.3192500001 3625970.219975 5500.0
642722.19995 3626377.443225 5500.0
642432.08065 3626784.666475 5500.0
642141.96135 3627191.8897249997 5500.0
641851.8420500001 3627599.112975 5500.0
641561.7227500001 3628006.3362249997 5500.0
641271.60345 3628413.559475 5500.0
648697.6013 3617128.4124249998 5500.0
648407.482 3617535.635675 5500.0
648117.3626999999 3617942.858925 5500.0
647827.2434 3618350.082175 5500.0
647537.1241 3618757.305425 5500.0
647247.0048 3619164.5286749997 5500.0
646956.8855 3619571.751925 5500.0
646666.7662 3619978.975175 5500.0
646376.6469 3620386.198425 5500.0
646086.5276 3620793.421675 5500.0
645796.4083 3621200.644925 5500.0
645506.289 3621607.868175 5500.0
645216.1697 3622015.0914249998 5500.0
644926.0504 3622422.314675 5500.0
644635.9311 3622829.537925 5500.0
644345.8118 3623236.761175 5500.0
644055.6925 3623643.984425 5500.0
643765.5732 3624051.2076749997 5500.0
643475.4539 3624458.430925 5500.0
643185.3346 3624865.654175 5500.0
642895.2153 3625272.877425 5500.0
642605.096 3625680.100675 5500.0
642314.9767 3626087.323925 5500.0
642024.8574 3626494.547175 5500.0
641734.7381 3626901.7704249998 5500.0
641444.6188 3627308.993675 5500.0
641154.4995 3627716.216925 5500.0
640864.3802 3628123.440175 5500.0
648290.3780499999 3616838.293125 5500.0
648000.2587499999 3617245.516375 5500.0
647710.1394499999 3617652.739625 5500.0
647420.02015 3618059.962875 5500.0
647129.90085 3618467.186125 5500.0
646839.78155 3618874.409375 5500.0
646549.6622499999 3619281.632625 5500.0
646259.5429499999 3619688.855875 5500.0
645969.42365 3620096.079125 5500.0
645679.30435 3620503.302375 5500.0
645389.18505 3620910.5256250002 5500.0
645099.06575 3621317.748875 5500.0
644808.9464499999 3621724.972125 5500.0
644518.8271499999 3622132.195375 5500.0
644228.70785 3622539.418625 5500.0
643938.58855 3622946.641875 5500.0
643648.46925 3623353.865125 5500.0
643358.34995 3623761.088375 5500.0
643068.2306499999 3624168.311625 5500.0
642778.1113499999 3624575.534875 5500.0
642487.99205 3624982.758125 5500.0
642197.87275 3625389.981375 5500.0
641907.75345 3625797.2046250002 5500.0
641617.6341499999 3626204.427875 5500.0
641327.5148499999 3626611.651125 5500.0
641037.39555 3627018.874375 5500.0
640747.27625 3627426.097625 5500.0
640457.15695 3627833.320875 5500.0
647883.1548 3616548.173825 5500.0
647593.0355 3616955.397075 5500.0
647302.9162 3617362.620325 5500.0
647012.7969000001 3617769.8435750003 5500.0
646722.6776 3618177.066825 5500.0
646432.5583 3618584.290075 5500.0
646142.439 3618991.513325 5500.0
645852.3197 3619398.736575 5500.0
645562.2004000001 3619805.9598250003 5500.0
645272.0811000001 3620213.183075 5500.0
644981.9618 3620620.4063250003 5500.0
644691.8425 3621027.629575 5500.0
644401.7232 3621434.852825 5500.0
644111.6039 3621842.076075 5500.0
643821.4846000001 3622249.299325 5500.0
643531.3653000001 3622656.5225750003 5500.0
643241.246 3623063.745825 5500.0
642951.1267 3623470.969075 5500.0
642661.0074 3623878.192325 5500.0
642370.8881 3624285.415575 5500.0
642080.7688000001 3624692.6388250003 5500.0
641790.6495 3625099.862075 5500.0
641500.5302 3625507.0853250003 5500.0
641210.4109 3625914.308575 5500.0
640920.2916 3626321.531825 5500.0
640630.1723000001 3626728.755075 5500.0
640340.0530000001 3627135.978325 5500.0
640049.9337 3627543.2015750003 5500.0
647475.93155 3616258.054525 5500.0
647185.81225 3616665.2777750003 5500.0
646895.6929499999 3617072.501025 5500.0
646605.57365 3617479.7242750004 5500.0
646315.45435 3617886.947525 5500.0
646025.33505 3618294.170775 5500.0
645735.21575 3618701.3940250003 5500.0
645445.09645 3619108.617275 5500.0
645154.97715 3619515.8405250004 5500.0
644864.85785 3619923.063775 5500.0
644574.73855 3620330.2870250004 5500.0
644284.61925 3620737.5102750002 5500.0
643994.49995 3621144.733525 5500.0
643704.38065 3621551.9567750003 5500.0
643414.26135 3621959.180025 5500.0
643124.14205 3622366.4032750004 5500.0
642834.02275 3622773.626525 5500.0
642543.90345 3623180.849775 5500.0
642253.78415 3623588.0730250003 5500.0
641963.66485 3623995.296275 5500.0
641673.54555 3624402.5195250004 5500.0
641383.42625 3624809.742775 5500.0
641093.30695 3625216.9660250004 5500.0
640803.18765 3625624.1892750002 5500.0
640513.06835 3626031.412525 5500.0
640222.94905 3626438.6357750003 5500.0
639932.82975 3626845.859025 5500.0
639642.71045 3627253.0822750004 5500.0
647068.7082999999 3615967.9352249997 5500.0
646778.5889999999 3616375.158475 5500.0
646488.4696999999 3616782.3817249998 5500.0
646198.3504 3617189.604975 5500.0
645908.2311 3617596.828225 5500.0
645618.1118 3618004.0514749996 5500.0
645327.9924999999 3618411.274725 5500.0
645037.8731999999 3618818.4979749997 5500.0
644747.7539 3619225.721225 5500.0
644457.6346 3619632.944475 5500.0
644167.5153 3620040.167725 5500.0
643877.396 3620447.390975 5500.0
643587.2766999999 3620854.6142249997 5500.0
643297.1573999999 3621261.837475 5500.0
643007.0381 3621669.0607249998 5500.0
642716.9188 3622076.283975 5500.0
642426.7995 3622483.507225 5500.0
642136.6802 3622890.7304749996 5500.0
641846.5608999999 3623297.953725 5500.0
641556.4415999999 3623705.1769749997 5500.0
641266.3223 3624112.400225 5500.0
640976.203 3624519.623475 5500.0
640686.0837 3624926.846725 5500.0
640395.9643999999 3625334.069975 5500.0
640105.8450999999 3625741.2932249997 5500.0
639815.7258 3626148.516475 5500.0
639525.6065 3626555.7397249998 5500.0
639235.4872 3626962.962975 5500.0
646661.48505 3615677.815925 5500.0
646371.36575 3616085.039175 5500.0
646081.24645 3616492.262425 5500.0
645791.1271500001 3616899.485675 5500.0
645501.00785 3617306.708925 5500.0
645210.88855 3617713.9321749997 5500.0
644920.76925 3618121.155425 5500.0
644630.64995 3618528.378675 5500.0
644340.5306500001 3618935.601925 5500.0
644050.4113500001 3619342.825175 5500.0
643760.29205 3619750.048425 5500.0
643470.17275 3620157.271675 5500.0
643180.05345 3620564.494925 5500.0
642889.93415 3620971.718175 5500.0
642599.8148500001 3621378.941425 5500.0
642309.6955500001 3621786.164675 5500.0
642019.57625 3622193.387925 5500.0
641729.45695 3622600.6111749997 5500.0
641439.33765 3623007.834425 5500.0
641149.21835 3623415.057675 5500.0
640859.0990500001 3623822.280925 5500.0
640568.97975 3624229.504175 5500.0
640278.86045 3624636.727425 5500.0
639988.74115 3625043.950675 5500.0
639698.62185 3625451.173925 5500.0
639408.5025500001 3625858.397175 5500.0
639118.3832500001 3626265.620425 5500.0
638828.26395 3626672.843675 5500.0
646254.2618 3615387.696625 5500.0
645964.1425 3615794.919875 5500.0
645674.0231999999 3616202.143125 5500.0
645383.9039 3616609.366375 5500.0
645093.7846 3617016.589625 5500.0
644803.6653 3617423.812875 5500.0
644513.546 3617831.036125 5500.0
644223.4267 3618238.259375 5500.0
643933.3074 3618645.482625 5500.0
643643.1881 3619052.705875 5500.0
643353.0688 3619459.9291250003 5500.0
643062.9495 3619867.152375 5500.0
642772.8302 3620274.375625 5500.0
642482.7109 3620681.598875 5500.0
642192.5916 3621088.822125 5500.0
641902.4723 3621496.045375 5500.0
641612.353 3621903.268625 5500.0
641322.2337 3622310.491875 5500.0
641032.1144 3622717.715125 5500.0
640741.9951 3623124.938375 5500.0
640451.8758 3623532.161625 5500.0
640161.7565 3623939.384875 5500.0
639871.6372 3624346.6081250003 5500.0
639581.5179 3624753.831375 5500.0
639291.3986 3625161.054625 5500.0
639001.2793 3625568.277875 5500.0
638711.16 3625975.501125 5500.0
638421.0407 3626382.724375 5500.0
645847.0385499999 3615097.577325 5500.0
645556.9192499999 3615504.8005750002 5500.0
645266.7999499999 3615912.023825 5500.0
644976.68065 3616319.2470750003 5500.0
644686.56135 3616726.470325 5500.0
644396.44205 3617133.693575 5500.0
644106.3227499999 3617540.916825 5500.0
643816.2034499999 3617948.140075 5500.0
643526.08415 3618355.3633250003 5500.0
643235.96485 3618762.586575 5500.0
642945.84555 3619169.8098250004 5500.0
642655.72625 3619577.033075 5500.0
642365.6069499999 3619984.256325 5500.0
642075.4876499999 3620391.4795750002 5500.0
641785.36835 3620798.702825 5500.0
641495.24905 3621205.9260750003 5500.0
641205.12975 3621613.149325 5500.0
640915.01045 3622020.372575 5500.0
640624.8911499999 3622427.595825 5500.0
640334.7718499999 3622834.819075 5500.0
640044.65255 3623242.0423250003 5500.0
639754.53325 3623649.265575 5500.0
639464.41395 3624056.4888250004 5500.0
639174.2946499999 3624463.712075 5500.0
638884.1753499999 3624870.935325 5500.0
638594.05605 3625278.1585750002 5500.0
638303.93675 3625685.381825 5500.0
638013.81745 3626092.6050750003 5500.0
645439.8153 3614807.4580249996 5500.0
645149.696 3615214.681275 5500.0
644859.5767 3615621.9045249997 5500.0
644569.4574000001 3616029.127775 5500.0
644279.3381 3616436.3510249997 5500.0
643989.2188 3616843.5742749996 5500.0
643699.0995 3617250.797525 5500.0
643408.9802 3617658.0207749996 5500.0
643118.8609000001 3618065.244025 5500.0
642828.7416000001 3618472.4672749997 5500.0
642538.6223 3618879.690525 5500.0
642248.503 3619286.913775 5500.0
641958.3837 3619694.1370249996 5500.0
641668.2644 3620101.360275 5500.0
641378.1451000001 3620508.5835249997 5500.0
641088.0258000001 3620915.806775 5500.0
640797.9065 3621323.0300249998 5500.0
640507.7872 3621730.2532749996 5500.0
640217.6679 3622137.476525 5500.0
639927.5486 3622544.6997749996 5500.0
639637.4293000001 3622951.923025 5500.0
639347.31 3623359.1462749997 5500.0
639057.1907 3623766.369525 5500.0
638767.0714 3624173.592775 5500.0
638476.9521 3624580.8160249996 5500.0
638186.8328000001 3624988.039275 5500.0
637896.7135000001 3625395.2625249997 5500.0
637606.5942 3625802.485775 5500.0
645032.59205 3614517.3387249997 5500.0
644742.47275 3614924.561975 5500.0
644452.3534499999 3615331.7852249998 5500.0
644162.23415 3615739.008475 5500.0
643872.11485 3616146.231725 5500.0
643581.99555 3616553.4549749997 5500.0
643291.87625 3616960.678225 5500.0
643001.75695 3617367.9014749997 5500.0
642711.63765 3617775.124725 5500.0
642421.51835 3618182.347975 5500.0
642131.39905 3618589.571225 5500.0
641841.27975 3618996.794475 5500.0
641551.16045 3619404.0177249997 5500.0
641261.04115 3619811.240975 5500.0
640970.92185 3620218.464225 5500.0
640680.80255 3620625.687475 5500.0
640390.68325 3621032.910725 5500.0
640100.56395 3621440.1339749997 5500.0
639810.44465 3621847.357225 5500.0
639520.3253499999 3622254.5804749997 5500.0
639230.20605 3622661.803725 5500.0
638940.08675 3623069.026975 5500.0
638649.96745 3623476.250225 5500.0
638359.84815 3623883.473475 5500.0
638069.72885 3624290.6967249997 5500.0
637779.60955 3624697.919975 5500.0
637489.49025 3625105.143225 5500.0
637199.37095 3625512.366475 5500.0
644625.3687999999 3614227.219425 5500.0
644335.2494999999 3614634.442675 5500.0
644045.1301999999 3615041.665925 5500.0
643755.0109 3615448.889175 5500.0
643464.8916 3615856.112425 5500.0
643174.7723 3616263.3356749997 5500.0
642884.6529999999 3616670.558925 5500.0
642594.5336999999 3617077.782175 5500.0
642304.4144 3617485.005425 5500.0
642014.2951 3617892.228675 5500.0
641724.1758 3618299.451925 5500.0
641434.0565 3618706.675175 5500.0
641143.9371999999 3619113.898425 5500.0
640853.8178999999 3619521.121675 5500.0
640563.6986 3619928.344925 5500.0
640273.5793 3620335.568175 5500.0
639983.46 3620742.791425 5500.0
639693.3407 3621150.0146749998 5500.0
639403.2213999999 3621557.237925 5500.0
639113.1020999999 3621964.461175 5500.0
638822.9828 3622371.684425 5500.0
638532.8635 3622778.907675 5500.0
638242.7442 3623186.130925 5500.0
637952.6248999999 3623593.354175 5500.0
637662.5055999999 3624000.577425 5500.0
637372.3863 3624407.800675 5500.0
637082.267 3624815.023925 5500.0
636792.1477 3625222.247175 5500.0
644218.14555 3613937.100125 5500.0
643928.02625 3614344.323375 5500.0
643637.90695 3614751.546625 5500.0
643347.7876500001 3615158.769875 5500.0
643057.66835 3615565.993125 5500.0
642767.54905 3615973.216375 5500.0
642477.42975 3616380.439625 5500.0
642187.31045 3616787.662875 5500.0
641897.1911500001 3617194.886125 5500.0
641607.0718500001 3617602.109375 5500.0
641316.95255 3618009.3326250003 5500.0
641026.83325 3618416.555875 5500.0
640736.71395 3618823.779125 5500.0
640446.59465 3619231.002375 5500.0
640156.4753500001 3619638.225625 5500.0
639866.3560500001 3620045.4488750002 5500.0
639576.23675 3620452.672125 5500.0
639286.11745 3620859.895375 5500.0
638995.99815 3621267.118625 5500.0
638705.87885 3621674.341875 5500.0
638415.7595500001 3622081.565125 5500.0
638125.64025 3622488.788375 5500.0
637835.52095 3622896.0116250003 5500.0
637545.40165 3623303.234875 5500.0
637255.28235 3623710.458125 5500.0
636965.1630500001 3624117.681375 5500.0
636675.0437500001 3624524.904625 5500.0
636384.92445 3624932.1278750002 5500.0
643810.9223 3613646.980825 5500.0
643520.803 3614054.2040750002 5500.0
643230.6836999999 3614461.427325 5500.0
642940.5644 3614868.6505750003 5500.0
642650.4451 3615275.873825 5500.0
642360.3258 3615683.097075 5500.0
642070.2065 3616090.320325 5500.0
641780.0872 3616497.543575 5500.0
641489.9679 3616904.7668250003 5500.0
641199.8486 3617311.990075 5500.0
640909.7293 3617719.2133250004 5500.0
640619.61 3618126.436575 5500.0
640329.4907 3618533.659825 5500.0
640039.3714 3618940.8830750003 5500.0
639749.2521 3619348.106325 5500.0
639459.1328 3619755.3295750003 5500.0
639169.0135 3620162.552825 5500.0
638878.8942 3620569.776075 5500.0
638588.7749 3620976.999325 5500.0
638298.6555999999 3621384.222575 5500.0
638008.5363 3621791.4458250003 5500.0
637718.417 3622198.669075 5500.0
637428.2977 3622605.8923250004 5500.0
637138.1784 3623013.115575 5500.0
636848.0591 3623420.338825 5500.0
636557.9398 3623827.5620750003 5500.0
636267.8205 3624234.785325 5500.0
635977.7012 3624642.0085750003 5500.0
643403.6990499999 3613356.8615249996 5500.0
643113.5797499999 3613764.084775 5500.0
642823.4604499999 3614171.3080249997 5500.0
642533.34115 3614578.531275 5500.0
642243.22185 3614985.7545249998 5500.0
641953.10255 3615392.9777749996 5500.0
641662.9832499999 3615800.201025 5500.0
641372.8639499999 3616207.4242749996 5500.0
641082.74465 3616614.647525 5500.0
640792.62535 3617021.8707749997 5500.0
640502.50605 3617429.094025 5500.0
640212.38675 3617836.317275 5500.0
639922.2674499999 3618243.5405249996 5500.0
639632.1481499999 3618650.763775 5500.0
639342.02885 3619057.9870249997 5500.0
639051.90955 3619465.210275 5500.0
638761.79025 3619872.433525 5500.0
638471.6709499999 3620279.6567749996 5500.0
638181.5516499999 3620686.880025 5500.0
637891.4323499999 3621094.1032749997 5500.0
637601.31305 3621501.326525 5500.0
637311.19375 3621908.5497749997 5500.0
637021.07445 3622315.773025 5500.0
636730.9551499999 3622722.996275 5500.0
636440.8358499999 3623130.2195249996 5500.0
636150.71655 3623537.442775 5500.0
635860.59725 3623944.6660249997 5500.0
635570.47795 3624351.889275 5500.0
642996.4758 3613066.7422249997 5500.0
642706.3565 3613473.965475 5500.0
642416.2372 3613881.188725 5500.0
642126.1179000001 3614288.411975 5500.0
641835.9986 3614695.635225 5500.0
641545.8793 3615102.8584749997 5500.0
641255.76 3615510.081725 5500.0
640965.6407 3615917.3049749997 5500.0
640675.5214000001 3616324.528225 5500.0
640385.4021000001 3616731.751475 5500.0
640095.2828 3617138.974725 5500.0
639805.1635 3617546.197975 5500.0
639515.0442 3617953.4212249997 5500.0
639224.9249 3618360.644475 5500.0
638934.8056000001 3618767.867725 5500.0
638644.6863000001 3619175.090975 5500.0
638354.567 3619582.314225 5500.0
638064.4477 3619989.5374749997 5500.0
637774.3284 3620396.760725 5500.0
637484.2091 3620803.9839749997 5500.0
637194.0898000001 3621211.207225 5500.0
636903.9705 3621618.430475 5500.0
636613.8512 3622025.653725 5500.0
636323.7319 3622432.876975 5500.0
636033.6126 3622840.1002249997 5500.0
635743.4933000001 3623247.323475 5500.0
635453.3740000001 3623654.546725 5500.0
635163.2547 3624061.769975 5500.0
642589.25255 3612776.622925 5500.0
642299.13325 3613183.846175 5500.0
642009.0139499999 3613591.069425 5500.0
641718.89465 3613998.292675 5500.0
641428.77535 3614405.515925 5500.0
641138.65605 3614812.7391749998 5500.0
640848.53675 3615219.962425 5500.0
640558.41745 3615627.185675 5500.0
640268.29815 3616034.408925 5500.0
639978.17885 3616441.632175 5500.0
639688.05955 3616848.855425 5500.0
639397.94025 3617256.078675 5500.0
639107.82095 3617663.301925 5500.0
638817.70165 3618070.525175 5500.0
638527.58235 3618477.748425 5500.0
638237.46305 3618884.971675 5500.0
637947.34375 3619292.194925 5500.0
637657.22445 3619699.4181749998 5500.0
637367.10515 3620106.641425 5500.0
637076.9858499999 3620513.864675 5500.0
636786.86655 3620921.087925 5500.0
636496.74725 3621328.311175 5500.0
636206.62795 3621735.534425 5500.0
635916.50865 3622142.757675 5500.0
635626.38935 3622549.980925 5500.0
635336.27005 3622957.204175 5500.0
635046.15075 3623364.427425 5500.0
634756.03145 3623771.650675 5500.0
642182.0292999999 3612486.503625 5500.0
641891.9099999999 3612893.726875 5500.0
641601.7906999999 3613300.950125 5500.0
641311.6714 3613708.1733750002 5500.0
641021.5521 3614115.396625 5500.0
640731.4328 3614522.619875 5500.0
640441.3134999999 3614929.843125 5500.0
640151.1941999999 3615337.066375 5500.0
639861.0749 3615744.289625 5500.0
639570.9556 3616151.512875 5500.0
639280.8363 3616558.7361250003 5500.0
638990.717 3616965.959375 5500.0
638700.5976999999 3617373.182625 5500.0
638410.4783999999 3617780.405875 5500.0
638120.3591 3618187.629125 5500.0
637830.2398 3618594.8523750002 5500.0
637540.1205 3619002.075625 5500.0
637250.0011999999 3619409.298875 5500.0
636959.8818999999 3619816.522125 5500.0
636669.7625999999 3620223.745375 5500.0
636379.6433 3620630.968625 5500.0
636089.524 3621038.191875 5500.0
635799.4047 3621445.4151250003 5500.0
635509.2853999999 3621852.638375 5500.0
635219.1660999999 3622259.861625 5500.0
634929.0468 3622667.084875 5500.0
634638.9275 3623074.308125 5500.0
634348.8082 3623481.5313750003 5500.0
641774.80605 3612196.384325 5500.0
641484.68675 3612603.6075750003 5500.0
641194.56745 3613010.830825 5500.0
640904.4481500001 3613418.0540750003 5500.0
640614.32885 3613825.277325 5500.0
640324.20955 3614232.500575 5500.0
640034.09025 3614639.723825 5500.0
639743.97095 3615046.947075 5500.0
639453.8516500001 3615454.1703250003 5500.0
639163.7323500001 3615861.393575 5500.0
638873.61305 3616268.6168250004 5500.0
638583.49375 3616675.840075 5500.0
638293.37445 3617083.063325 5500.0
638003.25515 3617490.2865750003 5500.0
637713.1358500001 3617897.509825 5500.0
637423.0165500001 3618304.7330750003 5500.0
637132.89725 3618711.956325 5500.0
636842.77795 3619119.179575 5500.0
636552.65865 3619526.402825 5500.0
636262.53935 3619933.626075 5500.0
635972.4200500001 3620340.8493250003 5500.0
635682.30075 3620748.072575 5500.0
635392.18145 3621155.2958250004 5500.0
635102.06215 3621562.519075 5500.0
634811.94285 3621969.742325 5500.0
634521.8235500001 3622376.9655750003 5500.0
634231.7042500001 3622784.188825 5500.0
633941.58495 3623191.4120750003 5500.0
641367.5828 3611906.2650249996 5500.0
641077.4635 3612313.488275 5500.0
640787.3441999999 3612720.7115249997 5500.0
640497.2249 3613127.934775 5500.0
640207.1056 3613535.158025 5500.0
639916.9863 3613942.3812749996 5500.0
639626.867 3614349.604525 5500.0
639336.7477 3614756.8277749997 5500.0
639046.6284 3615164.051025 5500.0
638756.5091 3615571.2742749997 5500.0
638466.3898 3615978.497525 5500.0
638176.2705 3616385.720775 5500.0
637886.1512 3616792.9440249996 5500.0
637596.0319 3617200.167275 5500.0
637305.9126 3617607.3905249997 5500.0
637015.7933 3618014.613775 5500.0
636725.674 3618421.837025 5500.0
636435.5547 3618829.0602749996 5500.0
636145.4354 3619236.283525 5500.0
635855.3160999999 3619643.5067749997 5500.0
635565.1968 3620050.730025 5500.0
635275.0775 3620457.9532749997 5500.0
634984.9582 3620865.176525 5500.0
634694.8389 3621272.399775 5500.0
634404.7196 3621679.6230249996 5500.0
634114.6003 3622086.846275 5500.0
633824.481 3622494.0695249997 5500.0
633534.3617 3622901.292775 5500.0
652362.61055 3619739.486125 6000.0
652072.49125 3620146.709375 6000.0
651782.37195 3620553.932625 6000.0
651492.25265 3620961.155875 6000.0
651202.13335 3621368.379125 6000.0
650912.01405 3621775.602375 6000.0
650621.89475 3622182.825625 6000.0
650331.77545 3622590.048875 6000.0
650041.65615 3622997.272125 6000.0
649751.53685 3623404.495375 6000.0
649461.41755 3623811.718625 6000.0
649171.29825 3624218.941875 6000.0
648881.17895 3624626.165125 6000.0
648591.05965 3625033.388375 6000.0
648300.94035 3625440.611625 6000.0
648010.82105 3625847.834875 6000.0
647720.70175 3626255.058125 6000.0
647430.58245 3626662.281375 6000.0
647140.46315 3627069.504625 6000.0
646850.34385 3627476.727875 6000.0
646560.22455 3627883.951125 6000.0
646270.10525 3628291.174375 6000.0
645979.98595 3628698.397625 6000.0
645689.86665 3629105.620875 6000.0
645399.74735 3629512.844125 6000.0
645109.62805 3629920.067375 6000.0
644819.50875 3630327.290625 6000.0
644529.38945 3630734.513875 6000.0
651955.3873 3619449.366825 6000.0
651665.2679999999 3619856.590075 6000.0
651375.1486999999 3620263.813325 6000.0
651085.0294 3620671.0365750003 6000.0
650794.9101 3621078.259825 6000.0
650504.7908 3621485.483075 6000.0
650214.6714999999 3621892.706325 6000.0
649924.5521999999 3622299.929575 6000.0
649634.4329 3622707.152825 6000.0
649344.3136 3623114.376075 6000.0
649054.1943 3623521.5993250003 6000.0
648764.075 3623928.822575 6000.0
648473.9556999999 3624336.045825 6000.0
648183.8363999999 3624743.269075 6000.0
647893.7171 3625150.492325 6000.0
647603.5978 3625557.7155750003 6000.0
647313.4785 3625964.938825 6000.0
647023.3592 3626372.162075 6000.0
646733.2398999999 3626779.385325 6000.0
646443.1205999999 3627186.608575 6000.0
646153.0013 3627593.8318250002 6000.0
645862.882 3628001.055075 6000.0
645572.7627 3628408.2783250003 6000.0
645282.6434 3628815.501575 6000.0
644992.5240999999 3629222.724825 6000.0
644702.4048 3629629.948075 6000.0
644412.2855 3630037.171325 6000.0
644122.1662 3630444.3945750003 6000.0
651548.16405 3619159.247525 6000.0
651258.04475 3619566.4707750003 6000.0
650967.92545 3619973.694025 6000.0
650677.8061500001 3620380.9172750004 6000.0
650387.68685 3620788.140525 6000.0
650097.56755 3621195.363775 6000.0
649807.44825 3621602.5870250002 6000.0
649517.32895 3622009.810275 6000.0
649227.2096500001 3622417.0335250003 6000.0
648937.0903500001 3622824.256775 6000.0
648646.97105 3623231.4800250004 6000.0
648356.85175 3623638.703275 6000.0
648066.73245 3624045.926525 6000.0
647776.61315 3624453.1497750003 6000.0
647486.4938500001 3624860.373025 6000.0
647196.3745500001 3625267.5962750004 6000.0
646906.25525 3625674.819525 6000.0
646616.13595 3626082.042775 6000.0
646326.01665 3626489.2660250003 6000.0
646035.89735 3626896.489275 6000.0
645745.7780500001 3627303.7125250003 6000.0
645455.6587500001 3627710.935775 6000.0
645165.53945 3628118.1590250004 6000.0
644875.42015 3628525.382275 6000.0
644585.30085 3628932.605525 6000.0
644295.1815500001 3629339.8287750003 6000.0
644005.0622500001 3629747.052025 6000.0
643714.94295 3630154.2752750004 6000.0
651140.9408 3618869.1282249996 6000.0
650850.8215 3619276.351475 6000.0
650560.7021999999 3619683.5747249997 6000.0
650270.5829 3620090.797975 6000.0
649980.4636 3620498.021225 6000.0
649690.3443 3620905.2444749996 6000.0
649400.225 3621312.467725 6000.0
649110.1057 3621719.6909749997 6000.0
648819.9864 3622126.914225 6000.0
648529.8671 3622534.1374749998 6000.0
648239.7478 3622941.360725 6000.0
647949.6285 3623348.583975 6000.0
647659.5092 3623755.8072249996 6000.0
647369.3899 3624163.030475 6000.0
647079.2706 3624570.2537249997 6000.0
646789.1513 3624977.476975 6000.0
646499.032 3625384.700225 6000.0
646208.9127 3625791.9234749996 6000.0
645918.7934 3626199.146725 6000.0
645628.6741 3626606.3699749997 6000.0
645338.5548 3627013.593225 6000.0
645048.4355 3627420.8164749998 6000.0
644758.3162 3627828.039725 6000.0
644468.1969 3628235.262975 6000.0
644178.0776 3628642.4862249997 6000.0
643887.9583 3629049.709475 6000.0
643597.839 3629456.9327249997 6000.0
643307.7197 3629864.155975 6000.0
650733.71755 3618579.0089249997 6000.0
650443.5982499999 3618986.232175 6000.0
650153.4789499999 3619393.455425 6000.0
649863.35965 3619800.678675 6000.0
649573.24035 3620207.901925 6000.0
649283.12105 3620615.1251749997 6000.0
648993.0017499999 3621022.348425 6000.0
648702.8824499999 3621429.571675 6000.0
648412.76315 3621836.794925 6000.0
648122.64385 3622244.018175 6000.0
647832.52455 3622651.241425 6000.0
647542.40525 3623058.464675 6000.0
647252.2859499999 3623465.6879249997 6000.0
646962.1666499999 3623872.911175 6000.0
646672.04735 3624280.134425 6000.0
646381.92805 3624687.357675 6000.0
646091.80875 3625094.580925 6000.0
645801.68945 3625501.8041749997 6000.0
645511.5701499999 3625909.027425 6000.0
645221.4508499999 3626316.250675 6000.0
644931.33155 3626723.473925 6000.0
644641.21225 3627130.697175 6000.0
644351.09295 3627537.920425 6000.0
644060.9736499999 3627945.143675 6000.0
643770.8543499999 3628352.3669249997 6000.0
643480.73505 3628759.590175 6000.0
643190.61575 3629166.813425 6000.0
642900.49645 3629574.036675 6000.0
650326.4943 3618288.889625 6000.0
650036.375 3618696.112875 6000.0
649746.2557 3619103.336125 6000.0
649456.1364000001 3619510.559375 6000.0
649166.0171 3619917.782625 6000.0
648875.8978 3620325.005875 6000.0
648585.7785 3620732.229125 6000.0
648295.6592 3621139.452375 6000.0
648005.5399000001 3621546.675625 6000.0
647715.4206000001 3621953.898875 6000.0
647425.3013 3622361.122125 6000.0
647135.182 3622768.345375 6000.0
646845.0627 3623175.568625 6000.0
646554.9434 3623582.791875 6000.0
646264.8241000001 3623990.015125 6000.0
645974.7048000001 3624397.238375 6000.0
645684.5855 3624804.461625 6000.0
645394.4662 3625211.684875 6000.0
645104.3469 3625618.908125 6000.0
644814.2276 3626026.131375 6000.0
644524.1083000001 3626433.354625 6000.0
644233.9890000001 3626840.577875 6000.0
643943.8697 3627247.801125 6000.0
643653.7504 3627655.024375 6000.0
643363.6311 3628062.247625 6000.0
643073.5118000001 3628469.470875 6000.0
642783.3925000001 3628876.694125 6000.0
642493.2732 3629283.917375 6000.0
649919.27105 3617998.770325 6000.0
649629.15175 3618405.993575 6000.0
649339.0324499999 3618813.216825 6000.0
649048.91315 3619220.4400750003 6000.0
648758.79385 3619627.663325 6000.0
648468.67455 3620034.886575 6000.0
648178.55525 3620442.109825 6000.0
647888.43595 3620849.333075 6000.0
647598.31665 3621256.5563250002 6000.0
647308.19735 3621663.779575 6000.0
647018.07805 3622071.0028250003 6000.0
646727.95875 3622478.226075 6000.0
646437.83945 3622885.449325 6000.0
646147.72015 3623292.672575 6000.0
645857.60085 3623699.895825 6000.0
645567.48155 3624107.1190750003 6000.0
645277.36225 3624514.342325 6000.0
644987.24295 3624921.565575 6000.0
644697.12365 3625328.788825 6000.0
644407.00435 3625736.012075 6000.0
644116.88505 3626143.2353250002 6000.0
643826.76575 3626550.458575 6000.0
643536.64645 3626957.6818250003 6000.0
643246.52715 3627364.905075 6000.0
642956.40785 3627772.128325 6000.0
642666.28855 3628179.351575 6000.0
642376.16925 3628586.574825 6000.0
642086.04995 3628993.7980750003 6000.0
649512.0478 3617708.651025 6000.0
649221.9284999999 3618115.8742750003 6000.0
648931.8091999999 3618523.097525 6000.0
648641.6899 3618930.3207750004 6000.0
648351.5706 3619337.544025 6000.0
648061.4513 3619744.767275 6000.0
647771.3319999999 3620151.9905250003 6000.0
647481.2126999999 3620559.213775 6000.0
647191.0934 3620966.4370250003 6000.0
646900.9741 3621373.660275 6000.0
646610.8548 3621780.8835250004 6000.0
646320.7355 3622188.106775 6000.0
646030.6161999999 3622595.330025 6000.0
645740.4968999999 3623002.5532750003 6000.0
645450.3776 3623409.776525 6000.0
645160.2583 3623816.9997750004 6000.0
644870.139 3624224.223025 6000.0
644580.0197 3624631.446275 6000.0
644289.9003999999 3625038.6695250003 6000.0
643999.7810999999 3625445.892775 6000.0
643709.6618 3625853.1160250003 6000.0
643419.5425 3626260.339275 6000.0
643129.4232 3626667.5625250004 6000.0
642839.3038999999 3627074.785775 6000.0
642549.1845999999 3627482.009025 6000.0
642259.0653 3627889.2322750003 6000.0
641968.946 3628296.455525 6000.0
641678.8267 3628703.6787750004 6000.0
649104.82455 3617418.5317249997 6000.0
648814.70525 3617825.754975 6000.0
648524.58595 3618232.9782249997 6000.0
648234.4666500001 3618640.201475 6000.0
647944.34735 3619047.424725 6000.0
647654.22805 3619454.6479749996 6000.0
647364.10875 3619861.871225 6000.0
647073.98945 3620269.0944749997 6000.0
646783.8701500001 3620676.317725 6000.0
646493.7508500001 3621083.540975 6000.0
646203.63155 3621490.764225 6000.0
645913.51225 3621897.987475 6000.0
645623.39295 3622305.2107249997 6000.0
645333.27365 3622712.433975 6000.0
645043.1543500001 3623119.6572249997 6000.0
644753.0350500001 3623526.880475 6000.0
644462.91575 3623934.103725 6000.0
644172.79645 3624341.3269749996 6000.0
643882.67715 3624748.550225 6000.0
643592.55785 3625155.7734749997 6000.0
643302.4385500001 3625562.996725 6000.0
643012.3192500001 3625970.219975 6000.0
642722.19995 3626377.443225 6000.0
642432.08065 3626784.666475 6000.0
642141.96135 3627191.8897249997 6000.0
641851.8420500001 3627599.112975 6000.0
641561.7227500001 3628006.3362249997 6000.0
641271.60345 3628413.559475 6000.0
648697.6013 3617128.4124249998 6000.0
648407.482 3617535.635675 6000.0
648117.3626999999 3617942.858925 6000.0
647827.2434 3618350.082175 6000.0
647537.1241 3618757.305425 6000.0
647247.0048 3619164.5286749997 6000.0
646956.8855 3619571.751925 6000.0
646666.7662 3619978.975175 6000.0
646376.6469 3620386.198425 6000.0
646086.5276 3620793.421675 6000.0
645796.4083 3621200.644925 6000.0
645506.289 3621607.868175 6000.0
645216.1697 3622015.0914249998 6000.0
644926.0504 3622422.314675 6000.0
644635.9311 3622829.537925 6000.0
644345.8118 3623236.761175 6000.0
644055.6925 3623643.984425 6000.0
643765.5732 3624051.2076749997 6000.0
643475.4539 3624458.430925 6000.0
643185.3346 3624865.654175 6000.0
642895.2153 3625272.877425 6000.0
642605.096 3625680.100675 6000.0
642314.9767 3626087.323925 6000.0
642024.8574 3626494.547175 6000.0
641734.7381 3626901.7704249998 6000.0
641444.6188 3627308.993675 6000.0
641154.4995 3627716.216925 6000.0
640864.3802 3628123.440175 6000.0
648290.3780499999 3616838.293125 6000.0
648000.2587499999 3617245.516375 6000.0
647710.1394499999 3617652.739625 6000.0
647420.02015 3618059.962875 6000.0
647129.90085 3618467.186125 6000.0
646839.78155 3618874.409375 6000.0
646549.6622499999 3619281.632625 6000.0
646259.5429499999 3619688.855875 6000.0
645969.42365 3620096.079125 6000.0
645679.30435 3620503.302375 6000.0
645389.18505 3620910.5256250002 6000.0
645099.06575 3621317.748875 6000.0
644808.9464499999 3621724.972125 6000.0
644518.8271499999 3622132.195375 6000.0
644228.70785 3622539.418625 6000.0
643938.58855 3622946.641875 6000.0
643648.46925 3623353.865125 6000.0
643358.34995 3623761.088375 6000.0
643068.2306499999 3624168.311625 6000.0
642778.1113499999 3624575.534875 6000.0
642487.99205 3624982.758125 6000.0
642197.87275 3625389.981375 6000.0
641907.75345 3625797.2046250002 6000.0
641617.6341499999 3626204.427875 6000.0
641327.5148499999 3626611.651125 6000.0
641037.39555 3627018.874375 6000.0
640747.27625 3627426.097625 6000.0
640457.15695 3627833.320875 6000.0
647883.1548 3616548.173825 6000.0
647593.0355 3616955.397075 6000.0
647302.9162 3617362.620325 6000.0
647012.7969000001 3617769.8435750003 6000.0
646722.6776 3618177.066825 6000.0
646432.5583 3618584.290075 6000.0
646142.439 3618991.513325 6000.0
645852.3197 3619398.736575 6000.0
645562.2004000001 3619805.9598250003 6000.0
645272.0811000001 3620213.183075 6000.0
644981.9618 3620620.4063250003 6000.0
644691.8425 3621027.629575 6000.0
644401.7232 3621434.852825 6000.0
644111.6039 3621842.076075 6000.0
643821.4846000001 3622249.299325 6000.0
643531.3653000001 3622656.5225750003 6000.0
643241.246 3623063.745825 6000.0
642951.1267 3623470.969075 6000.0
642661.0074 3623878.192325 6000.0
642370.8881 3624285.415575 6000.0
642080.7688000001 3624692.6388250003 6000.0
641790.6495 3625099.862075 6000.0
641500.5302 3625507.0853250003 6000.0
641210.4109 3625914.308575 6000.0
640920.2916 3626321.531825 6000.0
640630.1723000001 3626728.755075 6000.0
640340.0530000001 3627135.978325 6000.0
640049.9337 3627543.2015750003 6000.0
647475.93155 3616258.054525 6000.0
647185.81225 3616665.2777750003 6000.0
646895.6929499999 3617072.501025 6000.0
646605.57365 3617479.7242750004 6000.0
646315.45435 3617886.947525 6000.0
646025.33505 3618294.170775 6000.0
645735.21575 3618701.3940250003 6000.0
645445.09645 3619108.617275 6000.0
645154.97715 3619515.8405250004 6000.0
644864.85785 3619923.063775 6000.0
644574.73855 3620330.2870250004 6000.0
644284.61925 3620737.5102750002 6000.0
643994.49995 3621144.733525 6000.0
643704.38065 3621551.9567750003 6000.0
643414.26135 3621959.180025 6000.0
643124.14205 3622366.4032750004 6000.0
642834.02275 3622773.626525 6000.0
642543.90345 3623180.849775 6000.0
642253.78415 3623588.0730250003 6000.0
641963.66485 3623995.296275 6000.0
641673.54555 3624402.5195250004 6000.0
641383.42625 3624809.742775 6000.0
641093.30695 3625216.9660250004 6000.0
640803.18765 3625624.1892750002 6000.0
640513.06835 3626031.412525 6000.0
640222.94905 3626438.6357750003 6000.0
639932.82975 3626845.859025 6000.0
639642.71045 3627253.0822750004 6000.0
647068.7082999999 3615967.9352249997 6000.0
646778.5889999999 3616375.158475 6000.0
646488.4696999999 3616782.3817249998 6000.0
646198.3504 3617189.604975 6000.0
645908.2311 3617596.828225 6000.0
645618.1118 3618004.0514749996 6000.0
645327.9924999999 3618411.274725 6000.0
645037.8731999999 3618818.4979749997 6000.0
644747.7539 3619225.721225 6000.0
644457.6346 3619632.944475 6000.0
644167.5153 3620040.167725 6000.0
643877.396 3620447.390975 6000.0
643587.2766999999 3620854.6142249997 6000.0
643297.1573999999 3621261.837475 6000.0
643007.0381 3621669.0607249998 6000.0
642716.9188 3622076.283975 6000.0
642426.7995 3622483.507225 6000.0
642136.6802 3622890.7304749996 6000.0
641846.5608999999 3623297.953725 6000.0
641556.4415999999 3623705.1769749997 6000.0
641266.3223 3624112.400225 6000.0
640976.203 3624519.623475 6000.0
640686.0837 3624926.846725 6000.0
640395.9643999999 3625334.069975 6000.0
640105.8450999999 3625741.2932249997 6000.0
639815.7258 3626148.516475 6000.0
639525.6065 3626555.7397249998 6000.0
639235.4872 3626962.962975 6000.0
646661.48505 3615677.815925 6000.0
646371.36575 3616085.039175 6000.0
646081.24645 3616492.262425 6000.0
645791.1271500001 3616899.485675 6000.0
645501.00785 3617306.708925 6000.0
645210.88855 3617713.9321749997 6000.0
644920.76925 3618121.155425 6000.0
644630.64995 3618528.378675 6000.0
644340.5306500001 3618935.601925 6000.0
644050.4113500001 3619342.825175 6000.0
643760.29205 3619750.048425 6000.0
643470.17275 3620157.271675 6000.0
643180.05345 3620564.494925 6000.0
642889.93415 3620971.718175 6000.0
642599.8148500001 3621378.941425 6000.0
642309.6955500001 3621786.164675 6000.0
642019.57625 3622193.387925 6000.0
641729.45695 3622600.6111749997 6000.0
641439.33765 3623007.834425 6000.0
641149.21835 3623415.057675 6000.0
640859.0990500001 3623822.280925 6000.0
640568.97975 3624229.504175 6000.0
640278.86045 3624636.727425 6000.0
639988.74115 3625043.950675 6000.0
639698.62185 3625451.173925 6000.0
639408.5025500001 3625858.397175 6000.0
639118.3832500001 3626265.620425 6000.0
638828.26395 3626672.843675 6000.0
646254.2618 3615387.696625 6000.0
645964.1425 3615794.919875 6000.0
645674.0231999999 3616202.143125 6000.0
645383.9039 3616609.366375 6000.0
645093.7846 3617016.589625 6000.0
644803.6653 3617423.812875 6000.0
644513.546 3617831.036125 6000.0
644223.4267 3618238.259375 6000.0
643933.3074 3618645.482625 6000.0
643643.1881 3619052.705875 6000.0
643353.0688 3619459.9291250003 6000.0
643062.9495 3619867.152375 6000.0
642772.8302 3620274.375625 6000.0
642482.7109 3620681.598875 6000.0
642192.5916 3621088.822125 6000.0
641902.4723 3621496.045375 6000.0
641612.353 3621903.268625 6000.0
641322.2337 3622310.491875 6000.0
641032.1144 3622717.715125 6000.0
640741.9951 3623124.938375 6000.0
640451.8758 3623532.161625 6000.0
640161.7565 3623939.384875 6000.0
639871.6372 3624346.6081250003 6000.0
639581.5179 3624753.831375 6000.0
639291.3986 3625161.054625 6000.0
639001.2793 3625568.277875 6000.0
638711.16 3625975.501125 6000.0
638421.0407 3626382.724375 6000.0
645847.0385499999 3615097.577325 6000.0
645556.9192499999 3615504.8005750002 6000.0
645266.7999499999 3615912.023825 6000.0
644976.68065 3616319.2470750003 6000.0
644686.56135 3616726.470325 6000.0
644396.44205 3617133.693575 6000.0
644106.3227499999 3617540.916825 6000.0
643816.2034499999 3617948.140075 6000.0
643526.08415 3618355.3633250003 6000.0
643235.96485 3618762.586575 6000.0
642945.84555 3619169.8098250004 6000.0
642655.72625 3619577.033075 6000.0
642365.6069499999 3619984.256325 6000.0
642075.4876499999 3620391.4795750002 6000.0
641785.36835 3620798.702825 6000.0
641495.24905 3621205.9260750003 6000.0
641205.12975 3621613.149325 6000.0
640915.01045 3622020.372575 6000.0
640624.8911499999 3622427.595825 6000.0
640334.7718499999 3622834.819075 6000.0
640044.65255 3623242.0423250003 6000.0
639754.53325 3623649.265575 6000.0
639464.41395 3624056.4888250004 6000.0
639174.2946499999 3624463.712075 6000.0
638884.1753499999 3624870.935325 6000.0
638594.05605 3625278.1585750002 6000.0
638303.93675 3625685.381825 6000.0
638013.81745 3626092.6050750003 6000.0
645439.8153 3614807.4580249996 6000.0
645149.696 3615214.681275 6000.0
644859.5767 3615621.9045249997 6000.0
644569.4574000001 3616029.127775 6000.0
644279.3381 3616436.3510249997 6000.0
643989.2188 3616843.5742749996 6000.0
643699.0995 3617250.797525 6000.0
643408.9802 3617658.0207749996 6000.0
643118.8609000001 3618065.244025 6000.0
642828.7416000001 3618472.4672749997 6000.0
642538.6223 3618879.690525 6000.0
642248.503 3619286.913775 6000.0
641958.3837 3619694.1370249996 6000.0
641668.2644 3620101.360275 6000.0
641378.1451000001 3620508.5835249997 6000.0
641088.0258000001 3620915.806775 6000.0
640797.9065 3621323.0300249998 6000.0
640507.7872 3621730.2532749996 6000.0
640217.6679 3622137.476525 6000.0
639927.5486 3622544.6997749996 6000.0
639637.4293000001 3622951.923025 6000.0
639347.31 3623359.1462749997 6000.0
639057.1907 3623766.369525 6000.0
638767.0714 3624173.592775 6000.0
638476.9521 3624580.8160249996 6000.0
638186.8328000001 3624988.039275 6000.0
637896.7135000001 3625395.2625249997 6000.0
637606.5942 3625802.485775 6000.0
645032.59205 3614517.3387249997 6000.0
644742.47275 3614924.561975 6000.0
644452.3534499999 3615331.7852249998 6000.0
644162.23415 3615739.008475 6000.0
643872.11485 3616146.231725 6000.0
643581.99555 3616553.4549749997 6000.0
643291.87625 3616960.678225 6000.0
643001.75695 3617367.9014749997 6000.0
642711.63765 3617775.124725 6000.0
642421.51835 3618182.347975 6000.0
642131.39905 3618589.571225 6000.0
641841.27975 3618996.794475 6000.0
641551.16045 3619404.0177249997 6000.0
641261.04115 3619811.240975 6000.0
640970.92185 3620218.464225 6000.0
640680.80255 3620625.687475 6000.0
640390.68325 3621032.910725 6000.0
640100.56395 3621440.1339749997 6000.0
639810.44465 3621847.357225 6000.0
639520.3253499999 3622254.5804749997 6000.0
639230.20605 3622661.803725 6000.0
638940.08675 3623069.026975 6000.0
638649.96745 3623476.250225 6000.0
638359.84815 3623883.473475 6000.0
638069.72885 3624290.6967249997 6000.0
637779.60955 3624697.919975 6000.0
637489.49025 3625105.143225 6000.0
637199.37095 3625512.366475 6000.0
644625.3687999999 3614227.219425 6000.0
644335.2494999999 3614634.442675 6000.0
644045.1301999999 3615041.665925 6000.0
643755.0109 3615448.889175 6000.0
643464.8916 3615856.112425 6000.0
643174.7723 3616263.3356749997 6000.0
642884.6529999999 3616670.558925 6000.0
642594.5336999999 3617077.782175 6000.0
642304.4144 3617485.005425 6000.0
642014.2951 3617892.228675 6000.0
641724.1758 3618299.451925 6000.0
641434.0565 3618706.675175 6000.0
641143.9371999999 3619113.898425 6000.0
640853.8178999999 3619521.121675 6000.0
640563.6986 3619928.344925 6000.0
640273.5793 3620335.568175 6000.0
639983.46 3620742.791425 6000.0
639693.3407 3621150.0146749998 6000.0
639403.2213999999 3621557.237925 6000.0
639113.1020999999 3621964.461175 6000.0
638822.9828 3622371.684425 6000.0
638532.8635 3622778.907675 6000.0
638242.7442 3623186.130925 6000.0
637952.6248999999 3623593.354175 6000.0
637662.5055999999 3624000.577425 6000.0
637372.3863 3624407.800675 6000.0
637082.267 3624815.023925 6000.0
636792.1477 3625222.247175 6000.0
644218.14555 3613937.100125 6000.0
643928.02625 3614344.323375 6000.0
643637.90695 3614751.546625 6000.0
643347.7876500001 3615158.769875 6000.0
643057.66835 3615565.993125 6000.0
642767.54905 3615973.216375 6000.0
642477.42975 3616380.439625 6000.0
642187.31045 3616787.662875 6000.0
641897.1911500001 3617194.886125 6000.0
641607.0718500001 3617602.109375 6000.0
641316.95255 3618009.3326250003 6000.0
641026.83325 3618416.555875 6000.0
640736.71395 3618823.779125 6000.0
640446.59465 3619231.002375 6000.0
640156.4753500001 3619638.225625 6000.0
639866.3560500001 3620045.4488750002 6000.0
639576.23675 3620452.672125 6000.0
639286.11745 3620859.895375 6000.0
638995.99815 3621267.118625 6000.0
638705.87885 3621674.341875 6000.0
638415.7595500001 3622081.565125 6000.0
638125.64025 3622488.788375 6000.0
637835.52095 3622896.0116250003 6000.0
637545.40165 3623303.234875 6000.0
637255.28235 3623710.458125 6000.0
636965.1630500001 3624117.681375 6000.0
636675.0437500001 3624524.904625 6000.0
636384.92445 3624932.1278750002 6000.0
643810.9223 3613646.980825 6000.0
643520.803 3614054.2040750002 6000.0
643230.6836999999 3614461.427325 6000.0
642940.5644 3614868.6505750003 6000.0
642650.4451 3615275.873825 6000.0
642360.3258 3615683.097075 6000.0
642070.2065 3616090.320325 6000.0
641780.0872 3616497.543575 6000.0
641489.9679 3616904.7668250003 6000.0
641199.8486 3617311.990075 6000.0
640909.7293 3617719.2133250004 6000.0
640619.61 3618126.436575 6000.0
640329.4907 3618533.659825 6000.0
640039.3714 3618940.8830750003 6000.0
639749.2521 3619348.106325 6000.0
639459.1328 3619755.3295750003 6000.0
639169.0135 3620162.552825 6000.0
638878.8942 3620569.776075 6000.0
638588.7749 3620976.999325 6000.0
638298.6555999999 3621384.222575 6000.0
638008.5363 3621791.4458250003 6000.0
637718.417 3622198.669075 6000.0
637428.2977 3622605.8923250004 6000.0
637138.1784 3623013.115575 6000.0
636848.0591 3623420.338825 6000.0
636557.9398 3623827.5620750003 6000.0
636267.8205 3624234.785325 6000.0
635977.7012 3624642.0085750003 6000.0
643403.6990499999 3613356.8615249996 6000.0
643113.5797499999 3613764.084775 6000.0
642823.4604499999 3614171.3080249997 6000.0
642533.34115 3614578.531275 6000.0
642243.22185 3614985.7545249998 6000.0
641953.10255 3615392.9777749996 6000.0
641662.9832499999 3615800.201025 6000.0
641372.8639499999 3616207.4242749996 6000.0
641082.74465 3616614.647525 6000.0
640792.62535 3617021.8707749997 6000.0
640502.50605 3617429.094025 6000.0
640212.38675 3617836.317275 6000.0
639922.2674499999 3618243.5405249996 6000.0
639632.1481499999 3618650.763775 6000.0
639342.02885 3619057.9870249997 6000.0
639051.90955 3619465.210275 6000.0
638761.79025 3619872.433525 6000.0
638471.6709499999 3620279.6567749996 6000.0
638181.5516499999 3620686.880025 6000.0
637891.4323499999 3621094.1032749997 6000.0
637601.31305 3621501.326525 6000.0
637311.19375 3621908.5497749997 6000.0
637021.07445 3622315.773025 6000.0
636730.9551499999 3622722.996275 6000.0
636440.8358499999 3623130.2195249996 6000.0
636150.71655 3623537.442775 6000.0
635860.59725 3623944.6660249997 6000.0
635570.47795 3624351.889275 6000.0
642996.4758 3613066.7422249997 6000.0
642706.3565 3613473.965475 6000.0
642416.2372 3613881.188725 6000.0
642126.1179000001 3614288.411975 6000.0
641835.9986 3614695.635225 6000.0
641545.8793 3615102.8584749997 6000.0
641255.76 3615510.081725 6000.0
640965.6407 3615917.3049749997 6000.0
640675.5214000001 3616324.528225 6000.0
640385.4021000001 3616731.751475 6000.0
640095.2828 3617138.974725 6000.0
639805.1635 3617546.197975 6000.0
639515.0442 3617953.4212249997 6000.0
639224.9249 3618360.644475 6000.0
638934.8056000001 3618767.867725 6000.0
638644.6863000001 3619175.090975 6000.0
638354.567 3619582.314225 6000.0
638064.4477 3619989.5374749997 6000.0
637774.3284 3620396.760725 6000.0
637484.2091 3620803.9839749997 6000.0
637194.0898000001 3621211.207225 6000.0
636903.9705 3621618.430475 6000.0
636613.8512 3622025.653725 6000.0
636323.7319 3622432.876975 6000.0
636033.6126 3622840.1002249997 6000.0
635743.4933000001 3623247.323475 6000.0
635453.3740000001 3623654.546725 6000.0
635163.2547 3624061.769975 6000.0
642589.25255 3612776.622925 6000.0
642299.13325 3613183.846175 6000.0
642009.0139499999 3613591.069425 6000.0
641718.89465 3613998.292675 6000.0
641428.77535 3614405.515925 6000.0
641138.65605 3614812.7391749998 6000.0
640848.53675 3615219.962425 6000.0
640558.41745 3615627.185675 6000.0
640268.29815 3616034.408925 6000.0
639978.17885 3616441.632175 6000.0
639688.05955 3616848.855425 6000.0
639397.94025 3617256.078675 6000.0
639107.82095 3617663.301925 6000.0
638817.70165 3618070.525175 6000.0
638527.58235 3618477.748425 6000.0
638237.46305 3618884.971675 6000.0
637947.34375 3619292.194925 6000.0
637657.22445 3619699.4181749998 6000.0
637367.10515 3620106.641425 6000.0
637076.9858499999 3620513.864675 6000.0
636786.86655 3620921.087925 6000.0
636496.74725 3621328.311175 6000.0
636206.62795 3621735.534425 6000.0
635916.50865 3622142.757675 6000.0
635626.38935 3622549.980925 6000.0
635336.27005 3622957.204175 6000.0
635046.15075 3623364.427425 6000.0
634756.03145 3623771.650675 6000.0
642182.0292999999 3612486.503625 6000.0
641891.9099999999 3612893.726875 6000.0
641601.7906999999 3613300.950125 6000.0
641311.6714 3613708.1733750002 6000.0
641021.5521 3614115.396625 6000.0
640731.4328 3614522.619875 6000.0
640441.3134999999 3614929.843125 6000.0
640151.1941999999 3615337.066375 6000.0
639861.0749 3615744.289625 6000.0
639570.9556 3616151.512875 6000.0
639280.8363 3616558.7361250003 6000.0
638990.717 3616965.959375 6000.0
638700.5976999999 3617373.182625 6000.0
638410.4783999999 3617780.405875 6000.0
638120.3591 3618187.629125 6000.0
637830.2398 3618594.8523750002 6000.0
637540.1205 3619002.075625 6000.0
637250.0011999999 3619409.298875 6000.0
636959.8818999999 3619816.522125 6000.0
636669.7625999999 3620223.745375 6000.0
636379.6433 3620630.968625 6000.0
636089.524 3621038.191875 6000.0
635799.4047 3621445.4151250003 6000.0
635509.2853999999 3621852.638375 6000.0
635219.1660999999 3622259.861625 6000.0
634929.0468 3622667.084875 6000.0
634638.9275 3623074.308125 6000.0
634348.8082 3623481.5313750003 6000.0
641774.80605 3612196.384325 6000.0
641484.68675 3612603.6075750003 6000.0
641194.56745 3613010.830825 6000.0
640904.4481500001 3613418.0540750003 6000.0
640614.32885 3613825.277325 6000.0
640324.20955 3614232.500575 6000.0
640034.09025 3614639.723825 6000.0
639743.97095 3615046.947075 6000.0
639453.8516500001 3615454.1703250003 6000.0
639163.7323500001 3615861.393575 6000.0
638873.61305 3616268.6168250004 6000.0
638583.49375 3616675.840075 6000.0
638293.37445 3617083.063325 6000.0
638003.25515 3617490.2865750003 6000.0
637713.1358500001 3617897.509825 6000.0
637423.0165500001 3618304.7330750003 6000.0
637132.89725 3618711.956325 6000.0
636842.77795 3619119.179575 6000.0
636552.65865 3619526.402825 6000.0
636262.53935 3619933.626075 6000.0
635972.4200500001 3620340.8493250003 6000.0
635682.30075 3620748.072575 6000.0
635392.18145 3621155.2958250004 6000.0
635102.06215 3621562.519075 6000.0
634811.94285 3621969.742325 6000.0
634521.8235500001 3622376.9655750003 6000.0
634231.7042500001 3622784.188825 6000.0
633941.58495 3623191.4120750003 6000.0
641367.5828 3611906.2650249996 6000.0
641077.4635 3612313.488275 6000.0
640787.3441999999 3612720.7115249997 6000.0
640497.2249 3613127.934775 6000.0
640207.1056 3613535.158025 6000.0
639916.9863 3613942.3812749996 6000.0
639626.867 3614349.604525 6000.0
639336.7477 3614756.8277749997 6000.0
639046.6284 3615164.051025 6000.0
638756.5091 3615571.2742749997 6000.0
638466.3898 3615978.497525 6000.0
638176.2705 3616385.720775 6000.0
637886.1512 3616792.9440249996 6000.0
637596.0319 3617200.167275 6000.0
637305.9126 3617607.3905249997 6000.0
637015.7933 3618014.613775 6000.0
636725.674 3618421.837025 6000.0
636435.5547 3618829.0602749996 6000.0
636145.4354 3619236.283525 6000.0
635855.3160999999 3619643.5067749997 6000.0
635565.1968 3620050.730025 6000.0
635275.0775 3620457.9532749997 6000.0
634984.9582 3620865.176525 6000.0
634694.8389 3621272.399775 6000.0
634404.7196 3621679.6230249996 6000.0
634114.6003 3622086.846275 6000.0
633824.481 3622494.0695249997 6000.0
633534.3617 3622901.292775 6000.0
652362.61055 3619739.486125 6500.0
652072.49125 3620146.709375 6500.0
651782.37195 3620553.932625 6500.0
651492.25265 3620961.155875 6500.0
651202.13335 3621368.379125 6500.0
650912.01405 3621775.602375 6500.0
650621.89475 3622182.825625 6500.0
650331.77545 3622590.048875 6500.0
650041.65615 3622997.272125 6500.0
649751.53685 3623404.495375 6500.0
649461.41755 3623811.718625 6500.0
649171.29825 3624218.941875 6500.0
648881.17895 3624626.165125 6500.0
648591.05965 3625033.388375 6500.0
648300.94035 3625440.611625 6500.0
648010.82105 3625847.834875 6500.0
647720.70175 3626255.058125 6500.0
647430.58245 3626662.281375 6500.0
647140.46315 3627069.504625 6500.0
646850.34385 3627476.727875 6500.0
646560.22455 3627883.951125 6500.0
646270.10525 3628291.174375 6500.0
645979.98595 3628698.397625 6500.0
645689.86665 3629105.620875 6500.0
645399.74735 3629512.844125 6500.0
645109.62805 3629920.067375 6500.0
644819.50875 3630327.290625 6500.0
644529.38945 3630734.513875 6500.0
651955.3873 3619449.366825 6500.0
651665.2679999999 3619856.590075 6500.0
651375.1486999999 3620263.813325 6500.0
651085.0294 3620671.0365750003 6500.0
650794.9101 3621078.259825 6500.0
650504.7908 3621485.483075 6500.0
650214.6714999999 3621892.706325 6500.0
649924.5521999999 3622299.929575 6500.0
649634.4329 3622707.152825 6500.0
649344.3136 3623114.376075 6500.0
649054.1943 3623521.5993250003 6500.0
648764.075 3623928.822575 6500.0
648473.9556999999 3624336.045825 6500.0
648183.8363999999 3624743.269075 6500.0
647893.7171 3625150.492325 6500.0
647603.5978 3625557.7155750003 6500.0
647313.4785 3625964.938825 6500.0
647023.3592 3626372.162075 6500.0
646733.2398999999 3626779.385325 6500.0
646443.1205999999 3627186.608575 6500.0
646153.0013 3627593.8318250002 6500.0
645862.882 3628001.055075 6500.0
645572.7627 3628408.2783250003 6500.0
645282.6434 3628815.501575 6500.0
644992.5240999999 3629222.724825 6500.0
644702.4048 3629629.948075 6500.0
644412.2855 3630037.171325 6500.0
644122.1662 3630444.3945750003 6500.0
651548.16405 3619159.247525 6500.0
651258.04475 3619566.4707750003 6500.0
650967.92545 3619973.694025 6500.0
650677.8061500001 3620380.9172750004 6500.0
650387.68685 3620788.140525 6500.0
650097.56755 3621195.363775 6500.0
649807.44825 3621602.5870250002 6500.0
649517.32895 3622009.810275 6500.0
649227.2096500001 3622417.0335250003 6500.0
648937.0903500001 3622824.256775 6500.0
648646.97105 3623231.4800250004 6500.0
648356.85175 3623638.703275 6500.0
648066.73245 3624045.926525 6500.0
647776.61315 3624453.1497750003 6500.0
647486.4938500001 3624860.373025 6500.0
647196.3745500001 3625267.5962750004 6500.0
646906.25525 3625674.819525 6500.0
646616.13595 3626082.042775 6500.0
646326.01665 3626489.2660250003 6500.0
646035.89735 3626896.489275 6500.0
645745.7780500001 3627303.7125250003 6500.0
645455.6587500001 3627710.935775 6500.0
645165.53945 3628118.1590250004 6500.0
644875.42015 3628525.382275 6500.0
644585.30085 3628932.605525 6500.0
644295.1815500001 3629339.8287750003 6500.0
644005.0622500001 3629747.052025 6500.0
643714.94295 3630154.2752750004 6500.0
651140.9408 3618869.1282249996 6500.0
650850.8215 3619276.351475 6500.0
650560.7021999999 3619683.5747249997 6500.0
650270.5829 3620090.797975 6500.0
649980.4636 3620498.021225 6500.0
649690.3443 3620905.2444749996 6500.0
649400.225 3621312.467725 6500.0
649110.1057 3621719.6909749997 6500.0
648819.9864 3622126.914225 6500.0
648529.8671 3622534.1374749998 6500.0
648239.7478 3622941.360725 6500.0
647949.6285 3623348.583975 6500.0
647659.5092 3623755.8072249996 6500.0
647369.3899 3624163.030475 6500.0
647079.2706 3624570.2537249997 6500.0
646789.1513 3624977.476975 6500.0
646499.032 3625384.700225 6500.0
646208.9127 3625791.9234749996 6500.0
645918.7934 3626199.146725 6500.0
645628.6741 3626606.3699749997 6500.0
645338.5548 3627013.593225 6500.0
645048.4355 3627420.8164749998 6500.0
644758.3162 3627828.039725 6500.0
644468.1969 3628235.262975 6500.0
644178.0776 3628642.4862249997 6500.0
643887.9583 3629049.709475 6500.0
643597.839 3629456.9327249997 6500.0
643307.7197 3629864.155975 6500.0
650733.71755 3618579.0089249997 6500.0
650443.5982499999 3618986.232175 6500.0
650153.4789499999 3619393.455425 6500.0
649863.35965 3619800.678675 6500.0
649573.24035 3620207.901925 6500.0
649283.12105 3620615.1251749997 6500.0
648993.0017499999 3621022.348425 6500.0
648702.8824499999 3621429.571675 6500.0
648412.76315 3621836.794925 6500.0
648122.64385 3622244.018175 6500.0
647832.52455 3622651.241425 6500.0
647542.40525 3623058.464675 6500.0
647252.2859499999 3623465.6879249997 6500.0
646962.1666499999 3623872.911175 6500.0
646672.04735 3624280.134425 6500.0
646381.92805 3624687.357675 6500.0
646091.80875 3625094.580925 6500.0
645801.68945 3625501.8041749997 6500.0
645511.5701499999 3625909.027425 6500.0
645221.4508499999 3626316.250675 6500.0
644931.33155 3626723.473925 6500.0
644641.21225 3627130.697175 6500.0
644351.09295 3627537.920425 6500.0
644060.9736499999 3627945.143675 6500.0
643770.8543499999 3628352.3669249997 6500.0
643480.73505 3628759.590175 6500.0
643190.61575 3629166.813425 6500.0
642900.49645 3629574.036675 6500.0
650326.4943 3618288.889625 6500.0
650036.375 3618696.112875 6500.0
649746.2557 3619103.336125 6500.0
649456.1364000001 3619510.559375 6500.0
649166.0171 3619917.782625 6500.0
648875.8978 3620325.005875 6500.0
648585.7785 3620732.229125 6500.0
648295.6592 3621139.452375 6500.0
648005.5399000001 3621546.675625 6500.0
647715.4206000001 3621953.898875 6500.0
647425.3013 3622361.122125 6500.0
647135.182 3622768.345375 6500.0
646845.0627 3623175.568625 6500.0
646554.9434 3623582.791875 6500.0
646264.8241000001 3623990.015125 6500.0
645974.7048000001 3624397.238375 6500.0
645684.5855 3624804.461625 6500.0
645394.4662 3625211.684875 6500.0
645104.3469 3625618.908125 6500.0
644814.2276 3626026.131375 6500.0
644524.1083000001 3626433.354625 6500.0
644233.9890000001 3626840.577875 6500.0
643943.8697 3627247.801125 6500.0
643653.7504 3627655.024375 6500.0
643363.6311 3628062.247625 6500.0
643073.5118000001 3628469.470875 6500.0
642783.3925000001 3628876.694125 6500.0
642493.2732 3629283.917375 6500.0
649919.27105 3617998.770325 6500.0
649629.15175 3618405.993575 6500.0
649339.0324499999 3618813.216825 6500.0
649048.91315 3619220.4400750003 6500.0
648758.79385 3619627.663325 6500.0
648468.67455 3620034.886575 6500.0
648178.55525 3620442.109825 6500.0
647888.43595 3620849.333075 6500.0
647598.31665 3621256.5563250002 6500.0
647308.19735 3621663.779575 6500.0
647018.07805 3622071.0028250003 6500.0
646727.95875 3622478.226075 6500.0
646437.83945 3622885.449325 6500.0
646147.72015 3623292.672575 6500.0
645857.60085 3623699.895825 6500.0
645567.48155 3624107.1190750003 6500.0
645277.36225 3624514.342325 6500.0
644987.24295 3624921.565575 6500.0
644697.12365 3625328.788825 6500.0
644407.00435 3625736.012075 6500.0
644116.88505 3626143.2353250002 6500.0
643826.76575 3626550.458575 6500.0
643536.64645 3626957.6818250003 6500.0
643246.52715 3627364.905075 6500.0
642956.40785 3627772.128325 6500.0
642666.28855 3628179.351575 6500.0
642376.16925 3628586.574825 6500.0
642086.04995 3628993.7980750003 6500.0
649512.0478 3617708.651025 6500.0
649221.9284999999 3618115.8742750003 6500.0
648931.8091999999 3618523.097525 6500.0
648641.6899 3618930.3207750004 6500.0
648351.5706 3619337.544025 6500.0
648061.4513 3619744.767275 6500.0
647771.3319999999 3620151.9905250003 6500.0
647481.2126999999 3620559.213775 6500.0
647191.0934 3620966.4370250003 6500.0
646900.9741 3621373.660275 6500.0
646610.8548 3621780.8835250004 6500.0
646320.7355 3622188.106775 6500.0
646030.6161999999 3622595.330025 6500.0
645740.4968999999 3623002.5532750003 6500.0
645450.3776 3623409.776525 6500.0
645160.2583 3623816.9997750004 6500.0
644870.139 3624224.223025 6500.0
644580.0197 3624631.446275 6500.0
644289.9003999999 3625038.6695250003 6500.0
643999.7810999999 3625445.892775 6500.0
643709.6618 3625853.1160250003 6500.0
643419.5425 3626260.339275 6500.0
643129.4232 3626667.5625250004 6500.0
642839.3038999999 3627074.785775 6500.0
642549.1845999999 3627482.009025 6500.0
642259.0653 3627889.2322750003 6500.0
641968.946 3628296.455525 6500.0
641678.8267 3628703.6787750004 6500.0
649104.82455 3617418.5317249997 6500.0
648814.70525 3617825.754975 6500.0
648524.58595 3618232.9782249997 6500.0
648234.4666500001 3618640.201475 6500.0
647944.34735 3619047.424725 6500.0
647654.22805 3619454.6479749996 6500.0
647364.10875 3619861.871225 6500.0
647073.98945 3620269.0944749997 6500.0
646783.8701500001 3620676.317725 6500.0
646493.7508500001 3621083.540975 6500.0
646203.63155 3621490.764225 6500.0
645913.51225 3621897.987475 6500.0
645623.39295 3622305.2107249997 6500.0
645333.27365 3622712.433975 6500.0
645043.1543500001 3623119.6572249997 6500.0
644753.0350500001 3623526.880475 6500.0
644462.91575 3623934.103725 6500.0
644172.79645 3624341.3269749996 6500.0
643882.67715 3624748.550225 6500.0
643592.55785 3625155.7734749997 6500.0
643302.4385500001 3625562.996725 6500.0
643012.3192500001 3625970.219975 6500.0
642722.19995 3626377.443225 6500.0
642432.08065 3626784.666475 6500.0
642141.96135 3627191.8897249997 6500.0
641851.8420500001 3627599.112975 6500.0
641561.7227500001 3628006.3362249997 6500.0
641271.60345 3628413.559475 6500.0
648697.6013 3617128.4124249998 6500.0
648407.482 3617535.635675 6500.0
648117.3626999999 3617942.858925 6500.0
647827.2434 3618350.082175 6500.0
647537.1241 3618757.305425 6500.0
647247.0048 3619164.5286749997 6500.0
646956.8855 3619571.751925 6500.0
646666.7662 3619978.975175 6500.0
646376.6469 3620386.198425 6500.0
646086.5276 3620793.421675 6500.0
645796.4083 3621200.644925 6500.0
645506.289 3621607.868175 6500.0
645216.1697 3622015.0914249998 6500.0
644926.0504 3622422.314675 6500.0
644635.9311 3622829.537925 6500.0
644345.8118 3623236.761175 6500.0
644055.6925 3623643.984425 6500.0
643765.5732 3624051.2076749997 6500.0
643475.4539 3624458.430925 6500.0
643185.3346 3624865.654175 6500.0
642895.2153 3625272.877425 6500.0
642605.096 3625680.100675 6500.0
642314.9767 3626087.323925 6500.0
642024.8574 3626494.547175 6500.0
641734.7381 3626901.7704249998 6500.0
641444.6188 3627308.993675 6500.0
641154.4995 3627716.216925 6500.0
640864.3802 3628123.440175 6500.0
648290.3780499999 3616838.293125 6500.0
648000.2587499999 3617245.516375 6500.0
647710.1394499999 3617652.739625 6500.0
647420.02015 3618059.962875 6500.0
647129.90085 3618467.186125 6500.0
646839.78155 3618874.409375 6500.0
646549.6622499999 3619281.632625 6500.0
646259.5429499999 3619688.855875 6500.0
645969.42365 3620096.079125 6500.0
645679.30435 3620503.302375 6500.0
645389.18505 3620910.5256250002 6500.0
645099.06575 3621317.748875 6500.0
644808.9464499999 3621724.972125 6500.0
644518.8271499999 3622132.195375 6500.0
644228.70785 3622539.418625 6500.0
643938.58855 3622946.641875 6500.0
643648.46925 3623353.865125 6500.0
643358.34995 3623761.088375 6500.0
643068.2306499999 3624168.311625 6500.0
642778.1113499999 3624575.534875 6500.0
642487.99205 3624982.758125 6500.0
642197.87275 3625389.981375 6500.0
641907.75345 3625797.2046250002 6500.0
641617.6341499999 3626204.427875 6500.0
641327.5148499999 3626611.651125 6500.0
641037.39555 3627018.874375 6500.0
640747.27625 3627426.097625 6500.0
640457.15695 3627833.320875 6500.0
647883.1548 3616548.173825 6500.0
647593.0355 3616955.397075 6500.0
647302.9162 3617362.620325 6500.0
647012.7969000001 3617769.8435750003 6500.0
646722.6776 3618177.066825 6500.0
646432.5583 3618584.290075 6500.0
646142.439 3618991.513325 6500.0
645852.3197 3619398.736575 6500.0
645562.2004000001 3619805.9598250003 6500.0
645272.0811000001 3620213.183075 6500.0
644981.9618 3620620.4063250003 6500.0
644691.8425 3621027.629575 6500.0
644401.7232 3621434.852825 6500.0
644111.6039 3621842.076075 6500.0
643821.4846000001 3622249.299325 6500.0
643531.3653000001 3622656.5225750003 6500.0
643241.246 3623063.745825 6500.0
642951.1267 3623470.969075 6500.0
642661.0074 3623878.192325 6500.0
642370.8881 3624285.415575 6500.0
642080.7688000001 3624692.6388250003 6500.0
641790.6495 3625099.862075 6500.0
641500.5302 3625507.0853250003 6500.0
641210.4109 3625914.308575 6500.0
640920.2916 3626321.531825 6500.0
640630.1723000001 3626728.755075 6500.0
640340.0530000001 3627135.978325 6500.0
640049.9337 3627543.2015750003 6500.0
647475.93155 3616258.054525 6500.0
647185.81225 3616665.2777750003 6500.0
646895.6929499999 3617072.501025 6500.0
646605.57365 3617479.7242750004 6500.0
646315.45435 3617886.947525 6500.0
646025.33505 3618294.170775 6500.0
645735.21575 3618701.3940250003 6500.0
645445.09645 3619108.617275 6500.0
645154.97715 3619515.8405250004 6500.0
644864.85785 3619923.063775 6500.0
644574.73855 3620330.2870250004 6500.0
644284.61925 3620737.5102750002 6500.0
643994.49995 3621144.733525 6500.0
643704.38065 3621551.9567750003 6500.0
643414.26135 3621959.180025 6500.0
643124.14205 3622366.4032750004 6500.0
642834.02275 3622773.626525 6500.0
642543.90345 3623180.849775 6500.0
642253.78415 3623588.0730250003 6500.0
641963.66485 3623995.296275 6500.0
641673.54555 3624402.5195250004 6500.0
641383.42625 3624809.742775 6500.0
641093.30695 3625216.9660250004 6500.0
640803.18765 3625624.1892750002 6500.0
640513.06835 3626031.412525 6500.0
640222.94905 3626438.6357750003 6500.0
639932.82975 3626845.859025 6500.0
639642.71045 3627253.0822750004 6500.0
647068.7082999999 3615967.9352249997 6500.0
646778.5889999999 3616375.158475 6500.0
646488.4696999999 3616782.3817249998 6500.0
646198.3504 3617189.604975 6500.0
645908.2311 3617596.828225 6500.0
645618.1118 3618004.0514749996 6500.0
645327.9924999999 3618411.274725 6500.0
645037.8731999999 3618818.4979749997 6500.0
644747.7539 3619225.721225 6500.0
644457.6346 3619632.944475 6500.0
644167.5153 3620040.167725 6500.0
643877.396 3620447.390975 6500.0
643587.2766999999 3620854.6142249997 6500.0
643297.1573999999 3621261.837475 6500.0
643007.0381 3621669.0607249998 6500.0
642716.9188 3622076.283975 6500.0
642426.7995 3622483.507225 6500.0
642136.6802 3622890.7304749996 6500.0
641846.5608999999 3623297.953725 6500.0
641556.4415999999 3623705.1769749997 6500.0
641266.3223 3624112.400225 6500.0
640976.203 3624519.623475 6500.0
640686.0837 3624926.846725 6500.0
640395.9643999999 3625334.069975 6500.0
640105.8450999999 3625741.2932249997 6500.0
639815.7258 3626148.516475 6500.0
639525.6065 3626555.7397249998 6500.0
639235.4872 3626962.962975 6500.0
646661.48505 3615677.815925 6500.0
646371.36575 3616085.039175 6500.0
646081.24645 3616492.262425 6500.0
645791.1271500001 3616899.485675 6500.0
645501.00785 3617306.708925 6500.0
645210.88855 3617713.9321749997 6500.0
644920.76925 3618121.155425 6500.0
644630.64995 3618528.378675 6500.0
644340.5306500001 3618935.601925 6500.0
644050.4113500001 3619342.825175 6500.0
643760.29205 3619750.048425 6500.0
643470.17275 3620157.271675 6500.0
643180.05345 3620564.494925 6500.0
642889.93415 3620971.718175 6500.0
642599.8148500001 3621378.941425 6500.0
642309.6955500001 3621786.164675 6500.0
642019.57625 3622193.387925 6500.0
641729.45695 3622600.6111749997 6500.0
641439.33765 3623007.834425 6500.0
641149.21835 3623415.057675 6500.0
640859.0990500001 3623822.280925 6500.0
640568.97975 3624229.504175 6500.0
640278.86045 3624636.727425 6500.0
639988.74115 3625043.950675 6500.0
639698.62185 3625451.173925 6500.0
639408.5025500001 3625858.397175 6500.0
639118.3832500001 3626265.620425 6500.0
638828.26395 3626672.843675 6500.0
646254.2618 3615387.696625 6500.0
645964.1425 3615794.919875 6500.0
645674.0231999999 3616202.143125 6500.0
645383.9039 3616609.366375 6500.0
645093.7846 3617016.589625 6500.0
644803.6653 3617423.812875 6500.0
644513.546 3617831.036125 6500.0
644223.4267 3618238.259375 6500.0
643933.3074 3618645.482625 6500.0
643643.1881 3619052.705875 6500.0
643353.0688 3619459.9291250003 6500.0
643062.9495 3619867.152375 6500.0
642772.8302 3620274.375625 6500.0
642482.7109 3620681.598875 6500.0
642192.5916 3621088.822125 6500.0
641902.4723 3621496.045375 6500.0
641612.353 3621903.268625 6500.0
641322.2337 3622310.491875 6500.0
641032.1144 3622717.715125 6500.0
640741.9951 3623124.938375 6500.0
640451.8758 3623532.161625 6500.0
640161.7565 3623939.384875 6500.0
639871.6372 3624346.6081250003 6500.0
639581.5179 3624753.831375 6500.0
639291.3986 3625161.054625 6500.0
639001.2793 3625568.277875 6500.0
638711.16 3625975.501125 6500.0
638421.0407 3626382.724375 6500.0
645847.0385499999 3615097.577325 6500.0
645556.9192499999 3615504.8005750002 6500.0
645266.7999499999 3615912.023825 6500.0
644976.68065 3616319.2470750003 6500.0
644686.56135 3616726.470325 6500.0
644396.44205 3617133.693575 6500.0
644106.3227499999 3617540.916825 6500.0
643816.2034499999 3617948.140075 6500.0
643526.08415 3618355.3633250003 6500.0
643235.96485 3618762.586575 6500.0
642945.84555 3619169.8098250004 6500.0
642655.72625 3619577.033075 6500.0
642365.6069499999 3619984.256325 6500.0
642075.4876499999 3620391.4795750002 6500.0
641785.36835 3620798.702825 6500.0
641495.24905 3621205.9260750003 6500.0
641205.12975 3621613.149325 6500.0
640915.01045 3622020.372575 6500.0
640624.8911499999 3622427.595825 6500.0
640334.7718499999 3622834.819075 6500.0
640044.65255 3623242.0423250003 6500.0
639754.53325 3623649.265575 6500.0
639464.41395 3624056.4888250004 6500.0
639174.2946499999 3624463.712075 6500.0
638884.1753499999 3624870.935325 6500.0
638594.05605 3625278.1585750002 6500.0
638303.93675 3625685.381825 6500.0
638013.81745 3626092.6050750003 6500.0
645439.8153 3614807.4580249996 6500.0
645149.696 3615214.681275 6500.0
644859.5767 3615621.9045249997 6500.0
644569.4574000001 3616029.127775 6500.0
644279.3381 3616436.3510249997 6500.0
643989.2188 3616843.5742749996 6500.0
643699.0995 3617250.797525 6500.0
643408.9802 3617658.0207749996 6500.0
643118.8609000001 3618065.244025 6500.0
642828.7416000001 3618472.4672749997 6500.0
642538.6223 3618879.690525 6500.0
642248.503 3619286.913775 6500.0
641958.3837 3619694.1370249996 6500.0
641668.2644 3620101.360275 6500.0
641378.1451000001 3620508.5835249997 6500.0
641088.0258000001 3620915.806775 6500.0
640797.9065 3621323.0300249998 6500.0
640507.7872 3621730.2532749996 6500.0
640217.6679 3622137.476525 6500.0
639927.5486 3622544.6997749996 6500.0
639637.4293000001 3622951.923025 6500.0
639347.31 3623359.1462749997 6500.0
639057.1907 3623766.369525 6500.0
638767.0714 3624173.592775 6500.0
638476.9521 3624580.8160249996 6500.0
638186.8328000001 3624988.039275 6500.0
637896.7135000001 3625395.2625249997 6500.0
637606.5942 3625802.485775 6500.0
645032.59205 3614517.3387249997 6500.0
644742.47275 3614924.561975 6500.0
644452.3534499999 3615331.7852249998 6500.0
644162.23415 3615739.008475 6500.0
643872.11485 3616146.231725 6500.0
643581.99555 3616553.4549749997 6500.0
643291.87625 3616960.678225 6500.0
643001.75695 3617367.9014749997 6500.0
642711.63765 3617775.124725 6500.0
642421.51835 3618182.347975 6500.0
642131.39905 3618589.571225 6500.0
641841.27975 3618996.794475 6500.0
641551.16045 3619404.0177249997 6500.0
641261.04115 3619811.240975 6500.0
640970.92185 3620218.464225 6500.0
640680.80255 3620625.687475 6500.0
640390.68325 3621032.910725 6500.0
640100.56395 3621440.1339749997 6500.0
639810.44465 3621847.357225 6500.0
639520.3253499999 3622254.5804749997 6500.0
639230.20605 3622661.803725 6500.0
638940.08675 3623069.026975 6500.0
638649.96745 3623476.250225 6500.0
638359.84815 3623883.473475 6500.0
638069.72885 3624290.6967249997 6500.0
637779.60955 3624697.919975 6500.0
637489.49025 3625105.143225 6500.0
637199.37095 3625512.366475 6500.0
644625.3687999999 3614227.219425 6500.0
644335.2494999999 3614634.442675 6500.0
644045.1301999999 3615041.665925 6500.0
643755.0109 3615448.889175 6500.0
643464.8916 3615856.112425 6500.0
643174.7723 3616263.3356749997 6500.0
642884.6529999999 3616670.558925 6500.0
642594.5336999999 3617077.782175 6500.0
642304.4144 3617485.005425 6500.0
642014.2951 3617892.228675 6500.0
641724.1758 3618299.451925 6500.0
641434.0565 3618706.675175 6500.0
641143.9371999999 3619113.898425 6500.0
640853.8178999999 3619521.121675 6500.0
640563.6986 3619928.344925 6500.0
640273.5793 3620335.568175 6500.0
639983.46 3620742.791425 6500.0
639693.3407 3621150.0146749998 6500.0
639403.2213999999 3621557.237925 6500.0
639113.1020999999 3621964.461175 6500.0
638822.9828 3622371.684425 6500.0
638532.8635 3622778.907675 6500.0
638242.7442 3623186.130925 6500.0
637952.6248999999 3623593.354175 6500.0
637662.5055999999 3624000.577425 6500.0
637372.3863 3624407.800675 6500.0
637082.267 3624815.023925 6500.0
636792.1477 3625222.247175 6500.0
644218.14555 3613937.100125 6500.0
643928.02625 3614344.323375 6500.0
643637.90695 3614751.546625 6500.0
643347.7876500001 3615158.769875 6500.0
643057.66835 3615565.993125 6500.0
642767.54905 3615973.216375 6500.0
642477.42975 3616380.439625 6500.0
642187.31045 3616787.662875 6500.0
641897.1911500001 3617194.886125 6500.0
641607.0718500001 3617602.109375 6500.0
641316.95255 3618009.3326250003 6500.0
641026.83325 3618416.555875 6500.0
640736.71395 3618823.779125 6500.0
640446.59465 3619231.002375 6500.0
640156.4753500001 3619638.225625 6500.0
639866.3560500001 3620045.4488750002 6500.0
639576.23675 3620452.672125 6500.0
639286.11745 3620859.895375 6500.0
638995.99815 3621267.118625 6500.0
638705.87885 3621674.341875 6500.0
638415.7595500001 3622081.565125 6500.0
638125.64025 3622488.788375 6500.0
637835.52095 3622896.0116250003 6500.0
637545.40165 3623303.234875 6500.0
637255.28235 3623710.458125 6500.0
636965.1630500001 3624117.681375 6500.0
636675.0437500001 3624524.904625 6500.0
636384.92445 3624932.1278750002 6500.0
643810.9223 3613646.980825 6500.0
643520.803 3614054.2040750002 6500.0
643230.6836999999 3614461.427325 6500.0
642940.5644 3614868.6505750003 6500.0
642650.4451 3615275.873825 6500.0
642360.3258 3615683.097075 6500.0
642070.2065 3616090.320325 6500.0
641780.0872 3616497.543575 6500.0
641489.9679 3616904.7668250003 6500.0
641199.8486 3617311.990075 6500.0
640909.7293 3617719.2133250004 6500.0
640619.61 3618126.436575 6500.0
640329.4907 3618533.659825 6500.0
640039.3714 3618940.8830750003 6500.0
639749.2521 3619348.106325 6500.0
639459.1328 3619755.3295750003 6500.0
639169.0135 3620162.552825 6500.0
638878.8942 3620569.776075 6500.0
638588.7749 3620976.999325 6500.0
638298.6555999999 3621384.222575 6500.0
638008.5363 3621791.4458250003 6500.0
637718.417 3622198.669075 6500.0
637428.2977 3622605.8923250004 6500.0
637138.1784 3623013.115575 6500.0
636848.0591 3623420.338825 6500.0
636557.9398 3623827.5620750003 6500.0
636267.8205 3624234.785325 6500.0
635977.7012 3624642.0085750003 6500.0
643403.6990499999 3613356.8615249996 6500.0
643113.5797499999 3613764.084775 6500.0
642823.4604499999 3614171.3080249997 6500.0
642533.34115 3614578.531275 6500.0
642243.22185 3614985.7545249998 6500.0
641953.10255 3615392.9777749996 6500.0
641662.9832499999 3615800.201025 6500.0
641372.8639499999 3616207.4242749996 6500.0
641082.74465 3616614.647525 6500.0
640792.62535 3617021.8707749997 6500.0
640502.50605 3617429.094025 6500.0
640212.38675 3617836.317275 6500.0
639922.2674499999 3618243.5405249996 6500.0
639632.1481499999 3618650.763775 6500.0
639342.02885 3619057.9870249997 6500.0
639051.90955 3619465.210275 6500.0
638761.79025 3619872.433525 6500.0
638471.6709499999 3620279.6567749996 6500.0
638181.5516499999 3620686.880025 6500.0
637891.4323499999 3621094.1032749997 6500.0
637601.31305 3621501.326525 6500.0
637311.19375 3621908.5497749997 6500.0
637021.07445 3622315.773025 6500.0
636730.9551499999 3622722.996275 6500.0
636440.8358499999 3623130.2195249996 6500.0
636150.71655 3623537.442775 6500.0
635860.59725 3623944.6660249997 6500.0
635570.47795 3624351.889275 6500.0
642996.4758 3613066.7422249997 6500.0
642706.3565 3613473.965475 6500.0
642416.2372 3613881.188725 6500.0
642126.1179000001 3614288.411975 6500.0
641835.9986 3614695.635225 6500.0
641545.8793 3615102.8584749997 6500.0
641255.76 3615510.081725 6500.0
640965.6407 3615917.3049749997 6500.0
640675.5214000001 3616324.528225 6500.0
640385.4021000001 3616731.751475 6500.0
640095.2828 3617138.974725 6500.0
639805.1635 3617546.197975 6500.0
639515.0442 3617953.4212249997 6500.0
639224.9249 3618360.644475 6500.0
638934.8056000001 3618767.867725 6500.0
638644.6863000001 3619175.090975 6500.0
638354.567 3619582.314225 6500.0
638064.4477 3619989.5374749997 6500.0
637774.3284 3620396.760725 6500.0
637484.2091 3620803.9839749997 6500.0
637194.0898000001 3621211.207225 6500.0
636903.9705 3621618.430475 6500.0
636613.8512 3622025.653725 6500.0
636323.7319 3622432.876975 6500.0
636033.6126 3622840.1002249997 6500.0
635743.4933000001 3623247.323475 6500.0
635453.3740000001 3623654.546725 6500.0
635163.2547 3624061.769975 6500.0
642589.25255 3612776.622925 6500.0
642299.13325 3613183.846175 6500.0
642009.0139499999 3613591.069425 6500.0
641718.89465 3613998.292675 6500.0
641428.77535 3614405.515925 6500.0
641138.65605 3614812.7391749998 6500.0
640848.53675 3615219.962425 6500.0
640558.41745 3615627.185675 6500.0
640268.29815 3616034.408925 6500.0
639978.17885 3616441.632175 6500.0
639688.05955 3616848.855425 6500.0
639397.94025 3617256.078675 6500.0
639107.82095 3617663.301925 6500.0
638817.70165 3618070.525175 6500.0
638527.58235 3618477.748425 6500.0
638237.46305 3618884.971675 6500.0
637947.34375 3619292.194925 6500.0
637657.22445 3619699.4181749998 6500.0
637367.10515 3620106.641425 6500.0
637076.9858499999 3620513.864675 6500.0
636786.86655 3620921.087925 6500.0
636496.74725 3621328.311175 6500.0
636206.62795 3621735.534425 6500.0
635916.50865 3622142.757675 6500.0
635626.38935 3622549.980925 6500.0
635336.27005 3622957.204175 6500.0
635046.15075 3623364.427425 6500.0
634756.03145 3623771.650675 6500.0
642182.0292999999 3612486.503625 6500.0
641891.9099999999 3612893.726875 6500.0
641601.7906999999 3613300.950125 6500.0
641311.6714 3613708.1733750002 6500.0
641021.5521 3614115.396625 6500.0
640731.4328 3614522.619875 6500.0
640441.3134999999 3614929.843125 6500.0
640151.1941999999 3615337.066375 6500.0
639861.0749 3615744.289625 6500.0
639570.9556 3616151.512875 6500.0
639280.8363 3616558.7361250003 6500.0
638990.717 3616965.959375 6500.0
638700.5976999999 3617373.182625 6500.0
638410.4783999999 3617780.405875 6500.0
638120.3591 3618187.629125 6500.0
637830.2398 3618594.8523750002 6500.0
637540.1205 3619002.075625 6500.0
637250.0011999999 3619409.298875 6500.0
636959.8818999999 3619816.522125 6500.0
636669.7625999999 3620223.745375 6500.0
636379.6433 3620630.968625 6500.0
636089.524 3621038.191875 6500.0
635799.4047 3621445.4151250003 6500.0
635509.2853999999 3621852.638375 6500.0
635219.1660999999 3622259.861625 6500.0
634929.0468 3622667.084875 6500.0
634638.9275 3623074.308125 6500.0
634348.8082 3623481.5313750003 6500.0
641774.80605 3612196.384325 6500.0
641484.68675 3612603.6075750003 6500.0
641194.56745 3613010.830825 6500.0
640904.4481500001 3613418.0540750003 6500.0
640614.32885 3613825.277325 6500.0
640324.20955 3614232.500575 6500.0
640034.09025 3614639.723825 6500.0
639743.97095 3615046.947075 6500.0
639453.8516500001 3615454.1703250003 6500.0
639163.7323500001 3615861.393575 6500.0
638873.61305 3616268.6168250004 6500.0
638583.49375 3616675.840075 6500.0
638293.37445 3617083.063325 6500.0
638003.25515 3617490.2865750003 6500.0
637713.1358500001 3617897.509825 6500.0
637423.0165500001 3618304.7330750003 6500.0
637132.89725 3618711.956325 6500.0
636842.77795 3619119.179575 6500.0
636552.65865 3619526.402825 6500.0
636262.53935 3619933.626075 6500.0
635972.4200500001 3620340.8493250003 6500.0
635682.30075 3620748.072575 6500.0
635392.18145 3621155.2958250004 6500.0
635102.06215 3621562.519075 6500.0
634811.94285 3621969.742325 6500.0
634521.8235500001 3622376.9655750003 6500.0
634231.7042500001 3622784.188825 6500.0
633941.58495 3623191.4120750003 6500.0
641367.5828 3611906.2650249996 6500.0
641077.4635 3612313.488275 6500.0
640787.3441999999 3612720.7115249997 6500.0
640497.2249 3613127.934775 6500.0
640207.1056 3613535.158025 6500.0
639916.9863 3613942.3812749996 6500.0
639626.867 3614349.604525 6500.0
639336.7477 3614756.8277749997 6500.0
639046.6284 3615164.051025 6500.0
638756.5091 3615571.2742749997 6500.0
638466.3898 3615978.497525 6500.0
638176.2705 3616385.720775 6500.0
637886.1512 3616792.9440249996 6500.0
637596.0319 3617200.167275 6500.0
637305.9126 3617607.3905249997 6500.0
637015.7933 3618014.613775 6500.0
636725.674 3618421.837025 6500.0
636435.5547 3618829.0602749996 6500.0
636145.4354 3619236.283525 6500.0
635855.3160999999 3619643.5067749997 6500.0
635565.1968 3620050.730025 6500.0
635275.0775 3620457.9532749997 6500.0
634984.9582 3620865.176525 6500.0
634694.8389 3621272.399775 6500.0
634404.7196 3621679.6230249996 6500.0
634114.6003 3622086.846275 6500.0
633824.481 3622494.0695249997 6500.0
633534.3617 3622901.292775 6500.0
652362.61055 3619739.486125 7000.0
652072.49125 3620146.709375 7000.0
651782.37195 3620553.932625 7000.0
651492.25265 3620961.155875 7000.0
651202.13335 3621368.379125 7000.0
650912.01405 3621775.602375 7000.0
650621.89475 3622182.825625 7000.0
650331.77545 3622590.048875 7000.0
650041.65615 3622997.272125 7000.0
649751.53685 3623404.495375 7000.0
649461.41755 3623811.718625 7000.0
649171.29825 3624218.941875 7000.0
648881.17895 3624626.165125 7000.0
648591.05965 3625033.388375 7000.0
648300.94035 3625440.611625 7000.0
648010.82105 3625847.834875 7000.0
647720.70175 3626255.058125 7000.0
647430.58245 3626662.281375 7000.0
647140.46315 3627069.504625 7000.0
646850.34385 3627476.727875 7000.0
646560.22455 3627883.951125 7000.0
646270.10525 3628291.174375 7000.0
645979.98595 3628698.397625 7000.0
645689.86665 3629105.620875 7000.0
645399.74735 3629512.844125 7000.0
645109.62805 3629920.067375 7000.0
644819.50875 3630327.290625 7000.0
644529.38945 3630734.513875 7000.0
651955.3873 3619449.366825 7000.0
651665.2679999999 3619856.590075 7000.0
651375.1486999999 3620263.813325 7000.0
651085.0294 3620671.0365750003 7000.0
650794.9101 3621078.259825 7000.0
650504.7908 3621485.483075 7000.0
650214.6714999999 3621892.706325 7000.0
649924.5521999999 3622299.929575 7000.0
649634.4329 3622707.152825 7000.0
649344.3136 3623114.376075 7000.0
649054.1943 3623521.5993250003 7000.0
648764.075 3623928.822575 7000.0
648473.9556999999 3624336.045825 7000.0
648183.8363999999 3624743.269075 7000.0
647893.7171 3625150.492325 7000.0
647603.5978 3625557.7155750003 7000.0
647313.4785 3625964.938825 7000.0
647023.3592 3626372.162075 7000.0
646733.2398999999 3626779.385325 7000.0
646443.1205999999 3627186.608575 7000.0
646153.0013 3627593.8318250002 7000.0
645862.882 3628001.055075 7000.0
645572.7627 3628408.2783250003 7000.0
645282.6434 3628815.501575 7000.0
644992.5240999999 3629222.724825 7000.0
644702.4048 3629629.948075 7000.0
644412.2855 3630037.171325 7000.0
644122.1662 3630444.3945750003 7000.0
651548.16405 3619159.247525 7000.0
651258.04475 3619566.4707750003 7000.0
650967.92545 3619973.694025 7000.0
650677.8061500001 3620380.9172750004 7000.0
650387.68685 3620788.140525 7000.0
650097.56755 3621195.363775 7000.0
649807.44825 3621602.5870250002 7000.0
649517.32895 3622009.810275 7000.0
649227.2096500001 3622417.0335250003 7000.0
648937.0903500001 3622824.256775 7000.0
648646.97105 3623231.4800250004 7000.0
648356.85175 3623638.703275 7000.0
648066.73245 3624045.926525 7000.0
647776.61315 3624453.1497750003 7000.0
647486.4938500001 3624860.373025 7000.0
647196.3745500001 3625267.5962750004 7000.0
646906.25525 3625674.819525 7000.0
646616.13595 3626082.042775 7000.0
646326.01665 3626489.2660250003 7000.0
646035.89735 3626896.489275 7000.0
645745.7780500001 3627303.7125250003 7000.0
645455.6587500001 3627710.935775 7000.0
645165.53945 3628118.1590250004 7000.0
644875.42015 3628525.382275 7000.0
644585.30085 3628932.605525 7000.0
644295.1815500001 3629339.8287750003 7000.0
644005.0622500001 3629747.052025 7000.0
643714.94295 3630154.2752750004 7000.0
651140.9408 3618869.1282249996 7000.0
650850.8215 3619276.351475 7000.0
650560.7021999999 3619683.5747249997 7000.0
650270.5829 3620090.797975 7000.0
649980.4636 3620498.021225 7000.0
649690.3443 3620905.2444749996 7000.0
649400.225 3621312.467725 7000.0
649110.1057 3621719.6909749997 7000.0
648819.9864 3622126.914225 7000.0
648529.8671 3622534.1374749998 7000.0
648239.7478 3622941.360725 7000.0
647949.6285 3623348.583975 7000.0
647659.5092 3623755.8072249996 7000.0
647369.3899 3624163.030475 7000.0
647079.2706 3624570.2537249997 7000.0
646789.1513 3624977.476975 7000.0
646499.032 3625384.700225 7000.0
646208.9127 3625791.9234749996 7000.0
645918.7934 3626199.146725 7000.0
645628.6741 3626606.3699749997 7000.0
645338.5548 3627013.593225 7000.0
645048.4355 3627420.8164749998 7000.0
644758.3162 3627828.039725 7000.0
644468.1969 3628235.262975 7000.0
644178.0776 3628642.4862249997 7000.0
643887.9583 3629049.709475 7000.0
643597.839 3629456.9327249997 7000.0
643307.7197 3629864.155975 7000.0
650733.71755 3618579.0089249997 7000.0
650443.5982499999 3618986.232175 7000.0
650153.4789499999 3619393.455425 7000.0
649863.35965 3619800.678675 7000.0
649573.24035 3620207.901925 7000.0
649283.12105 3620615.1251749997 7000.0
648993.0017499999 3621022.348425 7000.0
648702.8824499999 3621429.571675 7000.0
648412.76315 3621836.794925 7000.0
648122.64385 3622244.018175 7000.0
647832.52455 3622651.241425 7000.0
647542.40525 3623058.464675 7000.0
647252.2859499999 3623465.6879249997 7000.0
646962.1666499999 3623872.911175 7000.0
646672.04735 3624280.134425 7000.0
646381.92805 3624687.357675 7000.0
646091.80875 3625094.580925 7000.0
645801.68945 3625501.8041749997 7000.0
645511.5701499999 3625909.027425 7000.0
645221.4508499999 3626316.250675 7000.0
644931.33155 3626723.473925 7000.0
644641.21225 3627130.697175 7000.0
644351.09295 3627537.920425 7000.0
644060.9736499999 3627945.143675 7000.0
643770.8543499999 3628352.3669249997 7000.0
643480.73505 3628759.590175 7000.0
643190.61575 3629166.813425 7000.0
642900.49645 3629574.036675 7000.0
650326.4943 3618288.889625 7000.0
650036.375 3618696.112875 7000.0
649746.2557 3619103.336125 7000.0
649456.1364000001 3619510.559375 7000.0
649166.0171 3619917.782625 7000.0
648875.8978 3620325.005875 7000.0
648585.7785 3620732.229125 7000.0
648295.6592 3621139.452375 7000.0
648005.5399000001 3621546.675625 7000.0
647715.4206000001 3621953.898875 7000.0
647425.3013 3622361.122125 7000.0
647135.182 3622768.345375 7000.0
646845.0627 3623175.568625 7000.0
646554.9434 3623582.791875 7000.0
646264.8241000001 3623990.015125 7000.0
645974.7048000001 3624397.238375 7000.0
645684.5855 3624804.461625 7000.0
645394.4662 3625211.684875 7000.0
645104.3469 3625618.908125 7000.0
644814.2276 3626026.131375 7000.0
644524.1083000001 3626433.354625 7000.0
644233.9890000001 3626840.577875 7000.0
643943.8697 3627247.801125 7000.0
643653.7504 3627655.024375 7000.0
643363.6311 3628062.247625 7000.0
643073.5118000001 3628469.470875 7000.0
642783.3925000001 3628876.694125 7000.0
642493.2732 3629283.917375 7000.0
649919.27105 3617998.770325 7000.0
649629.15175 3618405.993575 7000.0
649339.0324499999 3618813.216825 7000.0
649048.91315 3619220.4400750003 7000.0
648758.79385 3619627.663325 7000.0
648468.67455 3620034.886575 7000.0
648178.55525 3620442.109825 7000.0
647888.43595 3620849.333075 7000.0
647598.31665 3621256.5563250002 7000.0
647308.19735 3621663.779575 7000.0
647018.07805 3622071.0028250003 7000.0
646727.95875 3622478.226075 7000.0
646437.83945 3622885.449325 7000.0
646147.72015 3623292.672575 7000.0
645857.60085 3623699.895825 7000.0
645567.48155 3624107.1190750003 7000.0
645277.36225 3624514.342325 7000.0
644987.24295 3624921.565575 7000.0
644697.12365 3625328.788825 7000.0
644407.00435 3625736.012075 7000.0
644116.88505 3626143.2353250002 7000.0
643826.76575 3626550.458575 7000.0
643536.64645 3626957.6818250003 7000.0
643246.52715 3627364.905075 7000.0
642956.40785 3627772.128325 7000.0
642666.28855 3628179.351575 7000.0
642376.16925 3628586.574825 7000.0
642086.04995 3628993.7980750003 7000.0
649512.0478 3617708.651025 7000.0
649221.9284999999 3618115.8742750003 7000.0
648931.8091999999 3618523.097525 7000.0
648641.6899 3618930.3207750004 7000.0
648351.5706 3619337.544025 7000.0
648061.4513 3619744.767275 7000.0
647771.3319999999 3620151.9905250003 7000.0
647481.2126999999 3620559.213775 7000.0
647191.0934 3620966.4370250003 7000.0
646900.9741 3621373.660275 7000.0
646610.8548 3621780.8835250004 7000.0
646320.7355 3622188.106775 7000.0
646030.6161999999 3622595.330025 7000.0
645740.4968999999 3623002.5532750003 7000.0
645450.3776 3623409.776525 7000.0
645160.2583 3623816.9997750004 7000.0
644870.139 3624224.223025 7000.0
644580.0197 3624631.446275 7000.0
644289.9003999999 3625038.6695250003 7000.0
643999.7810999999 3625445.892775 7000.0
643709.6618 3625853.1160250003 7000.0
643419.5425 3626260.339275 7000.0
643129.4232 3626667.5625250004 7000.0
642839.3038999999 3627074.785775 7000.0
642549.1845999999 3627482.009025 7000.0
642259.0653 3627889.2322750003 7000.0
641968.946 3628296.455525 7000.0
641678.8267 3628703.6787750004 7000.0
649104.82455 3617418.5317249997 7000.0
648814.70525 3617825.754975 7000.0
648524.58595 3618232.9782249997 7000.0
648234.4666500001 3618640.201475 7000.0
647944.34735 3619047.424725 7000.0
647654.22805 3619454.6479749996 7000.0
647364.10875 3619861.871225 7000.0
647073.98945 3620269.0944749997 7000.0
646783.8701500001 3620676.317725 7000.0
646493.7508500001 3621083.540975 7000.0
646203.63155 3621490.764225 7000.0
645913.51225 3621897.987475 7000.0
645623.39295 3622305.2107249997 7000.0
645333.27365 3622712.433975 7000.0
645043.1543500001 3623119.6572249997 7000.0
644753.0350500001 3623526.880475 7000.0
644462.91575 3623934.103725 7000.0
644172.79645 3624341.3269749996 7000.0
643882.67715 3624748.550225 7000.0
643592.55785 3625155.7734749997 7000.0
643302.4385500001 3625562.996725 7000.0
643012.3192500001 3625970.219975 7000.0
642722.19995 3626377.443225 7000.0
642432.08065 3626784.666475 7000.0
642141.96135 3627191.8897249997 7000.0
641851.8420500001 3627599.112975 7000.0
641561.7227500001 3628006.3362249997 7000.0
641271.60345 3628413.559475 7000.0
648697.6013 3617128.4124249998 7000.0
648407.482 3617535.635675 7000.0
648117.3626999999 3617942.858925 7000.0
647827.2434 3618350.082175 7000.0
647537.1241 3618757.305425 7000.0
647247.0048 3619164.5286749997 7000.0
646956.8855 3619571.751925 7000.0
646666.7662 3619978.975175 7000.0
646376.6469 3620386.198425 7000.0
646086.5276 3620793.421675 7000.0
645796.4083 3621200.644925 7000.0
645506.289 3621607.868175 7000.0
645216.1697 3622015.0914249998 7000.0
644926.0504 3622422.314675 7000.0
644635.9311 3622829.537925 7000.0
644345.8118 3623236.761175 7000.0
644055.6925 3623643.984425 7000.0
643765.5732 3624051.2076749997 7000.0
643475.4539 3624458.430925 7000.0
643185.3346 3624865.654175 7000.0
642895.2153 3625272.877425 7000.0
642605.096 3625680.100675 7000.0
642314.9767 3626087.323925 7000.0
642024.8574 3626494.547175 7000.0
641734.7381 3626901.7704249998 7000.0
641444.6188 3627308.993675 7000.0
641154.4995 3627716.216925 7000.0
640864.3802 3628123.440175 7000.0
648290.3780499999 3616838.293125 7000.0
648000.2587499999 3617245.516375 7000.0
647710.1394499999 3617652.739625 7000.0
647420.02015 3618059.962875 7000.0
647129.90085 3618467.186125 7000.0
646839.78155 3618874.409375 7000.0
646549.6622499999 3619281.632625 7000.0
646259.5429499999 3619688.855875 7000.0
645969.42365 3620096.079125 7000.0
645679.30435 3620503.302375 7000.0
645389.18505 3620910.5256250002 7000.0
645099.06575 3621317.748875 7000.0
644808.9464499999 3621724.972125 7000.0
644518.8271499999 3622132.195375 7000.0
644228.70785 3622539.418625 7000.0
643938.58855 3622946.641875 7000.0
643648.46925 3623353.865125 7000.0
643358.34995 3623761.088375 7000.0
643068.2306499999 3624168.311625 7000.0
642778.1113499999 3624575.534875 7000.0
642487.99205 3624982.758125 7000.0
642197.87275 3625389.981375 7000.0
641907.75345 3625797.2046250002 7000.0
641617.6341499999 3626204.427875 7000.0
641327.5148499999 3626611.651125 7000.0
641037.39555 3627018.874375 7000.0
640747.27625 3627426.097625 7000.0
640457.15695 3627833.320875 7000.0
647883.1548 3616548.173825 7000.0
647593.0355 3616955.397075 7000.0
647302.9162 3617362.620325 7000.0
647012.7969000001 3617769.8435750003 7000.0
646722.6776 3618177.066825 7000.0
646432.5583 3618584.290075 7000.0
646142.439 3618991.513325 7000.0
645852.3197 3619398.736575 7000.0
645562.2004000001 3619805.9598250003 7000.0
645272.0811000001 3620213.183075 7000.0
644981.9618 3620620.4063250003 7000.0
644691.8425 3621027.629575 7000.0
644401.7232 3621434.852825 7000.0
644111.6039 3621842.076075 7000.0
643821.4846000001 3622249.299325 7000.0
643531.3653000001 3622656.5225750003 7000.0
643241.246 3623063.745825 7000.0
642951.1267 3623470.969075 7000.0
642661.0074 3623878.192325 7000.0
642370.8881 3624285.415575 7000.0
642080.7688000001 3624692.6388250003 7000.0
641790.6495 3625099.862075 7000.0
641500.5302 3625507.0853250003 7000.0
641210.4109 3625914.308575 7000.0
640920.2916 3626321.531825 7000.0
640630.1723000001 3626728.755075 7000.0
640340.0530000001 3627135.978325 7000.0
640049.9337 3627543.2015750003 7000.0
647475.93155 3616258.054525 7000.0
647185.81225 3616665.2777750003 7000.0
646895.6929499999 3617072.501025 7000.0
646605.57365 3617479.7242750004 7000.0
646315.45435 3617886.947525 7000.0
646025.33505 3618294.170775 7000.0
645735.21575 3618701.3940250003 7000.0
645445.09645 3619108.617275 7000.0
645154.97715 3619515.8405250004 7000.0
644864.85785 3619923.063775 7000.0
644574.73855 3620330.2870250004 7000.0
644284.61925 3620737.5102750002 7000.0
643994.49995 3621144.733525 7000.0
643704.38065 3621551.9567750003 7000.0
643414.26135 3621959.180025 7000.0
643124.14205 3622366.4032750004 7000.0
642834.02275 3622773.626525 7000.0
642543.90345 3623180.849775 7000.0
642253.78415 3623588.0730250003 7000.0
641963.66485 3623995.296275 7000.0
641673.54555 3624402.5195250004 7000.0
641383.42625 3624809.742775 7000.0
641093.30695 3625216.9660250004 7000.0
640803.18765 3625624.1892750002 7000.0
640513.06835 3626031.412525 7000.0
640222.94905 3626438.6357750003 7000.0
639932.82975 3626845.859025 7000.0
639642.71045 3627253.0822750004 7000.0
647068.7082999999 3615967.9352249997 7000.0
646778.5889999999 3616375.158475 7000.0
646488.4696999999 3616782.3817249998 7000.0
646198.3504 3617189.604975 7000.0
645908.2311 3617596.828225 7000.0
645618.1118 3618004.0514749996 7000.0
645327.9924999999 3618411.274725 7000.0
645037.8731999999 3618818.4979749997 7000.0
644747.7539 3619225.721225 7000.0
644457.6346 3619632.944475 7000.0
644167.5153 3620040.167725 7000.0
643877.396 3620447.390975 7000.0
643587.2766999999 3620854.6142249997 7000.0
643297.1573999999 3621261.837475 7000.0
643007.0381 3621669.0607249998 7000.0
642716.9188 3622076.283975 7000.0
642426.7995 3622483.507225 7000.0
642136.6802 3622890.7304749996 7000.0
641846.5608999999 3623297.953725 7000.0
641556.4415999999 3623705.1769749997 7000.0
641266.3223 3624112.400225 7000.0
640976.203 3624519.623475 7000.0
640686.0837 3624926.846725 7000.0
640395.9643999999 3625334.069975 7000.0
640105.8450999999 3625741.2932249997 7000.0
639815.7258 3626148.516475 7000.0
639525.6065 3626555.7397249998 7000.0
639235.4872 3626962.962975 7000.0
646661.48505 3615677.815925 7000.0
646371.36575 3616085.039175 7000.0
646081.24645 3616492.262425 7000.0
645791.1271500001 3616899.485675 7000.0
645501.00785 3617306.708925 7000.0
645210.88855 3617713.9321749997 7000.0
644920.76925 3618121.155425 7000.0
644630.64995 3618528.378675 7000.0
644340.5306500001 3618935.601925 7000.0
644050.4113500001 3619342.825175 7000.0
643760.29205 3619750.048425 7000.0
643470.17275 3620157.271675 7000.0
643180.05345 3620564.494925 7000.0
642889.93415 3620971.718175 7000.0
642599.8148500001 3621378.941425 7000.0
642309.6955500001 3621786.164675 7000.0
642019.57625 3622193.387925 7000.0
641729.45695 3622600.6111749997 7000.0
641439.33765 3623007.834425 7000.0
641149.21835 3623415.057675 7000.0
640859.0990500001 3623822.280925 7000.0
640568.97975 3624229.504175 7000.0
640278.86045 3624636.727425 7000.0
639988.74115 3625043.950675 7000.0
639698.62185 3625451.173925 7000.0
639408.5025500001 3625858.397175 7000.0
639118.3832500001 3626265.620425 7000.0
638828.26395 3626672.843675 7000.0
646254.2618 3615387.696625 7000.0
645964.1425 3615794.919875 7000.0
645674.0231999999 3616202.143125 7000.0
645383.9039 3616609.366375 7000.0
645093.7846 3617016.589625 7000.0
644803.6653 3617423.812875 7000.0
644513.546 3617831.036125 7000.0
644223.4267 3618238.259375 7000.0
643933.3074 3618645.482625 7000.0
643643.1881 3619052.705875 7000.0
643353.0688 3619459.9291250003 7000.0
643062.9495 3619867.152375 7000.0
642772.8302 3620274.375625 7000.0
642482.7109 3620681.598875 7000.0
642192.5916 3621088.822125 7000.0
641902.4723 3621496.045375 7000.0
641612.353 3621903.268625 7000.0
641322.2337 3622310.491875 7000.0
641032.1144 3622717.715125 7000.0
640741.9951 3623124.938375 7000.0
640451.8758 3623532.161625 7000.0
640161.7565 3623939.384875 7000.0
639871.6372 3624346.6081250003 7000.0
639581.5179 3624753.831375 7000.0
639291.3986 3625161.054625 7000.0
639001.2793 3625568.277875 7000.0
638711.16 3625975.501125 7000.0
638421.0407 3626382.724375 7000.0
645847.0385499999 3615097.577325 7000.0
645556.9192499999 3615504.8005750002 7000.0
645266.7999499999 3615912.023825 7000.0
644976.68065 3616319.2470750003 7000.0
644686.56135 3616726.470325 7000.0
644396.44205 3617133.693575 7000.0
644106.3227499999 3617540.916825 7000.0
643816.2034499999 3617948.140075 7000.0
643526.08415 3618355.3633250003 7000.0
643235.96485 3618762.586575 7000.0
642945.84555 3619169.8098250004 7000.0
642655.72625 3619577.033075 7000.0
642365.6069499999 3619984.256325 7000.0
642075.4876499999 3620391.4795750002 7000.0
641785.36835 3620798.702825 7000.0
641495.24905 3621205.9260750003 7000.0
641205.12975 3621613.149325 7000.0
640915.01045 3622020.372575 7000.0
640624.8911499999 3622427.595825 7000.0
640334.7718499999 3622834.819075 7000.0
640044.65255 3623242.0423250003 7000.0
639754.53325 3623649.265575 7000.0
639464.41395 3624056.4888250004 7000.0
639174.2946499999 3624463.712075 7000.0
638884.1753499999 3624870.935325 7000.0
638594.05605 3625278.1585750002 7000.0
638303.93675 3625685.381825 7000.0
638013.81745 3626092.6050750003 7000.0
645439.8153 3614807.4580249996 7000.0
645149.696 3615214.681275 7000.0
644859.5767 3615621.9045249997 7000.0
644569.4574000001 3616029.127775 7000.0
644279.3381 3616436.3510249997 7000.0
643989.2188 3616843.5742749996 7000.0
643699.0995 3617250.797525 7000.0
643408.9802 3617658.0207749996 7000.0
643118.8609000001 3618065.244025 7000.0
642828.7416000001 3618472.4672749997 7000.0
642538.6223 3618879.690525 7000.0
642248.503 3619286.913775 7000.0
641958.3837 3619694.1370249996 7000.0
641668.2644 3620101.360275 7000.0
641378.1451000001 3620508.5835249997 7000.0
641088.0258000001 3620915.806775 7000.0
640797.9065 3621323.0300249998 7000.0
640507.7872 3621730.2532749996 7000.0
640217.6679 3622137.476525 7000.0
639927.5486 3622544.6997749996 7000.0
639637.4293000001 3622951.923025 7000.0
639347.31 3623359.1462749997 7000.0
639057.1907 3623766.369525 7000.0
638767.0714 3624173.592775 7000.0
638476.9521 3624580.8160249996 7000.0
638186.8328000001 3624988.039275 7000.0
637896.7135000001 3625395.2625249997 7000.0
637606.5942 3625802.485775 7000.0
645032.59205 3614517.3387249997 7000.0
644742.47275 3614924.561975 7000.0
644452.3534499999 3615331.7852249998 7000.0
644162.23415 3615739.008475 7000.0
643872.11485 3616146.231725 7000.0
643581.99555 3616553.4549749997 7000.0
643291.87625 3616960.678225 7000.0
643001.75695 3617367.9014749997 7000.0
642711.63765 3617775.124725 7000.0
642421.51835 3618182.347975 7000.0
642131.39905 3618589.571225 7000.0
641841.27975 3618996.794475 7000.0
641551.16045 3619404.0177249997 7000.0
641261.04115 3619811.240975 7000.0
640970.92185 3620218.464225 7000.0
640680.80255 3620625.687475 7000.0
640390.68325 3621032.910725 7000.0
640100.56395 3621440.1339749997 7000.0
639810.44465 3621847.357225 7000.0
639520.3253499999 3622254.5804749997 7000.0
639230.20605 3622661.803725 7000.0
638940.08675 3623069.026975 7000.0
638649.96745 3623476.250225 7000.0
638359.84815 3623883.473475 7000.0
638069.72885 3624290.6967249997 7000.0
637779.60955 3624697.919975 7000.0
637489.49025 3625105.143225 7000.0
637199.37095 3625512.366475 7000.0
644625.3687999999 3614227.219425 7000.0
644335.2494999999 3614634.442675 7000.0
644045.1301999999 3615041.665925 7000.0
643755.0109 3615448.889175 7000.0
643464.8916 3615856.112425 7000.0
643174.7723 3616263.3356749997 7000.0
642884.6529999999 3616670.558925 7000.0
642594.5336999999 3617077.782175 7000.0
642304.4144 3617485.005425 7000.0
642014.2951 3617892.228675 7000.0
641724.1758 3618299.451925 7000.0
641434.0565 3618706.675175 7000.0
641143.9371999999 3619113.898425 7000.0
640853.8178999999 3619521.121675 7000.0
640563.6986 3619928.344925 7000.0
640273.5793 3620335.568175 7000.0
639983.46 3620742.791425 7000.0
639693.3407 3621150.0146749998 7000.0
639403.2213999999 3621557.237925 7000.0
639113.1020999999 3621964.461175 7000.0
638822.9828 3622371.684425 7000.0
638532.8635 3622778.907675 7000.0
638242.7442 3623186.130925 7000.0
637952.6248999999 3623593.354175 7000.0
637662.5055999999 3624000.577425 7000.0
637372.3863 3624407.800675 7000.0
637082.267 3624815.023925 7000.0
636792.1477 3625222.247175 7000.0
644218.14555 3613937.100125 7000.0
643928.02625 3614344.323375 7000.0
643637.90695 3614751.546625 7000.0
643347.7876500001 3615158.769875 7000.0
643057.66835 3615565.993125 7000.0
642767.54905 3615973.216375 7000.0
642477.42975 3616380.439625 7000.0
642187.31045 3616787.662875 7000.0
641897.1911500001 3617194.886125 7000.0
641607.0718500001 3617602.109375 7000.0
641316.95255 3618009.3326250003 7000.0
641026.83325 3618416.555875 7000.0
640736.71395 3618823.779125 7000.0
640446.59465 3619231.002375 7000.0
640156.4753500001 3619638.225625 7000.0
639866.3560500001 3620045.4488750002 7000.0
639576.23675 3620452.672125 7000.0
639286.11745 3620859.895375 7000.0
638995.99815 3621267.118625 7000.0
638705.87885 3621674.341875 7000.0
638415.7595500001 3622081.565125 7000.0
638125.64025 3622488.788375 7000.0
637835.52095 3622896.0116250003 7000.0
637545.40165 3623303.234875 7000.0
637255.28235 3623710.458125 7000.0
636965.1630500001 3624117.681375 7000.0
636675.0437500001 3624524.904625 7000.0
636384.92445 3624932.1278750002 7000.0
643810.9223 3613646.980825 7000.0
643520.803 3614054.2040750002 7000.0
643230.6836999999 3614461.427325 7000.0
642940.5644 3614868.6505750003 7000.0
642650.4451 3615275.873825 7000.0
642360.3258 3615683.097075 7000.0
642070.2065 3616090.320325 7000.0
641780.0872 3616497.543575 7000.0
641489.9679 3616904.7668250003 7000.0
641199.8486 3617311.990075 7000.0
640909.7293 3617719.2133250004 7000.0
640619.61 3618126.436575 7000.0
640329.4907 3618533.659825 7000.0
640039.3714 3618940.8830750003 7000.0
639749.2521 3619348.106325 7000.0
639459.1328 3619755.3295750003 7000.0
639169.0135 3620162.552825 7000.0
638878.8942 3620569.776075 7000.0
638588.7749 3620976.999325 7000.0
638298.6555999999 3621384.222575 7000.0
638008.5363 3621791.4458250003 7000.0
637718.417 3622198.669075 7000.0
637428.2977 3622605.8923250004 7000.0
637138.1784 3623013.115575 7000.0
636848.0591 3623420.338825 7000.0
636557.9398 3623827.5620750003 7000.0
636267.8205 3624234.785325 7000.0
635977.7012 3624642.0085750003 7000.0
643403.6990499999 3613356.8615249996 7000.0
643113.5797499999 3613764.084775 7000.0
642823.4604499999 3614171.3080249997 7000.0
642533.34115 3614578.531275 7000.0
642243.22185 3614985.7545249998 7000.0
641953.10255 3615392.9777749996 7000.0
641662.9832499999 3615800.201025 7000.0
641372.8639499999 3616207.4242749996 7000.0
641082.74465 3616614.647525 7000.0
640792.62535 3617021.8707749997 7000.0
640502.50605 3617429.094025 7000.0
640212.38675 3617836.317275 7000.0
639922.2674499999 3618243.5405249996 7000.0
639632.1481499999 3618650.763775 7000.0
639342.02885 3619057.9870249997 7000.0
639051.90955 3619465.210275 7000.0
638761.79025 3619872.433525 7000.0
638471.6709499999 3620279.6567749996 7000.0
638181.5516499999 3620686.880025 7000.0
637891.4323499999 3621094.1032749997 7000.0
637601.31305 3621501.326525 7000.0
637311.19375 3621908.5497749997 7000.0
637021.07445 3622315.773025 7000.0
636730.9551499999 3622722.996275 7000.0
636440.8358499999 3623130.2195249996 7000.0
636150.71655 3623537.442775 7000.0
635860.59725 3623944.6660249997 7000.0
635570.47795 3624351.889275 7000.0
642996.4758 3613066.7422249997 7000.0
642706.3565 3613473.965475 7000.0
642416.2372 3613881.188725 7000.0
642126.1179000001 3614288.411975 7000.0
641835.9986 3614695.635225 7000.0
641545.8793 3615102.8584749997 7000.0
641255.76 3615510.081725 7000.0
640965.6407 3615917.3049749997 7000.0
640675.5214000001 3616324.528225 7000.0
640385.4021000001 3616731.751475 7000.0
640095.2828 3617138.974725 7000.0
639805.1635 3617546.197975 7000.0
639515.0442 3617953.4212249997 7000.0
639224.9249 3618360.644475 7000.0
638934.8056000001 3618767.867725 7000.0
638644.6863000001 3619175.090975 7000.0
638354.567 3619582.314225 7000.0
638064.4477 3619989.5374749997 7000.0
637774.3284 3620396.760725 7000.0
637484.2091 3620803.9839749997 7000.0
637194.0898000001 3621211.207225 7000.0
636903.9705 3621618.430475 7000.0
636613.8512 3622025.653725 7000.0
636323.7319 3622432.876975 7000.0
636033.6126 3622840.1002249997 7000.0
635743.4933000001 3623247.323475 7000.0
635453.3740000001 3623654.546725 7000.0
635163.2547 3624061.769975 7000.0
642589.25255 3612776.622925 7000.0
642299.13325 3613183.846175 7000.0
642009.0139499999 3613591.069425 7000.0
641718.89465 3613998.292675 7000.0
641428.77535 3614405.515925 7000.0
641138.65605 3614812.7391749998 7000.0
640848.53675 3615219.962425 7000.0
640558.41745 3615627.185675 7000.0
640268.29815 3616034.408925 7000.0
639978.17885 3616441.632175 7000.0
639688.05955 3616848.855425 7000.0
639397.94025 3617256.078675 7000.0
639107.82095 3617663.301925 7000.0
638817.70165 3618070.525175 7000.0
638527.58235 3618477.748425 7000.0
638237.46305 3618884.971675 7000.0
637947.34375 3619292.194925 7000.0
637657.22445 3619699.4181749998 7000.0
637367.10515 3620106.641425 7000.0
637076.9858499999 3620513.864675 7000.0
636786.86655 3620921.087925 7000.0
636496.74725 3621328.311175 7000.0
636206.62795 3621735.534425 7000.0
635916.50865 3622142.757675 7000.0
635626.38935 3622549.980925 7000.0
635336.27005 3622957.204175 7000.0
635046.15075 3623364.427425 7000.0
634756.03145 3623771.650675 7000.0
642182.0292999999 3612486.503625 7000.0
641891.9099999999 3612893.726875 7000.0
641601.7906999999 3613300.950125 7000.0
641311.6714 3613708.1733750002 7000.0
641021.5521 3614115.396625 7000.0
640731.4328 3614522.619875 7000.0
640441.3134999999 3614929.843125 7000.0
640151.1941999999 3615337.066375 7000.0
639861.0749 3615744.289625 7000.0
639570.9556 3616151.512875 7000.0
639280.8363 3616558.7361250003 7000.0
638990.717 3616965.959375 7000.0
638700.5976999999 3617373.182625 7000.0
638410.4783999999 3617780.405875 7000.0
638120.3591 3618187.629125 7000.0
637830.2398 3618594.8523750002 7000.0
637540.1205 3619002.075625 7000.0
637250.0011999999 3619409.298875 7000.0
636959.8818999999 3619816.522125 7000.0
636669.7625999999 3620223.745375 7000.0
636379.6433 3620630.968625 7000.0
636089.524 3621038.191875 7000.0
635799.4047 3621445.4151250003 7000.0
635509.2853999999 3621852.638375 7000.0
635219.1660999999 3622259.861625 7000.0
634929.0468 3622667.084875 7000.0
634638.9275 3623074.308125 7000.0
634348.8082 3623481.5313750003 7000.0
641774.80605 3612196.384325 7000.0
641484.68675 3612603.6075750003 7000.0
641194.56745 3613010.830825 7000.0
640904.4481500001 3613418.0540750003 7000.0
640614.32885 3613825.277325 7000.0
640324.20955 3614232.500575 7000.0
640034.09025 3614639.723825 7000.0
639743.97095 3615046.947075 7000.0
639453.8516500001 3615454.1703250003 7000.0
639163.7323500001 3615861.393575 7000.0
638873.61305 3616268.6168250004 7000.0
638583.49375 3616675.840075 7000.0
638293.37445 3617083.063325 7000.0
638003.25515 3617490.2865750003 7000.0
637713.1358500001 3617897.509825 7000.0
637423.0165500001 3618304.7330750003 7000.0
637132.89725 3618711.956325 7000.0
636842.77795 3619119.179575 7000.0
636552.65865 3619526.402825 7000.0
636262.53935 3619933.626075 7000.0
635972.4200500001 3620340.8493250003 7000.0
635682.30075 3620748.072575 7000.0
635392.18145 3621155.2958250004 7000.0
635102.06215 3621562.519075 7000.0
634811.94285 3621969.742325 7000.0
634521.8235500001 3622376.9655750003 7000.0
634231.7042500001 3622784.188825 7000.0
633941.58495 3623191.4120750003 7000.0
641367.5828 3611906.2650249996 7000.0
641077.4635 3612313.488275 7000.0
640787.3441999999 3612720.7115249997 7000.0
640497.2249 3613127.934775 7000.0
640207.1056 3613535.158025 7000.0
639916.9863 3613942.3812749996 7000.0
639626.867 3614349.604525 7000.0
639336.7477 3614756.8277749997 7000.0
639046.6284 3615164.051025 7000.0
638756.5091 3615571.2742749997 7000.0
638466.3898 3615978.497525 7000.0
638176.2705 3616385.720775 7000.0
637886.1512 3616792.9440249996 7000.0
637596.0319 3617200.167275 7000.0
637305.9126 3617607.3905249997 7000.0
637015.7933 3618014.613775 7000.0
636725.674 3618421.837025 7000.0
636435.5547 3618829.0602749996 7000.0
636145.4354 3619236.283525 7000.0
635855.3160999999 3619643.5067749997 7000.0
635565.1968 3620050.730025 7000.0
635275.0775 3620457.9532749997 7000.0
634984.9582 3620865.176525 7000.0
634694.8389 3621272.399775 7000.0
634404.7196 3621679.6230249996 7000.0
634114.6003 3622086.846275 7000.0
633824.481 3622494.0695249997 7000.0
633534.3617 3622901.292775 7000.0
652362.61055 3619739.486125 7500.0
652072.49125 3620146.709375 7500.0
651782.37195 3620553.932625 7500.0
651492.25265 3620961.155875 7500.0
651202.13335 3621368.379125 7500.0
650912.01405 3621775.602375 7500.0
650621.89475 3622182.825625 7500.0
650331.77545 3622590.048875 7500.0
650041.65615 3622997.272125 7500.0
649751.53685 3623404.495375 7500.0
649461.41755 3623811.718625 7500.0
649171.29825 3624218.941875 7500.0
648881.17895 3624626.165125 7500.0
648591.05965 3625033.388375 7500.0
648300.94035 3625440.611625 7500.0
648010.82105 3625847.834875 7500.0
647720.70175 3626255.058125 7500.0
647430.58245 3626662.281375 7500.0
647140.46315 3627069.504625 7500.0
646850.34385 3627476.727875 7500.0
646560.22455 3627883.951125 7500.0
646270.10525 3628291.174375 7500.0
645979.98595 3628698.397625 7500.0
645689.86665 3629105.620875 7500.0
645399.74735 3629512.844125 7500.0
645109.62805 3629920.067375 7500.0
644819.50875 3630327.290625 7500.0
644529.38945 3630734.513875 7500.0
651955.3873 3619449.366825 7500.0
651665.2679999999 3619856.590075 7500.0
651375.1486999999 3620263.813325 7500.0
651085.0294 3620671.0365750003 7500.0
650794.9101 3621078.259825 7500.0
650504.7908 3621485.483075 7500.0
650214.6714999999 3621892.706325 7500.0
649924.5521999999 3622299.929575 7500.0
649634.4329 3622707.152825 7500.0
649344.3136 3623114.376075 7500.0
649054.1943 3623521.5993250003 7500.0
648764.075 3623928.822575 7500.0
648473.9556999999 3624336.045825 7500.0
648183.8363999999 3624743.269075 7500.0
647893.7171 3625150.492325 7500.0
647603.5978 3625557.7155750003 7500.0
647313.4785 3625964.938825 7500.0
647023.3592 3626372.162075 7500.0
646733.2398999999 3626779.385325 7500.0
646443.1205999999 3627186.608575 7500.0
646153.0013 3627593.8318250002 7500.0
645862.882 3628001.055075 7500.0
645572.7627 3628408.2783250003 7500.0
645282.6434 3628815.501575 7500.0
644992.5240999999 3629222.724825 7500.0
644702.4048 3629629.948075 7500.0
644412.2855 3630037.171325 7500.0
644122.1662 3630444.3945750003 7500.0
651548.16405 3619159.247525 7500.0
651258.04475 3619566.4707750003 7500.0
650967.92545 3619973.694025 7500.0
650677.8061500001 3620380.9172750004 7500.0
650387.68685 3620788.140525 7500.0
650097.56755 3621195.363775 7500.0
649807.44825 3621602.5870250002 7500.0
649517.32895 3622009.810275 7500.0
649227.2096500001 3622417.0335250003 7500.0
648937.0903500001 3622824.256775 7500.0
648646.97105 3623231.4800250004 7500.0
648356.85175 3623638.703275 7500.0
648066.73245 3624045.926525 7500.0
647776.61315 3624453.1497750003 7500.0
647486.4938500001 3624860.373025 7500.0
647196.3745500001 3625267.5962750004 7500.0
646906.25525 3625674.819525 7500.0
646616.13595 3626082.042775 7500.0
646326.01665 3626489.2660250003 7500.0
646035.89735 3626896.489275 7500.0
645745.7780500001 3627303.7125250003 7500.0
645455.6587500001 3627710.935775 7500.0
645165.53945 3628118.1590250004 7500.0
644875.42015 3628525.382275 7500.0
644585.30085 3628932.605525 7500.0
644295.1815500001 3629339.8287750003 7500.0
644005.0622500001 3629747.052025 7500.0
643714.94295 3630154.2752750004 7500.0
651140.9408 3618869.1282249996 7500.0
650850.8215 3619276.351475 7500.0
650560.7021999999 3619683.5747249997 7500.0
650270.5829 3620090.797975 7500.0
649980.4636 3620498.021225 7500.0
649690.3443 3620905.2444749996 7500.0
649400.225 3621312.467725 7500.0
649110.1057 3621719.6909749997 7500.0
648819.9864 3622126.914225 7500.0
648529.8671 3622534.1374749998 7500.0
648239.7478 3622941.360725 7500.0
647949.6285 3623348.583975 7500.0
647659.5092 3623755.8072249996 7500.0
647369.3899 3624163.030475 7500.0
647079.2706 3624570.2537249997 7500.0
646789.1513 3624977.476975 7500.0
646499.032 3625384.700225 7500.0
646208.9127 3625791.9234749996 7500.0
645918.7934 3626199.146725 7500.0
645628.6741 3626606.3699749997 7500.0
645338.5548 3627013.593225 7500.0
645048.4355 3627420.8164749998 7500.0
644758.3162 3627828.039725 7500.0
644468.1969 3628235.262975 7500.0
644178.0776 3628642.4862249997 7500.0
643887.9583 3629049.709475 7500.0
643597.839 3629456.9327249997 7500.0
643307.7197 3629864.155975 7500.0
650733.71755 3618579.0089249997 7500.0
650443.5982499999 3618986.232175 7500.0
650153.4789499999 3619393.455425 7500.0
649863.35965 3619800.678675 7500.0
649573.24035 3620207.901925 7500.0
649283.12105 3620615.1251749997 7500.0
648993.0017499999 3621022.348425 7500.0
648702.8824499999 3621429.571675 7500.0
648412.76315 3621836.794925 7500.0
648122.64385 3622244.018175 7500.0
647832.52455 3622651.241425 7500.0
647542.40525 3623058.464675 7500.0
647252.2859499999 3623465.6879249997 7500.0
646962.1666499999 3623872.911175 7500.0
646672.04735 3624280.134425 7500.0
646381.92805 3624687.357675 7500.0
646091.80875 3625094.580925 7500.0
645801.68945 3625501.8041749997 7500.0
645511.5701499999 3625909.027425 7500.0
645221.4508499999 3626316.250675 7500.0
644931.33155 3626723.473925 7500.0
644641.21225 3627130.697175 7500.0
644351.09295 3627537.920425 7500.0
644060.9736499999 3627945.143675 7500.0
643770.8543499999 3628352.3669249997 7500.0
643480.73505 3628759.590175 7500.0
643190.61575 3629166.813425 7500.0
642900.49645 3629574.036675 7500.0
650326.4943 3618288.889625 7500.0
650036.375 3618696.112875 7500.0
649746.2557 3619103.336125 7500.0
649456.1364000001 3619510.559375 7500.0
649166.0171 3619917.782625 7500.0
648875.8978 3620325.005875 7500.0
648585.7785 3620732.229125 7500.0
648295.6592 3621139.452375 7500.0
648005.5399000001 3621546.675625 7500.0
647715.4206000001 3621953.898875 7500.0
647425.3013 3622361.122125 7500.0
647135.182 3622768.345375 7500.0
646845.0627 3623175.568625 7500.0
646554.9434 3623582.791875 7500.0
646264.8241000001 3623990.015125 7500.0
645974.7048000001 3624397.238375 7500.0
645684.5855 3624804.461625 7500.0
645394.4662 3625211.684875 7500.0
645104.3469 3625618.908125 7500.0
644814.2276 3626026.131375 7500.0
644524.1083000001 3626433.354625 7500.0
644233.9890000001 3626840.577875 7500.0
643943.8697 3627247.801125 7500.0
643653.7504 3627655.024375 7500.0
643363.6311 3628062.247625 7500.0
643073.5118000001 3628469.470875 7500.0
642783.3925000001 3628876.694125 7500.0
642493.2732 3629283.917375 7500.0
649919.27105 3617998.770325 7500.0
649629.15175 3618405.993575 7500.0
649339.0324499999 3618813.216825 7500.0
649048.91315 3619220.4400750003 7500.0
648758.79385 3619627.663325 7500.0
648468.67455 3620034.886575 7500.0
648178.55525 3620442.109825 7500.0
647888.43595 3620849.333075 7500.0
647598.31665 3621256.5563250002 7500.0
647308.19735 3621663.779575 7500.0
647018.07805 3622071.0028250003 7500.0
646727.95875 3622478.226075 7500.0
646437.83945 3622885.449325 7500.0
646147.72015 3623292.672575 7500.0
645857.60085 3623699.895825 7500.0
645567.48155 3624107.1190750003 7500.0
645277.36225 3624514.342325 7500.0
644987.24295 3624921.565575 7500.0
644697.12365 3625328.788825 7500.0
644407.00435 3625736.012075 7500.0
644116.88505 3626143.2353250002 7500.0
643826.76575 3626550.458575 7500.0
643536.64645 3626957.6818250003 7500.0
643246.52715 3627364.905075 7500.0
642956.40785 3627772.128325 7500.0
642666.28855 3628179.351575 7500.0
642376.16925 3628586.574825 7500.0
642086.04995 3628993.7980750003 7500.0
649512.0478 3617708.651025 7500.0
649221.9284999999 3618115.8742750003 7500.0
648931.8091999999 3618523.097525 7500.0
648641.6899 3618930.3207750004 7500.0
648351.5706 3619337.544025 7500.0
648061.4513 3619744.767275 7500.0
647771.3319999999 3620151.9905250003 7500.0
647481.2126999999 3620559.213775 7500.0
647191.0934 3620966.4370250003 7500.0
646900.9741 3621373.660275 7500.0
646610.8548 3621780.8835250004 7500.0
646320.7355 3622188.106775 7500.0
646030.6161999999 3622595.330025 7500.0
645740.4968999999 3623002.5532750003 7500.0
645450.3776 3623409.776525 7500.0
645160.2583 3623816.9997750004 7500.0
644870.139 3624224.223025 7500.0
644580.0197 3624631.446275 7500.0
644289.9003999999 3625038.6695250003 7500.0
643999.7810999999 3625445.892775 7500.0
643709.6618 3625853.1160250003 7500.0
643419.5425 3626260.339275 7500.0
643129.4232 3626667.5625250004 7500.0
642839.3038999999 3627074.785775 7500.0
642549.1845999999 3627482.009025 7500.0
642259.0653 3627889.2322750003 7500.0
641968.946 3628296.455525 7500.0
641678.8267 3628703.6787750004 7500.0
649104.82455 3617418.5317249997 7500.0
648814.70525 3617825.754975 7500.0
648524.58595 3618232.9782249997 7500.0
648234.4666500001 3618640.201475 7500.0
647944.34735 3619047.424725 7500.0
647654.22805 3619454.6479749996 7500.0
647364.10875 3619861.871225 7500.0
647073.98945 3620269.0944749997 7500.0
646783.8701500001 3620676.317725 7500.0
646493.7508500001 3621083.540975 7500.0
646203.63155 3621490.764225 7500.0
645913.51225 3621897.987475 7500.0
645623.39295 3622305.2107249997 7500.0
645333.27365 3622712.433975 7500.0
645043.1543500001 3623119.6572249997 7500.0
644753.0350500001 3623526.880475 7500.0
644462.91575 3623934.103725 7500.0
644172.79645 3624341.3269749996 7500.0
643882.67715 3624748.550225 7500.0
643592.55785 3625155.7734749997 7500.0
643302.4385500001 3625562.996725 7500.0
643012.3192500001 3625970.219975 7500.0
642722.19995 3626377.443225 7500.0
642432.08065 3626784.666475 7500.0
642141.96135 3627191.8897249997 7500.0
641851.8420500001 3627599.112975 7500.0
641561.7227500001 3628006.3362249997 7500.0
641271.60345 3628413.559475 7500.0
648697.6013 3617128.4124249998 7500.0
648407.482 3617535.635675 7500.0
648117.3626999999 3617942.858925 7500.0
647827.2434 3618350.082175 7500.0
647537.1241 3618757.305425 7500.0
647247.0048 3619164.5286749997 7500.0
646956.8855 3619571.751925 7500.0
646666.7662 3619978.975175 7500.0
646376.6469 3620386.198425 7500.0
646086.5276 3620793.421675 7500.0
645796.4083 3621200.644925 7500.0
645506.289 3621607.868175 7500.0
645216.1697 3622015.0914249998 7500.0
644926.0504 3622422.314675 7500.0
644635.9311 3622829.537925 7500.0
644345.8118 3623236.761175 7500.0
644055.6925 3623643.984425 7500.0
643765.5732 3624051.2076749997 7500.0
643475.4539 3624458.430925 7500.0
643185.3346 3624865.654175 7500.0
642895.2153 3625272.877425 7500.0
642605.096 3625680.100675 7500.0
642314.9767 3626087.323925 7500.0
642024.8574 3626494.547175 7500.0
641734.7381 3626901.7704249998 7500.0
641444.6188 3627308.993675 7500.0
641154.4995 3627716.216925 7500.0
640864.3802 3628123.440175 7500.0
648290.3780499999 3616838.293125 7500.0
648000.2587499999 3617245.516375 7500.0
647710.1394499999 3617652.739625 7500.0
647420.02015 3618059.962875 7500.0
647129.90085 3618467.186125 7500.0
646839.78155 3618874.409375 7500.0
646549.6622499999 3619281.632625 7500.0
646259.5429499999 3619688.855875 7500.0
645969.42365 3620096.079125 7500.0
645679.30435 3620503.302375 7500.0
645389.18505 3620910.5256250002 7500.0
645099.06575 3621317.748875 7500.0
644808.9464499999 3621724.972125 7500.0
644518.8271499999 3622132.195375 7500.0
644228.70785 3622539.418625 7500.0
643938.58855 3622946.641875 7500.0
643648.46925 3623353.865125 7500.0
643358.34995 3623761.088375 7500.0
643068.2306499999 3624168.311625 7500.0
642778.1113499999 3624575.534875 7500.0
642487.99205 3624982.758125 7500.0
642197.87275 3625389.981375 7500.0
641907.75345 3625797.2046250002 7500.0
641617.6341499999 3626204.427875 7500.0
641327.5148499999 3626611.651125 7500.0
641037.39555 3627018.874375 7500.0
640747.27625 3627426.097625 7500.0
640457.15695 3627833.320875 7500.0
647883.1548 3616548.173825 7500.0
647593.0355 3616955.397075 7500.0
647302.9162 3617362.620325 7500.0
647012.7969000001 3617769.8435750003 7500.0
646722.6776 3618177.066825 7500.0
646432.5583 3618584.290075 7500.0
646142.439 3618991.513325 7500.0
645852.3197 3619398.736575 7500.0
645562.2004000001 3619805.9598250003 7500.0
645272.0811000001 3620213.183075 7500.0
644981.9618 3620620.4063250003 7500.0
644691.8425 3621027.629575 7500.0
644401.7232 3621434.852825 7500.0
644111.6039 3621842.076075 7500.0
643821.4846000001 3622249.299325 7500.0
643531.3653000001 3622656.5225750003 7500.0
643241.246 3623063.745825 7500.0
642951.1267 3623470.969075 7500.0
642661.0074 3623878.192325 7500.0
642370.8881 3624285.415575 7500.0
642080.7688000001 3624692.6388250003 7500.0
641790.6495 3625099.862075 7500.0
641500.5302 3625507.0853250003 7500.0
641210.4109 3625914.308575 7500.0
640920.2916 3626321.531825 7500.0
640630.1723000001 3626728.755075 7500.0
640340.0530000001 3627135.978325 7500.0
640049.9337 3627543.2015750003 7500.0
647475.93155 3616258.054525 7500.0
647185.81225 3616665.2777750003 7500.0
646895.6929499999 3617072.501025 7500.0
646605.57365 3617479.7242750004 7500.0
646315.45435 3617886.947525 7500.0
646025.33505 3618294.170775 7500.0
645735.21575 3618701.3940250003 7500.0
645445.09645 3619108.617275 7500.0
645154.97715 3619515.8405250004 7500.0
644864.85785 3619923.063775 7500.0
644574.73855 3620330.2870250004 7500.0
644284.61925 3620737.5102750002 7500.0
643994.49995 3621144.733525 7500.0
643704.38065 3621551.9567750003 7500.0
643414.26135 3621959.180025 7500.0
643124.14205 3622366.4032750004 7500.0
642834.02275 3622773.626525 7500.0
642543.90345 3623180.849775 7500.0
642253.78415 3623588.0730250003 7500.0
641963.66485 3623995.296275 7500.0
641673.54555 3624402.5195250004 7500.0
641383.42625 3624809.742775 7500.0
641093.30695 3625216.9660250004 7500.0
640803.18765 3625624.1892750002 7500.0
640513.06835 3626031.412525 7500.0
640222.94905 3626438.6357750003 7500.0
639932.82975 3626845.859025 7500.0
639642.71045 3627253.0822750004 7500.0
647068.7082999999 3615967.9352249997 7500.0
646778.5889999999 3616375.158475 7500.0
646488.4696999999 3616782.3817249998 7500.0
646198.3504 3617189.604975 7500.0
645908.2311 3617596.828225 7500.0
645618.1118 3618004.0514749996 7500.0
645327.9924999999 3618411.274725 7500.0
645037.8731999999 3618818.4979749997 7500.0
644747.7539 3619225.721225 7500.0
644457.6346 3619632.944475 7500.0
644167.5153 3620040.167725 7500.0
643877.396 3620447.390975 7500.0
643587.2766999999 3620854.6142249997 7500.0
643297.1573999999 3621261.837475 7500.0
643007.0381 3621669.0607249998 7500.0
642716.9188 3622076.283975 7500.0
642426.7995 3622483.507225 7500.0
642136.6802 3622890.7304749996 7500.0
641846.5608999999 3623297.953725 7500.0
641556.4415999999 3623705.1769749997 7500.0
641266.3223 3624112.400225 7500.0
640976.203 3624519.623475 7500.0
640686.0837 3624926.846725 7500.0
640395.9643999999 3625334.069975 7500.0
640105.8450999999 3625741.2932249997 7500.0
639815.7258 3626148.516475 7500.0
639525.6065 3626555.7397249998 7500.0
639235.4872 3626962.962975 7500.0
646661.48505 3615677.815925 7500.0
646371.36575 3616085.039175 7500.0
646081.24645 3616492.262425 7500.0
645791.1271500001 3616899.485675 7500.0
645501.00785 3617306.708925 7500.0
645210.88855 3617713.9321749997 7500.0
644920.76925 3618121.155425 7500.0
644630.64995 3618528.378675 7500.0
644340.5306500001 3618935.601925 7500.0
644050.4113500001 3619342.825175 7500.0
643760.29205 3619750.048425 7500.0
643470.17275 3620157.271675 7500.0
643180.05345 3620564.494925 7500.0
642889.93415 3620971.718175 7500.0
642599.8148500001 3621378.941425 7500.0
642309.6955500001 3621786.164675 7500.0
642019.57625 3622193.387925 7500.0
641729.45695 3622600.6111749997 7500.0
641439.33765 3623007.834425 7500.0
641149.21835 3623415.057675 7500.0
640859.0990500001 3623822.280925 7500.0
640568.97975 3624229.504175 7500.0
640278.86045 3624636.727425 7500.0
639988.74115 3625043.950675 7500.0
639698.62185 3625451.173925 7500.0
639408.5025500001 3625858.397175 7500.0
639118.3832500001 3626265.620425 7500.0
638828.26395 3626672.843675 7500.0
646254.2618 3615387.696625 7500.0
645964.1425 3615794.919875 7500.0
645674.0231999999 3616202.143125 7500.0
645383.9039 3616609.366375 7500.0
645093.7846 3617016.589625 7500.0
644803.6653 3617423.812875 7500.0
644513.546 3617831.036125 7500.0
644223.4267 3618238.259375 7500.0
643933.3074 3618645.482625 7500.0
643643.1881 3619052.705875 7500.0
643353.0688 3619459.9291250003 7500.0
643062.9495 3619867.152375 7500.0
642772.8302 3620274.375625 7500.0
642482.7109 3620681.598875 7500.0
642192.5916 3621088.822125 7500.0
641902.4723 3621496.045375 7500.0
641612.353 3621903.268625 7500.0
641322.2337 3622310.491875 7500.0
641032.1144 3622717.715125 7500.0
640741.9951 3623124.938375 7500.0
640451.8758 3623532.161625 7500.0
640161.7565 3623939.384875 7500.0
639871.6372 3624346.6081250003 7500.0
639581.5179 3624753.831375 7500.0
639291.3986 3625161.054625 7500.0
639001.2793 3625568.277875 7500.0
638711.16 3625975.501125 7500.0
638421.0407 3626382.724375 7500.0
645847.0385499999 3615097.577325 7500.0
645556.9192499999 3615504.8005750002 7500.0
645266.7999499999 3615912.023825 7500.0
644976.68065 3616319.2470750003 7500.0
644686.56135 3616726.470325 7500.0
644396.44205 3617133.693575 7500.0
644106.3227499999 3617540.916825 7500.0
643816.2034499999 3617948.140075 7500.0
643526.08415 3618355.3633250003 7500.0
643235.96485 3618762.586575 7500.0
642945.84555 3619169.8098250004 7500.0
642655.72625 3619577.033075 7500.0
642365.6069499999 3619984.256325 7500.0
642075.4876499999 3620391.4795750002 7500.0
641785.36835 3620798.702825 7500.0
641495.24905 3621205.9260750003 7500.0
641205.12975 3621613.149325 7500.0
640915.01045 3622020.372575 7500.0
640624.8911499999 3622427.595825 7500.0
640334.7718499999 3622834.819075 7500.0
640044.65255 3623242.0423250003 7500.0
639754.53325 3623649.265575 7500.0
639464.41395 3624056.4888250004 7500.0
639174.2946499999 3624463.712075 7500.0
638884.1753499999 3624870.935325 7500.0
638594.05605 3625278.1585750002 7500.0
638303.93675 3625685.381825 7500.0
638013.81745 3626092.6050750003 7500.0
645439.8153 3614807.4580249996 7500.0
645149.696 3615214.681275 7500.0
644859.5767 3615621.9045249997 7500.0
644569.4574000001 3616029.127775 7500.0
644279.3381 3616436.3510249997 7500.0
643989.2188 3616843.5742749996 7500.0
643699.0995 3617250.797525 7500.0
643408.9802 3617658.0207749996 7500.0
643118.8609000001 3618065.244025 7500.0
642828.7416000001 3618472.4672749997 7500.0
642538.6223 3618879.690525 7500.0
642248.503 3619286.913775 7500.0
641958.3837 3619694.1370249996 7500.0
641668.2644 3620101.360275 7500.0
641378.1451000001 3620508.5835249997 7500.0
641088.0258000001 3620915.806775 7500.0
640797.9065 3621323.0300249998 7500.0
640507.7872 3621730.2532749996 7500.0
640217.6679 3622137.476525 7500.0
639927.5486 3622544.6997749996 7500.0
639637.4293000001 3622951.923025 7500.0
639347.31 3623359.1462749997 7500.0
639057.1907 3623766.369525 7500.0
638767.0714 3624173.592775 7500.0
638476.9521 3624580.8160249996 7500.0
638186.8328000001 3624988.039275 7500.0
637896.7135000001 3625395.2625249997 7500.0
637606.5942 3625802.485775 7500.0
645032.59205 3614517.3387249997 7500.0
644742.47275 3614924.561975 7500.0
644452.3534499999 3615331.7852249998 7500.0
644162.23415 3615739.008475 7500.0
643872.11485 3616146.231725 7500.0
643581.99555 3616553.4549749997 7500.0
643291.87625 3616960.678225 7500.0
643001.75695 3617367.9014749997 7500.0
642711.63765 3617775.124725 7500.0
642421.51835 3618182.347975 7500.0
642131.39905 3618589.571225 7500.0
641841.27975 3618996.794475 7500.0
641551.16045 3619404.0177249997 7500.0
641261.04115 3619811.240975 7500.0
640970.92185 3620218.464225 7500.0
640680.80255 3620625.687475 7500.0
640390.68325 3621032.910725 7500.0
640100.56395 3621440.1339749997 7500.0
639810.44465 3621847.357225 7500.0
639520.3253499999 3622254.5804749997 7500.0
639230.20605 3622661.803725 7500.0
638940.08675 3623069.026975 7500.0
638649.96745 3623476.250225 7500.0
638359.84815 3623883.473475 7500.0
638069.72885 3624290.6967249997 7500.0
637779.60955 3624697.919975 7500.0
637489.49025 3625105.143225 7500.0
637199.37095 3625512.366475 7500.0
644625.3687999999 3614227.219425 7500.0
644335.2494999999 3614634.442675 7500.0
644045.1301999999 3615041.665925 7500.0
643755.0109 3615448.889175 7500.0
643464.8916 3615856.112425 7500.0
643174.7723 3616263.3356749997 7500.0
642884.6529999999 3616670.558925 7500.0
642594.5336999999 3617077.782175 7500.0
642304.4144 3617485.005425 7500.0
642014.2951 3617892.228675 7500.0
641724.1758 3618299.451925 7500.0
641434.0565 3618706.675175 7500.0
641143.9371999999 3619113.898425 7500.0
640853.8178999999 3619521.121675 7500.0
640563.6986 3619928.344925 7500.0
640273.5793 3620335.568175 7500.0
639983.46 3620742.791425 7500.0
639693.3407 3621150.0146749998 7500.0
639403.2213999999 3621557.237925 7500.0
639113.1020999999 3621964.461175 7500.0
638822.9828 3622371.684425 7500.0
638532.8635 3622778.907675 7500.0
638242.7442 3623186.130925 7500.0
637952.6248999999 3623593.354175 7500.0
637662.5055999999 3624000.577425 7500.0
637372.3863 3624407.800675 7500.0
637082.267 3624815.023925 7500.0
636792.1477 3625222.247175 7500.0
644218.14555 3613937.100125 7500.0
643928.02625 3614344.323375 7500.0
643637.90695 3614751.546625 7500.0
643347.7876500001 3615158.769875 7500.0
643057.66835 3615565.993125 7500.0
642767.54905 3615973.216375 7500.0
642477.42975 3616380.439625 7500.0
642187.31045 3616787.662875 7500.0
641897.1911500001 3617194.886125 7500.0
641607.0718500001 3617602.109375 7500.0
641316.95255 3618009.3326250003 7500.0
641026.83325 3618416.555875 7500.0
640736.71395 3618823.779125 7500.0
640446.59465 3619231.002375 7500.0
640156.4753500001 3619638.225625 7500.0
639866.3560500001 3620045.4488750002 7500.0
639576.23675 3620452.672125 7500.0
639286.11745 3620859.895375 7500.0
638995.99815 3621267.118625 7500.0
638705.87885 3621674.341875 7500.0
638415.7595500001 3622081.565125 7500.0
638125.64025 3622488.788375 7500.0
637835.52095 3622896.0116250003 7500.0
637545.40165 3623303.234875 7500.0
637255.28235 3623710.458125 7500.0
636965.1630500001 3624117.681375 7500.0
636675.0437500001 3624524.904625 7500.0
636384.92445 3624932.1278750002 7500.0
643810.9223 3613646.980825 7500.0
643520.803 3614054.2040750002 7500.0
643230.6836999999 3614461.427325 7500.0
642940.5644 3614868.6505750003 7500.0
642650.4451 3615275.873825 7500.0
642360.3258 3615683.097075 7500.0
642070.2065 3616090.320325 7500.0
641780.0872 3616497.543575 7500.0
641489.9679 3616904.7668250003 7500.0
641199.8486 3617311.990075 7500.0
640909.7293 3617719.2133250004 7500.0
640619.61 3618126.436575 7500.0
640329.4907 3618533.659825 7500.0
640039.3714 3618940.8830750003 7500.0
639749.2521 3619348.106325 7500.0
639459.1328 3619755.3295750003 7500.0
639169.0135 3620162.552825 7500.0
638878.8942 3620569.776075 7500.0
638588.7749 3620976.999325 7500.0
638298.6555999999 3621384.222575 7500.0
638008.5363 3621791.4458250003 7500.0
637718.417 3622198.669075 7500.0
637428.2977 3622605.8923250004 7500.0
637138.1784 3623013.115575 7500.0
636848.0591 3623420.338825 7500.0
636557.9398 3623827.5620750003 7500.0
636267.8205 3624234.785325 7500.0
635977.7012 3624642.0085750003 7500.0
643403.6990499999 3613356.8615249996 7500.0
643113.5797499999 3613764.084775 7500.0
642823.4604499999 3614171.3080249997 7500.0
642533.34115 3614578.531275 7500.0
642243.22185 3614985.7545249998 7500.0
641953.10255 3615392.9777749996 7500.0
641662.9832499999 3615800.201025 7500.0
641372.8639499999 3616207.4242749996 7500.0
641082.74465 3616614.647525 7500.0
640792.62535 3617021.8707749997 7500.0
640502.50605 3617429.094025 7500.0
640212.38675 3617836.317275 7500.0
639922.2674499999 3618243.5405249996 7500.0
639632.1481499999 3618650.763775 7500.0
639342.02885 3619057.9870249997 7500.0
639051.90955 3619465.210275 7500.0
638761.79025 3619872.433525 7500.0
638471.6709499999 3620279.6567749996 7500.0
638181.5516499999 3620686.880025 7500.0
637891.4323499999 3621094.1032749997 7500.0
637601.31305 3621501.326525 7500.0
637311.19375 3621908.5497749997 7500.0
637021.07445 3622315.773025 7500.0
636730.9551499999 3622722.996275 7500.0
636440.8358499999 3623130.2195249996 7500.0
636150.71655 3623537.442775 7500.0
635860.59725 3623944.6660249997 7500.0
635570.47795 3624351.889275 7500.0
642996.4758 3613066.7422249997 7500.0
642706.3565 3613473.965475 7500.0
642416.2372 3613881.188725 7500.0
642126.1179000001 3614288.411975 7500.0
641835.9986 3614695.635225 7500.0
641545.8793 3615102.8584749997 7500.0
641255.76 3615510.081725 7500.0
640965.6407 3615917.3049749997 7500.0
640675.5214000001 3616324.528225 7500.0
640385.4021000001 3616731.751475 7500.0
640095.2828 3617138.974725 7500.0
639805.1635 3617546.197975 7500.0
639515.0442 3617953.4212249997 7500.0
639224.9249 3618360.644475 7500.0
638934.8056000001 3618767.867725 7500.0
638644.6863000001 3619175.090975 7500.0
638354.567 3619582.314225 7500.0
638064.4477 3619989.5374749997 7500.0
637774.3284 3620396.760725 7500.0
637484.2091 3620803.9839749997 7500.0
637194.0898000001 3621211.207225 7500.0
636903.9705 3621618.430475 7500.0
636613.8512 3622025.653725 7500.0
636323.7319 3622432.876975 7500.0
636033.6126 3622840.1002249997 7500.0
635743.4933000001 3623247.323475 7500.0
635453.3740000001 3623654.546725 7500.0
635163.2547 3624061.769975 7500.0
642589.25255 3612776.622925 7500.0
642299.13325 3613183.846175 7500.0
642009.0139499999 3613591.069425 7500.0
641718.89465 3613998.292675 7500.0
641428.77535 3614405.515925 7500.0
641138.65605 3614812.7391749998 7500.0
640848.53675 3615219.962425 7500.0
640558.41745 3615627.185675 7500.0
640268.29815 3616034.408925 7500.0
639978.17885 3616441.632175 7500.0
639688.05955 3616848.855425 7500.0
639397.94025 3617256.078675 7500.0
639107.82095 3617663.301925 7500.0
638817.70165 3618070.525175 7500.0
638527.58235 3618477.748425 7500.0
638237.46305 3618884.971675 7500.0
637947.34375 3619292.194925 7500.0
637657.22445 3619699.4181749998 7500.0
637367.10515 3620106.641425 7500.0
637076.9858499999 3620513.864675 7500.0
636786.86655 3620921.087925 7500.0
636496.74725 3621328.311175 7500.0
636206.62795 3621735.534425 7500.0
635916.50865 3622142.757675 7500.0
635626.38935 3622549.980925 7500.0
635336.27005 3622957.204175 7500.0
635046.15075 3623364.427425 7500.0
634756.03145 3623771.650675 7500.0
642182.0292999999 3612486.503625 7500.0
641891.9099999999 3612893.726875 7500.0
641601.7906999999 3613300.950125 7500.0
641311.6714 3613708.1733750002 7500.0
641021.5521 3614115.396625 7500.0
640731.4328 3614522.619875 7500.0
640441.3134999999 3614929.843125 7500.0
640151.1941999999 3615337.066375 7500.0
639861.0749 3615744.289625 7500.0
639570.9556 3616151.512875 7500.0
639280.8363 3616558.7361250003 7500.0
638990.717 3616965.959375 7500.0
638700.5976999999 3617373.182625 7500.0
638410.4783999999 3617780.405875 7500.0
638120.3591 3618187.629125 7500.0
637830.2398 3618594.8523750002 7500.0
637540.1205 3619002.075625 7500.0
637250.0011999999 3619409.298875 7500.0
636959.8818999999 3619816.522125 7500.0
636669.7625999999 3620223.745375 7500.0
636379.6433 3620630.968625 7500.0
636089.524 3621038.191875 7500.0
635799.4047 3621445.4151250003 7500.0
635509.2853999999 3621852.638375 7500.0
635219.1660999999 3622259.861625 7500.0
634929.0468 3622667.084875 7500.0
634638.9275 3623074.308125 7500.0
634348.8082 3623481.5313750003 7500.0
641774.80605 3612196.384325 7500.0
641484.68675 3612603.6075750003 7500.0
641194.56745 3613010.830825 7500.0
640904.4481500001 3613418.0540750003 7500.0
640614.32885 3613825.277325 7500.0
640324.20955 3614232.500575 7500.0
640034.09025 3614639.723825 7500.0
639743.97095 3615046.947075 7500.0
639453.8516500001 3615454.1703250003 7500.0
639163.7323500001 3615861.393575 7500.0
638873.61305 3616268.6168250004 7500.0
638583.49375 3616675.840075 7500.0
638293.37445 3617083.063325 7500.0
638003.25515 3617490.2865750003 7500.0
637713.1358500001 3617897.509825 7500.0
637423.0165500001 3618304.7330750003 7500.0
637132.89725 3618711.956325 7500.0
636842.77795 3619119.179575 7500.0
636552.65865 3619526.402825 7500.0
636262.53935 3619933.626075 7500.0
635972.4200500001 3620340.8493250003 7500.0
635682.30075 3620748.072575 7500.0
635392.18145 3621155.2958250004 7500.0
635102.06215 3621562.519075 7500.0
634811.94285 3621969.742325 7500.0
634521.8235500001 3622376.9655750003 7500.0
634231.7042500001 3622784.188825 7500.0
633941.58495 3623191.4120750003 7500.0
641367.5828 3611906.2650249996 7500.0
641077.4635 3612313.488275 7500.0
640787.3441999999 3612720.7115249997 7500.0
640497.2249 3613127.934775 7500.0
640207.1056 3613535.158025 7500.0
639916.9863 3613942.3812749996 7500.0
639626.867 3614349.604525 7500.0
639336.7477 3614756.8277749997 7500.0
639046.6284 3615164.051025 7500.0
638756.5091 3615571.2742749997 7500.0
638466.3898 3615978.497525 7500.0
638176.2705 3616385.720775 7500.0
637886.1512 3616792.9440249996 7500.0
637596.0319 3617200.167275 7500.0
637305.9126 3617607.3905249997 7500.0
637015.7933 3618014.613775 7500.0
636725.674 3618421.837025 7500.0
636435.5547 3618829.0602749996 7500.0
636145.4354 3619236.283525 7500.0
635855.3160999999 3619643.5067749997 7500.0
635565.1968 3620050.730025 7500.0
635275.0775 3620457.9532749997 7500.0
634984.9582 3620865.176525 7500.0
634694.8389 3621272.399775 7500.0
634404.7196 3621679.6230249996 7500.0
634114.6003 3622086.846275 7500.0
633824.481 3622494.0695249997 7500.0
633534.3617 3622901.292775 7500.0
652362.61055 3619739.486125 8000.0
652072.49125 3620146.709375 8000.0
651782.37195 3620553.932625 8000.0
651492.25265 3620961.155875 8000.0
651202.13335 3621368.379125 8000.0
650912.01405 3621775.602375 8000.0
650621.89475 3622182.825625 8000.0
650331.77545 3622590.048875 8000.0
650041.65615 3622997.272125 8000.0
649751.53685 3623404.495375 8000.0
649461.41755 3623811.718625 8000.0
649171.29825 3624218.941875 8000.0
648881.17895 3624626.165125 8000.0
648591.05965 3625033.388375 8000.0
648300.94035 3625440.611625 8000.0
648010.82105 3625847.834875 8000.0
647720.70175 3626255.058125 8000.0
647430.58245 3626662.281375 8000.0
647140.46315 3627069.504625 8000.0
646850.34385 3627476.727875 8000.0
646560.22455 3627883.951125 8000.0
646270.10525 3628291.174375 8000.0
645979.98595 3628698.397625 8000.0
645689.86665 3629105.620875 8000.0
645399.74735 3629512.844125 8000.0
645109.62805 3629920.067375 8000.0
644819.50875 3630327.290625 8000.0
644529.38945 3630734.513875 8000.0
651955.3873 3619449.366825 8000.0
651665.2679999999 3619856.590075 8000.0
651375.1486999999 3620263.813325 8000.0
651085.0294 3620671.0365750003 8000.0
650794.9101 3621078.259825 8000.0
650504.7908 3621485.483075 8000.0
650214.6714999999 3621892.706325 8000.0
649924.5521999999 3622299.929575 8000.0
649634.4329 3622707.152825 8000.0
649344.3136 3623114.376075 8000.0
649054.1943 3623521.5993250003 8000.0
648764.075 3623928.822575 8000.0
648473.9556999999 3624336.045825 8000.0
648183.8363999999 3624743.269075 8000.0
647893.7171 3625150.492325 8000.0
647603.5978 3625557.7155750003 8000.0
647313.4785 3625964.938825 8000.0
647023.3592 3626372.162075 8000.0
646733.2398999999 3626779.385325 8000.0
646443.1205999999 3627186.608575 8000.0
646153.0013 3627593.8318250002 8000.0
645862.882 3628001.055075 8000.0
645572.7627 3628408.2783250003 8000.0
645282.6434 3628815.501575 8000.0
644992.5240999999 3629222.724825 8000.0
644702.4048 3629629.948075 8000.0
644412.2855 3630037.171325 8000.0
644122.1662 3630444.3945750003 8000.0
651548.16405 3619159.247525 8000.0
651258.04475 3619566.4707750003 8000.0
650967.92545 3619973.694025 8000.0
650677.8061500001 3620380.9172750004 8000.0
650387.68685 3620788.140525 8000.0
650097.56755 3621195.363775 8000.0
649807.44825 3621602.5870250002 8000.0
649517.32895 3622009.810275 8000.0
649227.2096500001 3622417.0335250003 8000.0
648937.0903500001 3622824.256775 8000.0
648646.97105 3623231.4800250004 8000.0
648356.85175 3623638.703275 8000.0
648066.73245 3624045.926525 8000.0
647776.61315 3624453.1497750003 8000.0
647486.4938500001 3624860.373025 8000.0
647196.3745500001 3625267.5962750004 8000.0
646906.25525 3625674.819525 8000.0
646616.13595 3626082.042775 8000.0
646326.01665 3626489.2660250003 8000.0
646035.89735 3626896.489275 8000.0
645745.7780500001 3627303.7125250003 8000.0
645455.6587500001 3627710.935775 8000.0
645165.53945 3628118.1590250004 8000.0
644875.42015 3628525.382275 8000.0
644585.30085 3628932.605525 8000.0
644295.1815500001 3629339.8287750003 8000.0
644005.0622500001 3629747.052025 8000.0
643714.94295 3630154.2752750004 8000.0
651140.9408 3618869.1282249996 8000.0
650850.8215 3619276.351475 8000.0
650560.7021999999 3619683.5747249997 8000.0
650270.5829 3620090.797975 8000.0
649980.4636 3620498.021225 8000.0
649690.3443 3620905.2444749996 8000.0
649400.225 3621312.467725 8000.0
649110.1057 3621719.6909749997 8000.0
648819.9864 3622126.914225 8000.0
648529.8671 3622534.1374749998 8000.0
648239.7478 3622941.360725 8000.0
647949.6285 3623348.583975 8000.0
647659.5092 3623755.8072249996 8000.0
647369.3899 3624163.030475 8000.0
647079.2706 3624570.2537249997 8000.0
646789.1513 3624977.476975 8000.0
646499.032 3625384.700225 8000.0
646208.9127 3625791.9234749996 8000.0
645918.7934 3626199.146725 8000.0
645628.6741 3626606.3699749997 8000.0
645338.5548 3627013.593225 8000.0
645048.4355 3627420.8164749998 8000.0
644758.3162 3627828.039725 8000.0
644468.1969 3628235.262975 8000.0
644178.0776 3628642.4862249997 8000.0
643887.9583 3629049.709475 8000.0
643597.839 3629456.9327249997 8000.0
643307.7197 3629864.155975 8000.0
650733.71755 3618579.0089249997 8000.0
650443.5982499999 3618986.232175 8000.0
650153.4789499999 3619393.455425 8000.0
649863.35965 3619800.678675 8000.0
649573.24035 3620207.901925 8000.0
649283.12105 3620615.1251749997 8000.0
648993.0017499999 3621022.348425 8000.0
648702.8824499999 3621429.571675 8000.0
648412.76315 3621836.794925 8000.0
648122.64385 3622244.018175 8000.0
647832.52455 3622651.241425 8000.0
647542.40525 3623058.464675 8000.0
647252.2859499999 3623465.6879249997 8000.0
646962.1666499999 3623872.911175 8000.0
646672.04735 3624280.134425 8000.0
646381.92805 3624687.357675 8000.0
646091.80875 3625094.580925 8000.0
645801.68945 3625501.8041749997 8000.0
645511.5701499999 3625909.027425 8000.0
645221.4508499999 3626316.250675 8000.0
644931.33155 3626723.473925 8000.0
644641.21225 3627130.697175 8000.0
644351.09295 3627537.920425 8000.0
644060.9736499999 3627945.143675 8000.0
643770.8543499999 3628352.3669249997 8000.0
643480.73505 3628759.590175 8000.0
643190.61575 3629166.813425 8000.0
642900.49645 3629574.036675 8000.0
650326.4943 3618288.889625 8000.0
650036.375 3618696.112875 8000.0
649746.2557 3619103.336125 8000.0
649456.1364000001 3619510.559375 8000.0
649166.0171 3619917.782625 8000.0
648875.8978 3620325.005875 8000.0
648585.7785 3620732.229125 8000.0
648295.6592 3621139.452375 8000.0
648005.5399000001 3621546.675625 8000.0
647715.4206000001 3621953.898875 8000.0
647425.3013 3622361.122125 8000.0
647135.182 3622768.345375 8000.0
646845.0627 3623175.568625 8000.0
646554.9434 3623582.791875 8000.0
646264.8241000001 3623990.015125 8000.0
645974.7048000001 3624397.238375 8000.0
645684.5855 3624804.461625 8000.0
645394.4662 3625211.684875 8000.0
645104.3469 3625618.908125 8000.0
644814.2276 3626026.131375 8000.0
644524.1083000001 3626433.354625 8000.0
644233.9890000001 3626840.577875 8000.0
643943.8697 3627247.801125 8000.0
643653.7504 3627655.024375 8000.0
643363.6311 3628062.247625 8000.0
643073.5118000001 3628469.470875 8000.0
642783.3925000001 3628876.694125 8000.0
642493.2732 3629283.917375 8000.0
649919.27105 3617998.770325 8000.0
649629.15175 3618405.993575 8000.0
649339.0324499999 3618813.216825 8000.0
649048.91315 3619220.4400750003 8000.0
648758.79385 3619627.663325 8000.0
648468.67455 3620034.886575 8000.0
648178.55525 3620442.109825 8000.0
647888.43595 3620849.333075 8000.0
647598.31665 3621256.5563250002 8000.0
647308.19735 3621663.779575 8000.0
647018.07805 3622071.0028250003 8000.0
646727.95875 3622478.226075 8000.0
646437.83945 3622885.449325 8000.0
646147.72015 3623292.672575 8000.0
645857.60085 3623699.895825 8000.0
645567.48155 3624107.1190750003 8000.0
645277.36225 3624514.342325 8000.0
644987.24295 3624921.565575 8000.0
644697.12365 3625328.788825 8000.0
644407.00435 3625736.012075 8000.0
644116.88505 3626143.2353250002 8000.0
643826.76575 3626550.458575 8000.0
643536.64645 3626957.6818250003 8000.0
643246.52715 3627364.905075 8000.0
642956.40785 3627772.128325 8000.0
642666.28855 3628179.351575 8000.0
642376.16925 3628586.574825 8000.0
642086.04995 3628993.7980750003 8000.0
649512.0478 3617708.651025 8000.0
649221.9284999999 3618115.8742750003 8000.0
648931.8091999999 3618523.097525 8000.0
648641.6899 3618930.3207750004 8000.0
648351.5706 3619337.544025 8000.0
648061.4513 3619744.767275 8000.0
647771.3319999999 3620151.9905250003 8000.0
647481.2126999999 3620559.213775 8000.0
647191.0934 3620966.4370250003 8000.0
646900.9741 3621373.660275 8000.0
646610.8548 3621780.8835250004 8000.0
646320.7355 3622188.106775 8000.0
646030.6161999999 3622595.330025 8000.0
645740.4968999999 3623002.5532750003 8000.0
645450.3776 3623409.776525 8000.0
645160.2583 3623816.9997750004 8000.0
644870.139 3624224.223025 8000.0
644580.0197 3624631.446275 8000.0
644289.9003999999 3625038.6695250003 8000.0
643999.7810999999 3625445.892775 8000.0
643709.6618 3625853.1160250003 8000.0
643419.5425 3626260.339275 8000.0
643129.4232 3626667.5625250004 8000.0
642839.3038999999 3627074.785775 8000.0
642549.1845999999 3627482.009025 8000.0
642259.0653 3627889.2322750003 8000.0
641968.946 3628296.455525 8000.0
641678.8267 3628703.6787750004 8000.0
649104.82455 3617418.5317249997 8000.0
648814.70525 3617825.754975 8000.0
648524.58595 3618232.9782249997 8000.0
648234.4666500001 3618640.201475 8000.0
647944.34735 3619047.424725 8000.0
647654.22805 3619454.6479749996 8000.0
647364.10875 3619861.871225 8000.0
647073.98945 3620269.0944749997 8000.0
646783.8701500001 3620676.317725 8000.0
646493.7508500001 3621083.540975 8000.0
646203.63155 3621490.764225 8000.0
645913.51225 3621897.987475 8000.0
645623.39295 3622305.2107249997 8000.0
645333.27365 3622712.433975 8000.0
645043.1543500001 3623119.6572249997 8000.0
644753.0350500001 3623526.880475 8000.0
644462.91575 3623934.103725 8000.0
644172.79645 3624341.3269749996 8000.0
643882.67715 3624748.550225 8000.0
643592.55785 3625155.7734749997 8000.0
643302.4385500001 3625562.996725 8000.0
643012.3192500001 3625970.219975 8000.0
642722.19995 3626377.443225 8000.0
642432.08065 3626784.666475 8000.0
642141.96135 3627191.8897249997 8000.0
641851.8420500001 3627599.112975 8000.0
641561.7227500001 3628006.3362249997 8000.0
641271.60345 3628413.559475 8000.0
648697.6013 3617128.4124249998 8000.0
648407.482 3617535.635675 8000.0
648117.3626999999 3617942.858925 8000.0
647827.2434 3618350.082175 8000.0
647537.1241 3618757.305425 8000.0
647247.0048 3619164.5286749997 8000.0
646956.8855 3619571.751925 8000.0
646666.7662 3619978.975175 8000.0
646376.6469 3620386.198425 8000.0
646086.5276 3620793.421675 8000.0
645796.4083 3621200.644925 8000.0
645506.289 3621607.868175 8000.0
645216.1697 3622015.0914249998 8000.0
644926.0504 3622422.314675 8000.0
644635.9311 3622829.537925 8000.0
644345.8118 3623236.761175 8000.0
644055.6925 3623643.984425 8000.0
643765.5732 3624051.2076749997 8000.0
643475.4539 3624458.430925 8000.0
643185.3346 3624865.654175 8000.0
642895.2153 3625272.877425 8000.0
642605.096 3625680.100675 8000.0
642314.9767 3626087.323925 8000.0
642024.8574 3626494.547175 8000.0
641734.7381 3626901.7704249998 8000.0
641444.6188 3627308.993675 8000.0
641154.4995 3627716.216925 8000.0
640864.3802 3628123.440175 8000.0
648290.3780499999 3616838.293125 8000.0
648000.2587499999 3617245.516375 8000.0
647710.1394499999 3617652.739625 8000.0
647420.02015 3618059.962875 8000.0
647129.90085 3618467.186125 8000.0
646839.78155 3618874.409375 8000.0
646549.6622499999 3619281.632625 8000.0
646259.5429499999 3619688.855875 8000.0
645969.42365 3620096.079125 8000.0
645679.30435 3620503.302375 8000.0
645389.18505 3620910.5256250002 8000.0
645099.06575 3621317.748875 8000.0
644808.9464499999 3621724.972125 8000.0
644518.8271499999 3622132.195375 8000.0
644228.70785 3622539.418625 8000.0
643938.58855 3622946.641875 8000.0
643648.46925 3623353.865125 8000.0
643358.34995 3623761.088375 8000.0
643068.2306499999 3624168.311625 8000.0
642778.1113499999 3624575.534875 8000.0
642487.99205 3624982.758125 8000.0
642197.87275 3625389.981375 8000.0
641907.75345 3625797.2046250002 8000.0
641617.6341499999 3626204.427875 8000.0
641327.5148499999 3626611.651125 8000.0
641037.39555 3627018.874375 8000.0
640747.27625 3627426.097625 8000.0
640457.15695 3627833.320875 8000.0
647883.1548 3616548.173825 8000.0
647593.0355 3616955.397075 8000.0
647302.9162 3617362.620325 8000.0
647012.7969000001 3617769.8435750003 8000.0
646722.6776 3618177.066825 8000.0
646432.5583 3618584.290075 8000.0
646142.439 3618991.513325 8000.0
645852.3197 3619398.736575 8000.0
645562.2004000001 3619805.9598250003 8000.0
645272.0811000001 3620213.183075 8000.0
644981.9618 3620620.4063250003 8000.0
644691.8425 3621027.629575 8000.0
644401.7232 3621434.852825 8000.0
644111.6039 3621842.076075 8000.0
643821.4846000001 3622249.299325 8000.0
643531.3653000001 3622656.5225750003 8000.0
643241.246 3623063.745825 8000.0
642951.1267 3623470.969075 8000.0
642661.0074 3623878.192325 8000.0
642370.8881 3624285.415575 8000.0
642080.7688000001 3624692.6388250003 8000.0
641790.6495 3625099.862075 8000.0
641500.5302 3625507.0853250003 8000.0
641210.4109 3625914.308575 8000.0
640920.2916 3626321.531825 8000.0
640630.1723000001 3626728.755075 8000.0
640340.0530000001 3627135.978325 8000.0
640049.9337 3627543.2015750003 8000.0
647475.93155 3616258.054525 8000.0
647185.81225 3616665.2777750003 8000.0
646895.6929499999 3617072.501025 8000.0
646605.57365 3617479.7242750004 8000.0
646315.45435 3617886.947525 8000.0
646025.33505 3618294.170775 8000.0
645735.21575 3618701.3940250003 8000.0
645445.09645 3619108.617275 8000.0
645154.97715 3619515.8405250004 8000.0
644864.85785 3619923.063775 8000.0
644574.73855 3620330.2870250004 8000.0
644284.61925 3620737.5102750002 8000.0
643994.49995 3621144.733525 8000.0
643704.38065 3621551.9567750003 8000.0
643414.26135 3621959.180025 8000.0
643124.14205 3622366.4032750004 8000.0
642834.02275 3622773.626525 8000.0
642543.90345 3623180.849775 8000.0
642253.78415 3623588.0730250003 8000.0
641963.66485 3623995.296275 8000.0
641673.54555 3624402.5195250004 8000.0
641383.42625 3624809.742775 8000.0
641093.30695 3625216.9660250004 8000.0
640803.18765 3625624.1892750002 8000.0
640513.06835 3626031.412525 8000.0
640222.94905 3626438.6357750003 8000.0
639932.82975 3626845.859025 8000.0
639642.71045 3627253.0822750004 8000.0
647068.7082999999 3615967.9352249997 8000.0
646778.5889999999 3616375.158475 8000.0
646488.4696999999 3616782.3817249998 8000.0
646198.3504 3617189.604975 8000.0
645908.2311 3617596.828225 8000.0
645618.1118 3618004.0514749996 8000.0
645327.9924999999 3618411.274725 8000.0
645037.8731999999 3618818.4979749997 8000.0
644747.7539 3619225.721225 8000.0
644457.6346 3619632.944475 8000.0
644167.5153 3620040.167725 8000.0
643877.396 3620447.390975 8000.0
643587.2766999999 3620854.6142249997 8000.0
643297.1573999999 3621261.837475 8000.0
643007.0381 3621669.0607249998 8000.0
642716.9188 3622076.283975 8000.0
642426.7995 3622483.507225 8000.0
642136.6802 3622890.7304749996 8000.0
641846.5608999999 3623297.953725 8000.0
641556.4415999999 3623705.1769749997 8000.0
641266.3223 3624112.400225 8000.0
640976.203 3624519.623475 8000.0
640686.0837 3624926.846725 8000.0
640395.9643999999 3625334.069975 8000.0
640105.8450999999 3625741.2932249997 8000.0
639815.7258 3626148.516475 8000.0
639525.6065 3626555.7397249998 8000.0
639235.4872 3626962.962975 8000.0
646661.48505 3615677.815925 8000.0
646371.36575 3616085.039175 8000.0
646081.24645 3616492.262425 8000.0
645791.1271500001 3616899.485675 8000.0
645501.00785 3617306.708925 8000.0
645210.88855 3617713.9321749997 8000.0
644920.76925 3618121.155425 8000.0
644630.64995 3618528.378675 8000.0
644340.5306500001 3618935.601925 8000.0
644050.4113500001 3619342.825175 8000.0
643760.29205 3619750.048425 8000.0
643470.17275 3620157.271675 8000.0
643180.05345 3620564.494925 8000.0
642889.93415 3620971.718175 8000.0
642599.8148500001 3621378.941425 8000.0
642309.6955500001 3621786.164675 8000.0
642019.57625 3622193.387925 8000.0
641729.45695 3622600.6111749997 8000.0
641439.33765 3623007.834425 8000.0
641149.21835 3623415.057675 8000.0
640859.0990500001 3623822.280925 8000.0
640568.97975 3624229.504175 8000.0
640278.86045 3624636.727425 8000.0
639988.74115 3625043.950675 8000.0
639698.62185 3625451.173925 8000.0
639408.5025500001 3625858.397175 8000.0
639118.3832500001 3626265.620425 8000.0
638828.26395 3626672.843675 8000.0
646254.2618 3615387.696625 8000.0
645964.1425 3615794.919875 8000.0
645674.0231999999 3616202.143125 8000.0
645383.9039 3616609.366375 8000.0
645093.7846 3617016.589625 8000.0
644803.6653 3617423.812875 8000.0
644513.546 3617831.036125 8000.0
644223.4267 3618238.259375 8000.0
643933.3074 3618645.482625 8000.0
643643.1881 3619052.705875 8000.0
643353.0688 3619459.9291250003 8000.0
643062.9495 3619867.152375 8000.0
642772.8302 3620274.375625 8000.0
642482.7109 3620681.598875 8000.0
642192.5916 3621088.822125 8000.0
641902.4723 3621496.045375 8000.0
641612.353 3621903.268625 8000.0
641322.2337 3622310.491875 8000.0
641032.1144 3622717.715125 8000.0
640741.9951 3623124.938375 8000.0
640451.8758 3623532.161625 8000.0
640161.7565 3623939.384875 8000.0
639871.6372 3624346.6081250003 8000.0
639581.5179 3624753.831375 8000.0
639291.3986 3625161.054625 8000.0
639001.2793 3625568.277875 8000.0
638711.16 3625975.501125 8000.0
638421.0407 3626382.724375 8000.0
645847.0385499999 3615097.577325 8000.0
645556.9192499999 3615504.8005750002 8000.0
645266.7999499999 3615912.023825 8000.0
644976.68065 3616319.2470750003 8000.0
644686.56135 3616726.470325 8000.0
644396.44205 3617133.693575 8000.0
644106.3227499999 3617540.916825 8000.0
643816.2034499999 3617948.140075 8000.0
643526.08415 3618355.3633250003 8000.0
643235.96485 3618762.586575 8000.0
642945.84555 3619169.8098250004 8000.0
642655.72625 3619577.033075 8000.0
642365.6069499999 3619984.256325 8000.0
642075.4876499999 3620391.4795750002 8000.0
641785.36835 3620798.702825 8000.0
641495.24905 3621205.9260750003 8000.0
641205.12975 3621613.149325 8000.0
640915.01045 3622020.372575 8000.0
640624.8911499999 3622427.595825 8000.0
640334.7718499999 3622834.819075 8000.0
640044.65255 3623242.0423250003 8000.0
639754.53325 3623649.265575 8000.0
639464.41395 3624056.4888250004 8000.0
639174.2946499999 3624463.712075 8000.0
638884.1753499999 3624870.935325 8000.0
638594.05605 3625278.1585750002 8000.0
638303.93675 3625685.381825 8000.0
638013.81745 3626092.6050750003 8000.0
645439.8153 3614807.4580249996 8000.0
645149.696 3615214.681275 8000.0
644859.5767 3615621.9045249997 8000.0
644569.4574000001 3616029.127775 8000.0
644279.3381 3616436.3510249997 8000.0
643989.2188 3616843.5742749996 8000.0
643699.0995 3617250.797525 8000.0
643408.9802 3617658.0207749996 8000.0
643118.8609000001 3618065.244025 8000.0
642828.7416000001 3618472.4672749997 8000.0
642538.6223 3618879.690525 8000.0
642248.503 3619286.913775 8000.0
641958.3837 3619694.1370249996 8000.0
641668.2644 3620101.360275 8000.0
641378.1451000001 3620508.5835249997 8000.0
641088.0258000001 3620915.806775 8000.0
640797.9065 3621323.0300249998 8000.0
640507.7872 3621730.2532749996 8000.0
640217.6679 3622137.476525 8000.0
639927.5486 3622544.6997749996 8000.0
639637.4293000001 3622951.923025 8000.0
639347.31 3623359.1462749997 8000.0
639057.1907 3623766.369525 8000.0
638767.0714 3624173.592775 8000.0
638476.9521 3624580.8160249996 8000.0
638186.8328000001 3624988.039275 8000.0
637896.7135000001 3625395.2625249997 8000.0
637606.5942 3625802.485775 8000.0
645032.59205 3614517.3387249997 8000.0
644742.47275 3614924.561975 8000.0
644452.3534499999 3615331.7852249998 8000.0
644162.23415 3615739.008475 8000.0
643872.11485 3616146.231725 8000.0
643581.99555 3616553.4549749997 8000.0
643291.87625 3616960.678225 8000.0
643001.75695 3617367.9014749997 8000.0
642711.63765 3617775.124725 8000.0
642421.51835 3618182.347975 8000.0
642131.39905 3618589.571225 8000.0
641841.27975 3618996.794475 8000.0
641551.16045 3619404.0177249997 8000.0
641261.04115 3619811.240975 8000.0
640970.92185 3620218.464225 8000.0
640680.80255 3620625.687475 8000.0
640390.68325 3621032.910725 8000.0
640100.56395 3621440.1339749997 8000.0
639810.44465 3621847.357225 8000.0
639520.3253499999 3622254.5804749997 8000.0
639230.20605 3622661.803725 8000.0
638940.08675 3623069.026975 8000.0
638649.96745 3623476.250225 8000.0
638359.84815 3623883.473475 8000.0
638069.72885 3624290.6967249997 8000.0
637779.60955 3624697.919975 8000.0
637489.49025 3625105.143225 8000.0
637199.37095 3625512.366475 8000.0
644625.3687999999 3614227.219425 8000.0
644335.2494999999 3614634.442675 8000.0
644045.1301999999 3615041.665925 8000.0
643755.0109 3615448.889175 8000.0
643464.8916 3615856.112425 8000.0
643174.7723 3616263.3356749997 8000.0
642884.6529999999 3616670.558925 8000.0
642594.5336999999 3617077.782175 8000.0
642304.4144 3617485.005425 8000.0
642014.2951 3617892.228675 8000.0
641724.1758 3618299.451925 8000.0
641434.0565 3618706.675175 8000.0
641143.9371999999 3619113.898425 8000.0
640853.8178999999 3619521.121675 8000.0
640563.6986 3619928.344925 8000.0
640273.5793 3620335.568175 8000.0
639983.46 3620742.791425 8000.0
639693.3407 3621150.0146749998 8000.0
639403.2213999999 3621557.237925 8000.0
639113.1020999999 3621964.461175 8000.0
638822.9828 3622371.684425 8000.0
638532.8635 3622778.907675 8000.0
638242.7442 3623186.130925 8000.0
637952.6248999999 3623593.354175 8000.0
637662.5055999999 3624000.577425 8000.0
637372.3863 3624407.800675 8000.0
637082.267 3624815.023925 8000.0
636792.1477 3625222.247175 8000.0
644218.14555 3613937.100125 8000.0
643928.02625 3614344.323375 8000.0
643637.90695 3614751.546625 8000.0
643347.7876500001 3615158.769875 8000.0
643057.66835 3615565.993125 8000.0
642767.54905 3615973.216375 8000.0
642477.42975 3616380.439625 8000.0
642187.31045 3616787.662875 8000.0
641897.1911500001 3617194.886125 8000.0
641607.0718500001 3617602.109375 8000.0
641316.95255 3618009.3326250003 8000.0
641026.83325 3618416.555875 8000.0
640736.71395 3618823.779125 8000.0
640446.59465 3619231.002375 8000.0
640156.4753500001 3619638.225625 8000.0
639866.3560500001 3620045.4488750002 8000.0
639576.23675 3620452.672125 8000.0
639286.11745 3620859.895375 8000.0
638995.99815 3621267.118625 8000.0
638705.87885 3621674.341875 8000.0
638415.7595500001 3622081.565125 8000.0
638125.64025 3622488.788375 8000.0
637835.52095 3622896.0116250003 8000.0
637545.40165 3623303.234875 8000.0
637255.28235 3623710.458125 8000.0
636965.1630500001 3624117.681375 8000.0
636675.0437500001 3624524.904625 8000.0
636384.92445 3624932.1278750002 8000.0
643810.9223 3613646.980825 8000.0
643520.803 3614054.2040750002 8000.0
643230.6836999999 3614461.427325 8000.0
642940.5644 3614868.6505750003 8000.0
642650.4451 3615275.873825 8000.0
642360.3258 3615683.097075 8000.0
642070.2065 3616090.320325 8000.0
641780.0872 3616497.543575 8000.0
641489.9679 3616904.7668250003 8000.0
641199.8486 3617311.990075 8000.0
640909.7293 3617719.2133250004 8000.0
640619.61 3618126.436575 8000.0
640329.4907 3618533.659825 8000.0
640039.3714 3618940.8830750003 8000.0
639749.2521 3619348.106325 8000.0
639459.1328 3619755.3295750003 8000.0
639169.0135 3620162.552825 8000.0
638878.8942 3620569.776075 8000.0
638588.7749 3620976.999325 8000.0
638298.6555999999 3621384.222575 8000.0
638008.5363 3621791.4458250003 8000.0
637718.417 3622198.669075 8000.0
637428.2977 3622605.8923250004 8000.0
637138.1784 3623013.115575 8000.0
636848.0591 3623420.338825 8000.0
636557.9398 3623827.5620750003 8000.0
636267.8205 3624234.785325 8000.0
635977.7012 3624642.0085750003 8000.0
643403.6990499999 3613356.8615249996 8000.0
643113.5797499999 3613764.084775 8000.0
642823.4604499999 3614171.3080249997 8000.0
642533.34115 3614578.531275 8000.0
642243.22185 3614985.7545249998 8000.0
641953.10255 3615392.9777749996 8000.0
641662.9832499999 3615800.201025 8000.0
641372.8639499999 3616207.4242749996 8000.0
641082.74465 3616614.647525 8000.0
640792.62535 3617021.8707749997 8000.0
640502.50605 3617429.094025 8000.0
640212.38675 3617836.317275 8000.0
639922.2674499999 3618243.5405249996 8000.0
639632.1481499999 3618650.763775 8000.0
639342.02885 3619057.9870249997 8000.0
639051.90955 3619465.210275 8000.0
638761.79025 3619872.433525 8000.0
638471.6709499999 3620279.6567749996 8000.0
638181.5516499999 3620686.880025 8000.0
637891.4323499999 3621094.1032749997 8000.0
637601.31305 3621501.326525 8000.0
637311.19375 3621908.5497749997 8000.0
637021.07445 3622315.773025 8000.0
636730.9551499999 3622722.996275 8000.0
636440.8358499999 3623130.2195249996 8000.0
636150.71655 3623537.442775 8000.0
635860.59725 3623944.6660249997 8000.0
635570.47795 3624351.889275 8000.0
642996.4758 3613066.7422249997 8000.0
642706.3565 3613473.965475 8000.0
642416.2372 3613881.188725 8000.0
642126.1179000001 3614288.411975 8000.0
641835.9986 3614695.635225 8000.0
641545.8793 3615102.8584749997 8000.0
641255.76 3615510.081725 8000.0
640965.6407 3615917.3049749997 8000.0
640675.5214000001 3616324.528225 8000.0
640385.4021000001 3616731.751475 8000.0
640095.2828 3617138.974725 8000.0
639805.1635 3617546.197975 8000.0
639515.0442 3617953.4212249997 8000.0
639224.9249 3618360.644475 8000.0
638934.8056000001 3618767.867725 8000.0
638644.6863000001 3619175.090975 8000.0
638354.567 3619582.314225 8000.0
638064.4477 3619989.5374749997 8000.0
637774.3284 3620396.760725 8000.0
637484.2091 3620803.9839749997 8000.0
637194.0898000001 3621211.207225 8000.0
636903.9705 3621618.430475 8000.0
636613.8512 3622025.653725 8000.0
636323.7319 3622432.876975 8000.0
636033.6126 3622840.1002249997 8000.0
635743.4933000001 3623247.323475 8000.0
635453.3740000001 3623654.546725 8000.0
635163.2547 3624061.769975 8000.0
642589.25255 3612776.622925 8000.0
642299.13325 3613183.846175 8000.0
642009.0139499999 3613591.069425 8000.0
641718.89465 3613998.292675 8000.0
641428.77535 3614405.515925 8000.0
641138.65605 3614812.7391749998 8000.0
640848.53675 3615219.962425 8000.0
640558.41745 3615627.185675 8000.0
640268.29815 3616034.408925 8000.0
639978.17885 3616441.632175 8000.0
639688.05955 3616848.855425 8000.0
639397.94025 3617256.078675 8000.0
639107.82095 3617663.301925 8000.0
638817.70165 3618070.525175 8000.0
638527.58235 3618477.748425 8000.0
638237.46305 3618884.971675 8000.0
637947.34375 3619292.194925 8000.0
637657.22445 3619699.4181749998 8000.0
637367.10515 3620106.641425 8000.0
637076.9858499999 3620513.864675 8000.0
636786.86655 3620921.087925 8000.0
636496.74725 3621328.311175 8000.0
636206.62795 3621735.534425 8000.0
635916.50865 3622142.757675 8000.0
635626.38935 3622549.980925 8000.0
635336.27005 3622957.204175 8000.0
635046.15075 3623364.427425 8000.0
634756.03145 3623771.650675 8000.0
642182.0292999999 3612486.503625 8000.0
641891.9099999999 3612893.726875 8000.0
641601.7906999999 3613300.950125 8000.0
641311.6714 3613708.1733750002 8000.0
641021.5521 3614115.396625 8000.0
640731.4328 3614522.619875 8000.0
640441.3134999999 3614929.843125 8000.0
640151.1941999999 3615337.066375 8000.0
639861.0749 3615744.289625 8000.0
639570.9556 3616151.512875 8000.0
639280.8363 3616558.7361250003 8000.0
638990.717 3616965.959375 8000.0
638700.5976999999 3617373.182625 8000.0
638410.4783999999 3617780.405875 8000.0
638120.3591 3618187.629125 8000.0
637830.2398 3618594.8523750002 8000.0
637540.1205 3619002.075625 8000.0
637250.0011999999 3619409.298875 8000.0
636959.8818999999 3619816.522125 8000.0
636669.7625999999 3620223.745375 8000.0
636379.6433 3620630.968625 8000.0
636089.524 3621038.191875 8000.0
635799.4047 3621445.4151250003 8000.0
635509.2853999999 3621852.638375 8000.0
635219.1660999999 3622259.861625 8000.0
634929.0468 3622667.084875 8000.0
634638.9275 3623074.308125 8000.0
634348.8082 3623481.5313750003 8000.0
641774.80605 3612196.384325 8000.0
641484.68675 3612603.6075750003 8000.0
641194.56745 3613010.830825 8000.0
640904.4481500001 3613418.0540750003 8000.0
640614.32885 3613825.277325 8000.0
640324.20955 3614232.500575 8000.0
640034.09025 3614639.723825 8000.0
639743.97095 3615046.947075 8000.0
639453.8516500001 3615454.1703250003 8000.0
639163.7323500001 3615861.393575 8000.0
638873.61305 3616268.6168250004 8000.0
638583.49375 3616675.840075 8000.0
638293.37445 3617083.063325 8000.0
638003.25515 3617490.2865750003 8000.0
637713.1358500001 3617897.509825 8000.0
637423.0165500001 3618304.7330750003 8000.0
637132.89725 3618711.956325 8000.0
636842.77795 3619119.179575 8000.0
636552.65865 3619526.402825 8000.0
636262.53935 3619933.626075 8000.0
635972.4200500001 3620340.8493250003 8000.0
635682.30075 3620748.072575 8000.0
635392.18145 3621155.2958250004 8000.0
635102.06215 3621562.519075 8000.0
634811.94285 3621969.742325 8000.0
634521.8235500001 3622376.9655750003 8000.0
634231.7042500001 3622784.188825 8000.0
633941.58495 3623191.4120750003 8000.0
641367.5828 3611906.2650249996 8000.0
641077.4635 3612313.488275 8000.0
640787.3441999999 3612720.7115249997 8000.0
640497.2249 3613127.934775 8000.0
640207.1056 3613535.158025 8000.0
639916.9863 3613942.3812749996 8000.0
639626.867 3614349.604525 8000.0
639336.7477 3614756.8277749997 8000.0
639046.6284 3615164.051025 8000.0
638756.5091 3615571.2742749997 8000.0
638466.3898 3615978.497525 8000.0
638176.2705 3616385.720775 8000.0
637886.1512 3616792.9440249996 8000.0
637596.0319 3617200.167275 8000.0
637305.9126 3617607.3905249997 8000.0
637015.7933 3618014.613775 8000.0
636725.674 3618421.837025 8000.0
636435.5547 3618829.0602749996 8000.0
636145.4354 3619236.283525 8000.0
635855.3160999999 3619643.5067749997 8000.0
635565.1968 3620050.730025 8000.0
635275.0775 3620457.9532749997 8000.0
634984.9582 3620865.176525 8000.0
634694.8389 3621272.399775 8000.0
634404.7196 3621679.6230249996 8000.0
634114.6003 3622086.846275 8000.0
633824.481 3622494.0695249997 8000.0
633534.3617 3622901.292775 8000.0
652362.61055 3619739.486125 8500.0
652072.49125 3620146.709375 8500.0
651782.37195 3620553.932625 8500.0
651492.25265 3620961.155875 8500.0
651202.13335 3621368.379125 8500.0
650912.01405 3621775.602375 8500.0
650621.89475 3622182.825625 8500.0
650331.77545 3622590.048875 8500.0
650041.65615 3622997.272125 8500.0
649751.53685 3623404.495375 8500.0
649461.41755 3623811.718625 8500.0
649171.29825 3624218.941875 8500.0
648881.17895 3624626.165125 8500.0
648591.05965 3625033.388375 8500.0
648300.94035 3625440.611625 8500.0
648010.82105 3625847.834875 8500.0
647720.70175 3626255.058125 8500.0
647430.58245 3626662.281375 8500.0
647140.46315 3627069.504625 8500.0
646850.34385 3627476.727875 8500.0
646560.22455 3627883.951125 8500.0
646270.10525 3628291.174375 8500.0
645979.98595 3628698.397625 8500.0
645689.86665 3629105.620875 8500.0
645399.74735 3629512.844125 8500.0
645109.62805 3629920.067375 8500.0
644819.50875 3630327.290625 8500.0
644529.38945 3630734.513875 8500.0
651955.3873 3619449.366825 8500.0
651665.2679999999 3619856.590075 8500.0
651375.1486999999 3620263.813325 8500.0
651085.0294 3620671.0365750003 8500.0
650794.9101 3621078.259825 8500.0
650504.7908 3621485.483075 8500.0
650214.6714999999 3621892.706325 8500.0
649924.5521999999 3622299.929575 8500.0
649634.4329 3622707.152825 8500.0
649344.3136 3623114.376075 8500.0
649054.1943 3623521.5993250003 8500.0
648764.075 3623928.822575 8500.0
648473.9556999999 3624336.045825 8500.0
648183.8363999999 3624743.269075 8500.0
647893.7171 3625150.492325 8500.0
647603.5978 3625557.7155750003 8500.0
647313.4785 3625964.938825 8500.0
647023.3592 3626372.162075 8500.0
646733.2398999999 3626779.385325 8500.0
646443.1205999999 3627186.608575 8500.0
646153.0013 3627593.8318250002 8500.0
645862.882 3628001.055075 8500.0
645572.7627 3628408.2783250003 8500.0
645282.6434 3628815.501575 8500.0
644992.5240999999 3629222.724825 8500.0
644702.4048 3629629.948075 8500.0
644412.2855 3630037.171325 8500.0
644122.1662 3630444.3945750003 8500.0
651548.16405 3619159.247525 8500.0
651258.04475 3619566.4707750003 8500.0
650967.92545 3619973.694025 8500.0
650677.8061500001 3620380.9172750004 8500.0
650387.68685 3620788.140525 8500.0
650097.56755 3621195.363775 8500.0
649807.44825 3621602.5870250002 8500.0
649517.32895 3622009.810275 8500.0
649227.2096500001 3622417.0335250003 8500.0
648937.0903500001 3622824.256775 8500.0
648646.97105 3623231.4800250004 8500.0
648356.85175 3623638.703275 8500.0
648066.73245 3624045.926525 8500.0
647776.61315 3624453.1497750003 8500.0
647486.4938500001 3624860.373025 8500.0
647196.3745500001 3625267.5962750004 8500.0
646906.25525 3625674.819525 8500.0
646616.13595 3626082.042775 8500.0
646326.01665 3626489.2660250003 8500.0
646035.89735 3626896.489275 8500.0
645745.7780500001 3627303.7125250003 8500.0
645455.6587500001 3627710.935775 8500.0
645165.53945 3628118.1590250004 8500.0
644875.42015 3628525.382275 8500.0
644585.30085 3628932.605525 8500.0
644295.1815500001 3629339.8287750003 8500.0
644005.0622500001 3629747.052025 8500.0
643714.94295 3630154.2752750004 8500.0
651140.9408 3618869.1282249996 8500.0
650850.8215 3619276.351475 8500.0
650560.7021999999 3619683.5747249997 8500.0
650270.5829 3620090.797975 8500.0
649980.4636 3620498.021225 8500.0
649690.3443 3620905.2444749996 8500.0
649400.225 3621312.467725 8500.0
649110.1057 3621719.6909749997 8500.0
648819.9864 3622126.914225 8500.0
648529.8671 3622534.1374749998 8500.0
648239.7478 3622941.360725 8500.0
647949.6285 3623348.583975 8500.0
647659.5092 3623755.8072249996 8500.0
647369.3899 3624163.030475 8500.0
647079.2706 3624570.2537249997 8500.0
646789.1513 3624977.476975 8500.0
646499.032 3625384.700225 8500.0
646208.9127 3625791.9234749996 8500.0
645918.7934 3626199.146725 8500.0
645628.6741 3626606.3699749997 8500.0
645338.5548 3627013.593225 8500.0
645048.4355 3627420.8164749998 8500.0
644758.3162 3627828.039725 8500.0
644468.1969 3628235.262975 8500.0
644178.0776 3628642.4862249997 8500.0
643887.9583 3629049.709475 8500.0
643597.839 3629456.9327249997 8500.0
643307.7197 3629864.155975 8500.0
650733.71755 3618579.0089249997 8500.0
650443.5982499999 3618986.232175 8500.0
650153.4789499999 3619393.455425 8500.0
649863.35965 3619800.678675 8500.0
649573.24035 3620207.901925 8500.0
649283.12105 3620615.1251749997 8500.0
648993.0017499999 3621022.348425 8500.0
648702.8824499999 3621429.571675 8500.0
648412.76315 3621836.794925 8500.0
648122.64385 3622244.018175 8500.0
647832.52455 3622651.241425 8500.0
647542.40525 3623058.464675 8500.0
647252.2859499999 3623465.6879249997 8500.0
646962.1666499999 3623872.911175 8500.0
646672.04735 3624280.134425 8500.0
646381.92805 3624687.357675 8500.0
646091.80875 3625094.580925 8500.0
645801.68945 3625501.8041749997 8500.0
645511.5701499999 3625909.027425 8500.0
645221.4508499999 3626316.250675 8500.0
644931.33155 3626723.473925 8500.0
644641.21225 3627130.697175 8500.0
644351.09295 3627537.920425 8500.0
644060.9736499999 3627945.143675 8500.0
643770.8543499999 3628352.3669249997 8500.0
643480.73505 3628759.590175 8500.0
643190.61575 3629166.813425 8500.0
642900.49645 3629574.036675 8500.0
650326.4943 3618288.889625 8500.0
650036.375 3618696.112875 8500.0
649746.2557 3619103.336125 8500.0
649456.1364000001 3619510.559375 8500.0
649166.0171 3619917.782625 8500.0
648875.8978 3620325.005875 8500.0
648585.7785 3620732.229125 8500.0
648295.6592 3621139.452375 8500.0
648005.5399000001 3621546.675625 8500.0
647715.4206000001 3621953.898875 8500.0
647425.3013 3622361.122125 8500.0
647135.182 3622768.345375 8500.0
646845.0627 3623175.568625 8500.0
646554.9434 3623582.791875 8500.0
646264.8241000001 3623990.015125 8500.0
645974.7048000001 3624397.238375 8500.0
645684.5855 3624804.461625 8500.0
645394.4662 3625211.684875 8500.0
645104.3469 3625618.908125 8500.0
644814.2276 3626026.131375 8500.0
644524.1083000001 3626433.354625 8500.0
644233.9890000001 3626840.577875 8500.0
643943.8697 3627247.801125 8500.0
643653.7504 3627655.024375 8500.0
643363.6311 3628062.247625 8500.0
643073.5118000001 3628469.470875 8500.0
642783.3925000001 3628876.694125 8500.0
642493.2732 3629283.917375 8500.0
649919.27105 3617998.770325 8500.0
649629.15175 3618405.993575 8500.0
649339.0324499999 3618813.216825 8500.0
649048.91315 3619220.4400750003 8500.0
648758.79385 3619627.663325 8500.0
648468.67455 3620034.886575 8500.0
648178.55525 3620442.109825 8500.0
647888.43595 3620849.333075 8500.0
647598.31665 3621256.5563250002 8500.0
647308.19735 3621663.779575 8500.0
647018.07805 3622071.0028250003 8500.0
646727.95875 3622478.226075 8500.0
646437.83945 3622885.449325 8500.0
646147.72015 3623292.672575 8500.0
645857.60085 3623699.895825 8500.0
645567.48155 3624107.1190750003 8500.0
645277.36225 3624514.342325 8500.0
644987.24295 3624921.565575 8500.0
644697.12365 3625328.788825 8500.0
644407.00435 3625736.012075 8500.0
644116.88505 3626143.2353250002 8500.0
643826.76575 3626550.458575 8500.0
643536.64645 3626957.6818250003 8500.0
643246.52715 3627364.905075 8500.0
642956.40785 3627772.128325 8500.0
642666.28855 3628179.351575 8500.0
642376.16925 3628586.574825 8500.0
642086.04995 3628993.7980750003 8500.0
649512.0478 3617708.651025 8500.0
649221.9284999999 3618115.8742750003 8500.0
648931.8091999999 3618523.097525 8500.0
648641.6899 3618930.3207750004 8500.0
648351.5706 3619337.544025 8500.0
648061.4513 3619744.767275 8500.0
647771.3319999999 3620151.9905250003 8500.0
647481.2126999999 3620559.213775 8500.0
647191.0934 3620966.4370250003 8500.0
646900.9741 3621373.660275 8500.0
646610.8548 3621780.8835250004 8500.0
646320.7355 3622188.106775 8500.0
646030.6161999999 3622595.330025 8500.0
645740.4968999999 3623002.5532750003 8500.0
645450.3776 3623409.776525 8500.0
645160.2583 3623816.9997750004 8500.0
644870.139 3624224.223025 8500.0
644580.0197 3624631.446275 8500.0
644289.9003999999 3625038.6695250003 8500.0
643999.7810999999 3625445.892775 8500.0
643709.6618 3625853.1160250003 8500.0
643419.5425 3626260.339275 8500.0
643129.4232 3626667.5625250004 8500.0
642839.3038999999 3627074.785775 8500.0
642549.1845999999 3627482.009025 8500.0
642259.0653 3627889.2322750003 8500.0
641968.946 3628296.455525 8500.0
641678.8267 3628703.6787750004 8500.0
649104.82455 3617418.5317249997 8500.0
648814.70525 3617825.754975 8500.0
648524.58595 3618232.9782249997 8500.0
648234.4666500001 3618640.201475 8500.0
647944.34735 3619047.424725 8500.0
647654.22805 3619454.6479749996 8500.0
647364.10875 3619861.871225 8500.0
647073.98945 3620269.0944749997 8500.0
646783.8701500001 3620676.317725 8500.0
646493.7508500001 3621083.540975 8500.0
646203.63155 3621490.764225 8500.0
645913.51225 3621897.987475 8500.0
645623.39295 3622305.2107249997 8500.0
645333.27365 3622712.433975 8500.0
645043.1543500001 3623119.6572249997 8500.0
644753.0350500001 3623526.880475 8500.0
644462.91575 3623934.103725 8500.0
644172.79645 3624341.3269749996 8500.0
643882.67715 3624748.550225 8500.0
643592.55785 3625155.7734749997 8500.0
643302.4385500001 3625562.996725 8500.0
643012.3192500001 3625970.219975 8500.0
642722.19995 3626377.443225 8500.0
642432.08065 3626784.666475 8500.0
642141.96135 3627191.8897249997 8500.0
641851.8420500001 3627599.112975 8500.0
641561.7227500001 3628006.3362249997 8500.0
641271.60345 3628413.559475 8500.0
648697.6013 3617128.4124249998 8500.0
648407.482 3617535.635675 8500.0
648117.3626999999 3617942.858925 8500.0
647827.2434 3618350.082175 8500.0
647537.1241 3618757.305425 8500.0
647247.0048 3619164.5286749997 8500.0
646956.8855 3619571.751925 8500.0
646666.7662 3619978.975175 8500.0
646376.6469 3620386.198425 8500.0
646086.5276 3620793.421675 8500.0
645796.4083 3621200.644925 8500.0
645506.289 3621607.868175 8500.0
645216.1697 3622015.0914249998 8500.0
644926.0504 3622422.314675 8500.0
644635.9311 3622829.537925 8500.0
644345.8118 3623236.761175 8500.0
644055.6925 3623643.984425 8500.0
643765.5732 3624051.2076749997 8500.0
643475.4539 3624458.430925 8500.0
643185.3346 3624865.654175 8500.0
642895.2153 3625272.877425 8500.0
642605.096 3625680.100675 8500.0
642314.9767 3626087.323925 8500.0
642024.8574 3626494.547175 8500.0
641734.7381 3626901.7704249998 8500.0
641444.6188 3627308.993675 8500.0
641154.4995 3627716.216925 8500.0
640864.3802 3628123.440175 8500.0
648290.3780499999 3616838.293125 8500.0
648000.2587499999 3617245.516375 8500.0
647710.1394499999 3617652.739625 8500.0
647420.02015 3618059.962875 8500.0
647129.90085 3618467.186125 8500.0
646839.78155 3618874.409375 8500.0
646549.6622499999 3619281.632625 8500.0
646259.5429499999 3619688.855875 8500.0
645969.42365 3620096.079125 8500.0
645679.30435 3620503.302375 8500.0
645389.18505 3620910.5256250002 8500.0
645099.06575 3621317.748875 8500.0
644808.9464499999 3621724.972125 8500.0
644518.8271499999 3622132.195375 8500.0
644228.70785 3622539.418625 8500.0
643938.58855 3622946.641875 8500.0
643648.46925 3623353.865125 8500.0
643358.34995 3623761.088375 8500.0
643068.2306499999 3624168.311625 8500.0
642778.1113499999 3624575.534875 8500.0
642487.99205 3624982.758125 8500.0
642197.87275 3625389.981375 8500.0
641907.75345 3625797.2046250002 8500.0
641617.6341499999 3626204.427875 8500.0
641327.5148499999 3626611.651125 8500.0
641037.39555 3627018.874375 8500.0
640747.27625 3627426.097625 8500.0
640457.15695 3627833.320875 8500.0
647883.1548 3616548.173825 8500.0
647593.0355 3616955.397075 8500.0
647302.9162 3617362.620325 8500.0
647012.7969000001 3617769.8435750003 8500.0
646722.6776 3618177.066825 8500.0
646432.5583 3618584.290075 8500.0
646142.439 3618991.513325 8500.0
645852.3197 3619398.736575 8500.0
645562.2004000001 3619805.9598250003 8500.0
645272.0811000001 3620213.183075 8500.0
644981.9618 3620620.4063250003 8500.0
644691.8425 3621027.629575 8500.0
644401.7232 3621434.852825 8500.0
644111.6039 3621842.076075 8500.0
643821.4846000001 3622249.299325 8500.0
643531.3653000001 3622656.5225750003 8500.0
643241.246 3623063.745825 8500.0
642951.1267 3623470.969075 8500.0
642661.0074 3623878.192325 8500.0
642370.8881 3624285.415575 8500.0
642080.7688000001 3624692.6388250003 8500.0
641790.6495 3625099.862075 8500.0
641500.5302 3625507.0853250003 8500.0
641210.4109 3625914.308575 8500.0
640920.2916 3626321.531825 8500.0
640630.1723000001 3626728.755075 8500.0
640340.0530000001 3627135.978325 8500.0
640049.9337 3627543.2015750003 8500.0
647475.93155 3616258.054525 8500.0
647185.81225 3616665.2777750003 8500.0
646895.6929499999 3617072.501025 8500.0
646605.57365 3617479.7242750004 8500.0
646315.45435 3617886.947525 8500.0
646025.33505 3618294.170775 8500.0
645735.21575 3618701.3940250003 8500.0
645445.09645 3619108.617275 8500.0
645154.97715 3619515.8405250004 8500.0
644864.85785 3619923.063775 8500.0
644574.73855 3620330.2870250004 8500.0
644284.61925 3620737.5102750002 8500.0
643994.49995 3621144.733525 8500.0
643704.38065 3621551.9567750003 8500.0
643414.26135 3621959.180025 8500.0
643124.14205 3622366.4032750004 8500.0
642834.02275 3622773.626525 8500.0
642543.90345 3623180.849775 8500.0
642253.78415 3623588.0730250003 8500.0
641963.66485 3623995.296275 8500.0
641673.54555 3624402.5195250004 8500.0
641383.42625 3624809.742775 8500.0
641093.30695 3625216.9660250004 8500.0
640803.18765 3625624.1892750002 8500.0
640513.06835 3626031.412525 8500.0
640222.94905 3626438.6357750003 8500.0
639932.82975 3626845.859025 8500.0
639642.71045 3627253.0822750004 8500.0
647068.7082999999 3615967.9352249997 8500.0
646778.5889999999 3616375.158475 8500.0
646488.4696999999 3616782.3817249998 8500.0
646198.3504 3617189.604975 8500.0
645908.2311 3617596.828225 8500.0
645618.1118 3618004.0514749996 8500.0
645327.9924999999 3618411.274725 8500.0
645037.8731999999 3618818.4979749997 8500.0
644747.7539 3619225.721225 8500.0
644457.6346 3619632.944475 8500.0
644167.5153 3620040.167725 8500.0
643877.396 3620447.390975 8500.0
643587.2766999999 3620854.6142249997 8500.0
643297.1573999999 3621261.837475 8500.0
643007.0381 3621669.0607249998 8500.0
642716.9188 3622076.283975 8500.0
642426.7995 3622483.507225 8500.0
642136.6802 3622890.7304749996 8500.0
641846.5608999999 3623297.953725 8500.0
641556.4415999999 3623705.1769749997 8500.0
641266.3223 3624112.400225 8500.0
640976.203 3624519.623475 8500.0
640686.0837 3624926.846725 8500.0
640395.9643999999 3625334.069975 8500.0
640105.8450999999 3625741.2932249997 8500.0
639815.7258 3626148.516475 8500.0
639525.6065 3626555.7397249998 8500.0
639235.4872 3626962.962975 8500.0
646661.48505 3615677.815925 8500.0
646371.36575 3616085.039175 8500.0
646081.24645 3616492.262425 8500.0
645791.1271500001 3616899.485675 8500.0
645501.00785 3617306.708925 8500.0
645210.88855 3617713.9321749997 8500.0
644920.76925 3618121.155425 8500.0
644630.64995 3618528.378675 8500.0
644340.5306500001 3618935.601925 8500.0
644050.4113500001 3619342.825175 8500.0
643760.29205 3619750.048425 8500.0
643470.17275 3620157.271675 8500.0
643180.05345 3620564.494925 8500.0
642889.93415 3620971.718175 8500.0
642599.8148500001 3621378.941425 8500.0
642309.6955500001 3621786.164675 8500.0
642019.57625 3622193.387925 8500.0
641729.45695 3622600.6111749997 8500.0
641439.33765 3623007.834425 8500.0
641149.21835 3623415.057675 8500.0
640859.0990500001 3623822.280925 8500.0
640568.97975 3624229.504175 8500.0
640278.86045 3624636.727425 8500.0
639988.74115 3625043.950675 8500.0
639698.62185 3625451.173925 8500.0
639408.5025500001 3625858.397175 8500.0
639118.3832500001 3626265.620425 8500.0
638828.26395 3626672.843675 8500.0
646254.2618 3615387.696625 8500.0
645964.1425 3615794.919875 8500.0
645674.0231999999 3616202.143125 8500.0
645383.9039 3616609.366375 8500.0
645093.7846 3617016.589625 8500.0
644803.6653 3617423.812875 8500.0
644513.546 3617831.036125 8500.0
644223.4267 3618238.259375 8500.0
643933.3074 3618645.482625 8500.0
643643.1881 3619052.705875 8500.0
643353.0688 3619459.9291250003 8500.0
643062.9495 3619867.152375 8500.0
642772.8302 3620274.375625 8500.0
642482.7109 3620681.598875 8500.0
642192.5916 3621088.822125 8500.0
641902.4723 3621496.045375 8500.0
641612.353 3621903.268625 8500.0
641322.2337 3622310.491875 8500.0
641032.1144 3622717.715125 8500.0
640741.9951 3623124.938375 8500.0
640451.8758 3623532.161625 8500.0
640161.7565 3623939.384875 8500.0
639871.6372 3624346.6081250003 8500.0
639581.5179 3624753.831375 8500.0
639291.3986 3625161.054625 8500.0
639001.2793 3625568.277875 8500.0
638711.16 3625975.501125 8500.0
638421.0407 3626382.724375 8500.0
645847.0385499999 3615097.577325 8500.0
645556.9192499999 3615504.8005750002 8500.0
645266.7999499999 3615912.023825 8500.0
644976.68065 3616319.2470750003 8500.0
644686.56135 3616726.470325 8500.0
644396.44205 3617133.693575 8500.0
644106.3227499999 3617540.916825 8500.0
643816.2034499999 3617948.140075 8500.0
643526.08415 3618355.3633250003 8500.0
643235.96485 3618762.586575 8500.0
642945.84555 3619169.8098250004 8500.0
642655.72625 3619577.033075 8500.0
642365.6069499999 3619984.256325 8500.0
642075.4876499999 3620391.4795750002 8500.0
641785.36835 3620798.702825 8500.0
641495.24905 3621205.9260750003 8500.0
641205.12975 3621613.149325 8500.0
640915.01045 3622020.372575 8500.0
640624.8911499999 3622427.595825 8500.0
640334.7718499999 3622834.819075 8500.0
640044.65255 3623242.0423250003 8500.0
639754.53325 3623649.265575 8500.0
639464.41395 3624056.4888250004 8500.0
639174.2946499999 3624463.712075 8500.0
638884.1753499999 3624870.935325 8500.0
638594.05605 3625278.1585750002 8500.0
638303.93675 3625685.381825 8500.0
638013.81745 3626092.6050750003 8500.0
645439.8153 3614807.4580249996 8500.0
645149.696 3615214.681275 8500.0
644859.5767 3615621.9045249997 8500.0
644569.4574000001 3616029.127775 8500.0
644279.3381 3616436.3510249997 8500.0
643989.2188 3616843.5742749996 8500.0
643699.0995 3617250.797525 8500.0
643408.9802 3617658.0207749996 8500.0
643118.8609000001 3618065.244025 8500.0
642828.7416000001 3618472.4672749997 8500.0
642538.6223 3618879.690525 8500.0
642248.503 3619286.913775 8500.0
641958.3837 3619694.1370249996 8500.0
641668.2644 3620101.360275 8500.0
641378.1451000001 3620508.5835249997 8500.0
641088.0258000001 3620915.806775 8500.0
640797.9065 3621323.0300249998 8500.0
640507.7872 3621730.2532749996 8500.0
640217.6679 3622137.476525 8500.0
639927.5486 3622544.6997749996 8500.0
639637.4293000001 3622951.923025 8500.0
639347.31 3623359.1462749997 8500.0
639057.1907 3623766.369525 8500.0
638767.0714 3624173.592775 8500.0
638476.9521 3624580.8160249996 8500.0
638186.8328000001 3624988.039275 8500.0
637896.7135000001 3625395.2625249997 8500.0
637606.5942 3625802.485775 8500.0
645032.59205 3614517.3387249997 8500.0
644742.47275 3614924.561975 8500.0
644452.3534499999 3615331.7852249998 8500.0
644162.23415 3615739.008475 8500.0
643872.11485 3616146.231725 8500.0
643581.99555 3616553.4549749997 8500.0
643291.87625 3616960.678225 8500.0
643001.75695 3617367.9014749997 8500.0
642711.63765 3617775.124725 8500.0
642421.51835 3618182.347975 8500.0
642131.39905 3618589.571225 8500.0
641841.27975 3618996.794475 8500.0
641551.16045 3619404.0177249997 8500.0
641261.04115 3619811.240975 8500.0
640970.92185 3620218.464225 8500.0
640680.80255 3620625.687475 8500.0
640390.68325 3621032.910725 8500.0
640100.56395 3621440.1339749997 8500.0
639810.44465 3621847.357225 8500.0
639520.3253499999 3622254.5804749997 8500.0
639230.20605 3622661.803725 8500.0
638940.08675 3623069.026975 8500.0
638649.96745 3623476.250225 8500.0
638359.84815 3623883.473475 8500.0
638069.72885 3624290.6967249997 8500.0
637779.60955 3624697.919975 8500.0
637489.49025 3625105.143225 8500.0
637199.37095 3625512.366475 8500.0
644625.3687999999 3614227.219425 8500.0
644335.2494999999 3614634.442675 8500.0
644045.1301999999 3615041.665925 8500.0
643755.0109 3615448.889175 8500.0
643464.8916 3615856.112425 8500.0
643174.7723 3616263.3356749997 8500.0
642884.6529999999 3616670.558925 8500.0
642594.5336999999 3617077.782175 8500.0
642304.4144 3617485.005425 8500.0
642014.2951 3617892.228675 8500.0
641724.1758 3618299.451925 8500.0
641434.0565 3618706.675175 8500.0
641143.9371999999 3619113.898425 8500.0
640853.8178999999 3619521.121675 8500.0
640563.6986 3619928.344925 8500.0
640273.5793 3620335.568175 8500.0
639983.46 3620742.791425 8500.0
639693.3407 3621150.0146749998 8500.0
639403.2213999999 3621557.237925 8500.0
639113.1020999999 3621964.461175 8500.0
638822.9828 3622371.684425 8500.0
638532.8635 3622778.907675 8500.0
638242.7442 3623186.130925 8500.0
637952.6248999999 3623593.354175 8500.0
637662.5055999999 3624000.577425 8500.0
637372.3863 3624407.800675 8500.0
637082.267 3624815.023925 8500.0
636792.1477 3625222.247175 8500.0
644218.14555 3613937.100125 8500.0
643928.02625 3614344.323375 8500.0
643637.90695 3614751.546625 8500.0
643347.7876500001 3615158.769875 8500.0
643057.66835 3615565.993125 8500.0
642767.54905 3615973.216375 8500.0
642477.42975 3616380.439625 8500.0
642187.31045 3616787.662875 8500.0
641897.1911500001 3617194.886125 8500.0
641607.0718500001 3617602.109375 8500.0
641316.95255 3618009.3326250003 8500.0
641026.83325 3618416.555875 8500.0
640736.71395 3618823.779125 8500.0
640446.59465 3619231.002375 8500.0
640156.4753500001 3619638.225625 8500.0
639866.3560500001 3620045.4488750002 8500.0
639576.23675 3620452.672125 8500.0
639286.11745 3620859.895375 8500.0
638995.99815 3621267.118625 8500.0
638705.87885 3621674.341875 8500.0
638415.7595500001 3622081.565125 8500.0
638125.64025 3622488.788375 8500.0
637835.52095 3622896.0116250003 8500.0
637545.40165 3623303.234875 8500.0
637255.28235 3623710.458125 8500.0
636965.1630500001 3624117.681375 8500.0
636675.0437500001 3624524.904625 8500.0
636384.92445 3624932.1278750002 8500.0
643810.9223 3613646.980825 8500.0
643520.803 3614054.2040750002 8500.0
643230.6836999999 3614461.427325 8500.0
642940.5644 3614868.6505750003 8500.0
642650.4451 3615275.873825 8500.0
642360.3258 3615683.097075 8500.0
642070.2065 3616090.320325 8500.0
641780.0872 3616497.543575 8500.0
641489.9679 3616904.7668250003 8500.0
641199.8486 3617311.990075 8500.0
640909.7293 3617719.2133250004 8500.0
640619.61 3618126.436575 8500.0
640329.4907 3618533.659825 8500.0
640039.3714 3618940.8830750003 8500.0
639749.2521 3619348.106325 8500.0
639459.1328 3619755.3295750003 8500.0
639169.0135 3620162.552825 8500.0
638878.8942 3620569.776075 8500.0
638588.7749 3620976.999325 8500.0
638298.6555999999 3621384.222575 8500.0
638008.5363 3621791.4458250003 8500.0
637718.417 3622198.669075 8500.0
637428.2977 3622605.8923250004 8500.0
637138.1784 3623013.115575 8500.0
636848.0591 3623420.338825 8500.0
636557.9398 3623827.5620750003 8500.0
636267.8205 3624234.785325 8500.0
635977.7012 3624642.0085750003 8500.0
643403.6990499999 3613356.8615249996 8500.0
643113.5797499999 3613764.084775 8500.0
642823.4604499999 3614171.3080249997 8500.0
642533.34115 3614578.531275 8500.0
642243.22185 3614985.7545249998 8500.0
641953.10255 3615392.9777749996 8500.0
641662.9832499999 3615800.201025 8500.0
641372.8639499999 3616207.4242749996 8500.0
641082.74465 3616614.647525 8500.0
640792.62535 3617021.8707749997 8500.0
640502.50605 3617429.094025 8500.0
640212.38675 3617836.317275 8500.0
639922.2674499999 3618243.5405249996 8500.0
639632.1481499999 3618650.763775 8500.0
639342.02885 3619057.9870249997 8500.0
639051.90955 3619465.210275 8500.0
638761.79025 3619872.433525 8500.0
638471.6709499999 3620279.6567749996 8500.0
638181.5516499999 3620686.880025 8500.0
637891.4323499999 3621094.1032749997 8500.0
637601.31305 3621501.326525 8500.0
637311.19375 3621908.5497749997 8500.0
637021.07445 3622315.773025 8500.0
636730.9551499999 3622722.996275 8500.0
636440.8358499999 3623130.2195249996 8500.0
636150.71655 3623537.442775 8500.0
635860.59725 3623944.6660249997 8500.0
635570.47795 3624351.889275 8500.0
642996.4758 3613066.7422249997 8500.0
642706.3565 3613473.965475 8500.0
642416.2372 3613881.188725 8500.0
642126.1179000001 3614288.411975 8500.0
641835.9986 3614695.635225 8500.0
641545.8793 3615102.8584749997 8500.0
641255.76 3615510.081725 8500.0
640965.6407 3615917.3049749997 8500.0
640675.5214000001 3616324.528225 8500.0
640385.4021000001 3616731.751475 8500.0
640095.2828 3617138.974725 8500.0
639805.1635 3617546.197975 8500.0
639515.0442 3617953.4212249997 8500.0
639224.9249 3618360.644475 8500.0
638934.8056000001 3618767.867725 8500.0
638644.6863000001 3619175.090975 8500.0
638354.567 3619582.314225 8500.0
638064.4477 3619989.5374749997 8500.0
637774.3284 3620396.760725 8500.0
637484.2091 3620803.9839749997 8500.0
637194.0898000001 3621211.207225 8500.0
636903.9705 3621618.430475 8500.0
636613.8512 3622025.653725 8500.0
636323.7319 3622432.876975 8500.0
636033.6126 3622840.1002249997 8500.0
635743.4933000001 3623247.323475 8500.0
635453.3740000001 3623654.546725 8500.0
635163.2547 3624061.769975 8500.0
642589.25255 3612776.622925 8500.0
642299.13325 3613183.846175 8500.0
642009.0139499999 3613591.069425 8500.0
641718.89465 3613998.292675 8500.0
641428.77535 3614405.515925 8500.0
641138.65605 3614812.7391749998 8500.0
640848.53675 3615219.962425 8500.0
640558.41745 3615627.185675 8500.0
640268.29815 3616034.408925 8500.0
639978.17885 3616441.632175 8500.0
639688.05955 3616848.855425 8500.0
639397.94025 3617256.078675 8500.0
639107.82095 3617663.301925 8500.0
638817.70165 3618070.525175 8500.0
638527.58235 3618477.748425 8500.0
638237.46305 3618884.971675 8500.0
637947.34375 3619292.194925 8500.0
637657.22445 3619699.4181749998 8500.0
637367.10515 3620106.641425 8500.0
637076.9858499999 3620513.864675 8500.0
636786.86655 3620921.087925 8500.0
636496.74725 3621328.311175 8500.0
636206.62795 3621735.534425 8500.0
635916.50865 3622142.757675 8500.0
635626.38935 3622549.980925 8500.0
635336.27005 3622957.204175 8500.0
635046.15075 3623364.427425 8500.0
634756.03145 3623771.650675 8500.0
642182.0292999999 3612486.503625 8500.0
641891.9099999999 3612893.726875 8500.0
641601.7906999999 3613300.950125 8500.0
641311.6714 3613708.1733750002 8500.0
641021.5521 3614115.396625 8500.0
640731.4328 3614522.619875 8500.0
640441.3134999999 3614929.843125 8500.0
640151.1941999999 3615337.066375 8500.0
639861.0749 3615744.289625 8500.0
639570.9556 3616151.512875 8500.0
639280.8363 3616558.7361250003 8500.0
638990.717 3616965.959375 8500.0
638700.5976999999 3617373.182625 8500.0
638410.4783999999 3617780.405875 8500.0
638120.3591 3618187.629125 8500.0
637830.2398 3618594.8523750002 8500.0
637540.1205 3619002.075625 8500.0
637250.0011999999 3619409.298875 8500.0
636959.8818999999 3619816.522125 8500.0
636669.7625999999 3620223.745375 8500.0
636379.6433 3620630.968625 8500.0
636089.524 3621038.191875 8500.0
635799.4047 3621445.4151250003 8500.0
635509.2853999999 3621852.638375 8500.0
635219.1660999999 3622259.861625 8500.0
634929.0468 3622667.084875 8500.0
634638.9275 3623074.308125 8500.0
634348.8082 3623481.5313750003 8500.0
641774.80605 3612196.384325 8500.0
641484.68675 3612603.6075750003 8500.0
641194.56745 3613010.830825 8500.0
640904.4481500001 3613418.0540750003 8500.0
640614.32885 3613825.277325 8500.0
640324.20955 3614232.500575 8500.0
640034.09025 3614639.723825 8500.0
639743.97095 3615046.947075 8500.0
639453.8516500001 3615454.1703250003 8500.0
639163.7323500001 3615861.393575 8500.0
638873.61305 3616268.6168250004 8500.0
638583.49375 3616675.840075 8500.0
638293.37445 3617083.063325 8500.0
638003.25515 3617490.2865750003 8500.0
637713.1358500001 3617897.509825 8500.0
637423.0165500001 3618304.7330750003 8500.0
637132.89725 3618711.956325 8500.0
636842.77795 3619119.179575 8500.0
636552.65865 3619526.402825 8500.0
636262.53935 3619933.626075 8500.0
635972.4200500001 3620340.8493250003 8500.0
635682.30075 3620748.072575 8500.0
635392.18145 3621155.2958250004 8500.0
635102.06215 3621562.519075 8500.0
634811.94285 3621969.742325 8500.0
634521.8235500001 3622376.9655750003 8500.0
634231.7042500001 3622784.188825 8500.0
633941.58495 3623191.4120750003 8500.0
641367.5828 3611906.2650249996 8500.0
641077.4635 3612313.488275 8500.0
640787.3441999999 3612720.7115249997 8500.0
640497.2249 3613127.934775 8500.0
640207.1056 3613535.158025 8500.0
639916.9863 3613942.3812749996 8500.0
639626.867 3614349.604525 8500.0
639336.7477 3614756.8277749997 8500.0
639046.6284 3615164.051025 8500.0
638756.5091 3615571.2742749997 8500.0
638466.3898 3615978.497525 8500.0
638176.2705 3616385.720775 8500.0
637886.1512 3616792.9440249996 8500.0
637596.0319 3617200.167275 8500.0
637305.9126 3617607.3905249997 8500.0
637015.7933 3618014.613775 8500.0
636725.674 3618421.837025 8500.0
636435.5547 3618829.0602749996 8500.0
636145.4354 3619236.283525 8500.0
635855.3160999999 3619643.5067749997 8500.0
635565.1968 3620050.730025 8500.0
635275.0775 3620457.9532749997 8500.0
634984.9582 3620865.176525 8500.0
634694.8389 3621272.399775 8500.0
634404.7196 3621679.6230249996 8500.0
634114.6003 3622086.846275 8500.0
633824.481 3622494.0695249997 8500.0
633534.3617 3622901.292775 8500.0
652362.61055 3619739.486125 9000.0
652072.49125 3620146.709375 9000.0
651782.37195 3620553.932625 9000.0
651492.25265 3620961.155875 9000.0
651202.13335 3621368.379125 9000.0
650912.01405 3621775.602375 9000.0
650621.89475 3622182.825625 9000.0
650331.77545 3622590.048875 9000.0
650041.65615 3622997.272125 9000.0
649751.53685 3623404.495375 9000.0
649461.41755 3623811.718625 9000.0
649171.29825 3624218.941875 9000.0
648881.17895 3624626.165125 9000.0
648591.05965 3625033.388375 9000.0
648300.94035 3625440.611625 9000.0
648010.82105 3625847.834875 9000.0
647720.70175 3626255.058125 9000.0
647430.58245 3626662.281375 9000.0
647140.46315 3627069.504625 9000.0
646850.34385 3627476.727875 9000.0
646560.22455 3627883.951125 9000.0
646270.10525 3628291.174375 9000.0
645979.98595 3628698.397625 9000.0
645689.86665 3629105.620875 9000.0
645399.74735 3629512.844125 9000.0
645109.62805 3629920.067375 9000.0
644819.50875 3630327.290625 9000.0
644529.38945 3630734.513875 9000.0
651955.3873 3619449.366825 9000.0
651665.2679999999 3619856.590075 9000.0
651375.1486999999 3620263.813325 9000.0
651085.0294 3620671.0365750003 9000.0
650794.9101 3621078.259825 9000.0
650504.7908 3621485.483075 9000.0
650214.6714999999 3621892.706325 9000.0
649924.5521999999 3622299.929575 9000.0
649634.4329 3622707.152825 9000.0
649344.3136 3623114.376075 9000.0
649054.1943 3623521.5993250003 9000.0
648764.075 3623928.822575 9000.0
648473.9556999999 3624336.045825 9000.0
648183.8363999999 3624743.269075 9000.0
647893.7171 3625150.492325 9000.0
647603.5978 3625557.7155750003 9000.0
647313.4785 3625964.938825 9000.0
647023.3592 3626372.162075 9000.0
646733.2398999999 3626779.385325 9000.0
646443.1205999999 3627186.608575 9000.0
646153.0013 3627593.8318250002 9000.0
645862.882 3628001.055075 9000.0
645572.7627 3628408.2783250003 9000.0
645282.6434 3628815.501575 9000.0
644992.5240999999 3629222.724825 9000.0
644702.4048 3629629.948075 9000.0
644412.2855 3630037.171325 9000.0
644122.1662 3630444.3945750003 9000.0
651548.16405 3619159.247525 9000.0
651258.04475 3619566.4707750003 9000.0
650967.92545 3619973.694025 9000.0
650677.8061500001 3620380.9172750004 9000.0
650387.68685 3620788.140525 9000.0
650097.56755 3621195.363775 9000.0
649807.44825 3621602.5870250002 9000.0
649517.32895 3622009.810275 9000.0
649227.2096500001 3622417.0335250003 9000.0
648937.0903500001 3622824.256775 9000.0
648646.97105 3623231.4800250004 9000.0
648356.85175 3623638.703275 9000.0
648066.73245 3624045.926525 9000.0
647776.61315 3624453.1497750003 9000.0
647486.4938500001 3624860.373025 9000.0
647196.3745500001 3625267.5962750004 9000.0
646906.25525 3625674.819525 9000.0
646616.13595 3626082.042775 9000.0
646326.01665 3626489.2660250003 9000.0
646035.89735 3626896.489275 9000.0
645745.7780500001 3627303.7125250003 9000.0
645455.6587500001 3627710.935775 9000.0
645165.53945 3628118.1590250004 9000.0
644875.42015 3628525.382275 9000.0
644585.30085 3628932.605525 9000.0
644295.1815500001 3629339.8287750003 9000.0
644005.0622500001 3629747.052025 9000.0
643714.94295 3630154.2752750004 9000.0
651140.9408 3618869.1282249996 9000.0
650850.8215 3619276.351475 9000.0
650560.7021999999 3619683.5747249997 9000.0
650270.5829 3620090.797975 9000.0
649980.4636 3620498.021225 9000.0
649690.3443 3620905.2444749996 9000.0
649400.225 3621312.467725 9000.0
649110.1057 3621719.6909749997 9000.0
648819.9864 3622126.914225 9000.0
648529.8671 3622534.1374749998 9000.0
648239.7478 3622941.360725 9000.0
647949.6285 3623348.583975 9000.0
647659.5092 3623755.8072249996 9000.0
647369.3899 3624163.030475 9000.0
647079.2706 3624570.2537249997 9000.0
646789.1513 3624977.476975 9000.0
646499.032 3625384.700225 9000.0
646208.9127 3625791.9234749996 9000.0
645918.7934 3626199.146725 9000.0
645628.6741 3626606.3699749997 9000.0
645338.5548 3627013.593225 9000.0
645048.4355 3627420.8164749998 9000.0
644758.3162 3627828.039725 9000.0
644468.1969 3628235.262975 9000.0
644178.0776 3628642.4862249997 9000.0
643887.9583 3629049.709475 9000.0
643597.839 3629456.9327249997 9000.0
643307.7197 3629864.155975 9000.0
650733.71755 3618579.0089249997 9000.0
650443.5982499999 3618986.232175 9000.0
650153.4789499999 3619393.455425 9000.0
649863.35965 3619800.678675 9000.0
649573.24035 3620207.901925 9000.0
649283.12105 3620615.1251749997 9000.0
648993.0017499999 3621022.348425 9000.0
648702.8824499999 3621429.571675 9000.0
648412.76315 3621836.794925 9000.0
648122.64385 3622244.018175 9000.0
647832.52455 3622651.241425 9000.0
647542.40525 3623058.464675 9000.0
647252.2859499999 3623465.6879249997 9000.0
646962.1666499999 3623872.911175 9000.0
646672.04735 3624280.134425 9000.0
646381.92805 3624687.357675 9000.0
646091.80875 3625094.580925 9000.0
645801.68945 3625501.8041749997 9000.0
645511.5701499999 3625909.027425 9000.0
645221.4508499999 3626316.250675 9000.0
644931.33155 3626723.473925 9000.0
644641.21225 3627130.697175 9000.0
644351.09295 3627537.920425 9000.0
644060.9736499999 3627945.143675 9000.0
643770.8543499999 3628352.3669249997 9000.0
643480.73505 3628759.590175 9000.0
643190.61575 3629166.813425 9000.0
642900.49645 3629574.036675 9000.0
650326.4943 3618288.889625 9000.0
650036.375 3618696.112875 9000.0
649746.2557 3619103.336125 9000.0
649456.1364000001 3619510.559375 9000.0
649166.0171 3619917.782625 9000.0
648875.8978 3620325.005875 9000.0
648585.7785 3620732.229125 9000.0
648295.6592 3621139.452375 9000.0
648005.5399000001 3621546.675625 9000.0
647715.4206000001 3621953.898875 9000.0
647425.3013 3622361.122125 9000.0
647135.182 3622768.345375 9000.0
646845.0627 3623175.568625 9000.0
646554.9434 3623582.791875 9000.0
646264.8241000001 3623990.015125 9000.0
645974.7048000001 3624397.238375 9000.0
645684.5855 3624804.461625 9000.0
645394.4662 3625211.684875 9000.0
645104.3469 3625618.908125 9000.0
644814.2276 3626026.131375 9000.0
644524.1083000001 3626433.354625 9000.0
644233.9890000001 3626840.577875 9000.0
643943.8697 3627247.801125 9000.0
643653.7504 3627655.024375 9000.0
643363.6311 3628062.247625 9000.0
643073.5118000001 3628469.470875 9000.0
642783.3925000001 3628876.694125 9000.0
642493.2732 3629283.917375 9000.0
649919.27105 3617998.770325 9000.0
649629.15175 3618405.993575 9000.0
649339.0324499999 3618813.216825 9000.0
649048.91315 3619220.4400750003 9000.0
648758.79385 3619627.663325 9000.0
648468.67455 3620034.886575 9000.0
648178.55525 3620442.109825 9000.0
647888.43595 3620849.333075 9000.0
647598.31665 3621256.5563250002 9000.0
647308.19735 3621663.779575 9000.0
647018.07805 3622071.0028250003 9000.0
646727.95875 3622478.226075 9000.0
646437.83945 3622885.449325 9000.0
646147.72015 3623292.672575 9000.0
645857.60085 3623699.895825 9000.0
645567.48155 3624107.1190750003 9000.0
645277.36225 3624514.342325 9000.0
644987.24295 3624921.565575 9000.0
644697.12365 3625328.788825 9000.0
644407.00435 3625736.012075 9000.0
644116.88505 3626143.2353250002 9000.0
643826.76575 3626550.458575 9000.0
643536.64645 3626957.6818250003 9000.0
643246.52715 3627364.905075 9000.0
642956.40785 3627772.128325 9000.0
642666.28855 3628179.351575 9000.0
642376.16925 3628586.574825 9000.0
642086.04995 3628993.7980750003 9000.0
649512.0478 3617708.651025 9000.0
649221.9284999999 3618115.8742750003 9000.0
648931.8091999999 3618523.097525 9000.0
648641.6899 3618930.3207750004 9000.0
648351.5706 3619337.544025 9000.0
648061.4513 3619744.767275 9000.0
647771.3319999999 3620151.9905250003 9000.0
647481.2126999999 3620559.213775 9000.0
647191.0934 3620966.4370250003 9000.0
646900.9741 3621373.660275 9000.0
646610.8548 3621780.8835250004 9000.0
646320.7355 3622188.106775 9000.0
646030.6161999999 3622595.330025 9000.0
645740.4968999999 3623002.5532750003 9000.0
645450.3776 3623409.776525 9000.0
645160.2583 3623816.9997750004 9000.0
644870.139 3624224.223025 9000.0
644580.0197 3624631.446275 9000.0
644289.9003999999 3625038.6695250003 9000.0
643999.7810999999 3625445.892775 9000.0
643709.6618 3625853.1160250003 9000.0
643419.5425 3626260.339275 9000.0
643129.4232 3626667.5625250004 9000.0
642839.3038999999 3627074.785775 9000.0
642549.1845999999 3627482.009025 9000.0
642259.0653 3627889.2322750003 9000.0
641968.946 3628296.455525 9000.0
641678.8267 3628703.6787750004 9000.0
649104.82455 3617418.5317249997 9000.0
648814.70525 3617825.754975 9000.0
648524.58595 3618232.9782249997 9000.0
648234.4666500001 3618640.201475 9000.0
647944.34735 3619047.424725 9000.0
647654.22805 3619454.6479749996 9000.0
647364.10875 3619861.871225 9000.0
647073.98945 3620269.0944749997 9000.0
646783.8701500001 3620676.317725 9000.0
646493.7508500001 3621083.540975 9000.0
646203.63155 3621490.764225 9000.0
645913.51225 3621897.987475 9000.0
645623.39295 3622305.2107249997 9000.0
645333.27365 3622712.433975 9000.0
645043.1543500001 3623119.6572249997 9000.0
644753.0350500001 3623526.880475 9000.0
644462.91575 3623934.103725 9000.0
644172.79645 3624341.3269749996 9000.0
643882.67715 3624748.550225 9000.0
643592.55785 3625155.7734749997 9000.0
643302.4385500001 3625562.996725 9000.0
643012.3192500001 3625970.219975 9000.0
642722.19995 3626377.443225 9000.0
642432.08065 3626784.666475 9000.0
642141.96135 3627191.8897249997 9000.0
641851.8420500001 3627599.112975 9000.0
641561.7227500001 3628006.3362249997 9000.0
641271.60345 3628413.559475 9000.0
648697.6013 3617128.4124249998 9000.0
648407.482 3617535.635675 9000.0
648117.3626999999 3617942.858925 9000.0
647827.2434 3618350.082175 9000.0
647537.1241 3618757.305425 9000.0
647247.0048 3619164.5286749997 9000.0
646956.8855 3619571.751925 9000.0
646666.7662 3619978.975175 9000.0
646376.6469 3620386.198425 9000.0
646086.5276 3620793.421675 9000.0
645796.4083 3621200.644925 9000.0
645506.289 3621607.868175 9000.0
645216.1697 3622015.0914249998 9000.0
644926.0504 3622422.314675 9000.0
644635.9311 3622829.537925 9000.0
644345.8118 3623236.761175 9000.0
644055.6925 3623643.984425 9000.0
643765.5732 3624051.2076749997 9000.0
643475.4539 3624458.430925 9000.0
643185.3346 3624865.654175 9000.0
642895.2153 3625272.877425 9000.0
642605.096 3625680.100675 9000.0
642314.9767 3626087.323925 9000.0
642024.8574 3626494.547175 9000.0
641734.7381 3626901.7704249998 9000.0
641444.6188 3627308.993675 9000.0
641154.4995 3627716.216925 9000.0
640864.3802 3628123.440175 9000.0
648290.3780499999 3616838.293125 9000.0
648000.2587499999 3617245.516375 9000.0
647710.1394499999 3617652.739625 9000.0
647420.02015 3618059.962875 9000.0
647129.90085 3618467.186125 9000.0
646839.78155 3618874.409375 9000.0
646549.6622499999 3619281.632625 9000.0
646259.5429499999 3619688.855875 9000.0
645969.42365 3620096.079125 9000.0
645679.30435 3620503.302375 9000.0
645389.18505 3620910.5256250002 9000.0
645099.06575 3621317.748875 9000.0
644808.9464499999 3621724.972125 9000.0
644518.8271499999 3622132.195375 9000.0
644228.70785 3622539.418625 9000.0
643938.58855 3622946.641875 9000.0
643648.46925 3623353.865125 9000.0
643358.34995 3623761.088375 9000.0
643068.2306499999 3624168.311625 9000.0
642778.1113499999 3624575.534875 9000.0
642487.99205 3624982.758125 9000.0
642197.87275 3625389.981375 9000.0
641907.75345 3625797.2046250002 9000.0
641617.6341499999 3626204.427875 9000.0
641327.5148499999 3626611.651125 9000.0
641037.39555 3627018.874375 9000.0
640747.27625 3627426.097625 9000.0
640457.15695 3627833.320875 9000.0
647883.1548 3616548.173825 9000.0
647593.0355 3616955.397075 9000.0
647302.9162 3617362.620325 9000.0
647012.7969000001 3617769.8435750003 9000.0
646722.6776 3618177.066825 9000.0
646432.5583 3618584.290075 9000.0
646142.439 3618991.513325 9000.0
645852.3197 3619398.736575 9000.0
645562.2004000001 3619805.9598250003 9000.0
645272.0811000001 3620213.183075 9000.0
644981.9618 3620620.4063250003 9000.0
644691.8425 3621027.629575 9000.0
644401.7232 3621434.852825 9000.0
644111.6039 3621842.076075 9000.0
643821.4846000001 3622249.299325 9000.0
643531.3653000001 3622656.5225750003 9000.0
643241.246 3623063.745825 9000.0
642951.1267 3623470.969075 9000.0
642661.0074 3623878.192325 9000.0
642370.8881 3624285.415575 9000.0
642080.7688000001 3624692.6388250003 9000.0
641790.6495 3625099.862075 9000.0
641500.5302 3625507.0853250003 9000.0
641210.4109 3625914.308575 9000.0
640920.2916 3626321.531825 9000.0
640630.1723000001 3626728.755075 9000.0
640340.0530000001 3627135.978325 9000.0
640049.9337 3627543.2015750003 9000.0
647475.93155 3616258.054525 9000.0
647185.81225 3616665.2777750003 9000.0
646895.6929499999 3617072.501025 9000.0
646605.57365 3617479.7242750004 9000.0
646315.45435 3617886.947525 9000.0
646025.33505 3618294.170775 9000.0
645735.21575 3618701.3940250003 9000.0
645445.09645 3619108.617275 9000.0
645154.97715 3619515.8405250004 9000.0
644864.85785 3619923.063775 9000.0
644574.73855 3620330.2870250004 9000.0
644284.61925 3620737.5102750002 9000.0
643994.49995 3621144.733525 9000.0
643704.38065 3621551.9567750003 9000.0
643414.26135 3621959.180025 9000.0
643124.14205 3622366.4032750004 9000.0
642834.02275 3622773.626525 9000.0
642543.90345 3623180.849775 9000.0
642253.78415 3623588.0730250003 9000.0
641963.66485 3623995.296275 9000.0
641673.54555 3624402.5195250004 9000.0
641383.42625 3624809.742775 9000.0
641093.30695 3625216.9660250004 9000.0
640803.18765 3625624.1892750002 9000.0
640513.06835 3626031.412525 9000.0
640222.94905 3626438.6357750003 9000.0
639932.82975 3626845.859025 9000.0
639642.71045 3627253.0822750004 9000.0
647068.7082999999 3615967.9352249997 9000.0
646778.5889999999 3616375.158475 9000.0
646488.4696999999 3616782.3817249998 9000.0
646198.3504 3617189.604975 9000.0
645908.2311 3617596.828225 9000.0
645618.1118 3618004.0514749996 9000.0
645327.9924999999 3618411.274725 9000.0
645037.8731999999 3618818.4979749997 9000.0
644747.7539 3619225.721225 9000.0
644457.6346 3619632.944475 9000.0
644167.5153 3620040.167725 9000.0
643877.396 3620447.390975 9000.0
643587.2766999999 3620854.6142249997 9000.0
643297.1573999999 3621261.837475 9000.0
643007.0381 3621669.0607249998 9000.0
642716.9188 3622076.283975 9000.0
642426.7995 3622483.507225 9000.0
642136.6802 3622890.7304749996 9000.0
641846.5608999999 3623297.953725 9000.0
641556.4415999999 3623705.1769749997 9000.0
641266.3223 3624112.400225 9000.0
640976.203 3624519.623475 9000.0
640686.0837 3624926.846725 9000.0
640395.9643999999 3625334.069975 9000.0
640105.8450999999 3625741.2932249997 9000.0
639815.7258 3626148.516475 9000.0
639525.6065 3626555.7397249998 9000.0
639235.4872 3626962.962975 9000.0
646661.48505 3615677.815925 9000.0
646371.36575 3616085.039175 9000.0
646081.24645 3616492.262425 9000.0
645791.1271500001 3616899.485675 9000.0
645501.00785 3617306.708925 9000.0
645210.88855 3617713.9321749997 9000.0
644920.76925 3618121.155425 9000.0
644630.64995 3618528.378675 9000.0
644340.5306500001 3618935.601925 9000.0
644050.4113500001 3619342.825175 9000.0
643760.29205 3619750.048425 9000.0
643470.17275 3620157.271675 9000.0
643180.05345 3620564.494925 9000.0
642889.93415 3620971.718175 9000.0
642599.8148500001 3621378.941425 9000.0
642309.6955500001 3621786.164675 9000.0
642019.57625 3622193.387925 9000.0
641729.45695 3622600.6111749997 9000.0
641439.33765 3623007.834425 9000.0
641149.21835 3623415.057675 9000.0
640859.0990500001 3623822.280925 9000.0
640568.97975 3624229.504175 9000.0
640278.86045 3624636.727425 9000.0
639988.74115 3625043.950675 9000.0
639698.62185 3625451.173925 9000.0
639408.5025500001 3625858.397175 9000.0
639118.3832500001 3626265.620425 9000.0
638828.26395 3626672.843675 9000.0
646254.2618 3615387.696625 9000.0
645964.1425 3615794.919875 9000.0
645674.0231999999 3616202.143125 9000.0
645383.9039 3616609.366375 9000.0
645093.7846 3617016.589625 9000.0
644803.6653 3617423.812875 9000.0
644513.546 3617831.036125 9000.0
644223.4267 3618238.259375 9000.0
643933.3074 3618645.482625 9000.0
643643.1881 3619052.705875 9000.0
643353.0688 3619459.9291250003 9000.0
643062.9495 3619867.152375 9000.0
642772.8302 3620274.375625 9000.0
642482.7109 3620681.598875 9000.0
642192.5916 3621088.822125 9000.0
641902.4723 3621496.045375 9000.0
641612.353 3621903.268625 9000.0
641322.2337 3622310.491875 9000.0
641032.1144 3622717.715125 9000.0
640741.9951 3623124.938375 9000.0
640451.8758 3623532.161625 9000.0
640161.7565 3623939.384875 9000.0
639871.6372 3624346.6081250003 9000.0
639581.5179 3624753.831375 9000.0
639291.3986 3625161.054625 9000.0
639001.2793 3625568.277875 9000.0
638711.16 3625975.501125 9000.0
638421.0407 3626382.724375 9000.0
645847.0385499999 3615097.577325 9000.0
645556.9192499999 3615504.8005750002 9000.0
645266.7999499999 3615912.023825 9000.0
644976.68065 3616319.2470750003 9000.0
644686.56135 3616726.470325 9000.0
644396.44205 3617133.693575 9000.0
644106.3227499999 3617540.916825 9000.0
643816.2034499999 3617948.140075 9000.0
643526.08415 3618355.3633250003 9000.0
643235.96485 3618762.586575 9000.0
642945.84555 3619169.8098250004 9000.0
642655.72625 3619577.033075 9000.0
642365.6069499999 3619984.256325 9000.0
642075.4876499999 3620391.4795750002 9000.0
641785.36835 3620798.702825 9000.0
641495.24905 3621205.9260750003 9000.0
641205.12975 3621613.149325 9000.0
640915.01045 3622020.372575 9000.0
640624.8911499999 3622427.595825 9000.0
640334.7718499999 3622834.819075 9000.0
640044.65255 3623242.0423250003 9000.0
639754.53325 3623649.265575 9000.0
639464.41395 3624056.4888250004 9000.0
639174.2946499999 3624463.712075 9000.0
638884.1753499999 3624870.935325 9000.0
638594.05605 3625278.1585750002 9000.0
638303.93675 3625685.381825 9000.0
638013.81745 3626092.6050750003 9000.0
645439.8153 3614807.4580249996 9000.0
645149.696 3615214.681275 9000.0
644859.5767 3615621.9045249997 9000.0
644569.4574000001 3616029.127775 9000.0
644279.3381 3616436.3510249997 9000.0
643989.2188 3616843.5742749996 9000.0
643699.0995 3617250.797525 9000.0
643408.9802 3617658.0207749996 9000.0
643118.8609000001 3618065.244025 9000.0
642828.7416000001 3618472.4672749997 9000.0
642538.6223 3618879.690525 9000.0
642248.503 3619286.913775 9000.0
641958.3837 3619694.1370249996 9000.0
641668.2644 3620101.360275 9000.0
641378.1451000001 3620508.5835249997 9000.0
641088.0258000001 3620915.806775 9000.0
640797.9065 3621323.0300249998 9000.0
640507.7872 3621730.2532749996 9000.0
640217.6679 3622137.476525 9000.0
639927.5486 3622544.6997749996 9000.0
639637.4293000001 3622951.923025 9000.0
639347.31 3623359.1462749997 9000.0
639057.1907 3623766.369525 9000.0
638767.0714 3624173.592775 9000.0
638476.9521 3624580.8160249996 9000.0
638186.8328000001 3624988.039275 9000.0
637896.7135000001 3625395.2625249997 9000.0
637606.5942 3625802.485775 9000.0
645032.59205 3614517.3387249997 9000.0
644742.47275 3614924.561975 9000.0
644452.3534499999 3615331.7852249998 9000.0
644162.23415 3615739.008475 9000.0
643872.11485 3616146.231725 9000.0
643581.99555 3616553.4549749997 9000.0
643291.87625 3616960.678225 9000.0
643001.75695 3617367.9014749997 9000.0
642711.63765 3617775.124725 9000.0
642421.51835 3618182.347975 9000.0
642131.39905 3618589.571225 9000.0
641841.27975 3618996.794475 9000.0
641551.16045 3619404.0177249997 9000.0
641261.04115 3619811.240975 9000.0
640970.92185 3620218.464225 9000.0
640680.80255 3620625.687475 9000.0
640390.68325 3621032.910725 9000.0
640100.56395 3621440.1339749997 9000.0
639810.44465 3621847.357225 9000.0
639520.3253499999 3622254.5804749997 9000.0
639230.20605 3622661.803725 9000.0
638940.08675 3623069.026975 9000.0
638649.96745 3623476.250225 9000.0
638359.84815 3623883.473475 9000.0
638069.72885 3624290.6967249997 9000.0
637779.60955 3624697.919975 9000.0
637489.49025 3625105.143225 9000.0
637199.37095 3625512.366475 9000.0
644625.3687999999 3614227.219425 9000.0
644335.2494999999 3614634.442675 9000.0
644045.1301999999 3615041.665925 9000.0
643755.0109 3615448.889175 9000.0
643464.8916 3615856.112425 9000.0
643174.7723 3616263.3356749997 9000.0
642884.6529999999 3616670.558925 9000.0
642594.5336999999 3617077.782175 9000.0
642304.4144 3617485.005425 9000.0
642014.2951 3617892.228675 9000.0
641724.1758 3618299.451925 9000.0
641434.0565 3618706.675175 9000.0
641143.9371999999 3619113.898425 9000.0
640853.8178999999 3619521.121675 9000.0
640563.6986 3619928.344925 9000.0
640273.5793 3620335.568175 9000.0
639983.46 3620742.791425 9000.0
639693.3407 3621150.0146749998 9000.0
639403.2213999999 3621557.237925 9000.0
639113.1020999999 3621964.461175 9000.0
638822.9828 3622371.684425 9000.0
638532.8635 3622778.907675 9000.0
638242.7442 3623186.130925 9000.0
637952.6248999999 3623593.354175 9000.0
637662.5055999999 3624000.577425 9000.0
637372.3863 3624407.800675 9000.0
637082.267 3624815.023925 9000.0
636792.1477 3625222.247175 9000.0
644218.14555 3613937.100125 9000.0
643928.02625 3614344.323375 9000.0
643637.90695 3614751.546625 9000.0
643347.7876500001 3615158.769875 9000.0
643057.66835 3615565.993125 9000.0
642767.54905 3615973.216375 9000.0
642477.42975 3616380.439625 9000.0
642187.31045 3616787.662875 9000.0
641897.1911500001 3617194.886125 9000.0
641607.0718500001 3617602.109375 9000.0
641316.95255 3618009.3326250003 9000.0
641026.83325 3618416.555875 9000.0
640736.71395 3618823.779125 9000.0
640446.59465 3619231.002375 9000.0
640156.4753500001 3619638.225625 9000.0
639866.3560500001 3620045.4488750002 9000.0
639576.23675 3620452.672125 9000.0
639286.11745 3620859.895375 9000.0
638995.99815 3621267.118625 9000.0
638705.87885 3621674.341875 9000.0
638415.7595500001 3622081.565125 9000.0
638125.64025 3622488.788375 9000.0
637835.52095 3622896.0116250003 9000.0
637545.40165 3623303.234875 9000.0
637255.28235 3623710.458125 9000.0
636965.1630500001 3624117.681375 9000.0
636675.0437500001 3624524.904625 9000.0
636384.92445 3624932.1278750002 9000.0
643810.9223 3613646.980825 9000.0
643520.803 3614054.2040750002 9000.0
643230.6836999999 3614461.427325 9000.0
642940.5644 3614868.6505750003 9000.0
642650.4451 3615275.873825 9000.0
642360.3258 3615683.097075 9000.0
642070.2065 3616090.320325 9000.0
641780.0872 3616497.543575 9000.0
641489.9679 3616904.7668250003 9000.0
641199.8486 3617311.990075 9000.0
640909.7293 3617719.2133250004 9000.0
640619.61 3618126.436575 9000.0
640329.4907 3618533.659825 9000.0
640039.3714 3618940.8830750003 9000.0
639749.2521 3619348.106325 9000.0
639459.1328 3619755.3295750003 9000.0
639169.0135 3620162.552825 9000.0
638878.8942 3620569.776075 9000.0
638588.7749 3620976.999325 9000.0
638298.6555999999 3621384.222575 9000.0
638008.5363 3621791.4458250003 9000.0
637718.417 3622198.669075 9000.0
637428.2977 3622605.8923250004 9000.0
637138.1784 3623013.115575 9000.0
636848.0591 3623420.338825 9000.0
636557.9398 3623827.5620750003 9000.0
636267.8205 3624234.785325 9000.0
635977.7012 3624642.0085750003 9000.0
643403.6990499999 3613356.8615249996 9000.0
643113.5797499999 3613764.084775 9000.0
642823.4604499999 3614171.3080249997 9000.0
642533.34115 3614578.531275 9000.0
642243.22185 3614985.7545249998 9000.0
641953.10255 3615392.9777749996 9000.0
641662.9832499999 3615800.201025 9000.0
641372.8639499999 3616207.4242749996 9000.0
641082.74465 3616614.647525 9000.0
640792.62535 3617021.8707749997 9000.0
640502.50605 3617429.094025 9000.0
640212.38675 3617836.317275 9000.0
639922.2674499999 3618243.5405249996 9000.0
639632.1481499999 3618650.763775 9000.0
639342.02885 3619057.9870249997 9000.0
639051.90955 3619465.210275 9000.0
638761.79025 3619872.433525 9000.0
638471.6709499999 3620279.6567749996 9000.0
638181.5516499999 3620686.880025 9000.0
637891.4323499999 3621094.1032749997 9000.0
637601.31305 3621501.326525 9000.0
637311.19375 3621908.5497749997 9000.0
637021.07445 3622315.773025 9000.0
636730.9551499999 3622722.996275 9000.0
636440.8358499999 3623130.2195249996 9000.0
636150.71655 3623537.442775 9000.0
635860.59725 3623944.6660249997 9000.0
635570.47795 3624351.889275 9000.0
642996.4758 3613066.7422249997 9000.0
642706.3565 3613473.965475 9000.0
642416.2372 3613881.188725 9000.0
642126.1179000001 3614288.411975 9000.0
641835.9986 3614695.635225 9000.0
641545.8793 3615102.8584749997 9000.0
641255.76 3615510.081725 9000.0
640965.6407 3615917.3049749997 9000.0
640675.5214000001 3616324.528225 9000.0
640385.4021000001 3616731.751475 9000.0
640095.2828 3617138.974725 9000.0
639805.1635 3617546.197975 9000.0
639515.0442 3617953.4212249997 9000.0
639224.9249 3618360.644475 9000.0
638934.8056000001 3618767.867725 9000.0
638644.6863000001 3619175.090975 9000.0
638354.567 3619582.314225 9000.0
638064.4477 3619989.5374749997 9000.0
637774.3284 3620396.760725 9000.0
637484.2091 3620803.9839749997 9000.0
637194.0898000001 3621211.207225 9000.0
636903.9705 3621618.430475 9000.0
636613.8512 3622025.653725 9000.0
636323.7319 3622432.876975 9000.0
636033.6126 3622840.1002249997 9000.0
635743.4933000001 3623247.323475 9000.0
635453.3740000001 3623654.546725 9000.0
635163.2547 3624061.769975 9000.0
642589.25255 3612776.622925 9000.0
642299.13325 3613183.846175 9000.0
642009.0139499999 3613591.069425 9000.0
641718.89465 3613998.292675 9000.0
641428.77535 3614405.515925 9000.0
641138.65605 3614812.7391749998 9000.0
640848.53675 3615219.962425 9000.0
640558.41745 3615627.185675 9000.0
640268.29815 3616034.408925 9000.0
639978.17885 3616441.632175 9000.0
639688.05955 3616848.855425 9000.0
639397.94025 3617256.078675 9000.0
639107.82095 3617663.301925 9000.0
638817.70165 3618070.525175 9000.0
638527.58235 3618477.748425 9000.0
638237.46305 3618884.971675 9000.0
637947.34375 3619292.194925 9000.0
637657.22445 3619699.4181749998 9000.0
637367.10515 3620106.641425 9000.0
637076.9858499999 3620513.864675 9000.0
636786.86655 3620921.087925 9000.0
636496.74725 3621328.311175 9000.0
636206.62795 3621735.534425 9000.0
635916.50865 3622142.757675 9000.0
635626.38935 3622549.980925 9000.0
635336.27005 3622957.204175 9000.0
635046.15075 3623364.427425 9000.0
634756.03145 3623771.650675 9000.0
642182.0292999999 3612486.503625 9000.0
641891.9099999999 3612893.726875 9000.0
641601.7906999999 3613300.950125 9000.0
641311.6714 3613708.1733750002 9000.0
641021.5521 3614115.396625 9000.0
640731.4328 3614522.619875 9000.0
640441.3134999999 3614929.843125 9000.0
640151.1941999999 3615337.066375 9000.0
639861.0749 3615744.289625 9000.0
639570.9556 3616151.512875 9000.0
639280.8363 3616558.7361250003 9000.0
638990.717 3616965.959375 9000.0
638700.5976999999 3617373.182625 9000.0
638410.4783999999 3617780.405875 9000.0
638120.3591 3618187.629125 9000.0
637830.2398 3618594.8523750002 9000.0
637540.1205 3619002.075625 9000.0
637250.0011999999 3619409.298875 9000.0
636959.8818999999 3619816.522125 9000.0
636669.7625999999 3620223.745375 9000.0
636379.6433 3620630.968625 9000.0
636089.524 3621038.191875 9000.0
635799.4047 3621445.4151250003 9000.0
635509.2853999999 3621852.638375 9000.0
635219.1660999999 3622259.861625 9000.0
634929.0468 3622667.084875 9000.0
634638.9275 3623074.308125 9000.0
634348.8082 3623481.5313750003 9000.0
641774.80605 3612196.384325 9000.0
641484.68675 3612603.6075750003 9000.0
641194.56745 3613010.830825 9000.0
640904.4481500001 3613418.0540750003 9000.0
640614.32885 3613825.277325 9000.0
640324.20955 3614232.500575 9000.0
640034.09025 3614639.723825 9000.0
639743.97095 3615046.947075 9000.0
639453.8516500001 3615454.1703250003 9000.0
639163.7323500001 3615861.393575 9000.0
638873.61305 3616268.6168250004 9000.0
638583.49375 3616675.840075 9000.0
638293.37445 3617083.063325 9000.0
638003.25515 3617490.2865750003 9000.0
637713.1358500001 3617897.509825 9000.0
637423.0165500001 3618304.7330750003 9000.0
637132.89725 3618711.956325 9000.0
636842.77795 3619119.179575 9000.0
636552.65865 3619526.402825 9000.0
636262.53935 3619933.626075 9000.0
635972.4200500001 3620340.8493250003 9000.0
635682.30075 3620748.072575 9000.0
635392.18145 3621155.2958250004 9000.0
635102.06215 3621562.519075 9000.0
634811.94285 3621969.742325 9000.0
634521.8235500001 3622376.9655750003 9000.0
634231.7042500001 3622784.188825 9000.0
633941.58495 3623191.4120750003 9000.0
641367.5828 3611906.2650249996 9000.0
641077.4635 3612313.488275 9000.0
640787.3441999999 3612720.7115249997 9000.0
640497.2249 3613127.934775 9000.0
640207.1056 3613535.158025 9000.0
639916.9863 3613942.3812749996 9000.0
639626.867 3614349.604525 9000.0
639336.7477 3614756.8277749997 9000.0
639046.6284 3615164.051025 9000.0
638756.5091 3615571.2742749997 9000.0
638466.3898 3615978.497525 9000.0
638176.2705 3616385.720775 9000.0
637886.1512 3616792.9440249996 9000.0
637596.0319 3617200.167275 9000.0
637305.9126 3617607.3905249997 9000.0
637015.7933 3618014.613775 9000.0
636725.674 3618421.837025 9000.0
636435.5547 3618829.0602749996 9000.0
636145.4354 3619236.283525 9000.0
635855.3160999999 3619643.5067749997 9000.0
635565.1968 3620050.730025 9000.0
635275.0775 3620457.9532749997 9000.0
634984.9582 3620865.176525 9000.0
634694.8389 3621272.399775 9000.0
634404.7196 3621679.6230249996 9000.0
634114.6003 3622086.846275 9000.0
633824.481 3622494.0695249997 9000.0
633534.3617 3622901.292775 9000.0
652362.61055 3619739.486125 9500.0
652072.49125 3620146.709375 9500.0
651782.37195 3620553.932625 9500.0
651492.25265 3620961.155875 9500.0
651202.13335 3621368.379125 9500.0
650912.01405 3621775.602375 9500.0
650621.89475 3622182.825625 9500.0
650331.77545 3622590.048875 9500.0
650041.65615 3622997.272125 9500.0
649751.53685 3623404.495375 9500.0
649461.41755 3623811.718625 9500.0
649171.29825 3624218.941875 9500.0
648881.17895 3624626.165125 9500.0
648591.05965 3625033.388375 9500.0
648300.94035 3625440.611625 9500.0
648010.82105 3625847.834875 9500.0
647720.70175 3626255.058125 9500.0
647430.58245 3626662.281375 9500.0
647140.46315 3627069.504625 9500.0
646850.34385 3627476.727875 9500.0
646560.22455 3627883.951125 9500.0
646270.10525 3628291.174375 9500.0
645979.98595 3628698.397625 9500.0
645689.86665 3629105.620875 9500.0
645399.74735 3629512.844125 9500.0
645109.62805 3629920.067375 9500.0
644819.50875 3630327.290625 9500.0
644529.38945 3630734.513875 9500.0
651955.3873 3619449.366825 9500.0
651665.2679999999 3619856.590075 9500.0
651375.1486999999 3620263.813325 9500.0
651085.0294 3620671.0365750003 9500.0
650794.9101 3621078.259825 9500.0
650504.7908 3621485.483075 9500.0
650214.6714999999 3621892.706325 9500.0
649924.5521999999 3622299.929575 9500.0
649634.4329 3622707.152825 9500.0
649344.3136 3623114.376075 9500.0
649054.1943 3623521.5993250003 9500.0
648764.075 3623928.822575 9500.0
648473.9556999999 3624336.045825 9500.0
648183.8363999999 3624743.269075 9500.0
647893.7171 3625150.492325 9500.0
647603.5978 3625557.7155750003 9500.0
647313.4785 3625964.938825 9500.0
647023.3592 3626372.162075 9500.0
646733.2398999999 3626779.385325 9500.0
646443.1205999999 3627186.608575 9500.0
646153.0013 3627593.8318250002 9500.0
645862.882 3628001.055075 9500.0
645572.7627 3628408.2783250003 9500.0
645282.6434 3628815.501575 9500.0
644992.5240999999 3629222.724825 9500.0
644702.4048 3629629.948075 9500.0
644412.2855 3630037.171325 9500.0
644122.1662 3630444.3945750003 9500.0
651548.16405 3619159.247525 9500.0
651258.04475 3619566.4707750003 9500.0
650967.92545 3619973.694025 9500.0
650677.8061500001 3620380.9172750004 9500.0
650387.68685 3620788.140525 9500.0
650097.56755 3621195.363775 9500.0
649807.44825 3621602.5870250002 9500.0
649517.32895 3622009.810275 9500.0
649227.2096500001 3622417.0335250003 9500.0
648937.0903500001 3622824.256775 9500.0
648646.97105 3623231.4800250004 9500.0
648356.85175 3623638.703275 9500.0
648066.73245 3624045.926525 9500.0
647776.61315 3624453.1497750003 9500.0
647486.4938500001 3624860.373025 9500.0
647196.3745500001 3625267.5962750004 9500.0
646906.25525 3625674.819525 9500.0
646616.13595 3626082.042775 9500.0
646326.01665 3626489.2660250003 9500.0
646035.89735 3626896.489275 9500.0
645745.7780500001 3627303.7125250003 9500.0
645455.6587500001 3627710.935775 9500.0
645165.53945 3628118.1590250004 9500.0
644875.42015 3628525.382275 9500.0
644585.30085 3628932.605525 9500.0
644295.1815500001 3629339.8287750003 9500.0
644005.0622500001 3629747.052025 9500.0
643714.94295 3630154.2752750004 9500.0
651140.9408 3618869.1282249996 9500.0
650850.8215 3619276.351475 9500.0
650560.7021999999 3619683.5747249997 9500.0
650270.5829 3620090.797975 9500.0
649980.4636 3620498.021225 9500.0
649690.3443 3620905.2444749996 9500.0
649400.225 3621312.467725 9500.0
649110.1057 3621719.6909749997 9500.0
648819.9864 3622126.914225 9500.0
648529.8671 3622534.1374749998 9500.0
648239.7478 3622941.360725 9500.0
647949.6285 3623348.583975 9500.0
647659.5092 3623755.8072249996 9500.0
647369.3899 3624163.030475 9500.0
647079.2706 3624570.2537249997 9500.0
646789.1513 3624977.476975 9500.0
646499.032 3625384.700225 9500.0
646208.9127 3625791.9234749996 9500.0
645918.7934 3626199.146725 9500.0
645628.6741 3626606.3699749997 9500.0
645338.5548 3627013.593225 9500.0
645048.4355 3627420.8164749998 9500.0
644758.3162 3627828.039725 9500.0
644468.1969 3628235.262975 9500.0
644178.0776 3628642.4862249997 9500.0
643887.9583 3629049.709475 9500.0
643597.839 3629456.9327249997 9500.0
643307.7197 3629864.155975 9500.0
650733.71755 3618579.0089249997 9500.0
650443.5982499999 3618986.232175 9500.0
650153.4789499999 3619393.455425 9500.0
649863.35965 3619800.678675 9500.0
649573.24035 3620207.901925 9500.0
649283.12105 3620615.1251749997 9500.0
648993.0017499999 3621022.348425 9500.0
648702.8824499999 3621429.571675 9500.0
648412.76315 3621836.794925 9500.0
648122.64385 3622244.018175 9500.0
647832.52455 3622651.241425 9500.0
647542.40525 3623058.464675 9500.0
647252.2859499999 3623465.6879249997 9500.0
646962.1666499999 3623872.911175 9500.0
646672.04735 3624280.134425 9500.0
646381.92805 3624687.357675 9500.0
646091.80875 3625094.580925 9500.0
645801.68945 3625501.8041749997 9500.0
645511.5701499999 3625909.027425 9500.0
645221.4508499999 3626316.250675 9500.0
644931.33155 3626723.473925 9500.0
644641.21225 3627130.697175 9500.0
644351.09295 3627537.920425 9500.0
644060.9736499999 3627945.143675 9500.0
643770.8543499999 3628352.3669249997 9500.0
643480.73505 3628759.590175 9500.0
643190.61575 3629166.813425 9500.0
642900.49645 3629574.036675 9500.0
650326.4943 3618288.889625 9500.0
650036.375 3618696.112875 9500.0
649746.2557 3619103.336125 9500.0
649456.1364000001 3619510.559375 9500.0
649166.0171 3619917.782625 9500.0
648875.8978 3620325.005875 9500.0
648585.7785 3620732.229125 9500.0
648295.6592 3621139.452375 9500.0
648005.5399000001 3621546.675625 9500.0
647715.4206000001 3621953.898875 9500.0
647425.3013 3622361.122125 9500.0
647135.182 3622768.345375 9500.0
646845.0627 3623175.568625 9500.0
646554.9434 3623582.791875 9500.0
646264.8241000001 3623990.015125 9500.0
645974.7048000001 3624397.238375 9500.0
645684.5855 3624804.461625 9500.0
645394.4662 3625211.684875 9500.0
645104.3469 3625618.908125 9500.0
644814.2276 3626026.131375 9500.0
644524.1083000001 3626433.354625 9500.0
644233.9890000001 3626840.577875 9500.0
643943.8697 3627247.801125 9500.0
643653.7504 3627655.024375 9500.0
643363.6311 3628062.247625 9500.0
643073.5118000001 3628469.470875 9500.0
642783.3925000001 3628876.694125 9500.0
642493.2732 3629283.917375 9500.0
649919.27105 3617998.770325 9500.0
649629.15175 3618405.993575 9500.0
649339.0324499999 3618813.216825 9500.0
649048.91315 3619220.4400750003 9500.0
648758.79385 3619627.663325 9500.0
648468.67455 3620034.886575 9500.0
648178.55525 3620442.109825 9500.0
647888.43595 3620849.333075 9500.0
647598.31665 3621256.5563250002 9500.0
647308.19735 3621663.779575 9500.0
647018.07805 3622071.0028250003 9500.0
646727.95875 3622478.226075 9500.0
646437.83945 3622885.449325 9500.0
646147.72015 3623292.672575 9500.0
645857.60085 3623699.895825 9500.0
645567.48155 3624107.1190750003 9500.0
645277.36225 3624514.342325 9500.0
644987.24295 3624921.565575 9500.0
644697.12365 3625328.788825 9500.0
644407.00435 3625736.012075 9500.0
644116.88505 3626143.2353250002 9500.0
643826.76575 3626550.458575 9500.0
643536.64645 3626957.6818250003 9500.0
643246.52715 3627364.905075 9500.0
642956.40785 3627772.128325 9500.0
642666.28855 3628179.351575 9500.0
642376.16925 3628586.574825 9500.0
642086.04995 3628993.7980750003 9500.0
649512.0478 3617708.651025 9500.0
649221.9284999999 3618115.8742750003 9500.0
648931.8091999999 3618523.097525 9500.0
648641.6899 3618930.3207750004 9500.0
648351.5706 3619337.544025 9500.0
648061.4513 3619744.767275 9500.0
647771.3319999999 3620151.9905250003 9500.0
647481.2126999999 3620559.213775 9500.0
647191.0934 3620966.4370250003 9500.0
646900.9741 3621373.660275 9500.0
646610.8548 3621780.8835250004 9500.0
646320.7355 3622188.106775 9500.0
646030.6161999999 3622595.330025 9500.0
645740.4968999999 3623002.5532750003 9500.0
645450.3776 3623409.776525 9500.0
645160.2583 3623816.9997750004 9500.0
644870.139 3624224.223025 9500.0
644580.0197 3624631.446275 9500.0
644289.9003999999 3625038.6695250003 9500.0
643999.7810999999 3625445.892775 9500.0
643709.6618 3625853.1160250003 9500.0
643419.5425 3626260.339275 9500.0
643129.4232 3626667.5625250004 9500.0
642839.3038999999 3627074.785775 9500.0
642549.1845999999 3627482.009025 9500.0
642259.0653 3627889.2322750003 9500.0
641968.946 3628296.455525 9500.0
641678.8267 3628703.6787750004 9500.0
649104.82455 3617418.5317249997 9500.0
648814.70525 3617825.754975 9500.0
648524.58595 3618232.9782249997 9500.0
648234.4666500001 3618640.201475 9500.0
647944.34735 3619047.424725 9500.0
647654.22805 3619454.6479749996 9500.0
647364.10875 3619861.871225 9500.0
647073.98945 3620269.0944749997 9500.0
646783.8701500001 3620676.317725 9500.0
646493.7508500001 3621083.540975 9500.0
646203.63155 3621490.764225 9500.0
645913.51225 3621897.987475 9500.0
645623.39295 3622305.2107249997 9500.0
645333.27365 3622712.433975 9500.0
645043.1543500001 3623119.6572249997 9500.0
644753.0350500001 3623526.880475 9500.0
644462.91575 3623934.103725 9500.0
644172.79645 3624341.3269749996 9500.0
643882.67715 3624748.550225 9500.0
643592.55785 3625155.7734749997 9500.0
643302.4385500001 3625562.996725 9500.0
643012.3192500001 3625970.219975 9500.0
642722.19995 3626377.443225 9500.0
642432.08065 3626784.666475 9500.0
642141.96135 3627191.8897249997 9500.0
641851.8420500001 3627599.112975 9500.0
641561.7227500001 3628006.3362249997 9500.0
641271.60345 3628413.559475 9500.0
648697.6013 3617128.4124249998 9500.0
648407.482 3617535.635675 9500.0
648117.3626999999 3617942.858925 9500.0
647827.2434 3618350.082175 9500.0
647537.1241 3618757.305425 9500.0
647247.0048 3619164.5286749997 9500.0
646956.8855 3619571.751925 9500.0
646666.7662 3619978.975175 9500.0
646376.6469 3620386.198425 9500.0
646086.5276 3620793.421675 9500.0
645796.4083 3621200.644925 9500.0
645506.289 3621607.868175 9500.0
645216.1697 3622015.0914249998 9500.0
644926.0504 3622422.314675 9500.0
644635.9311 3622829.537925 9500.0
644345.8118 3623236.761175 9500.0
644055.6925 3623643.984425 9500.0
643765.5732 3624051.2076749997 9500.0
643475.4539 3624458.430925 9500.0
643185.3346 3624865.654175 9500.0
642895.2153 3625272.877425 9500.0
642605.096 3625680.100675 9500.0
642314.9767 3626087.323925 9500.0
642024.8574 3626494.547175 9500.0
641734.7381 3626901.7704249998 9500.0
641444.6188 3627308.993675 9500.0
641154.4995 3627716.216925 9500.0
640864.3802 3628123.440175 9500.0
648290.3780499999 3616838.293125 9500.0
648000.2587499999 3617245.516375 9500.0
647710.1394499999 3617652.739625 9500.0
647420.02015 3618059.962875 9500.0
647129.90085 3618467.186125 9500.0
646839.78155 3618874.409375 9500.0
646549.6622499999 3619281.632625 9500.0
646259.5429499999 3619688.855875 9500.0
645969.42365 3620096.079125 9500.0
645679.30435 3620503.302375 9500.0
645389.18505 3620910.5256250002 9500.0
645099.06575 3621317.748875 9500.0
644808.9464499999 3621724.972125 9500.0
644518.8271499999 3622132.195375 9500.0
644228.70785 3622539.418625 9500.0
643938.58855 3622946.641875 9500.0
643648.46925 3623353.865125 9500.0
643358.34995 3623761.088375 9500.0
643068.2306499999 3624168.311625 9500.0
642778.1113499999 3624575.534875 9500.0
642487.99205 3624982.758125 9500.0
642197.87275 3625389.981375 9500.0
641907.75345 3625797.2046250002 9500.0
641617.6341499999 3626204.427875 9500.0
641327.5148499999 3626611.651125 9500.0
641037.39555 3627018.874375 9500.0
640747.27625 3627426.097625 9500.0
640457.15695 3627833.320875 9500.0
647883.1548 3616548.173825 9500.0
647593.0355 3616955.397075 9500.0
647302.9162 3617362.620325 9500.0
647012.7969000001 3617769.8435750003 9500.0
646722.6776 3618177.066825 9500.0
646432.5583 3618584.290075 9500.0
646142.439 3618991.513325 9500.0
645852.3197 3619398.736575 9500.0
645562.2004000001 3619805.9598250003 9500.0
645272.0811000001 3620213.183075 9500.0
644981.9618 3620620.4063250003 9500.0
644691.8425 3621027.629575 9500.0
644401.7232 3621434.852825 9500.0
644111.6039 3621842.076075 9500.0
643821.4846000001 3622249.299325 9500.0
643531.3653000001 3622656.5225750003 9500.0
643241.246 3623063.745825 9500.0
642951.1267 3623470.969075 9500.0
642661.0074 3623878.192325 9500.0
642370.8881 3624285.415575 9500.0
642080.7688000001 3624692.6388250003 9500.0
641790.6495 3625099.862075 9500.0
641500.5302 3625507.0853250003 9500.0
641210.4109 3625914.308575 9500.0
640920.2916 3626321.531825 9500.0
640630.1723000001 3626728.755075 9500.0
640340.0530000001 3627135.978325 9500.0
640049.9337 3627543.2015750003 9500.0
647475.93155 3616258.054525 9500.0
647185.81225 3616665.2777750003 9500.0
646895.6929499999 3617072.501025 9500.0
646605.57365 3617479.7242750004 9500.0
646315.45435 3617886.947525 9500.0
646025.33505 3618294.170775 9500.0
645735.21575 3618701.3940250003 9500.0
645445.09645 3619108.617275 9500.0
645154.97715 3619515.8405250004 9500.0
644864.85785 3619923.063775 9500.0
644574.73855 3620330.2870250004 9500.0
644284.61925 3620737.5102750002 9500.0
643994.49995 3621144.733525 9500.0
643704.38065 3621551.9567750003 9500.0
643414.26135 3621959.180025 9500.0
643124.14205 3622366.4032750004 9500.0
642834.02275 3622773.626525 9500.0
642543.90345 3623180.849775 9500.0
642253.78415 3623588.0730250003 9500.0
641963.66485 3623995.296275 9500.0
641673.54555 3624402.5195250004 9500.0
641383.42625 3624809.742775 9500.0
641093.30695 3625216.9660250004 9500.0
640803.18765 3625624.1892750002 9500.0
640513.06835 3626031.412525 9500.0
640222.94905 3626438.6357750003 9500.0
639932.82975 3626845.859025 9500.0
639642.71045 3627253.0822750004 9500.0
647068.7082999999 3615967.9352249997 9500.0
646778.5889999999 3616375.158475 9500.0
646488.4696999999 3616782.3817249998 9500.0
646198.3504 3617189.604975 9500.0
645908.2311 3617596.828225 9500.0
645618.1118 3618004.0514749996 9500.0
645327.9924999999 3618411.274725 9500.0
645037.8731999999 3618818.4979749997 9500.0
644747.7539 3619225.721225 9500.0
644457.6346 3619632.944475 9500.0
644167.5153 3620040.167725 9500.0
643877.396 3620447.390975 9500.0
643587.2766999999 3620854.6142249997 9500.0
643297.1573999999 3621261.837475 9500.0
643007.0381 3621669.0607249998 9500.0
642716.9188 3622076.283975 9500.0
642426.7995 3622483.507225 9500.0
642136.6802 3622890.7304749996 9500.0
641846.5608999999 3623297.953725 9500.0
641556.4415999999 3623705.1769749997 9500.0
641266.3223 3624112.400225 9500.0
640976.203 3624519.623475 9500.0
640686.0837 3624926.846725 9500.0
640395.9643999999 3625334.069975 9500.0
640105.8450999999 3625741.2932249997 9500.0
639815.7258 3626148.516475 9500.0
639525.6065 3626555.7397249998 9500.0
639235.4872 3626962.962975 9500.0
646661.48505 3615677.815925 9500.0
646371.36575 3616085.039175 9500.0
646081.24645 3616492.262425 9500.0
645791.1271500001 3616899.485675 9500.0
645501.00785 3617306.708925 9500.0
645210.88855 3617713.9321749997 9500.0
644920.76925 3618121.155425 9500.0
644630.64995 3618528.378675 9500.0
644340.5306500001 3618935.601925 9500.0
644050.4113500001 3619342.825175 9500.0
643760.29205 3619750.048425 9500.0
643470.17275 3620157.271675 9500.0
643180.05345 3620564.494925 9500.0
642889.93415 3620971.718175 9500.0
642599.8148500001 3621378.941425 9500.0
642309.6955500001 3621786.164675 9500.0
642019.57625 3622193.387925 9500.0
641729.45695 3622600.6111749997 9500.0
641439.33765 3623007.834425 9500.0
641149.21835 3623415.057675 9500.0
640859.0990500001 3623822.280925 9500.0
640568.97975 3624229.504175 9500.0
640278.86045 3624636.727425 9500.0
639988.74115 3625043.950675 9500.0
639698.62185 3625451.173925 9500.0
639408.5025500001 3625858.397175 9500.0
639118.3832500001 3626265.620425 9500.0
638828.26395 3626672.843675 9500.0
646254.2618 3615387.696625 9500.0
645964.1425 3615794.919875 9500.0
645674.0231999999 3616202.143125 9500.0
645383.9039 3616609.366375 9500.0
645093.7846 3617016.589625 9500.0
644803.6653 3617423.812875 9500.0
644513.546 3617831.036125 9500.0
644223.4267 3618238.259375 9500.0
643933.3074 3618645.482625 9500.0
643643.1881 3619052.705875 9500.0
643353.0688 3619459.9291250003 9500.0
643062.9495 3619867.152375 9500.0
642772.8302 3620274.375625 9500.0
642482.7109 3620681.598875 9500.0
642192.5916 3621088.822125 9500.0
641902.4723 3621496.045375 9500.0
641612.353 3621903.268625 9500.0
641322.2337 3622310.491875 9500.0
641032.1144 3622717.715125 9500.0
640741.9951 3623124.938375 9500.0
640451.8758 3623532.161625 9500.0
640161.7565 3623939.384875 9500.0
639871.6372 3624346.6081250003 9500.0
639581.5179 3624753.831375 9500.0
639291.3986 3625161.054625 9500.0
639001.2793 3625568.277875 9500.0
638711.16 3625975.501125 9500.0
638421.0407 3626382.724375 9500.0
645847.0385499999 3615097.577325 9500.0
645556.9192499999 3615504.8005750002 9500.0
645266.7999499999 3615912.023825 9500.0
644976.68065 3616319.2470750003 9500.0
644686.56135 3616726.470325 9500.0
644396.44205 3617133.693575 9500.0
644106.3227499999 3617540.916825 9500.0
643816.2034499999 3617948.140075 9500.0
643526.08415 3618355.3633250003 9500.0
643235.96485 3618762.586575 9500.0
642945.84555 3619169.8098250004 9500.0
642655.72625 3619577.033075 9500.0
642365.6069499999 3619984.256325 9500.0
642075.4876499999 3620391.4795750002 9500.0
641785.36835 3620798.702825 9500.0
641495.24905 3621205.9260750003 9500.0
641205.12975 3621613.149325 9500.0
640915.01045 3622020.372575 9500.0
640624.8911499999 3622427.595825 9500.0
640334.7718499999 3622834.819075 9500.0
640044.65255 3623242.0423250003 9500.0
639754.53325 3623649.265575 9500.0
639464.41395 3624056.4888250004 9500.0
639174.2946499999 3624463.712075 9500.0
638884.1753499999 3624870.935325 9500.0
638594.05605 3625278.1585750002 9500.0
638303.93675 3625685.381825 9500.0
638013.81745 3626092.6050750003 9500.0
645439.8153 3614807.4580249996 9500.0
645149.696 3615214.681275 9500.0
644859.5767 3615621.9045249997 9500.0
644569.4574000001 3616029.127775 9500.0
644279.3381 3616436.3510249997 9500.0
643989.2188 3616843.5742749996 9500.0
643699.0995 3617250.797525 9500.0
643408.9802 3617658.0207749996 9500.0
643118.8609000001 3618065.244025 9500.0
642828.7416000001 3618472.4672749997 9500.0
642538.6223 3618879.690525 9500.0
642248.503 3619286.913775 9500.0
641958.3837 3619694.1370249996 9500.0
641668.2644 3620101.360275 9500.0
641378.1451000001 3620508.5835249997 9500.0
641088.0258000001 3620915.806775 9500.0
640797.9065 3621323.0300249998 9500.0
640507.7872 3621730.2532749996 9500.0
640217.6679 3622137.476525 9500.0
639927.5486 3622544.6997749996 9500.0
639637.4293000001 3622951.923025 9500.0
639347.31 3623359.1462749997 9500.0
639057.1907 3623766.369525 9500.0
638767.0714 3624173.592775 9500.0
638476.9521 3624580.8160249996 9500.0
638186.8328000001 3624988.039275 9500.0
637896.7135000001 3625395.2625249997 9500.0
637606.5942 3625802.485775 9500.0
645032.59205 3614517.3387249997 9500.0
644742.47275 3614924.561975 9500.0
644452.3534499999 3615331.7852249998 9500.0
644162.23415 3615739.008475 9500.0
643872.11485 3616146.231725 9500.0
643581.99555 3616553.4549749997 9500.0
643291.87625 3616960.678225 9500.0
643001.75695 3617367.9014749997 9500.0
642711.63765 3617775.124725 9500.0
642421.51835 3618182.347975 9500.0
642131.39905 3618589.571225 9500.0
641841.27975 3618996.794475 9500.0
641551.16045 3619404.0177249997 9500.0
641261.04115 3619811.240975 9500.0
640970.92185 3620218.464225 9500.0
640680.80255 3620625.687475 9500.0
640390.68325 3621032.910725 9500.0
640100.56395 3621440.1339749997 9500.0
639810.44465 3621847.357225 9500.0
639520.3253499999 3622254.5804749997 9500.0
639230.20605 3622661.803725 9500.0
638940.08675 3623069.026975 9500.0
638649.96745 3623476.250225 9500.0
638359.84815 3623883.473475 9500.0
638069.72885 3624290.6967249997 9500.0
637779.60955 3624697.919975 9500.0
637489.49025 3625105.143225 9500.0
637199.37095 3625512.366475 9500.0
644625.3687999999 3614227.219425 9500.0
644335.2494999999 3614634.442675 9500.0
644045.1301999999 3615041.665925 9500.0
643755.0109 3615448.889175 9500.0
643464.8916 3615856.112425 9500.0
643174.7723 3616263.3356749997 9500.0
642884.6529999999 3616670.558925 9500.0
642594.5336999999 3617077.782175 9500.0
642304.4144 3617485.005425 9500.0
642014.2951 3617892.228675 9500.0
641724.1758 3618299.451925 9500.0
641434.0565 3618706.675175 9500.0
641143.9371999999 3619113.898425 9500.0
640853.8178999999 3619521.121675 9500.0
640563.6986 3619928.344925 9500.0
640273.5793 3620335.568175 9500.0
639983.46 3620742.791425 9500.0
639693.3407 3621150.0146749998 9500.0
639403.2213999999 3621557.237925 9500.0
639113.1020999999 3621964.461175 9500.0
638822.9828 3622371.684425 9500.0
638532.8635 3622778.907675 9500.0
638242.7442 3623186.130925 9500.0
637952.6248999999 3623593.354175 9500.0
637662.5055999999 3624000.577425 9500.0
637372.3863 3624407.800675 9500.0
637082.267 3624815.023925 9500.0
636792.1477 3625222.247175 9500.0
644218.14555 3613937.100125 9500.0
643928.02625 3614344.323375 9500.0
643637.90695 3614751.546625 9500.0
643347.7876500001 3615158.769875 9500.0
643057.66835 3615565.993125 9500.0
642767.54905 3615973.216375 9500.0
642477.42975 3616380.439625 9500.0
642187.31045 3616787.662875 9500.0
641897.1911500001 3617194.886125 9500.0
641607.0718500001 3617602.109375 9500.0
641316.95255 3618009.3326250003 9500.0
641026.83325 3618416.555875 9500.0
640736.71395 3618823.779125 9500.0
640446.59465 3619231.002375 9500.0
640156.4753500001 3619638.225625 9500.0
639866.3560500001 3620045.4488750002 9500.0
639576.23675 3620452.672125 9500.0
639286.11745 3620859.895375 9500.0
638995.99815 3621267.118625 9500.0
638705.87885 3621674.341875 9500.0
638415.7595500001 3622081.565125 9500.0
638125.64025 3622488.788375 9500.0
637835.52095 3622896.0116250003 9500.0
637545.40165 3623303.234875 9500.0
637255.28235 3623710.458125 9500.0
636965.1630500001 3624117.681375 9500.0
636675.0437500001 3624524.904625 9500.0
636384.92445 3624932.1278750002 9500.0
643810.9223 3613646.980825 9500.0
643520.803 3614054.2040750002 9500.0
643230.6836999999 3614461.427325 9500.0
642940.5644 3614868.6505750003 9500.0
642650.4451 3615275.873825 9500.0
642360.3258 3615683.097075 9500.0
642070.2065 3616090.320325 9500.0
641780.0872 3616497.543575 9500.0
641489.9679 3616904.7668250003 9500.0
641199.8486 3617311.990075 9500.0
640909.7293 3617719.2133250004 9500.0
640619.61 3618126.436575 9500.0
640329.4907 3618533.659825 9500.0
640039.3714 3618940.8830750003 9500.0
639749.2521 3619348.106325 9500.0
639459.1328 3619755.3295750003 9500.0
639169.0135 3620162.552825 9500.0
638878.8942 3620569.776075 9500.0
638588.7749 3620976.999325 9500.0
638298.6555999999 3621384.222575 9500.0
638008.5363 3621791.4458250003 9500.0
637718.417 3622198.669075 9500.0
637428.2977 3622605.8923250004 9500.0
637138.1784 3623013.115575 9500.0
636848.0591 3623420.338825 9500.0
636557.9398 3623827.5620750003 9500.0
636267.8205 3624234.785325 9500.0
635977.7012 3624642.0085750003 9500.0
643403.6990499999 3613356.8615249996 9500.0
643113.5797499999 3613764.084775 9500.0
642823.4604499999 3614171.3080249997 9500.0
642533.34115 3614578.531275 9500.0
642243.22185 3614985.7545249998 9500.0
641953.10255 3615392.9777749996 9500.0
641662.9832499999 3615800.201025 9500.0
641372.8639499999 3616207.4242749996 9500.0
641082.74465 3616614.647525 9500.0
640792.62535 3617021.8707749997 9500.0
640502.50605 3617429.094025 9500.0
640212.38675 3617836.317275 9500.0
639922.2674499999 3618243.5405249996 9500.0
639632.1481499999 3618650.763775 9500.0
639342.02885 3619057.9870249997 9500.0
639051.90955 3619465.210275 9500.0
638761.79025 3619872.433525 9500.0
638471.6709499999 3620279.6567749996 9500.0
638181.5516499999 3620686.880025 9500.0
637891.4323499999 3621094.1032749997 9500.0
637601.31305 3621501.326525 9500.0
637311.19375 3621908.5497749997 9500.0
637021.07445 3622315.773025 9500.0
636730.9551499999 3622722.996275 9500.0
636440.8358499999 3623130.2195249996 9500.0
636150.71655 3623537.442775 9500.0
635860.59725 3623944.6660249997 9500.0
635570.47795 3624351.889275 9500.0
642996.4758 3613066.7422249997 9500.0
642706.3565 3613473.965475 9500.0
642416.2372 3613881.188725 9500.0
642126.1179000001 3614288.411975 9500.0
641835.9986 3614695.635225 9500.0
641545.8793 3615102.8584749997 9500.0
641255.76 3615510.081725 9500.0
640965.6407 3615917.3049749997 9500.0
640675.5214000001 3616324.528225 9500.0
640385.4021000001 3616731.751475 9500.0
640095.2828 3617138.974725 9500.0
639805.1635 3617546.197975 9500.0
639515.0442 3617953.4212249997 9500.0
639224.9249 3618360.644475 9500.0
638934.8056000001 3618767.867725 9500.0
638644.6863000001 3619175.090975 9500.0
638354.567 3619582.314225 9500.0
638064.4477 3619989.5374749997 9500.0
637774.3284 3620396.760725 9500.0
637484.2091 3620803.9839749997 9500.0
637194.0898000001 3621211.207225 9500.0
636903.9705 3621618.430475 9500.0
636613.8512 3622025.653725 9500.0
636323.7319 3622432.876975 9500.0
636033.6126 3622840.1002249997 9500.0
635743.4933000001 3623247.323475 9500.0
635453.3740000001 3623654.546725 9500.0
635163.2547 3624061.769975 9500.0
642589.25255 3612776.622925 9500.0
642299.13325 3613183.846175 9500.0
642009.0139499999 3613591.069425 9500.0
641718.89465 3613998.292675 9500.0
641428.77535 3614405.515925 9500.0
641138.65605 3614812.7391749998 9500.0
640848.53675 3615219.962425 9500.0
640558.41745 3615627.185675 9500.0
640268.29815 3616034.408925 9500.0
639978.17885 3616441.632175 9500.0
639688.05955 3616848.855425 9500.0
639397.94025 3617256.078675 9500.0
639107.82095 3617663.301925 9500.0
638817.70165 3618070.525175 9500.0
638527.58235 3618477.748425 9500.0
638237.46305 3618884.971675 9500.0
637947.34375 3619292.194925 9500.0
637657.22445 3619699.4181749998 9500.0
637367.10515 3620106.641425 9500.0
637076.9858499999 3620513.864675 9500.0
636786.86655 3620921.087925 9500.0
636496.74725 3621328.311175 9500.0
636206.62795 3621735.534425 9500.0
635916.50865 3622142.757675 9500.0
635626.38935 3622549.980925 9500.0
635336.27005 3622957.204175 9500.0
635046.15075 3623364.427425 9500.0
634756.03145 3623771.650675 9500.0
642182.0292999999 3612486.503625 9500.0
641891.9099999999 3612893.726875 9500.0
641601.7906999999 3613300.950125 9500.0
641311.6714 3613708.1733750002 9500.0
641021.5521 3614115.396625 9500.0
640731.4328 3614522.619875 9500.0
640441.3134999999 3614929.843125 9500.0
640151.1941999999 3615337.066375 9500.0
639861.0749 3615744.289625 9500.0
639570.9556 3616151.512875 9500.0
639280.8363 3616558.7361250003 9500.0
638990.717 3616965.959375 9500.0
638700.5976999999 3617373.182625 9500.0
638410.4783999999 3617780.405875 9500.0
638120.3591 3618187.629125 9500.0
637830.2398 3618594.8523750002 9500.0
637540.1205 3619002.075625 9500.0
637250.0011999999 3619409.298875 9500.0
636959.8818999999 3619816.522125 9500.0
636669.7625999999 3620223.745375 9500.0
636379.6433 3620630.968625 9500.0
636089.524 3621038.191875 9500.0
635799.4047 3621445.4151250003 9500.0
635509.2853999999 3621852.638375 9500.0
635219.1660999999 3622259.861625 9500.0
634929.0468 3622667.084875 9500.0
634638.9275 3623074.308125 9500.0
634348.8082 3623481.5313750003 9500.0
641774.80605 3612196.384325 9500.0
641484.68675 3612603.6075750003 9500.0
641194.56745 3613010.830825 9500.0
640904.4481500001 3613418.0540750003 9500.0
640614.32885 3613825.277325 9500.0
640324.20955 3614232.500575 9500.0
640034.09025 3614639.723825 9500.0
639743.97095 3615046.947075 9500.0
639453.8516500001 3615454.1703250003 9500.0
639163.7323500001 3615861.393575 9500.0
638873.61305 3616268.6168250004 9500.0
638583.49375 3616675.840075 9500.0
638293.37445 3617083.063325 9500.0
638003.25515 3617490.2865750003 9500.0
637713.1358500001 3617897.509825 9500.0
637423.0165500001 3618304.7330750003 9500.0
637132.89725 3618711.956325 9500.0
636842.77795 3619119.179575 9500.0
636552.65865 3619526.402825 9500.0
636262.53935 3619933.626075 9500.0
635972.4200500001 3620340.8493250003 9500.0
635682.30075 3620748.072575 9500.0
635392.18145 3621155.2958250004 9500.0
635102.06215 3621562.519075 9500.0
634811.94285 3621969.742325 9500.0
634521.8235500001 3622376.9655750003 9500.0
634231.7042500001 3622784.188825 9500.0
633941.58495 3623191.4120750003 9500.0
641367.5828 3611906.2650249996 9500.0
641077.4635 3612313.488275 9500.0
640787.3441999999 3612720.7115249997 9500.0
640497.2249 3613127.934775 9500.0
640207.1056 3613535.158025 9500.0
639916.9863 3613942.3812749996 9500.0
639626.867 3614349.604525 9500.0
639336.7477 3614756.8277749997 9500.0
639046.6284 3615164.051025 9500.0
638756.5091 3615571.2742749997 9500.0
638466.3898 3615978.497525 9500.0
638176.2705 3616385.720775 9500.0
637886.1512 3616792.9440249996 9500.0
637596.0319 3617200.167275 9500.0
637305.9126 3617607.3905249997 9500.0
637015.7933 3618014.613775 9500.0
636725.674 3618421.837025 9500.0
636435.5547 3618829.0602749996 9500.0
636145.4354 3619236.283525 9500.0
635855.3160999999 3619643.5067749997 9500.0
635565.1968 3620050.730025 9500.0
635275.0775 3620457.9532749997 9500.0
634984.9582 3620865.176525 9500.0
634694.8389 3621272.399775 9500.0
634404.7196 3621679.6230249996 9500.0
634114.6003 3622086.846275 9500.0
633824.481 3622494.0695249997 9500.0
633534.3617 3622901.292775 9500.0
652362.61055 3619739.486125 10000.0
652072.49125 3620146.709375 10000.0
651782.37195 3620553.932625 10000.0
651492.25265 3620961.155875 10000.0
651202.13335 3621368.379125 10000.0
650912.01405 3621775.602375 10000.0
650621.89475 3622182.825625 10000.0
650331.77545 3622590.048875 10000.0
650041.65615 3622997.272125 10000.0
649751.53685 3623404.495375 10000.0
649461.41755 3623811.718625 10000.0
649171.29825 3624218.941875 10000.0
648881.17895 3624626.165125 10000.0
648591.05965 3625033.388375 10000.0
648300.94035 3625440.611625 10000.0
648010.82105 3625847.834875 10000.0
647720.70175 3626255.058125 10000.0
647430.58245 3626662.281375 10000.0
647140.46315 3627069.504625 10000.0
646850.34385 3627476.727875 10000.0
646560.22455 3627883.951125 10000.0
646270.10525 3628291.174375 10000.0
645979.98595 3628698.397625 10000.0
645689.86665 3629105.620875 10000.0
645399.74735 3629512.844125 10000.0
645109.62805 3629920.067375 10000.0
644819.50875 3630327.290625 10000.0
644529.38945 3630734.513875 10000.0
651955.3873 3619449.366825 10000.0
651665.2679999999 3619856.590075 10000.0
651375.1486999999 3620263.813325 10000.0
651085.0294 3620671.0365750003 10000.0
650794.9101 3621078.259825 10000.0
650504.7908 3621485.483075 10000.0
650214.6714999999 3621892.706325 10000.0
649924.5521999999 3622299.929575 10000.0
649634.4329 3622707.152825 10000.0
649344.3136 3623114.376075 10000.0
649054.1943 3623521.5993250003 10000.0
648764.075 3623928.822575 10000.0
648473.9556999999 3624336.045825 10000.0
648183.8363999999 3624743.269075 10000.0
647893.7171 3625150.492325 10000.0
647603.5978 3625557.7155750003 10000.0
647313.4785 3625964.938825 10000.0
647023.3592 3626372.162075 10000.0
646733.2398999999 3626779.385325 10000.0
646443.1205999999 3627186.608575 10000.0
646153.0013 3627593.8318250002 10000.0
645862.882 3628001.055075 10000.0
645572.7627 3628408.2783250003 10000.0
645282.6434 3628815.501575 10000.0
644992.5240999999 3629222.724825 10000.0
644702.4048 3629629.948075 10000.0
644412.2855 3630037.171325 10000.0
644122.1662 3630444.3945750003 10000.0
651548.16405 3619159.247525 10000.0
651258.04475 3619566.4707750003 10000.0
650967.92545 3619973.694025 10000.0
650677.8061500001 3620380.9172750004 10000.0
650387.68685 3620788.140525 10000.0
650097.56755 3621195.363775 10000.0
649807.44825 3621602.5870250002 10000.0
649517.32895 3622009.810275 10000.0
649227.2096500001 3622417.0335250003 10000.0
648937.0903500001 3622824.256775 10000.0
648646.97105 3623231.4800250004 10000.0
648356.85175 3623638.703275 10000.0
648066.73245 3624045.926525 10000.0
647776.61315 3624453.1497750003 10000.0
647486.4938500001 3624860.373025 10000.0
647196.3745500001 3625267.5962750004 10000.0
646906.25525 3625674.819525 10000.0
646616.13595 3626082.042775 10000.0
646326.01665 3626489.2660250003 10000.0
646035.89735 3626896.489275 10000.0
645745.7780500001 3627303.7125250003 10000.0
645455.6587500001 3627710.935775 10000.0
645165.53945 3628118.1590250004 10000.0
644875.42015 3628525.382275 10000.0
644585.30085 3628932.605525 10000.0
644295.1815500001 3629339.8287750003 10000.0
644005.0622500001 3629747.052025 10000.0
643714.94295 3630154.2752750004 10000.0
651140.9408 3618869.1282249996 10000.0
650850.8215 3619276.351475 10000.0
650560.7021999999 3619683.5747249997 10000.0
650270.5829 3620090.797975 10000.0
649980.4636 3620498.021225 10000.0
649690.3443 3620905.2444749996 10000.0
649400.225 3621312.467725 10000.0
649110.1057 3621719.6909749997 10000.0
648819.9864 3622126.914225 10000.0
648529.8671 3622534.1374749998 10000.0
648239.7478 3622941.360725 10000.0
647949.6285 3623348.583975 10000.0
647659.5092 3623755.8072249996 10000.0
647369.3899 3624163.030475 10000.0
647079.2706 3624570.2537249997 10000.0
646789.1513 3624977.476975 10000.0
646499.032 3625384.700225 10000.0
646208.9127 3625791.9234749996 10000.0
645918.7934 3626199.146725 10000.0
645628.6741 3626606.3699749997 10000.0
645338.5548 3627013.593225 10000.0
645048.4355 3627420.8164749998 10000.0
644758.3162 3627828.039725 10000.0
644468.1969 3628235.262975 10000.0
644178.0776 3628642.4862249997 10000.0
643887.9583 3629049.709475 10000.0
643597.839 3629456.9327249997 10000.0
643307.7197 3629864.155975 10000.0
650733.71755 3618579.0089249997 10000.0
650443.5982499999 3618986.232175 10000.0
650153.4789499999 3619393.455425 10000.0
649863.35965 3619800.678675 10000.0
649573.24035 3620207.901925 10000.0
649283.12105 3620615.1251749997 10000.0
648993.0017499999 3621022.348425 10000.0
648702.8824499999 3621429.571675 10000.0
648412.76315 3621836.794925 10000.0
648122.64385 3622244.018175 10000.0
647832.52455 3622651.241425 10000.0
647542.40525 3623058.464675 10000.0
647252.2859499999 3623465.6879249997 10000.0
646962.1666499999 3623872.911175 10000.0
646672.04735 3624280.134425 10000.0
646381.92805 3624687.357675 10000.0
646091.80875 3625094.580925 10000.0
645801.68945 3625501.8041749997 10000.0
645511.5701499999 3625909.027425 10000.0
645221.4508499999 3626316.250675 10000.0
644931.33155 3626723.473925 10000.0
644641.21225 3627130.697175 10000.0
644351.09295 3627537.920425 10000.0
644060.9736499999 3627945.143675 10000.0
643770.8543499999 3628352.3669249997 10000.0
643480.73505 3628759.590175 10000.0
643190.61575 3629166.813425 10000.0
642900.49645 3629574.036675 10000.0
650326.4943 3618288.889625 10000.0
650036.375 3618696.112875 10000.0
649746.2557 3619103.336125 10000.0
649456.1364000001 3619510.559375 10000.0
649166.0171 3619917.782625 10000.0
648875.8978 3620325.005875 10000.0
648585.7785 3620732.229125 10000.0
648295.6592 3621139.452375 10000.0
648005.5399000001 3621546.675625 10000.0
647715.4206000001 3621953.898875 10000.0
647425.3013 3622361.122125 10000.0
647135.182 3622768.345375 10000.0
646845.0627 3623175.568625 10000.0
646554.9434 3623582.791875 10000.0
646264.8241000001 3623990.015125 10000.0
645974.7048000001 3624397.238375 10000.0
645684.5855 3624804.461625 10000.0
645394.4662 3625211.684875 10000.0
645104.3469 3625618.908125 10000.0
644814.2276 3626026.131375 10000.0
644524.1083000001 3626433.354625 10000.0
644233.9890000001 3626840.577875 10000.0
643943.8697 3627247.801125 10000.0
643653.7504 3627655.024375 10000.0
643363.6311 3628062.247625 10000.0
643073.5118000001 3628469.470875 10000.0
642783.3925000001 3628876.694125 10000.0
642493.2732 3629283.917375 10000.0
649919.27105 3617998.770325 10000.0
649629.15175 3618405.993575 10000.0
649339.0324499999 3618813.216825 10000.0
649048.91315 3619220.4400750003 10000.0
648758.79385 3619627.663325 10000.0
648468.67455 3620034.886575 10000.0
648178.55525 3620442.109825 10000.0
647888.43595 3620849.333075 10000.0
647598.31665 3621256.5563250002 10000.0
647308.19735 3621663.779575 10000.0
647018.07805 3622071.0028250003 10000.0
646727.95875 3622478.226075 10000.0
646437.83945 3622885.449325 10000.0
646147.72015 3623292.672575 10000.0
645857.60085 3623699.895825 10000.0
645567.48155 3624107.1190750003 10000.0
645277.36225 3624514.342325 10000.0
644987.24295 3624921.565575 10000.0
644697.12365 3625328.788825 10000.0
644407.00435 3625736.012075 10000.0
644116.88505 3626143.2353250002 10000.0
643826.76575 3626550.458575 10000.0
643536.64645 3626957.6818250003 10000.0
643246.52715 3627364.905075 10000.0
642956.40785 3627772.128325 10000.0
642666.28855 3628179.351575 10000.0
642376.16925 3628586.574825 10000.0
642086.04995 3628993.7980750003 10000.0
649512.0478 3617708.651025 10000.0
649221.9284999999 3618115.8742750003 10000.0
648931.8091999999 3618523.097525 10000.0
648641.6899 3618930.3207750004 10000.0
648351.5706 3619337.544025 10000.0
648061.4513 3619744.767275 10000.0
647771.3319999999 3620151.9905250003 10000.0
647481.2126999999 3620559.213775 10000.0
647191.0934 3620966.4370250003 10000.0
646900.9741 3621373.660275 10000.0
646610.8548 3621780.8835250004 10000.0
646320.7355 3622188.106775 10000.0
646030.6161999999 3622595.330025 10000.0
645740.4968999999 3623002.5532750003 10000.0
645450.3776 3623409.776525 10000.0
645160.2583 3623816.9997750004 10000.0
644870.139 3624224.223025 10000.0
644580.0197 3624631.446275 10000.0
644289.9003999999 3625038.6695250003 10000.0
643999.7810999999 3625445.892775 10000.0
643709.6618 3625853.1160250003 10000.0
643419.5425 3626260.339275 10000.0
643129.4232 3626667.5625250004 10000.0
642839.3038999999 3627074.785775 10000.0
642549.1845999999 3627482.009025 10000.0
642259.0653 3627889.2322750003 10000.0
641968.946 3628296.455525 10000.0
641678.8267 3628703.6787750004 10000.0
649104.82455 3617418.5317249997 10000.0
648814.70525 3617825.754975 10000.0
648524.58595 3618232.9782249997 10000.0
648234.4666500001 3618640.201475 10000.0
647944.34735 3619047.424725 10000.0
647654.22805 3619454.6479749996 10000.0
647364.10875 3619861.871225 10000.0
647073.98945 3620269.0944749997 10000.0
646783.8701500001 3620676.317725 10000.0
646493.7508500001 3621083.540975 10000.0
646203.63155 3621490.764225 10000.0
645913.51225 3621897.987475 10000.0
645623.39295 3622305.2107249997 10000.0
645333.27365 3622712.433975 10000.0
645043.1543500001 3623119.6572249997 10000.0
644753.0350500001 3623526.880475 10000.0
644462.91575 3623934.103725 10000.0
644172.79645 3624341.3269749996 10000.0
643882.67715 3624748.550225 10000.0
643592.55785 3625155.7734749997 10000.0
643302.4385500001 3625562.996725 10000.0
643012.3192500001 3625970.219975 10000.0
642722.19995 3626377.443225 10000.0
642432.08065 3626784.666475 10000.0
642141.96135 3627191.8897249997 10000.0
641851.8420500001 3627599.112975 10000.0
641561.7227500001 3628006.3362249997 10000.0
641271.60345 3628413.559475 10000.0
648697.6013 3617128.4124249998 10000.0
648407.482 3617535.635675 10000.0
648117.3626999999 3617942.858925 10000.0
647827.2434 3618350.082175 10000.0
647537.1241 3618757.305425 10000.0
647247.0048 3619164.5286749997 10000.0
646956.8855 3619571.751925 10000.0
646666.7662 3619978.975175 10000.0
646376.6469 3620386.198425 10000.0
646086.5276 3620793.421675 10000.0
645796.4083 3621200.644925 10000.0
645506.289 3621607.868175 10000.0
645216.1697 3622015.0914249998 10000.0
644926.0504 3622422.314675 10000.0
644635.9311 3622829.537925 10000.0
644345.8118 3623236.761175 10000.0
644055.6925 3623643.984425 10000.0
643765.5732 3624051.2076749997 10000.0
643475.4539 3624458.430925 10000.0
643185.3346 3624865.654175 10000.0
642895.2153 3625272.877425 10000.0
642605.096 3625680.100675 10000.0
642314.9767 3626087.323925 10000.0
642024.8574 3626494.547175 10000.0
641734.7381 3626901.7704249998 10000.0
641444.6188 3627308.993675 10000.0
641154.4995 3627716.216925 10000.0
640864.3802 3628123.440175 10000.0
648290.3780499999 3616838.293125 10000.0
648000.2587499999 3617245.516375 10000.0
647710.1394499999 3617652.739625 10000.0
647420.02015 3618059.962875 10000.0
647129.90085 3618467.186125 10000.0
646839.78155 3618874.409375 10000.0
646549.6622499999 3619281.632625 10000.0
646259.5429499999 3619688.855875 10000.0
645969.42365 3620096.079125 10000.0
645679.30435 3620503.302375 10000.0
645389.18505 3620910.5256250002 10000.0
645099.06575 3621317.748875 10000.0
644808.9464499999 3621724.972125 10000.0
644518.8271499999 3622132.195375 10000.0
644228.70785 3622539.418625 10000.0
643938.58855 3622946.641875 10000.0
643648.46925 3623353.865125 10000.0
643358.34995 3623761.088375 10000.0
643068.2306499999 3624168.311625 10000.0
642778.1113499999 3624575.534875 10000.0
642487.99205 3624982.758125 10000.0
642197.87275 3625389.981375 10000.0
641907.75345 3625797.2046250002 10000.0
641617.6341499999 3626204.427875 10000.0
641327.5148499999 3626611.651125 10000.0
641037.39555 3627018.874375 10000.0
640747.27625 3627426.097625 10000.0
640457.15695 3627833.320875 10000.0
647883.1548 3616548.173825 10000.0
647593.0355 3616955.397075 10000.0
647302.9162 3617362.620325 10000.0
647012.7969000001 3617769.8435750003 10000.0
646722.6776 3618177.066825 10000.0
646432.5583 3618584.290075 10000.0
646142.439 3618991.513325 10000.0
645852.3197 3619398.736575 10000.0
645562.2004000001 3619805.9598250003 10000.0
645272.0811000001 3620213.183075 10000.0
644981.9618 3620620.4063250003 10000.0
644691.8425 3621027.629575 10000.0
644401.7232 3621434.852825 10000.0
644111.6039 3621842.076075 10000.0
643821.4846000001 3622249.299325 10000.0
643531.3653000001 3622656.5225750003 10000.0
643241.246 3623063.745825 10000.0
642951.1267 3623470.969075 10000.0
642661.0074 3623878.192325 10000.0
642370.8881 3624285.415575 10000.0
642080.7688000001 3624692.6388250003 10000.0
641790.6495 3625099.862075 10000.0
641500.5302 3625507.0853250003 10000.0
641210.4109 3625914.308575 10000.0
640920.2916 3626321.531825 10000.0
640630.1723000001 3626728.755075 10000.0
640340.0530000001 3627135.978325 10000.0
640049.9337 3627543.2015750003 10000.0
647475.93155 3616258.054525 10000.0
647185.81225 3616665.2777750003 10000.0
646895.6929499999 3617072.501025 10000.0
646605.57365 3617479.7242750004 10000.0
646315.45435 3617886.947525 10000.0
646025.33505 3618294.170775 10000.0
645735.21575 3618701.3940250003 10000.0
645445.09645 3619108.617275 10000.0
645154.97715 3619515.8405250004 10000.0
644864.85785 3619923.063775 10000.0
644574.73855 3620330.2870250004 10000.0
644284.61925 3620737.5102750002 10000.0
643994.49995 3621144.733525 10000.0
643704.38065 3621551.9567750003 10000.0
643414.26135 3621959.180025 10000.0
643124.14205 3622366.4032750004 10000.0
642834.02275 3622773.626525 10000.0
642543.90345 3623180.849775 10000.0
642253.78415 3623588.0730250003 10000.0
641963.66485 3623995.296275 10000.0
641673.54555 3624402.5195250004 10000.0
641383.42625 3624809.742775 10000.0
641093.30695 3625216.9660250004 10000.0
640803.18765 3625624.1892750002 10000.0
640513.06835 3626031.412525 10000.0
640222.94905 3626438.6357750003 10000.0
639932.82975 3626845.859025 10000.0
639642.71045 3627253.0822750004 10000.0
647068.7082999999 3615967.9352249997 10000.0
646778.5889999999 3616375.158475 10000.0
646488.4696999999 3616782.3817249998 10000.0
646198.3504 3617189.604975 10000.0
645908.2311 3617596.828225 10000.0
645618.1118 3618004.0514749996 10000.0
645327.9924999999 3618411.274725 10000.0
645037.8731999999 3618818.4979749997 10000.0
644747.7539 3619225.721225 10000.0
644457.6346 3619632.944475 10000.0
644167.5153 3620040.167725 10000.0
643877.396 3620447.390975 10000.0
643587.2766999999 3620854.6142249997 10000.0
643297.1573999999 3621261.837475 10000.0
643007.0381 3621669.0607249998 10000.0
642716.9188 3622076.283975 10000.0
642426.7995 3622483.507225 10000.0
642136.6802 3622890.7304749996 10000.0
641846.5608999999 3623297.953725 10000.0
641556.4415999999 3623705.1769749997 10000.0
641266.3223 3624112.400225 10000.0
640976.203 3624519.623475 10000.0
640686.0837 3624926.846725 10000.0
640395.9643999999 3625334.069975 10000.0
640105.8450999999 3625741.2932249997 10000.0
639815.7258 3626148.516475 10000.0
639525.6065 3626555.7397249998 10000.0
639235.4872 3626962.962975 10000.0
646661.48505 3615677.815925 10000.0
646371.36575 3616085.039175 10000.0
646081.24645 3616492.262425 10000.0
645791.1271500001 3616899.485675 10000.0
645501.00785 3617306.708925 10000.0
645210.88855 3617713.9321749997 10000.0
644920.76925 3618121.155425 10000.0
644630.64995 3618528.378675 10000.0
644340.5306500001 3618935.601925 10000.0
644050.4113500001 3619342.825175 10000.0
643760.29205 3619750.048425 10000.0
643470.17275 3620157.271675 10000.0
643180.05345 3620564.494925 10000.0
642889.93415 3620971.718175 10000.0
642599.8148500001 3621378.941425 10000.0
642309.6955500001 3621786.164675 10000.0
642019.57625 3622193.387925 10000.0
641729.45695 3622600.6111749997 10000.0
641439.33765 3623007.834425 10000.0
641149.21835 3623415.057675 10000.0
640859.0990500001 3623822.280925 10000.0
640568.97975 3624229.504175 10000.0
640278.86045 3624636.727425 10000.0
639988.74115 3625043.950675 10000.0
639698.62185 3625451.173925 10000.0
639408.5025500001 3625858.397175 10000.0
639118.3832500001 3626265.620425 10000.0
638828.26395 3626672.843675 10000.0
646254.2618 3615387.696625 10000.0
645964.1425 3615794.919875 10000.0
645674.0231999999 3616202.143125 10000.0
645383.9039 3616609.366375 10000.0
645093.7846 3617016.589625 10000.0
644803.6653 3617423.812875 10000.0
644513.546 3617831.036125 10000.0
644223.4267 3618238.259375 10000.0
643933.3074 3618645.482625 10000.0
643643.1881 3619052.705875 10000.0
643353.0688 3619459.9291250003 10000.0
643062.9495 3619867.152375 10000.0
642772.8302 3620274.375625 10000.0
642482.7109 3620681.598875 10000.0
642192.5916 3621088.822125 10000.0
641902.4723 3621496.045375 10000.0
641612.353 3621903.268625 10000.0
641322.2337 3622310.491875 10000.0
641032.1144 3622717.715125 10000.0
640741.9951 3623124.938375 10000.0
640451.8758 3623532.161625 10000.0
640161.7565 3623939.384875 10000.0
639871.6372 3624346.6081250003 10000.0
639581.5179 3624753.831375 10000.0
639291.3986 3625161.054625 10000.0
639001.2793 3625568.277875 10000.0
638711.16 3625975.501125 10000.0
638421.0407 3626382.724375 10000.0
645847.0385499999 3615097.577325 10000.0
645556.9192499999 3615504.8005750002 10000.0
645266.7999499999 3615912.023825 10000.0
644976.68065 3616319.2470750003 10000.0
644686.56135 3616726.470325 10000.0
644396.44205 3617133.693575 10000.0
644106.3227499999 3617540.916825 10000.0
643816.2034499999 3617948.140075 10000.0
643526.08415 3618355.3633250003 10000.0
643235.96485 3618762.586575 10000.0
642945.84555 3619169.8098250004 10000.0
642655.72625 3619577.033075 10000.0
642365.6069499999 3619984.256325 10000.0
642075.4876499999 3620391.4795750002 10000.0
641785.36835 3620798.702825 10000.0
641495.24905 3621205.9260750003 10000.0
641205.12975 3621613.149325 10000.0
640915.01045 3622020.372575 10000.0
640624.8911499999 3622427.595825 10000.0
640334.7718499999 3622834.819075 10000.0
640044.65255 3623242.0423250003 10000.0
639754.53325 3623649.265575 10000.0
639464.41395 3624056.4888250004 10000.0
639174.2946499999 3624463.712075 10000.0
638884.1753499999 3624870.935325 10000.0
638594.05605 3625278.1585750002 10000.0
638303.93675 3625685.381825 10000.0
638013.81745 3626092.6050750003 10000.0
645439.8153 3614807.4580249996 10000.0
645149.696 3615214.681275 10000.0
644859.5767 3615621.9045249997 10000.0
644569.4574000001 3616029.127775 10000.0
644279.3381 3616436.3510249997 10000.0
643989.2188 3616843.5742749996 10000.0
643699.0995 3617250.797525 10000.0
643408.9802 3617658.0207749996 10000.0
643118.8609000001 3618065.244025 10000.0
642828.7416000001 3618472.4672749997 10000.0
642538.6223 3618879.690525 10000.0
642248.503 3619286.913775 10000.0
641958.3837 3619694.1370249996 10000.0
641668.2644 3620101.360275 10000.0
641378.1451000001 3620508.5835249997 10000.0
641088.0258000001 3620915.806775 10000.0
640797.9065 3621323.0300249998 10000.0
640507.7872 3621730.2532749996 10000.0
640217.6679 3622137.476525 10000.0
639927.5486 3622544.6997749996 10000.0
639637.4293000001 3622951.923025 10000.0
639347.31 3623359.1462749997 10000.0
639057.1907 3623766.369525 10000.0
638767.0714 3624173.592775 10000.0
638476.9521 3624580.8160249996 10000.0
638186.8328000001 3624988.039275 10000.0
637896.7135000001 3625395.2625249997 10000.0
637606.5942 3625802.485775 10000.0
645032.59205 3614517.3387249997 10000.0
644742.47275 3614924.561975 10000.0
644452.3534499999 3615331.7852249998 10000.0
644162.23415 3615739.008475 10000.0
643872.11485 3616146.231725 10000.0
643581.99555 3616553.4549749997 10000.0
643291.87625 3616960.678225 10000.0
643001.75695 3617367.9014749997 10000.0
642711.63765 3617775.124725 10000.0
642421.51835 3618182.347975 10000.0
642131.39905 3618589.571225 10000.0
641841.27975 3618996.794475 10000.0
641551.16045 3619404.0177249997 10000.0
641261.04115 3619811.240975 10000.0
640970.92185 3620218.464225 10000.0
640680.80255 3620625.687475 10000.0
640390.68325 3621032.910725 10000.0
640100.56395 3621440.1339749997 10000.0
639810.44465 3621847.357225 10000.0
639520.3253499999 3622254.5804749997 10000.0
639230.20605 3622661.803725 10000.0
638940.08675 3623069.026975 10000.0
638649.96745 3623476.250225 10000.0
638359.84815 3623883.473475 10000.0
638069.72885 3624290.6967249997 10000.0
637779.60955 3624697.919975 10000.0
637489.49025 3625105.143225 10000.0
637199.37095 3625512.366475 10000.0
644625.3687999999 3614227.219425 10000.0
644335.2494999999 3614634.442675 10000.0
644045.1301999999 3615041.665925 10000.0
643755.0109 3615448.889175 10000.0
643464.8916 3615856.112425 10000.0
643174.7723 3616263.3356749997 10000.0
642884.6529999999 3616670.558925 10000.0
642594.5336999999 3617077.782175 10000.0
642304.4144 3617485.005425 10000.0
642014.2951 3617892.228675 10000.0
641724.1758 3618299.451925 10000.0
641434.0565 3618706.675175 10000.0
641143.9371999999 3619113.898425 10000.0
640853.8178999999 3619521.121675 10000.0
640563.6986 3619928.344925 10000.0
640273.5793 3620335.568175 10000.0
639983.46 3620742.791425 10000.0
639693.3407 3621150.0146749998 10000.0
639403.2213999999 3621557.237925 10000.0
639113.1020999999 3621964.461175 10000.0
638822.9828 3622371.684425 10000.0
638532.8635 3622778.907675 10000.0
638242.7442 3623186.130925 10000.0
637952.6248999999 3623593.354175 10000.0
637662.5055999999 3624000.577425 10000.0
637372.3863 3624407.800675 10000.0
637082.267 3624815.023925 10000.0
636792.1477 3625222.247175 10000.0
644218.14555 3613937.100125 10000.0
643928.02625 3614344.323375 10000.0
643637.90695 3614751.546625 10000.0
643347.7876500001 3615158.769875 10000.0
643057.66835 3615565.993125 10000.0
642767.54905 3615973.216375 10000.0
642477.42975 3616380.439625 10000.0
642187.31045 3616787.662875 10000.0
641897.1911500001 3617194.886125 10000.0
641607.0718500001 3617602.109375 10000.0
641316.95255 3618009.3326250003 10000.0
641026.83325 3618416.555875 10000.0
640736.71395 3618823.779125 10000.0
640446.59465 3619231.002375 10000.0
640156.4753500001 3619638.225625 10000.0
639866.3560500001 3620045.4488750002 10000.0
639576.23675 3620452.672125 10000.0
639286.11745 3620859.895375 10000.0
638995.99815 3621267.118625 10000.0
638705.87885 3621674.341875 10000.0
638415.7595500001 3622081.565125 10000.0
638125.64025 3622488.788375 10000.0
637835.52095 3622896.0116250003 10000.0
637545.40165 3623303.234875 10000.0
637255.28235 3623710.458125 10000.0
636965.1630500001 3624117.681375 10000.0
636675.0437500001 3624524.904625 10000.0
636384.92445 3624932.1278750002 10000.0
643810.9223 3613646.980825 10000.0
643520.803 3614054.2040750002 10000.0
643230.6836999999 3614461.427325 10000.0
642940.5644 3614868.6505750003 10000.0
642650.4451 3615275.873825 10000.0
642360.3258 3615683.097075 10000.0
642070.2065 3616090.320325 10000.0
641780.0872 3616497.543575 10000.0
641489.9679 3616904.7668250003 10000.0
641199.8486 3617311.990075 10000.0
640909.7293 3617719.2133250004 10000.0
640619.61 3618126.436575 10000.0
640329.4907 3618533.659825 10000.0
640039.3714 3618940.8830750003 10000.0
639749.2521 3619348.106325 10000.0
639459.1328 3619755.3295750003 10000.0
639169.0135 3620162.552825 10000.0
638878.8942 3620569.776075 10000.0
638588.7749 3620976.999325 10000.0
638298.6555999999 3621384.222575 10000.0
638008.5363 3621791.4458250003 10000.0
637718.417 3622198.669075 10000.0
637428.2977 3622605.8923250004 10000.0
637138.1784 3623013.115575 10000.0
636848.0591 3623420.338825 10000.0
636557.9398 3623827.5620750003 10000.0
636267.8205 3624234.785325 10000.0
635977.7012 3624642.0085750003 10000.0
643403.6990499999 3613356.8615249996 10000.0
643113.5797499999 3613764.084775 10000.0
642823.4604499999 3614171.3080249997 10000.0
642533.34115 3614578.531275 10000.0
642243.22185 3614985.7545249998 10000.0
641953.10255 3615392.9777749996 10000.0
641662.9832499999 3615800.201025 10000.0
641372.8639499999 3616207.4242749996 10000.0
641082.74465 3616614.647525 10000.0
640792.62535 3617021.8707749997 10000.0
640502.50605 3617429.094025 10000.0
640212.38675 3617836.317275 10000.0
639922.2674499999 3618243.5405249996 10000.0
639632.1481499999 3618650.763775 10000.0
639342.02885 3619057.9870249997 10000.0
639051.90955 3619465.210275 10000.0
638761.79025 3619872.433525 10000.0
638471.6709499999 3620279.6567749996 10000.0
638181.5516499999 3620686.880025 10000.0
637891.4323499999 3621094.1032749997 10000.0
637601.31305 3621501.326525 10000.0
637311.19375 3621908.5497749997 10000.0
637021.07445 3622315.773025 10000.0
636730.9551499999 3622722.996275 10000.0
636440.8358499999 3623130.2195249996 10000.0
636150.71655 3623537.442775 10000.0
635860.59725 3623944.6660249997 10000.0
635570.47795 3624351.889275 10000.0
642996.4758 3613066.7422249997 10000.0
642706.3565 3613473.965475 10000.0
642416.2372 3613881.188725 10000.0
642126.1179000001 3614288.411975 10000.0
641835.9986 3614695.635225 10000.0
641545.8793 3615102.8584749997 10000.0
641255.76 3615510.081725 10000.0
640965.6407 3615917.3049749997 10000.0
640675.5214000001 3616324.528225 10000.0
640385.4021000001 3616731.751475 10000.0
640095.2828 3617138.974725 10000.0
639805.1635 3617546.197975 10000.0
639515.0442 3617953.4212249997 10000.0
639224.9249 3618360.644475 10000.0
638934.8056000001 3618767.867725 10000.0
638644.6863000001 3619175.090975 10000.0
638354.567 3619582.314225 10000.0
638064.4477 3619989.5374749997 10000.0
637774.3284 3620396.760725 10000.0
637484.2091 3620803.9839749997 10000.0
637194.0898000001 3621211.207225 10000.0
636903.9705 3621618.430475 10000.0
636613.8512 3622025.653725 10000.0
636323.7319 3622432.876975 10000.0
636033.6126 3622840.1002249997 10000.0
635743.4933000001 3623247.323475 10000.0
635453.3740000001 3623654.546725 10000.0
635163.2547 3624061.769975 10000.0
642589.25255 3612776.622925 10000.0
642299.13325 3613183.846175 10000.0
642009.0139499999 3613591.069425 10000.0
641718.89465 3613998.292675 10000.0
641428.77535 3614405.515925 10000.0
641138.65605 3614812.7391749998 10000.0
640848.53675 3615219.962425 10000.0
640558.41745 3615627.185675 10000.0
640268.29815 3616034.408925 10000.0
639978.17885 3616441.632175 10000.0
639688.05955 3616848.855425 10000.0
639397.94025 3617256.078675 10000.0
639107.82095 3617663.301925 10000.0
638817.70165 3618070.525175 10000.0
638527.58235 3618477.748425 10000.0
638237.46305 3618884.971675 10000.0
637947.34375 3619292.194925 10000.0
637657.22445 3619699.4181749998 10000.0
637367.10515 3620106.641425 10000.0
637076.9858499999 3620513.864675 10000.0
636786.86655 3620921.087925 10000.0
636496.74725 3621328.311175 10000.0
636206.62795 3621735.534425 10000.0
635916.50865 3622142.757675 10000.0
635626.38935 3622549.980925 10000.0
635336.27005 3622957.204175 10000.0
635046.15075 3623364.427425 10000.0
634756.03145 3623771.650675 10000.0
642182.0292999999 3612486.503625 10000.0
641891.9099999999 3612893.726875 10000.0
641601.7906999999 3613300.950125 10000.0
641311.6714 3613708.1733750002 10000.0
641021.5521 3614115.396625 10000.0
640731.4328 3614522.619875 10000.0
640441.3134999999 3614929.843125 10000.0
640151.1941999999 3615337.066375 10000.0
639861.0749 3615744.289625 10000.0
639570.9556 3616151.512875 10000.0
639280.8363 3616558.7361250003 10000.0
638990.717 3616965.959375 10000.0
638700.5976999999 3617373.182625 10000.0
638410.4783999999 3617780.405875 10000.0
638120.3591 3618187.629125 10000.0
637830.2398 3618594.8523750002 10000.0
637540.1205 3619002.075625 10000.0
637250.0011999999 3619409.298875 10000.0
636959.8818999999 3619816.522125 10000.0
636669.7625999999 3620223.745375 10000.0
636379.6433 3620630.968625 10000.0
636089.524 3621038.191875 10000.0
635799.4047 3621445.4151250003 10000.0
635509.2853999999 3621852.638375 10000.0
635219.1660999999 3622259.861625 10000.0
634929.0468 3622667.084875 10000.0
634638.9275 3623074.308125 10000.0
634348.8082 3623481.5313750003 10000.0
641774.80605 3612196.384325 10000.0
641484.68675 3612603.6075750003 10000.0
641194.56745 3613010.830825 10000.0
640904.4481500001 3613418.0540750003 10000.0
640614.32885 3613825.277325 10000.0
640324.20955 3614232.500575 10000.0
640034.09025 3614639.723825 10000.0
639743.97095 3615046.947075 10000.0
639453.8516500001 3615454.1703250003 10000.0
639163.7323500001 3615861.393575 10000.0
638873.61305 3616268.6168250004 10000.0
638583.49375 3616675.840075 10000.0
638293.37445 3617083.063325 10000.0
638003.25515 3617490.2865750003 10000.0
637713.1358500001 3617897.509825 10000.0
637423.0165500001 3618304.7330750003 10000.0
637132.89725 3618711.956325 10000.0
636842.77795 3619119.179575 10000.0
636552.65865 3619526.402825 10000.0
636262.53935 3619933.626075 10000.0
635972.4200500001 3620340.8493250003 10000.0
635682.30075 3620748.072575 10000.0
635392.18145 3621155.2958250004 10000.0
635102.06215 3621562.519075 10000.0
634811.94285 3621969.742325 10000.0
634521.8235500001 3622376.9655750003 10000.0
634231.7042500001 3622784.188825 10000.0
633941.58495 3623191.4120750003 10000.0
641367.5828 3611906.2650249996 10000.0
641077.4635 3612313.488275 10000.0
640787.3441999999 3612720.7115249997 10000.0
640497.2249 3613127.934775 10000.0
640207.1056 3613535.158025 10000.0
639916.9863 3613942.3812749996 10000.0
639626.867 3614349.604525 10000.0
639336.7477 3614756.8277749997 10000.0
639046.6284 3615164.051025 10000.0
638756.5091 3615571.2742749997 10000.0
638466.3898 3615978.497525 10000.0
638176.2705 3616385.720775 10000.0
637886.1512 3616792.9440249996 10000.0
637596.0319 3617200.167275 10000.0
637305.9126 3617607.3905249997 10000.0
637015.7933 3618014.613775 10000.0
636725.674 3618421.837025 10000.0
636435.5547 3618829.0602749996 10000.0
636145.4354 3619236.283525 10000.0
635855.3160999999 3619643.5067749997 10000.0
635565.1968 3620050.730025 10000.0
635275.0775 3620457.9532749997 10000.0
634984.9582 3620865.176525 10000.0
634694.8389 3621272.399775 10000.0
634404.7196 3621679.6230249996 10000.0
634114.6003 3622086.846275 10000.0
633824.481 3622494.0695249997 10000.0
633534.3617 3622901.292775 10000.0
652362.61055 3619739.486125 10500.0
652072.49125 3620146.709375 10500.0
651782.37195 3620553.932625 10500.0
651492.25265 3620961.155875 10500.0
651202.13335 3621368.379125 10500.0
650912.01405 3621775.602375 10500.0
650621.89475 3622182.825625 10500.0
650331.77545 3622590.048875 10500.0
650041.65615 3622997.272125 10500.0
649751.53685 3623404.495375 10500.0
649461.41755 3623811.718625 10500.0
649171.29825 3624218.941875 10500.0
648881.17895 3624626.165125 10500.0
648591.05965 3625033.388375 10500.0
648300.94035 3625440.611625 10500.0
648010.82105 3625847.834875 10500.0
647720.70175 3626255.058125 10500.0
647430.58245 3626662.281375 10500.0
647140.46315 3627069.504625 10500.0
646850.34385 3627476.727875 10500.0
646560.22455 3627883.951125 10500.0
646270.10525 3628291.174375 10500.0
645979.98595 3628698.397625 10500.0
645689.86665 3629105.620875 10500.0
645399.74735 3629512.844125 10500.0
645109.62805 3629920.067375 10500.0
644819.50875 3630327.290625 10500.0
644529.38945 3630734.513875 10500.0
651955.3873 3619449.366825 10500.0
651665.2679999999 3619856.590075 10500.0
651375.1486999999 3620263.813325 10500.0
651085.0294 3620671.0365750003 10500.0
650794.9101 3621078.259825 10500.0
650504.7908 3621485.483075 10500.0
650214.6714999999 3621892.706325 10500.0
649924.5521999999 3622299.929575 10500.0
649634.4329 3622707.152825 10500.0
649344.3136 3623114.376075 10500.0
649054.1943 3623521.5993250003 10500.0
648764.075 3623928.822575 10500.0
648473.9556999999 3624336.045825 10500.0
648183.8363999999 3624743.269075 10500.0
647893.7171 3625150.492325 10500.0
647603.5978 3625557.7155750003 10500.0
647313.4785 3625964.938825 10500.0
647023.3592 3626372.162075 10500.0
646733.2398999999 3626779.385325 10500.0
646443.1205999999 3627186.608575 10500.0
646153.0013 3627593.8318250002 10500.0
645862.882 3628001.055075 10500.0
645572.7627 3628408.2783250003 10500.0
645282.6434 3628815.501575 10500.0
644992.5240999999 3629222.724825 10500.0
644702.4048 3629629.948075 10500.0
644412.2855 3630037.171325 10500.0
644122.1662 3630444.3945750003 10500.0
651548.16405 3619159.247525 10500.0
651258.04475 3619566.4707750003 10500.0
650967.92545 3619973.694025 10500.0
650677.8061500001 3620380.9172750004 10500.0
650387.68685 3620788.140525 10500.0
650097.56755 3621195.363775 10500.0
649807.44825 3621602.5870250002 10500.0
649517.32895 3622009.810275 10500.0
649227.2096500001 3622417.0335250003 10500.0
648937.0903500001 3622824.256775 10500.0
648646.97105 3623231.4800250004 10500.0
648356.85175 3623638.703275 10500.0
648066.73245 3624045.926525 10500.0
647776.61315 3624453.1497750003 10500.0
647486.4938500001 3624860.373025 10500.0
647196.3745500001 3625267.5962750004 10500.0
646906.25525 3625674.819525 10500.0
646616.13595 3626082.042775 10500.0
646326.01665 3626489.2660250003 10500.0
646035.89735 3626896.489275 10500.0
645745.7780500001 3627303.7125250003 10500.0
645455.6587500001 3627710.935775 10500.0
645165.53945 3628118.1590250004 10500.0
644875.42015 3628525.382275 10500.0
644585.30085 3628932.605525 10500.0
644295.1815500001 3629339.8287750003 10500.0
644005.0622500001 3629747.052025 10500.0
643714.94295 3630154.2752750004 10500.0
651140.9408 3618869.1282249996 10500.0
650850.8215 3619276.351475 10500.0
650560.7021999999 3619683.5747249997 10500.0
650270.5829 3620090.797975 10500.0
649980.4636 3620498.021225 10500.0
649690.3443 3620905.2444749996 10500.0
649400.225 3621312.467725 10500.0
649110.1057 3621719.6909749997 10500.0
648819.9864 3622126.914225 10500.0
648529.8671 3622534.1374749998 10500.0
648239.7478 3622941.360725 10500.0
647949.6285 3623348.583975 10500.0
647659.5092 3623755.8072249996 10500.0
647369.3899 3624163.030475 10500.0
647079.2706 3624570.2537249997 10500.0
646789.1513 3624977.476975 10500.0
646499.032 3625384.700225 10500.0
646208.9127 3625791.9234749996 10500.0
645918.7934 3626199.146725 10500.0
645628.6741 3626606.3699749997 10500.0
645338.5548 3627013.593225 10500.0
645048.4355 3627420.8164749998 10500.0
644758.3162 3627828.039725 10500.0
644468.1969 3628235.262975 10500.0
644178.0776 3628642.4862249997 10500.0
643887.9583 3629049.709475 10500.0
643597.839 3629456.9327249997 10500.0
643307.7197 3629864.155975 10500.0
650733.71755 3618579.0089249997 10500.0
650443.5982499999 3618986.232175 10500.0
650153.4789499999 3619393.455425 10500.0
649863.35965 3619800.678675 10500.0
649573.24035 3620207.901925 10500.0
649283.12105 3620615.1251749997 10500.0
648993.0017499999 3621022.348425 10500.0
648702.8824499999 3621429.571675 10500.0
648412.76315 3621836.794925 10500.0
648122.64385 3622244.018175 10500.0
647832.52455 3622651.241425 10500.0
647542.40525 3623058.464675 10500.0
647252.2859499999 3623465.6879249997 10500.0
646962.1666499999 3623872.911175 10500.0
646672.04735 3624280.134425 10500.0
646381.92805 3624687.357675 10500.0
646091.80875 3625094.580925 10500.0
645801.68945 3625501.8041749997 10500.0
645511.5701499999 3625909.027425 10500.0
645221.4508499999 3626316.250675 10500.0
644931.33155 3626723.473925 10500.0
644641.21225 3627130.697175 10500.0
644351.09295 3627537.920425 10500.0
644060.9736499999 3627945.143675 10500.0
643770.8543499999 3628352.3669249997 10500.0
643480.73505 3628759.590175 10500.0
643190.61575 3629166.813425 10500.0
642900.49645 3629574.036675 10500.0
650326.4943 3618288.889625 10500.0
650036.375 3618696.112875 10500.0
649746.2557 3619103.336125 10500.0
649456.1364000001 3619510.559375 10500.0
649166.0171 3619917.782625 10500.0
648875.8978 3620325.005875 10500.0
648585.7785 3620732.229125 10500.0
648295.6592 3621139.452375 10500.0
648005.5399000001 3621546.675625 10500.0
647715.4206000001 3621953.898875 10500.0
647425.3013 3622361.122125 10500.0
647135.182 3622768.345375 10500.0
646845.0627 3623175.568625 10500.0
646554.9434 3623582.791875 10500.0
646264.8241000001 3623990.015125 10500.0
645974.7048000001 3624397.238375 10500.0
645684.5855 3624804.461625 10500.0
645394.4662 3625211.684875 10500.0
645104.3469 3625618.908125 10500.0
644814.2276 3626026.131375 10500.0
644524.1083000001 3626433.354625 10500.0
644233.9890000001 3626840.577875 10500.0
643943.8697 3627247.801125 10500.0
643653.7504 3627655.024375 10500.0
643363.6311 3628062.247625 10500.0
643073.5118000001 3628469.470875 10500.0
642783.3925000001 3628876.694125 10500.0
642493.2732 3629283.917375 10500.0
649919.27105 3617998.770325 10500.0
649629.15175 3618405.993575 10500.0
649339.0324499999 3618813.216825 10500.0
649048.91315 3619220.4400750003 10500.0
648758.79385 3619627.663325 10500.0
648468.67455 3620034.886575 10500.0
648178.55525 3620442.109825 10500.0
647888.43595 3620849.333075 10500.0
647598.31665 3621256.5563250002 10500.0
647308.19735 3621663.779575 10500.0
647018.07805 3622071.0028250003 10500.0
646727.95875 3622478.226075 10500.0
646437.83945 3622885.449325 10500.0
646147.72015 3623292.672575 10500.0
645857.60085 3623699.895825 10500.0
645567.48155 3624107.1190750003 10500.0
645277.36225 3624514.342325 10500.0
644987.24295 3624921.565575 10500.0
644697.12365 3625328.788825 10500.0
644407.00435 3625736.012075 10500.0
644116.88505 3626143.2353250002 10500.0
643826.76575 3626550.458575 10500.0
643536.64645 3626957.6818250003 10500.0
643246.52715 3627364.905075 10500.0
642956.40785 3627772.128325 10500.0
642666.28855 3628179.351575 10500.0
642376.16925 3628586.574825 10500.0
642086.04995 3628993.7980750003 10500.0
649512.0478 3617708.651025 10500.0
649221.9284999999 3618115.8742750003 10500.0
648931.8091999999 3618523.097525 10500.0
648641.6899 3618930.3207750004 10500.0
648351.5706 3619337.544025 10500.0
648061.4513 3619744.767275 10500.0
647771.3319999999 3620151.9905250003 10500.0
647481.2126999999 3620559.213775 10500.0
647191.0934 3620966.4370250003 10500.0
646900.9741 3621373.660275 10500.0
646610.8548 3621780.8835250004 10500.0
646320.7355 3622188.106775 10500.0
646030.6161999999 3622595.330025 10500.0
645740.4968999999 3623002.5532750003 10500.0
645450.3776 3623409.776525 10500.0
645160.2583 3623816.9997750004 10500.0
644870.139 3624224.223025 10500.0
644580.0197 3624631.446275 10500.0
644289.9003999999 3625038.6695250003 10500.0
643999.7810999999 3625445.892775 10500.0
643709.6618 3625853.1160250003 10500.0
643419.5425 3626260.339275 10500.0
643129.4232 3626667.5625250004 10500.0
642839.3038999999 3627074.785775 10500.0
642549.1845999999 3627482.009025 10500.0
642259.0653 3627889.2322750003 10500.0
641968.946 3628296.455525 10500.0
641678.8267 3628703.6787750004 10500.0
649104.82455 3617418.5317249997 10500.0
648814.70525 3617825.754975 10500.0
648524.58595 3618232.9782249997 10500.0
648234.4666500001 3618640.201475 10500.0
647944.34735 3619047.424725 10500.0
647654.22805 3619454.6479749996 10500.0
647364.10875 3619861.871225 10500.0
647073.98945 3620269.0944749997 10500.0
646783.8701500001 3620676.317725 10500.0
646493.7508500001 3621083.540975 10500.0
646203.63155 3621490.764225 10500.0
645913.51225 3621897.987475 10500.0
645623.39295 3622305.2107249997 10500.0
645333.27365 3622712.433975 10500.0
645043.1543500001 3623119.6572249997 10500.0
644753.0350500001 3623526.880475 10500.0
644462.91575 3623934.103725 10500.0
644172.79645 3624341.3269749996 10500.0
643882.67715 3624748.550225 10500.0
643592.55785 3625155.7734749997 10500.0
643302.4385500001 3625562.996725 10500.0
643012.3192500001 3625970.219975 10500.0
642722.19995 3626377.443225 10500.0
642432.08065 3626784.666475 10500.0
642141.96135 3627191.8897249997 10500.0
641851.8420500001 3627599.112975 10500.0
641561.7227500001 3628006.3362249997 10500.0
641271.60345 3628413.559475 10500.0
648697.6013 3617128.4124249998 10500.0
648407.482 3617535.635675 10500.0
648117.3626999999 3617942.858925 10500.0
647827.2434 3618350.082175 10500.0
647537.1241 3618757.305425 10500.0
647247.0048 3619164.5286749997 10500.0
646956.8855 3619571.751925 10500.0
646666.7662 3619978.975175 10500.0
646376.6469 3620386.198425 10500.0
646086.5276 3620793.421675 10500.0
645796.4083 3621200.644925 10500.0
645506.289 3621607.868175 10500.0
645216.1697 3622015.0914249998 10500.0
644926.0504 3622422.314675 10500.0
644635.9311 3622829.537925 10500.0
644345.8118 3623236.761175 10500.0
644055.6925 3623643.984425 10500.0
643765.5732 3624051.2076749997 10500.0
643475.4539 3624458.430925 10500.0
643185.3346 3624865.654175 10500.0
642895.2153 3625272.877425 10500.0
642605.096 3625680.100675 10500.0
642314.9767 3626087.323925 10500.0
642024.8574 3626494.547175 10500.0
641734.7381 3626901.7704249998 10500.0
641444.6188 3627308.993675 10500.0
641154.4995 3627716.216925 10500.0
640864.3802 3628123.440175 10500.0
648290.3780499999 3616838.293125 10500.0
648000.2587499999 3617245.516375 10500.0
647710.1394499999 3617652.739625 10500.0
647420.02015 3618059.962875 10500.0
647129.90085 3618467.186125 10500.0
646839.78155 3618874.409375 10500.0
646549.6622499999 3619281.632625 10500.0
646259.5429499999 3619688.855875 10500.0
645969.42365 3620096.079125 10500.0
645679.30435 3620503.302375 10500.0
645389.18505 3620910.5256250002 10500.0
645099.06575 3621317.748875 10500.0
644808.9464499999 3621724.972125 10500.0
644518.8271499999 3622132.195375 10500.0
644228.70785 3622539.418625 10500.0
643938.58855 3622946.641875 10500.0
643648.46925 3623353.865125 10500.0
643358.34995 3623761.088375 10500.0
643068.2306499999 3624168.311625 10500.0
642778.1113499999 3624575.534875 10500.0
642487.99205 3624982.758125 10500.0
642197.87275 3625389.981375 10500.0
641907.75345 3625797.2046250002 10500.0
641617.6341499999 3626204.427875 10500.0
641327.5148499999 3626611.651125 10500.0
641037.39555 3627018.874375 10500.0
640747.27625 3627426.097625 10500.0
640457.15695 3627833.320875 10500.0
647883.1548 3616548.173825 10500.0
647593.0355 3616955.397075 10500.0
647302.9162 3617362.620325 10500.0
647012.7969000001 3617769.8435750003 10500.0
646722.6776 3618177.066825 10500.0
646432.5583 3618584.290075 10500.0
646142.439 3618991.513325 10500.0
645852.3197 3619398.736575 10500.0
645562.2004000001 3619805.9598250003 10500.0
645272.0811000001 3620213.183075 10500.0
644981.9618 3620620.4063250003 10500.0
644691.8425 3621027.629575 10500.0
644401.7232 3621434.852825 10500.0
644111.6039 3621842.076075 10500.0
643821.4846000001 3622249.299325 10500.0
643531.3653000001 3622656.5225750003 10500.0
643241.246 3623063.745825 10500.0
642951.1267 3623470.969075 10500.0
642661.0074 3623878.192325 10500.0
642370.8881 3624285.415575 10500.0
642080.7688000001 3624692.6388250003 10500.0
641790.6495 3625099.862075 10500.0
641500.5302 3625507.0853250003 10500.0
641210.4109 3625914.308575 10500.0
640920.2916 3626321.531825 10500.0
640630.1723000001 3626728.755075 10500.0
640340.0530000001 3627135.978325 10500.0
640049.9337 3627543.2015750003 10500.0
647475.93155 3616258.054525 10500.0
647185.81225 3616665.2777750003 10500.0
646895.6929499999 3617072.501025 10500.0
646605.57365 3617479.7242750004 10500.0
646315.45435 3617886.947525 10500.0
646025.33505 3618294.170775 10500.0
645735.21575 3618701.3940250003 10500.0
645445.09645 3619108.617275 10500.0
645154.97715 3619515.8405250004 10500.0
644864.85785 3619923.063775 10500.0
644574.73855 3620330.2870250004 10500.0
644284.61925 3620737.5102750002 10500.0
643994.49995 3621144.733525 10500.0
643704.38065 3621551.9567750003 10500.0
643414.26135 3621959.180025 10500.0
643124.14205 3622366.4032750004 10500.0
642834.02275 3622773.626525 10500.0
642543.90345 3623180.849775 10500.0
642253.78415 3623588.0730250003 10500.0
641963.66485 3623995.296275 10500.0
641673.54555 3624402.5195250004 10500.0
641383.42625 3624809.742775 10500.0
641093.30695 3625216.9660250004 10500.0
640803.18765 3625624.1892750002 10500.0
640513.06835 3626031.412525 10500.0
640222.94905 3626438.6357750003 10500.0
639932.82975 3626845.859025 10500.0
639642.71045 3627253.0822750004 10500.0
647068.7082999999 3615967.9352249997 10500.0
646778.5889999999 3616375.158475 10500.0
646488.4696999999 3616782.3817249998 10500.0
646198.3504 3617189.604975 10500.0
645908.2311 3617596.828225 10500.0
645618.1118 3618004.0514749996 10500.0
645327.9924999999 3618411.274725 10500.0
645037.8731999999 3618818.4979749997 10500.0
644747.7539 3619225.721225 10500.0
644457.6346 3619632.944475 10500.0
644167.5153 3620040.167725 10500.0
643877.396 3620447.390975 10500.0
643587.2766999999 3620854.6142249997 10500.0
643297.1573999999 3621261.837475 10500.0
643007.0381 3621669.0607249998 10500.0
642716.9188 3622076.283975 10500.0
642426.7995 3622483.507225 10500.0
642136.6802 3622890.7304749996 10500.0
641846.5608999999 3623297.953725 10500.0
641556.4415999999 3623705.1769749997 10500.0
641266.3223 3624112.400225 10500.0
640976.203 3624519.623475 10500.0
640686.0837 3624926.846725 10500.0
640395.9643999999 3625334.069975 10500.0
640105.8450999999 3625741.2932249997 10500.0
639815.7258 3626148.516475 10500.0
639525.6065 3626555.7397249998 10500.0
639235.4872 3626962.962975 10500.0
646661.48505 3615677.815925 10500.0
646371.36575 3616085.039175 10500.0
646081.24645 3616492.262425 10500.0
645791.1271500001 3616899.485675 10500.0
645501.00785 3617306.708925 10500.0
645210.88855 3617713.9321749997 10500.0
644920.76925 3618121.155425 10500.0
644630.64995 3618528.378675 10500.0
644340.5306500001 3618935.601925 10500.0
644050.4113500001 3619342.825175 10500.0
643760.29205 3619750.048425 10500.0
643470.17275 3620157.271675 10500.0
643180.05345 3620564.494925 10500.0
642889.93415 3620971.718175 10500.0
642599.8148500001 3621378.941425 10500.0
642309.6955500001 3621786.164675 10500.0
642019.57625 3622193.387925 10500.0
641729.45695 3622600.6111749997 10500.0
641439.33765 3623007.834425 10500.0
641149.21835 3623415.057675 10500.0
640859.0990500001 3623822.280925 10500.0
640568.97975 3624229.504175 10500.0
640278.86045 3624636.727425 10500.0
639988.74115 3625043.950675 10500.0
639698.62185 3625451.173925 10500.0
639408.5025500001 3625858.397175 10500.0
639118.3832500001 3626265.620425 10500.0
638828.26395 3626672.843675 10500.0
646254.2618 3615387.696625 10500.0
645964.1425 3615794.919875 10500.0
645674.0231999999 3616202.143125 10500.0
645383.9039 3616609.366375 10500.0
645093.7846 3617016.589625 10500.0
644803.6653 3617423.812875 10500.0
644513.546 3617831.036125 10500.0
644223.4267 3618238.259375 10500.0
643933.3074 3618645.482625 10500.0
643643.1881 3619052.705875 10500.0
643353.0688 3619459.9291250003 10500.0
643062.9495 3619867.152375 10500.0
642772.8302 3620274.375625 10500.0
642482.7109 3620681.598875 10500.0
642192.5916 3621088.822125 10500.0
641902.4723 3621496.045375 10500.0
641612.353 3621903.268625 10500.0
641322.2337 3622310.491875 10500.0
641032.1144 3622717.715125 10500.0
640741.9951 3623124.938375 10500.0
640451.8758 3623532.161625 10500.0
640161.7565 3623939.384875 10500.0
639871.6372 3624346.6081250003 10500.0
639581.5179 3624753.831375 10500.0
639291.3986 3625161.054625 10500.0
639001.2793 3625568.277875 10500.0
638711.16 3625975.501125 10500.0
638421.0407 3626382.724375 10500.0
645847.0385499999 3615097.577325 10500.0
645556.9192499999 3615504.8005750002 10500.0
645266.7999499999 3615912.023825 10500.0
644976.68065 3616319.2470750003 10500.0
644686.56135 3616726.470325 10500.0
644396.44205 3617133.693575 10500.0
644106.3227499999 3617540.916825 10500.0
643816.2034499999 3617948.140075 10500.0
643526.08415 3618355.3633250003 10500.0
643235.96485 3618762.586575 10500.0
642945.84555 3619169.8098250004 10500.0
642655.72625 3619577.033075 10500.0
642365.6069499999 3619984.256325 10500.0
642075.4876499999 3620391.4795750002 10500.0
641785.36835 3620798.702825 10500.0
641495.24905 3621205.9260750003 10500.0
641205.12975 3621613.149325 10500.0
640915.01045 3622020.372575 10500.0
640624.8911499999 3622427.595825 10500.0
640334.7718499999 3622834.819075 10500.0
640044.65255 3623242.0423250003 10500.0
639754.53325 3623649.265575 10500.0
639464.41395 3624056.4888250004 10500.0
639174.2946499999 3624463.712075 10500.0
638884.1753499999 3624870.935325 10500.0
638594.05605 3625278.1585750002 10500.0
638303.93675 3625685.381825 10500.0
638013.81745 3626092.6050750003 10500.0
645439.8153 3614807.4580249996 10500.0
645149.696 3615214.681275 10500.0
644859.5767 3615621.9045249997 10500.0
644569.4574000001 3616029.127775 10500.0
644279.3381 3616436.3510249997 10500.0
643989.2188 3616843.5742749996 10500.0
643699.0995 3617250.797525 10500.0
643408.9802 3617658.0207749996 10500.0
643118.8609000001 3618065.244025 10500.0
642828.7416000001 3618472.4672749997 10500.0
642538.6223 3618879.690525 10500.0
642248.503 3619286.913775 10500.0
641958.3837 3619694.1370249996 10500.0
641668.2644 3620101.360275 10500.0
641378.1451000001 3620508.5835249997 10500.0
641088.0258000001 3620915.806775 10500.0
640797.9065 3621323.0300249998 10500.0
640507.7872 3621730.2532749996 10500.0
640217.6679 3622137.476525 10500.0
639927.5486 3622544.6997749996 10500.0
639637.4293000001 3622951.923025 10500.0
639347.31 3623359.1462749997 10500.0
639057.1907 3623766.369525 10500.0
638767.0714 3624173.592775 10500.0
638476.9521 3624580.8160249996 10500.0
638186.8328000001 3624988.039275 10500.0
637896.7135000001 3625395.2625249997 10500.0
637606.5942 3625802.485775 10500.0
645032.59205 3614517.3387249997 10500.0
644742.47275 3614924.561975 10500.0
644452.3534499999 3615331.7852249998 10500.0
644162.23415 3615739.008475 10500.0
643872.11485 3616146.231725 10500.0
643581.99555 3616553.4549749997 10500.0
643291.87625 3616960.678225 10500.0
643001.75695 3617367.9014749997 10500.0
642711.63765 3617775.124725 10500.0
642421.51835 3618182.347975 10500.0
642131.39905 3618589.571225 10500.0
641841.27975 3618996.794475 10500.0
641551.16045 3619404.0177249997 10500.0
641261.04115 3619811.240975 10500.0
640970.92185 3620218.464225 10500.0
640680.80255 3620625.687475 10500.0
640390.68325 3621032.910725 10500.0
640100.56395 3621440.1339749997 10500.0
639810.44465 3621847.357225 10500.0
639520.3253499999 3622254.5804749997 10500.0
639230.20605 3622661.803725 10500.0
638940.08675 3623069.026975 10500.0
638649.96745 3623476.250225 10500.0
638359.84815 3623883.473475 10500.0
638069.72885 3624290.6967249997 10500.0
637779.60955 3624697.919975 10500.0
637489.49025 3625105.143225 10500.0
637199.37095 3625512.366475 10500.0
644625.3687999999 3614227.219425 10500.0
644335.2494999999 3614634.442675 10500.0
644045.1301999999 3615041.665925 10500.0
643755.0109 3615448.889175 10500.0
643464.8916 3615856.112425 10500.0
643174.7723 3616263.3356749997 10500.0
642884.6529999999 3616670.558925 10500.0
642594.5336999999 3617077.782175 10500.0
642304.4144 3617485.005425 10500.0
642014.2951 3617892.228675 10500.0
641724.1758 3618299.451925 10500.0
641434.0565 3618706.675175 10500.0
641143.9371999999 3619113.898425 10500.0
640853.8178999999 3619521.121675 10500.0
640563.6986 3619928.344925 10500.0
640273.5793 3620335.568175 10500.0
639983.46 3620742.791425 10500.0
639693.3407 3621150.0146749998 10500.0
639403.2213999999 3621557.237925 10500.0
639113.1020999999 3621964.461175 10500.0
638822.9828 3622371.684425 10500.0
638532.8635 3622778.907675 10500.0
638242.7442 3623186.130925 10500.0
637952.6248999999 3623593.354175 10500.0
637662.5055999999 3624000.577425 10500.0
637372.3863 3624407.800675 10500.0
637082.267 3624815.023925 10500.0
636792.1477 3625222.247175 10500.0
644218.14555 3613937.100125 10500.0
643928.02625 3614344.323375 10500.0
643637.90695 3614751.546625 10500.0
643347.7876500001 3615158.769875 10500.0
643057.66835 3615565.993125 10500.0
642767.54905 3615973.216375 10500.0
642477.42975 3616380.439625 10500.0
642187.31045 3616787.662875 10500.0
641897.1911500001 3617194.886125 10500.0
641607.0718500001 3617602.109375 10500.0
641316.95255 3618009.3326250003 10500.0
641026.83325 3618416.555875 10500.0
640736.71395 3618823.779125 10500.0
640446.59465 3619231.002375 10500.0
640156.4753500001 3619638.225625 10500.0
639866.3560500001 3620045.4488750002 10500.0
639576.23675 3620452.672125 10500.0
639286.11745 3620859.895375 10500.0
638995.99815 3621267.118625 10500.0
638705.87885 3621674.341875 10500.0
638415.7595500001 3622081.565125 10500.0
638125.64025 3622488.788375 10500.0
637835.52095 3622896.0116250003 10500.0
637545.40165 3623303.234875 10500.0
637255.28235 3623710.458125 10500.0
636965.1630500001 3624117.681375 10500.0
636675.0437500001 3624524.904625 10500.0
636384.92445 3624932.1278750002 10500.0
643810.9223 3613646.980825 10500.0
643520.803 3614054.2040750002 10500.0
643230.6836999999 3614461.427325 10500.0
642940.5644 3614868.6505750003 10500.0
642650.4451 3615275.873825 10500.0
642360.3258 3615683.097075 10500.0
642070.2065 3616090.320325 10500.0
641780.0872 3616497.543575 10500.0
641489.9679 3616904.7668250003 10500.0
641199.8486 3617311.990075 10500.0
640909.7293 3617719.2133250004 10500.0
640619.61 3618126.436575 10500.0
640329.4907 3618533.659825 10500.0
640039.3714 3618940.8830750003 10500.0
639749.2521 3619348.106325 10500.0
639459.1328 3619755.3295750003 10500.0
639169.0135 3620162.552825 10500.0
638878.8942 3620569.776075 10500.0
638588.7749 3620976.999325 10500.0
638298.6555999999 3621384.222575 10500.0
638008.5363 3621791.4458250003 10500.0
637718.417 3622198.669075 10500.0
637428.2977 3622605.8923250004 10500.0
637138.1784 3623013.115575 10500.0
636848.0591 3623420.338825 10500.0
636557.9398 3623827.5620750003 10500.0
636267.8205 3624234.785325 10500.0
635977.7012 3624642.0085750003 10500.0
643403.6990499999 3613356.8615249996 10500.0
643113.5797499999 3613764.084775 10500.0
642823.4604499999 3614171.3080249997 10500.0
642533.34115 3614578.531275 10500.0
642243.22185 3614985.7545249998 10500.0
641953.10255 3615392.9777749996 10500.0
641662.9832499999 3615800.201025 10500.0
641372.8639499999 3616207.4242749996 10500.0
641082.74465 3616614.647525 10500.0
640792.62535 3617021.8707749997 10500.0
640502.50605 3617429.094025 10500.0
640212.38675 3617836.317275 10500.0
639922.2674499999 3618243.5405249996 10500.0
639632.1481499999 3618650.763775 10500.0
639342.02885 3619057.9870249997 10500.0
639051.90955 3619465.210275 10500.0
638761.79025 3619872.433525 10500.0
638471.6709499999 3620279.6567749996 10500.0
638181.5516499999 3620686.880025 10500.0
637891.4323499999 3621094.1032749997 10500.0
637601.31305 3621501.326525 10500.0
637311.19375 3621908.5497749997 10500.0
637021.07445 3622315.773025 10500.0
636730.9551499999 3622722.996275 10500.0
636440.8358499999 3623130.2195249996 10500.0
636150.71655 3623537.442775 10500.0
635860.59725 3623944.6660249997 10500.0
635570.47795 3624351.889275 10500.0
642996.4758 3613066.7422249997 10500.0
642706.3565 3613473.965475 10500.0
642416.2372 3613881.188725 10500.0
642126.1179000001 3614288.411975 10500.0
641835.9986 3614695.635225 10500.0
641545.8793 3615102.8584749997 10500.0
641255.76 3615510.081725 10500.0
640965.6407 3615917.3049749997 10500.0
640675.5214000001 3616324.528225 10500.0
640385.4021000001 3616731.751475 10500.0
640095.2828 3617138.974725 10500.0
639805.1635 3617546.197975 10500.0
639515.0442 3617953.4212249997 10500.0
639224.9249 3618360.644475 10500.0
638934.8056000001 3618767.867725 10500.0
638644.6863000001 3619175.090975 10500.0
638354.567 3619582.314225 10500.0
638064.4477 3619989.5374749997 10500.0
637774.3284 3620396.760725 10500.0
637484.2091 3620803.9839749997 10500.0
637194.0898000001 3621211.207225 10500.0
636903.9705 3621618.430475 10500.0
636613.8512 3622025.653725 10500.0
636323.7319 3622432.876975 10500.0
636033.6126 3622840.1002249997 10500.0
635743.4933000001 3623247.323475 10500.0
635453.3740000001 3623654.546725 10500.0
635163.2547 3624061.769975 10500.0
642589.25255 3612776.622925 10500.0
642299.13325 3613183.846175 10500.0
642009.0139499999 3613591.069425 10500.0
641718.89465 3613998.292675 10500.0
641428.77535 3614405.515925 10500.0
641138.65605 3614812.7391749998 10500.0
640848.53675 3615219.962425 10500.0
640558.41745 3615627.185675 10500.0
640268.29815 3616034.408925 10500.0
639978.17885 3616441.632175 10500.0
639688.05955 3616848.855425 10500.0
639397.94025 3617256.078675 10500.0
639107.82095 3617663.301925 10500.0
638817.70165 3618070.525175 10500.0
638527.58235 3618477.748425 10500.0
638237.46305 3618884.971675 10500.0
637947.34375 3619292.194925 10500.0
637657.22445 3619699.4181749998 10500.0
637367.10515 3620106.641425 10500.0
637076.9858499999 3620513.864675 10500.0
636786.86655 3620921.087925 10500.0
636496.74725 3621328.311175 10500.0
636206.62795 3621735.534425 10500.0
635916.50865 3622142.757675 10500.0
635626.38935 3622549.980925 10500.0
635336.27005 3622957.204175 10500.0
635046.15075 3623364.427425 10500.0
634756.03145 3623771.650675 10500.0
642182.0292999999 3612486.503625 10500.0
641891.9099999999 3612893.726875 10500.0
641601.7906999999 3613300.950125 10500.0
641311.6714 3613708.1733750002 10500.0
641021.5521 3614115.396625 10500.0
640731.4328 3614522.619875 10500.0
640441.3134999999 3614929.843125 10500.0
640151.1941999999 3615337.066375 10500.0
639861.0749 3615744.289625 10500.0
639570.9556 3616151.512875 10500.0
639280.8363 3616558.7361250003 10500.0
638990.717 3616965.959375 10500.0
638700.5976999999 3617373.182625 10500.0
638410.4783999999 3617780.405875 10500.0
638120.3591 3618187.629125 10500.0
637830.2398 3618594.8523750002 10500.0
637540.1205 3619002.075625 10500.0
637250.0011999999 3619409.298875 10500.0
636959.8818999999 3619816.522125 10500.0
636669.7625999999 3620223.745375 10500.0
636379.6433 3620630.968625 10500.0
636089.524 3621038.191875 10500.0
635799.4047 3621445.4151250003 10500.0
635509.2853999999 3621852.638375 10500.0
635219.1660999999 3622259.861625 10500.0
634929.0468 3622667.084875 10500.0
634638.9275 3623074.308125 10500.0
634348.8082 3623481.5313750003 10500.0
641774.80605 3612196.384325 10500.0
641484.68675 3612603.6075750003 10500.0
641194.56745 3613010.830825 10500.0
640904.4481500001 3613418.0540750003 10500.0
640614.32885 3613825.277325 10500.0
640324.20955 3614232.500575 10500.0
640034.09025 3614639.723825 10500.0
639743.97095 3615046.947075 10500.0
639453.8516500001 3615454.1703250003 10500.0
639163.7323500001 3615861.393575 10500.0
638873.61305 3616268.6168250004 10500.0
638583.49375 3616675.840075 10500.0
638293.37445 3617083.063325 10500.0
638003.25515 3617490.2865750003 10500.0
637713.1358500001 3617897.509825 10500.0
637423.0165500001 3618304.7330750003 10500.0
637132.89725 3618711.956325 10500.0
636842.77795 3619119.179575 10500.0
636552.65865 3619526.402825 10500.0
636262.53935 3619933.626075 10500.0
635972.4200500001 3620340.8493250003 10500.0
635682.30075 3620748.072575 10500.0
635392.18145 3621155.2958250004 10500.0
635102.06215 3621562.519075 10500.0
634811.94285 3621969.742325 10500.0
634521.8235500001 3622376.9655750003 10500.0
634231.7042500001 3622784.188825 10500.0
633941.58495 3623191.4120750003 10500.0
641367.5828 3611906.2650249996 10500.0
641077.4635 3612313.488275 10500.0
640787.3441999999 3612720.7115249997 10500.0
640497.2249 3613127.934775 10500.0
640207.1056 3613535.158025 10500.0
639916.9863 3613942.3812749996 10500.0
639626.867 3614349.604525 10500.0
639336.7477 3614756.8277749997 10500.0
639046.6284 3615164.051025 10500.0
638756.5091 3615571.2742749997 10500.0
638466.3898 3615978.497525 10500.0
638176.2705 3616385.720775 10500.0
637886.1512 3616792.9440249996 10500.0
637596.0319 3617200.167275 10500.0
637305.9126 3617607.3905249997 10500.0
637015.7933 3618014.613775 10500.0
636725.674 3618421.837025 10500.0
636435.5547 3618829.0602749996 10500.0
636145.4354 3619236.283525 10500.0
635855.3160999999 3619643.5067749997 10500.0
635565.1968 3620050.730025 10500.0
635275.0775 3620457.9532749997 10500.0
634984.9582 3620865.176525 10500.0
634694.8389 3621272.399775 10500.0
634404.7196 3621679.6230249996 10500.0
634114.6003 3622086.846275 10500.0
633824.481 3622494.0695249997 10500.0
633534.3617 3622901.292775 10500.0
652362.61055 3619739.486125 11000.0
652072.49125 3620146.709375 11000.0
651782.37195 3620553.932625 11000.0
651492.25265 3620961.155875 11000.0
651202.13335 3621368.379125 11000.0
650912.01405 3621775.602375 11000.0
650621.89475 3622182.825625 11000.0
650331.77545 3622590.048875 11000.0
650041.65615 3622997.272125 11000.0
649751.53685 3623404.495375 11000.0
649461.41755 3623811.718625 11000.0
649171.29825 3624218.941875 11000.0
648881.17895 3624626.165125 11000.0
648591.05965 3625033.388375 11000.0
648300.94035 3625440.611625 11000.0
648010.82105 3625847.834875 11000.0
647720.70175 3626255.058125 11000.0
647430.58245 3626662.281375 11000.0
647140.46315 3627069.504625 11000.0
646850.34385 3627476.727875 11000.0
646560.22455 3627883.951125 11000.0
646270.10525 3628291.174375 11000.0
645979.98595 3628698.397625 11000.0
645689.86665 3629105.620875 11000.0
645399.74735 3629512.844125 11000.0
645109.62805 3629920.067375 11000.0
644819.50875 3630327.290625 11000.0
644529.38945 3630734.513875 11000.0
651955.3873 3619449.366825 11000.0
651665.2679999999 3619856.590075 11000.0
651375.1486999999 3620263.813325 11000.0
651085.0294 3620671.0365750003 11000.0
650794.9101 3621078.259825 11000.0
650504.7908 3621485.483075 11000.0
650214.6714999999 3621892.706325 11000.0
649924.5521999999 3622299.929575 11000.0
649634.4329 3622707.152825 11000.0
649344.3136 3623114.376075 11000.0
649054.1943 3623521.5993250003 11000.0
648764.075 3623928.822575 11000.0
648473.9556999999 3624336.045825 11000.0
648183.8363999999 3624743.269075 11000.0
647893.7171 3625150.492325 11000.0
647603.5978 3625557.7155750003 11000.0
647313.4785 3625964.938825 11000.0
647023.3592 3626372.162075 11000.0
646733.2398999999 3626779.385325 11000.0
646443.1205999999 3627186.608575 11000.0
646153.0013 3627593.8318250002 11000.0
645862.882 3628001.055075 11000.0
645572.7627 3628408.2783250003 11000.0
645282.6434 3628815.501575 11000.0
644992.5240999999 3629222.724825 11000.0
644702.4048 3629629.948075 11000.0
644412.2855 3630037.171325 11000.0
644122.1662 3630444.3945750003 11000.0
651548.16405 3619159.247525 11000.0
651258.04475 3619566.4707750003 11000.0
650967.92545 3619973.694025 11000.0
650677.8061500001 3620380.9172750004 11000.0
650387.68685 3620788.140525 11000.0
650097.56755 3621195.363775 11000.0
649807.44825 3621602.5870250002 11000.0
649517.32895 3622009.810275 11000.0
649227.2096500001 3622417.0335250003 11000.0
648937.0903500001 3622824.256775 11000.0
648646.97105 3623231.4800250004 11000.0
648356.85175 3623638.703275 11000.0
648066.73245 3624045.926525 11000.0
647776.61315 3624453.1497750003 11000.0
647486.4938500001 3624860.373025 11000.0
647196.3745500001 3625267.5962750004 11000.0
646906.25525 3625674.819525 11000.0
646616.13595 3626082.042775 11000.0
646326.01665 3626489.2660250003 11000.0
646035.89735 3626896.489275 11000.0
645745.7780500001 3627303.7125250003 11000.0
645455.6587500001 3627710.935775 11000.0
645165.53945 3628118.1590250004 11000.0
644875.42015 3628525.382275 11000.0
644585.30085 3628932.605525 11000.0
644295.1815500001 3629339.8287750003 11000.0
644005.0622500001 3629747.052025 11000.0
643714.94295 3630154.2752750004 11000.0
651140.9408 3618869.1282249996 11000.0
650850.8215 3619276.351475 11000.0
650560.7021999999 3619683.5747249997 11000.0
650270.5829 3620090.797975 11000.0
649980.4636 3620498.021225 11000.0
649690.3443 3620905.2444749996 11000.0
649400.225 3621312.467725 11000.0
649110.1057 3621719.6909749997 11000.0
648819.9864 3622126.914225 11000.0
648529.8671 3622534.1374749998 11000.0
648239.7478 3622941.360725 11000.0
647949.6285 3623348.583975 11000.0
647659.5092 3623755.8072249996 11000.0
647369.3899 3624163.030475 11000.0
647079.2706 3624570.2537249997 11000.0
646789.1513 3624977.476975 11000.0
646499.032 3625384.700225 11000.0
646208.9127 3625791.9234749996 11000.0
645918.7934 3626199.146725 11000.0
645628.6741 3626606.3699749997 11000.0
645338.5548 3627013.593225 11000.0
645048.4355 3627420.8164749998 11000.0
644758.3162 3627828.039725 11000.0
644468.1969 3628235.262975 11000.0
644178.0776 3628642.4862249997 11000.0
643887.9583 3629049.709475 11000.0
643597.839 3629456.9327249997 11000.0
643307.7197 3629864.155975 11000.0
650733.71755 3618579.0089249997 11000.0
650443.5982499999 3618986.232175 11000.0
650153.4789499999 3619393.455425 11000.0
649863.35965 3619800.678675 11000.0
649573.24035 3620207.901925 11000.0
649283.12105 3620615.1251749997 11000.0
648993.0017499999 3621022.348425 11000.0
648702.8824499999 3621429.571675 11000.0
648412.76315 3621836.794925 11000.0
648122.64385 3622244.018175 11000.0
647832.52455 3622651.241425 11000.0
647542.40525 3623058.464675 11000.0
647252.2859499999 3623465.6879249997 11000.0
646962.1666499999 3623872.911175 11000.0
646672.04735 3624280.134425 11000.0
646381.92805 3624687.357675 11000.0
646091.80875 3625094.580925 11000.0
645801.68945 3625501.8041749997 11000.0
645511.5701499999 3625909.027425 11000.0
645221.4508499999 3626316.250675 11000.0
644931.33155 3626723.473925 11000.0
644641.21225 3627130.697175 11000.0
644351.09295 3627537.920425 11000.0
644060.9736499999 3627945.143675 11000.0
643770.8543499999 3628352.3669249997 11000.0
643480.73505 3628759.590175 11000.0
643190.61575 3629166.813425 11000.0
642900.49645 3629574.036675 11000.0
650326.4943 3618288.889625 11000.0
650036.375 3618696.112875 11000.0
649746.2557 3619103.336125 11000.0
649456.1364000001 3619510.559375 11000.0
649166.0171 3619917.782625 11000.0
648875.8978 3620325.005875 11000.0
648585.7785 3620732.229125 11000.0
648295.6592 3621139.452375 11000.0
648005.5399000001 3621546.675625 11000.0
647715.4206000001 3621953.898875 11000.0
647425.3013 3622361.122125 11000.0
647135.182 3622768.345375 11000.0
646845.0627 3623175.568625 11000.0
646554.9434 3623582.791875 11000.0
646264.8241000001 3623990.015125 11000.0
645974.7048000001 3624397.238375 11000.0
645684.5855 3624804.461625 11000.0
645394.4662 3625211.684875 11000.0
645104.3469 3625618.908125 11000.0
644814.2276 3626026.131375 11000.0
644524.1083000001 3626433.354625 11000.0
644233.9890000001 3626840.577875 11000.0
643943.8697 3627247.801125 11000.0
643653.7504 3627655.024375 11000.0
643363.6311 3628062.247625 11000.0
643073.5118000001 3628469.470875 11000.0
642783.3925000001 3628876.694125 11000.0
642493.2732 3629283.917375 11000.0
649919.27105 3617998.770325 11000.0
649629.15175 3618405.993575 11000.0
649339.0324499999 3618813.216825 11000.0
649048.91315 3619220.4400750003 11000.0
648758.79385 3619627.663325 11000.0
648468.67455 3620034.886575 11000.0
648178.55525 3620442.109825 11000.0
647888.43595 3620849.333075 11000.0
647598.31665 3621256.5563250002 11000.0
647308.19735 3621663.779575 11000.0
647018.07805 3622071.0028250003 11000.0
646727.95875 3622478.226075 11000.0
646437.83945 3622885.449325 11000.0
646147.72015 3623292.672575 11000.0
645857.60085 3623699.895825 11000.0
645567.48155 3624107.1190750003 11000.0
645277.36225 3624514.342325 11000.0
644987.24295 3624921.565575 11000.0
644697.12365 3625328.788825 11000.0
644407.00435 3625736.012075 11000.0
644116.88505 3626143.2353250002 11000.0
643826.76575 3626550.458575 11000.0
643536.64645 3626957.6818250003 11000.0
643246.52715 3627364.905075 11000.0
642956.40785 3627772.128325 11000.0
642666.28855 3628179.351575 11000.0
642376.16925 3628586.574825 11000.0
642086.04995 3628993.7980750003 11000.0
649512.0478 3617708.651025 11000.0
649221.9284999999 3618115.8742750003 11000.0
648931.8091999999 3618523.097525 11000.0
648641.6899 3618930.3207750004 11000.0
648351.5706 3619337.544025 11000.0
648061.4513 3619744.767275 11000.0
647771.3319999999 3620151.9905250003 11000.0
647481.2126999999 3620559.213775 11000.0
647191.0934 3620966.4370250003 11000.0
646900.9741 3621373.660275 11000.0
646610.8548 3621780.8835250004 11000.0
646320.7355 3622188.106775 11000.0
646030.6161999999 3622595.330025 11000.0
645740.4968999999 3623002.5532750003 11000.0
645450.3776 3623409.776525 11000.0
645160.2583 3623816.9997750004 11000.0
644870.139 3624224.223025 11000.0
644580.0197 3624631.446275 11000.0
644289.9003999999 3625038.6695250003 11000.0
643999.7810999999 3625445.892775 11000.0
643709.6618 3625853.1160250003 11000.0
643419.5425 3626260.339275 11000.0
643129.4232 3626667.5625250004 11000.0
642839.3038999999 3627074.785775 11000.0
642549.1845999999 3627482.009025 11000.0
642259.0653 3627889.2322750003 11000.0
641968.946 3628296.455525 11000.0
641678.8267 3628703.6787750004 11000.0
649104.82455 3617418.5317249997 11000.0
648814.70525 3617825.754975 11000.0
648524.58595 3618232.9782249997 11000.0
648234.4666500001 3618640.201475 11000.0
647944.34735 3619047.424725 11000.0
647654.22805 3619454.6479749996 11000.0
647364.10875 3619861.871225 11000.0
647073.98945 3620269.0944749997 11000.0
646783.8701500001 3620676.317725 11000.0
646493.7508500001 3621083.540975 11000.0
646203.63155 3621490.764225 11000.0
645913.51225 3621897.987475 11000.0
645623.39295 3622305.2107249997 11000.0
645333.27365 3622712.433975 11000.0
645043.1543500001 3623119.6572249997 11000.0
644753.0350500001 3623526.880475 11000.0
644462.91575 3623934.103725 11000.0
644172.79645 3624341.3269749996 11000.0
643882.67715 3624748.550225 11000.0
643592.55785 3625155.7734749997 11000.0
643302.4385500001 3625562.996725 11000.0
643012.3192500001 3625970.219975 11000.0
642722.19995 3626377.443225 11000.0
642432.08065 3626784.666475 11000.0
642141.96135 3627191.8897249997 11000.0
641851.8420500001 3627599.112975 11000.0
641561.7227500001 3628006.3362249997 11000.0
641271.60345 3628413.559475 11000.0
648697.6013 3617128.4124249998 11000.0
648407.482 3617535.635675 11000.0
648117.3626999999 3617942.858925 11000.0
647827.2434 3618350.082175 11000.0
647537.1241 3618757.305425 11000.0
647247.0048 3619164.5286749997 11000.0
646956.8855 3619571.751925 11000.0
646666.7662 3619978.975175 11000.0
646376.6469 3620386.198425 11000.0
646086.5276 3620793.421675 11000.0
645796.4083 3621200.644925 11000.0
645506.289 3621607.868175 11000.0
645216.1697 3622015.0914249998 11000.0
644926.0504 3622422.314675 11000.0
644635.9311 3622829.537925 11000.0
644345.8118 3623236.761175 11000.0
644055.6925 3623643.984425 11000.0
643765.5732 3624051.2076749997 11000.0
643475.4539 3624458.430925 11000.0
643185.3346 3624865.654175 11000.0
642895.2153 3625272.877425 11000.0
642605.096 3625680.100675 11000.0
642314.9767 3626087.323925 11000.0
642024.8574 3626494.547175 11000.0
641734.7381 3626901.7704249998 11000.0
641444.6188 3627308.993675 11000.0
641154.4995 3627716.216925 11000.0
640864.3802 3628123.440175 11000.0
648290.3780499999 3616838.293125 11000.0
648000.2587499999 3617245.516375 11000.0
647710.1394499999 3617652.739625 11000.0
647420.02015 3618059.962875 11000.0
647129.90085 3618467.186125 11000.0
646839.78155 3618874.409375 11000.0
646549.6622499999 3619281.632625 11000.0
646259.5429499999 3619688.855875 11000.0
645969.42365 3620096.079125 11000.0
645679.30435 3620503.302375 11000.0
645389.18505 3620910.5256250002 11000.0
645099.06575 3621317.748875 11000.0
644808.9464499999 3621724.972125 11000.0
644518.8271499999 3622132.195375 11000.0
644228.70785 3622539.418625 11000.0
643938.58855 3622946.641875 11000.0
643648.46925 3623353.865125 11000.0
643358.34995 3623761.088375 11000.0
643068.2306499999 3624168.311625 11000.0
642778.1113499999 3624575.534875 11000.0
642487.99205 3624982.758125 11000.0
642197.87275 3625389.981375 11000.0
641907.75345 3625797.2046250002 11000.0
641617.6341499999 3626204.427875 11000.0
641327.5148499999 3626611.651125 11000.0
641037.39555 3627018.874375 11000.0
640747.27625 3627426.097625 11000.0
640457.15695 3627833.320875 11000.0
647883.1548 3616548.173825 11000.0
647593.0355 3616955.397075 11000.0
647302.9162 3617362.620325 11000.0
647012.7969000001 3617769.8435750003 11000.0
646722.6776 3618177.066825 11000.0
646432.5583 3618584.290075 11000.0
646142.439 3618991.513325 11000.0
645852.3197 3619398.736575 11000.0
645562.2004000001 3619805.9598250003 11000.0
645272.0811000001 3620213.183075 11000.0
644981.9618 3620620.4063250003 11000.0
644691.8425 3621027.629575 11000.0
644401.7232 3621434.852825 11000.0
644111.6039 3621842.076075 11000.0
643821.4846000001 3622249.299325 11000.0
643531.3653000001 3622656.5225750003 11000.0
643241.246 3623063.745825 11000.0
642951.1267 3623470.969075 11000.0
642661.0074 3623878.192325 11000.0
642370.8881 3624285.415575 11000.0
642080.7688000001 3624692.6388250003 11000.0
641790.6495 3625099.862075 11000.0
641500.5302 3625507.0853250003 11000.0
641210.4109 3625914.308575 11000.0
640920.2916 3626321.531825 11000.0
640630.1723000001 3626728.755075 11000.0
640340.0530000001 3627135.978325 11000.0
640049.9337 3627543.2015750003 11000.0
647475.93155 3616258.054525 11000.0
647185.81225 3616665.2777750003 11000.0
646895.6929499999 3617072.501025 11000.0
646605.57365 3617479.7242750004 11000.0
646315.45435 3617886.947525 11000.0
646025.33505 3618294.170775 11000.0
645735.21575 3618701.3940250003 11000.0
645445.09645 3619108.617275 11000.0
645154.97715 3619515.8405250004 11000.0
644864.85785 3619923.063775 11000.0
644574.73855 3620330.2870250004 11000.0
644284.61925 3620737.5102750002 11000.0
643994.49995 3621144.733525 11000.0
643704.38065 3621551.9567750003 11000.0
643414.26135 3621959.180025 11000.0
643124.14205 3622366.4032750004 11000.0
642834.02275 3622773.626525 11000.0
642543.90345 3623180.849775 11000.0
642253.78415 3623588.0730250003 11000.0
641963.66485 3623995.296275 11000.0
641673.54555 3624402.5195250004 11000.0
641383.42625 3624809.742775 11000.0
641093.30695 3625216.9660250004 11000.0
640803.18765 3625624.1892750002 11000.0
640513.06835 3626031.412525 11000.0
640222.94905 3626438.6357750003 11000.0
639932.82975 3626845.859025 11000.0
639642.71045 3627253.0822750004 11000.0
647068.7082999999 3615967.9352249997 11000.0
646778.5889999999 3616375.158475 11000.0
646488.4696999999 3616782.3817249998 11000.0
646198.3504 3617189.604975 11000.0
645908.2311 3617596.828225 11000.0
645618.1118 3618004.0514749996 11000.0
645327.9924999999 3618411.274725 11000.0
645037.8731999999 3618818.4979749997 11000.0
644747.7539 3619225.721225 11000.0
644457.6346 3619632.944475 11000.0
644167.5153 3620040.167725 11000.0
643877.396 3620447.390975 11000.0
643587.2766999999 3620854.6142249997 11000.0
643297.1573999999 3621261.837475 11000.0
643007.0381 3621669.0607249998 11000.0
642716.9188 3622076.283975 11000.0
642426.7995 3622483.507225 11000.0
642136.6802 3622890.7304749996 11000.0
641846.5608999999 3623297.953725 11000.0
641556.4415999999 3623705.1769749997 11000.0
641266.3223 3624112.400225 11000.0
640976.203 3624519.623475 11000.0
640686.0837 3624926.846725 11000.0
640395.9643999999 3625334.069975 11000.0
640105.8450999999 3625741.2932249997 11000.0
639815.7258 3626148.516475 11000.0
639525.6065 3626555.7397249998 11000.0
639235.4872 3626962.962975 11000.0
646661.48505 3615677.815925 11000.0
646371.36575 3616085.039175 11000.0
646081.24645 3616492.262425 11000.0
645791.1271500001 3616899.485675 11000.0
645501.00785 3617306.708925 11000.0
645210.88855 3617713.9321749997 11000.0
644920.76925 3618121.155425 11000.0
644630.64995 3618528.378675 11000.0
644340.5306500001 3618935.601925 11000.0
644050.4113500001 3619342.825175 11000.0
643760.29205 3619750.048425 11000.0
643470.17275 3620157.271675 11000.0
643180.05345 3620564.494925 11000.0
642889.93415 3620971.718175 11000.0
642599.8148500001 3621378.941425 11000.0
642309.6955500001 3621786.164675 11000.0
642019.57625 3622193.387925 11000.0
641729.45695 3622600.6111749997 11000.0
641439.33765 3623007.834425 11000.0
641149.21835 3623415.057675 11000.0
640859.0990500001 3623822.280925 11000.0
640568.97975 3624229.504175 11000.0
640278.86045 3624636.727425 11000.0
639988.74115 3625043.950675 11000.0
639698.62185 3625451.173925 11000.0
639408.5025500001 3625858.397175 11000.0
639118.3832500001 3626265.620425 11000.0
638828.26395 3626672.843675 11000.0
646254.2618 3615387.696625 11000.0
645964.1425 3615794.919875 11000.0
645674.0231999999 3616202.143125 11000.0
645383.9039 3616609.366375 11000.0
645093.7846 3617016.589625 11000.0
644803.6653 3617423.812875 11000.0
644513.546 3617831.036125 11000.0
644223.4267 3618238.259375 11000.0
643933.3074 3618645.482625 11000.0
643643.1881 3619052.705875 11000.0
643353.0688 3619459.9291250003 11000.0
643062.9495 3619867.152375 11000.0
642772.8302 3620274.375625 11000.0
642482.7109 3620681.598875 11000.0
642192.5916 3621088.822125 11000.0
641902.4723 3621496.045375 11000.0
641612.353 3621903.268625 11000.0
641322.2337 3622310.491875 11000.0
641032.1144 3622717.715125 11000.0
640741.9951 3623124.938375 11000.0
640451.8758 3623532.161625 11000.0
640161.7565 3623939.384875 11000.0
639871.6372 3624346.6081250003 11000.0
639581.5179 3624753.831375 11000.0
639291.3986 3625161.054625 11000.0
639001.2793 3625568.277875 11000.0
638711.16 3625975.501125 11000.0
638421.0407 3626382.724375 11000.0
645847.0385499999 3615097.577325 11000.0
645556.9192499999 3615504.8005750002 11000.0
645266.7999499999 3615912.023825 11000.0
644976.68065 3616319.2470750003 11000.0
644686.56135 3616726.470325 11000.0
644396.44205 3617133.693575 11000.0
644106.3227499999 3617540.916825 11000.0
643816.2034499999 3617948.140075 11000.0
643526.08415 3618355.3633250003 11000.0
643235.96485 3618762.586575 11000.0
642945.84555 3619169.8098250004 11000.0
642655.72625 3619577.033075 11000.0
642365.6069499999 3619984.256325 11000.0
642075.4876499999 3620391.4795750002 11000.0
641785.36835 3620798.702825 11000.0
641495.24905 3621205.9260750003 11000.0
641205.12975 3621613.149325 11000.0
640915.01045 3622020.372575 11000.0
640624.8911499999 3622427.595825 11000.0
640334.7718499999 3622834.819075 11000.0
640044.65255 3623242.0423250003 11000.0
639754.53325 3623649.265575 11000.0
639464.41395 3624056.4888250004 11000.0
639174.2946499999 3624463.712075 11000.0
638884.1753499999 3624870.935325 11000.0
638594.05605 3625278.1585750002 11000.0
638303.93675 3625685.381825 11000.0
638013.81745 3626092.6050750003 11000.0
645439.8153 3614807.4580249996 11000.0
645149.696 3615214.681275 11000.0
644859.5767 3615621.9045249997 11000.0
644569.4574000001 3616029.127775 11000.0
644279.3381 3616436.3510249997 11000.0
643989.2188 3616843.5742749996 11000.0
643699.0995 3617250.797525 11000.0
643408.9802 3617658.0207749996 11000.0
643118.8609000001 3618065.244025 11000.0
642828.7416000001 3618472.4672749997 11000.0
642538.6223 3618879.690525 11000.0
642248.503 3619286.913775 11000.0
641958.3837 3619694.1370249996 11000.0
641668.2644 3620101.360275 11000.0
641378.1451000001 3620508.5835249997 11000.0
641088.0258000001 3620915.806775 11000.0
640797.9065 3621323.0300249998 11000.0
640507.7872 3621730.2532749996 11000.0
640217.6679 3622137.476525 11000.0
639927.5486 3622544.6997749996 11000.0
639637.4293000001 3622951.923025 11000.0
639347.31 3623359.1462749997 11000.0
639057.1907 3623766.369525 11000.0
638767.0714 3624173.592775 11000.0
638476.9521 3624580.8160249996 11000.0
638186.8328000001 3624988.039275 11000.0
637896.7135000001 3625395.2625249997 11000.0
637606.5942 3625802.485775 11000.0
645032.59205 3614517.3387249997 11000.0
644742.47275 3614924.561975 11000.0
644452.3534499999 3615331.7852249998 11000.0
644162.23415 3615739.008475 11000.0
643872.11485 3616146.231725 11000.0
643581.99555 3616553.4549749997 11000.0
643291.87625 3616960.678225 11000.0
643001.75695 3617367.9014749997 11000.0
642711.63765 3617775.124725 11000.0
642421.51835 3618182.347975 11000.0
642131.39905 3618589.571225 11000.0
641841.27975 3618996.794475 11000.0
641551.16045 3619404.0177249997 11000.0
641261.04115 3619811.240975 11000.0
640970.92185 3620218.464225 11000.0
640680.80255 3620625.687475 11000.0
640390.68325 3621032.910725 11000.0
640100.56395 3621440.1339749997 11000.0
639810.44465 3621847.357225 11000.0
639520.3253499999 3622254.5804749997 11000.0
639230.20605 3622661.803725 11000.0
638940.08675 3623069.026975 11000.0
638649.96745 3623476.250225 11000.0
638359.84815 3623883.473475 11000.0
638069.72885 3624290.6967249997 11000.0
637779.60955 3624697.919975 11000.0
637489.49025 3625105.143225 11000.0
637199.37095 3625512.366475 11000.0
644625.3687999999 3614227.219425 11000.0
644335.2494999999 3614634.442675 11000.0
644045.1301999999 3615041.665925 11000.0
643755.0109 3615448.889175 11000.0
643464.8916 3615856.112425 11000.0
643174.7723 3616263.3356749997 11000.0
642884.6529999999 3616670.558925 11000.0
642594.5336999999 3617077.782175 11000.0
642304.4144 3617485.005425 11000.0
642014.2951 3617892.228675 11000.0
641724.1758 3618299.451925 11000.0
641434.0565 3618706.675175 11000.0
641143.9371999999 3619113.898425 11000.0
640853.8178999999 3619521.121675 11000.0
640563.6986 3619928.344925 11000.0
640273.5793 3620335.568175 11000.0
639983.46 3620742.791425 11000.0
639693.3407 3621150.0146749998 11000.0
639403.2213999999 3621557.237925 11000.0
639113.1020999999 3621964.461175 11000.0
638822.9828 3622371.684425 11000.0
638532.8635 3622778.907675 11000.0
638242.7442 3623186.130925 11000.0
637952.6248999999 3623593.354175 11000.0
637662.5055999999 3624000.577425 11000.0
637372.3863 3624407.800675 11000.0
637082.267 3624815.023925 11000.0
636792.1477 3625222.247175 11000.0
644218.14555 3613937.100125 11000.0
643928.02625 3614344.323375 11000.0
643637.90695 3614751.546625 11000.0
643347.7876500001 3615158.769875 11000.0
643057.66835 3615565.993125 11000.0
642767.54905 3615973.216375 11000.0
642477.42975 3616380.439625 11000.0
642187.31045 3616787.662875 11000.0
641897.1911500001 3617194.886125 11000.0
641607.0718500001 3617602.109375 11000.0
641316.95255 3618009.3326250003 11000.0
641026.83325 3618416.555875 11000.0
640736.71395 3618823.779125 11000.0
640446.59465 3619231.002375 11000.0
640156.4753500001 3619638.225625 11000.0
639866.3560500001 3620045.4488750002 11000.0
639576.23675 3620452.672125 11000.0
639286.11745 3620859.895375 11000.0
638995.99815 3621267.118625 11000.0
638705.87885 3621674.341875 11000.0
638415.7595500001 3622081.565125 11000.0
638125.64025 3622488.788375 11000.0
637835.52095 3622896.0116250003 11000.0
637545.40165 3623303.234875 11000.0
637255.28235 3623710.458125 11000.0
636965.1630500001 3624117.681375 11000.0
636675.0437500001 3624524.904625 11000.0
636384.92445 3624932.1278750002 11000.0
643810.9223 3613646.980825 11000.0
643520.803 3614054.2040750002 11000.0
643230.6836999999 3614461.427325 11000.0
642940.5644 3614868.6505750003 11000.0
642650.4451 3615275.873825 11000.0
642360.3258 3615683.097075 11000.0
642070.2065 3616090.320325 11000.0
641780.0872 3616497.543575 11000.0
641489.9679 3616904.7668250003 11000.0
641199.8486 3617311.990075 11000.0
640909.7293 3617719.2133250004 11000.0
640619.61 3618126.436575 11000.0
640329.4907 3618533.659825 11000.0
640039.3714 3618940.8830750003 11000.0
639749.2521 3619348.106325 11000.0
639459.1328 3619755.3295750003 11000.0
639169.0135 3620162.552825 11000.0
638878.8942 3620569.776075 11000.0
638588.7749 3620976.999325 11000.0
638298.6555999999 3621384.222575 11000.0
638008.5363 3621791.4458250003 11000.0
637718.417 3622198.669075 11000.0
637428.2977 3622605.8923250004 11000.0
637138.1784 3623013.115575 11000.0
636848.0591 3623420.338825 11000.0
636557.9398 3623827.5620750003 11000.0
636267.8205 3624234.785325 11000.0
635977.7012 3624642.0085750003 11000.0
643403.6990499999 3613356.8615249996 11000.0
643113.5797499999 3613764.084775 11000.0
642823.4604499999 3614171.3080249997 11000.0
642533.34115 3614578.531275 11000.0
642243.22185 3614985.7545249998 11000.0
641953.10255 3615392.9777749996 11000.0
641662.9832499999 3615800.201025 11000.0
641372.8639499999 3616207.4242749996 11000.0
641082.74465 3616614.647525 11000.0
640792.62535 3617021.8707749997 11000.0
640502.50605 3617429.094025 11000.0
640212.38675 3617836.317275 11000.0
639922.2674499999 3618243.5405249996 11000.0
639632.1481499999 3618650.763775 11000.0
639342.02885 3619057.9870249997 11000.0
639051.90955 3619465.210275 11000.0
638761.79025 3619872.433525 11000.0
638471.6709499999 3620279.6567749996 11000.0
638181.5516499999 3620686.880025 11000.0
637891.4323499999 3621094.1032749997 11000.0
637601.31305 3621501.326525 11000.0
637311.19375 3621908.5497749997 11000.0
637021.07445 3622315.773025 11000.0
636730.9551499999 3622722.996275 11000.0
636440.8358499999 3623130.2195249996 11000.0
636150.71655 3623537.442775 11000.0
635860.59725 3623944.6660249997 11000.0
635570.47795 3624351.889275 11000.0
642996.4758 3613066.7422249997 11000.0
642706.3565 3613473.965475 11000.0
642416.2372 3613881.188725 11000.0
642126.1179000001 3614288.411975 11000.0
641835.9986 3614695.635225 11000.0
641545.8793 3615102.8584749997 11000.0
641255.76 3615510.081725 11000.0
640965.6407 3615917.3049749997 11000.0
640675.5214000001 3616324.528225 11000.0
640385.4021000001 3616731.751475 11000.0
640095.2828 3617138.974725 11000.0
639805.1635 3617546.197975 11000.0
639515.0442 3617953.4212249997 11000.0
639224.9249 3618360.644475 11000.0
638934.8056000001 3618767.867725 11000.0
638644.6863000001 3619175.090975 11000.0
638354.567 3619582.314225 11000.0
638064.4477 3619989.5374749997 11000.0
637774.3284 3620396.760725 11000.0
637484.2091 3620803.9839749997 11000.0
637194.0898000001 3621211.207225 11000.0
636903.9705 3621618.430475 11000.0
636613.8512 3622025.653725 11000.0
636323.7319 3622432.876975 11000.0
636033.6126 3622840.1002249997 11000.0
635743.4933000001 3623247.323475 11000.0
635453.3740000001 3623654.546725 11000.0
635163.2547 3624061.769975 11000.0
642589.25255 3612776.622925 11000.0
642299.13325 3613183.846175 11000.0
642009.0139499999 3613591.069425 11000.0
641718.89465 3613998.292675 11000.0
641428.77535 3614405.515925 11000.0
641138.65605 3614812.7391749998 11000.0
640848.53675 3615219.962425 11000.0
640558.41745 3615627.185675 11000.0
640268.29815 3616034.408925 11000.0
639978.17885 3616441.632175 11000.0
639688.05955 3616848.855425 11000.0
639397.94025 3617256.078675 11000.0
639107.82095 3617663.301925 11000.0
638817.70165 3618070.525175 11000.0
638527.58235 3618477.748425 11000.0
638237.46305 3618884.971675 11000.0
637947.34375 3619292.194925 11000.0
637657.22445 3619699.4181749998 11000.0
637367.10515 3620106.641425 11000.0
637076.9858499999 3620513.864675 11000.0
636786.86655 3620921.087925 11000.0
636496.74725 3621328.311175 11000.0
636206.62795 3621735.534425 11000.0
635916.50865 3622142.757675 11000.0
635626.38935 3622549.980925 11000.0
635336.27005 3622957.204175 11000.0
635046.15075 3623364.427425 11000.0
634756.03145 3623771.650675 11000.0
642182.0292999999 3612486.503625 11000.0
641891.9099999999 3612893.726875 11000.0
641601.7906999999 3613300.950125 11000.0
641311.6714 3613708.1733750002 11000.0
641021.5521 3614115.396625 11000.0
640731.4328 3614522.619875 11000.0
640441.3134999999 3614929.843125 11000.0
640151.1941999999 3615337.066375 11000.0
639861.0749 3615744.289625 11000.0
639570.9556 3616151.512875 11000.0
639280.8363 3616558.7361250003 11000.0
638990.717 3616965.959375 11000.0
638700.5976999999 3617373.182625 11000.0
638410.4783999999 3617780.405875 11000.0
638120.3591 3618187.629125 11000.0
637830.2398 3618594.8523750002 11000.0
637540.1205 3619002.075625 11000.0
637250.0011999999 3619409.298875 11000.0
636959.8818999999 3619816.522125 11000.0
636669.7625999999 3620223.745375 11000.0
636379.6433 3620630.968625 11000.0
636089.524 3621038.191875 11000.0
635799.4047 3621445.4151250003 11000.0
635509.2853999999 3621852.638375 11000.0
635219.1660999999 3622259.861625 11000.0
634929.0468 3622667.084875 11000.0
634638.9275 3623074.308125 11000.0
634348.8082 3623481.5313750003 11000.0
641774.80605 3612196.384325 11000.0
641484.68675 3612603.6075750003 11000.0
641194.56745 3613010.830825 11000.0
640904.4481500001 3613418.0540750003 11000.0
640614.32885 3613825.277325 11000.0
640324.20955 3614232.500575 11000.0
640034.09025 3614639.723825 11000.0
639743.97095 3615046.947075 11000.0
639453.8516500001 3615454.1703250003 11000.0
639163.7323500001 3615861.393575 11000.0
638873.61305 3616268.6168250004 11000.0
638583.49375 3616675.840075 11000.0
638293.37445 3617083.063325 11000.0
638003.25515 3617490.2865750003 11000.0
637713.1358500001 3617897.509825 11000.0
637423.0165500001 3618304.7330750003 11000.0
637132.89725 3618711.956325 11000.0
636842.77795 3619119.179575 11000.0
636552.65865 3619526.402825 11000.0
636262.53935 3619933.626075 11000.0
635972.4200500001 3620340.8493250003 11000.0
635682.30075 3620748.072575 11000.0
635392.18145 3621155.2958250004 11000.0
635102.06215 3621562.519075 11000.0
634811.94285 3621969.742325 11000.0
634521.8235500001 3622376.9655750003 11000.0
634231.7042500001 3622784.188825 11000.0
633941.58495 3623191.4120750003 11000.0
641367.5828 3611906.2650249996 11000.0
641077.4635 3612313.488275 11000.0
640787.3441999999 3612720.7115249997 11000.0
640497.2249 3613127.934775 11000.0
640207.1056 3613535.158025 11000.0
639916.9863 3613942.3812749996 11000.0
639626.867 3614349.604525 11000.0
639336.7477 3614756.8277749997 11000.0
639046.6284 3615164.051025 11000.0
638756.5091 3615571.2742749997 11000.0
638466.3898 3615978.497525 11000.0
638176.2705 3616385.720775 11000.0
637886.1512 3616792.9440249996 11000.0
637596.0319 3617200.167275 11000.0
637305.9126 3617607.3905249997 11000.0
637015.7933 3618014.613775 11000.0
636725.674 3618421.837025 11000.0
636435.5547 3618829.0602749996 11000.0
636145.4354 3619236.283525 11000.0
635855.3160999999 3619643.5067749997 11000.0
635565.1968 3620050.730025 11000.0
635275.0775 3620457.9532749997 11000.0
634984.9582 3620865.176525 11000.0
634694.8389 3621272.399775 11000.0
634404.7196 3621679.6230249996 11000.0
634114.6003 3622086.846275 11000.0
633824.481 3622494.0695249997 11000.0
633534.3617 3622901.292775 11000.0
652362.61055 3619739.486125 11500.0
652072.49125 3620146.709375 11500.0
651782.37195 3620553.932625 11500.0
651492.25265 3620961.155875 11500.0
651202.13335 3621368.379125 11500.0
650912.01405 3621775.602375 11500.0
650621.89475 3622182.825625 11500.0
650331.77545 3622590.048875 11500.0
650041.65615 3622997.272125 11500.0
649751.53685 3623404.495375 11500.0
649461.41755 3623811.718625 11500.0
649171.29825 3624218.941875 11500.0
648881.17895 3624626.165125 11500.0
648591.05965 3625033.388375 11500.0
648300.94035 3625440.611625 11500.0
648010.82105 3625847.834875 11500.0
647720.70175 3626255.058125 11500.0
647430.58245 3626662.281375 11500.0
647140.46315 3627069.504625 11500.0
646850.34385 3627476.727875 11500.0
646560.22455 3627883.951125 11500.0
646270.10525 3628291.174375 11500.0
645979.98595 3628698.397625 11500.0
645689.86665 3629105.620875 11500.0
645399.74735 3629512.844125 11500.0
645109.62805 3629920.067375 11500.0
644819.50875 3630327.290625 11500.0
644529.38945 3630734.513875 11500.0
651955.3873 3619449.366825 11500.0
651665.2679999999 3619856.590075 11500.0
651375.1486999999 3620263.813325 11500.0
651085.0294 3620671.0365750003 11500.0
650794.9101 3621078.259825 11500.0
650504.7908 3621485.483075 11500.0
650214.6714999999 3621892.706325 11500.0
649924.5521999999 3622299.929575 11500.0
649634.4329 3622707.152825 11500.0
649344.3136 3623114.376075 11500.0
649054.1943 3623521.5993250003 11500.0
648764.075 3623928.822575 11500.0
648473.9556999999 3624336.045825 11500.0
648183.8363999999 3624743.269075 11500.0
647893.7171 3625150.492325 11500.0
647603.5978 3625557.7155750003 11500.0
647313.4785 3625964.938825 11500.0
647023.3592 3626372.162075 11500.0
646733.2398999999 3626779.385325 11500.0
646443.1205999999 3627186.608575 11500.0
646153.0013 3627593.8318250002 11500.0
645862.882 3628001.055075 11500.0
645572.7627 3628408.2783250003 11500.0
645282.6434 3628815.501575 11500.0
644992.5240999999 3629222.724825 11500.0
644702.4048 3629629.948075 11500.0
644412.2855 3630037.171325 11500.0
644122.1662 3630444.3945750003 11500.0
651548.16405 3619159.247525 11500.0
651258.04475 3619566.4707750003 11500.0
650967.92545 3619973.694025 11500.0
650677.8061500001 3620380.9172750004 11500.0
650387.68685 3620788.140525 11500.0
650097.56755 3621195.363775 11500.0
649807.44825 3621602.5870250002 11500.0
649517.32895 3622009.810275 11500.0
649227.2096500001 3622417.0335250003 11500.0
648937.0903500001 3622824.256775 11500.0
648646.97105 3623231.4800250004 11500.0
648356.85175 3623638.703275 11500.0
648066.73245 3624045.926525 11500.0
647776.61315 3624453.1497750003 11500.0
647486.4938500001 3624860.373025 11500.0
647196.3745500001 3625267.5962750004 11500.0
646906.25525 3625674.819525 11500.0
646616.13595 3626082.042775 11500.0
646326.01665 3626489.2660250003 11500.0
646035.89735 3626896.489275 11500.0
645745.7780500001 3627303.7125250003 11500.0
645455.6587500001 3627710.935775 11500.0
645165.53945 3628118.1590250004 11500.0
644875.42015 3628525.382275 11500.0
644585.30085 3628932.605525 11500.0
644295.1815500001 3629339.8287750003 11500.0
644005.0622500001 3629747.052025 11500.0
643714.94295 3630154.2752750004 11500.0
651140.9408 3618869.1282249996 11500.0
650850.8215 3619276.351475 11500.0
650560.7021999999 3619683.5747249997 11500.0
650270.5829 3620090.797975 11500.0
649980.4636 3620498.021225 11500.0
649690.3443 3620905.2444749996 11500.0
649400.225 3621312.467725 11500.0
649110.1057 3621719.6909749997 11500.0
648819.9864 3622126.914225 11500.0
648529.8671 3622534.1374749998 11500.0
648239.7478 3622941.360725 11500.0
647949.6285 3623348.583975 11500.0
647659.5092 3623755.8072249996 11500.0
647369.3899 3624163.030475 11500.0
647079.2706 3624570.2537249997 11500.0
646789.1513 3624977.476975 11500.0
646499.032 3625384.700225 11500.0
646208.9127 3625791.9234749996 11500.0
645918.7934 3626199.146725 11500.0
645628.6741 3626606.3699749997 11500.0
645338.5548 3627013.593225 11500.0
645048.4355 3627420.8164749998 11500.0
644758.3162 3627828.039725 11500.0
644468.1969 3628235.262975 11500.0
644178.0776 3628642.4862249997 11500.0
643887.9583 3629049.709475 11500.0
643597.839 3629456.9327249997 11500.0
643307.7197 3629864.155975 11500.0
650733.71755 3618579.0089249997 11500.0
650443.5982499999 3618986.232175 11500.0
650153.4789499999 3619393.455425 11500.0
649863.35965 3619800.678675 11500.0
649573.24035 3620207.901925 11500.0
649283.12105 3620615.1251749997 11500.0
648993.0017499999 3621022.348425 11500.0
648702.8824499999 3621429.571675 11500.0
648412.76315 3621836.794925 11500.0
648122.64385 3622244.018175 11500.0
647832.52455 3622651.241425 11500.0
647542.40525 3623058.464675 11500.0
647252.2859499999 3623465.6879249997 11500.0
646962.1666499999 3623872.911175 11500.0
646672.04735 3624280.134425 11500.0
646381.92805 3624687.357675 11500.0
646091.80875 3625094.580925 11500.0
645801.68945 3625501.8041749997 11500.0
645511.5701499999 3625909.027425 11500.0
645221.4508499999 3626316.250675 11500.0
644931.33155 3626723.473925 11500.0
644641.21225 3627130.697175 11500.0
644351.09295 3627537.920425 11500.0
644060.9736499999 3627945.143675 11500.0
643770.8543499999 3628352.3669249997 11500.0
643480.73505 3628759.590175 11500.0
643190.61575 3629166.813425 11500.0
642900.49645 3629574.036675 11500.0
650326.4943 3618288.889625 11500.0
650036.375 3618696.112875 11500.0
649746.2557 3619103.336125 11500.0
649456.1364000001 3619510.559375 11500.0
649166.0171 3619917.782625 11500.0
648875.8978 3620325.005875 11500.0
648585.7785 3620732.229125 11500.0
648295.6592 3621139.452375 11500.0
648005.5399000001 3621546.675625 11500.0
647715.4206000001 3621953.898875 11500.0
647425.3013 3622361.122125 11500.0
647135.182 3622768.345375 11500.0
646845.0627 3623175.568625 11500.0
646554.9434 3623582.791875 11500.0
646264.8241000001 3623990.015125 11500.0
645974.7048000001 3624397.238375 11500.0
645684.5855 3624804.461625 11500.0
645394.4662 3625211.684875 11500.0
645104.3469 3625618.908125 11500.0
644814.2276 3626026.131375 11500.0
644524.1083000001 3626433.354625 11500.0
644233.9890000001 3626840.577875 11500.0
643943.8697 3627247.801125 11500.0
643653.7504 3627655.024375 11500.0
643363.6311 3628062.247625 11500.0
643073.5118000001 3628469.470875 11500.0
642783.3925000001 3628876.694125 11500.0
642493.2732 3629283.917375 11500.0
649919.27105 3617998.770325 11500.0
649629.15175 3618405.993575 11500.0
649339.0324499999 3618813.216825 11500.0
649048.91315 3619220.4400750003 11500.0
648758.79385 3619627.663325 11500.0
648468.67455 3620034.886575 11500.0
648178.55525 3620442.109825 11500.0
647888.43595 3620849.333075 11500.0
647598.31665 3621256.5563250002 11500.0
647308.19735 3621663.779575 11500.0
647018.07805 3622071.0028250003 11500.0
646727.95875 3622478.226075 11500.0
646437.83945 3622885.449325 11500.0
646147.72015 3623292.672575 11500.0
645857.60085 3623699.895825 11500.0
645567.48155 3624107.1190750003 11500.0
645277.36225 3624514.342325 11500.0
644987.24295 3624921.565575 11500.0
644697.12365 3625328.788825 11500.0
644407.00435 3625736.012075 11500.0
644116.88505 3626143.2353250002 11500.0
643826.76575 3626550.458575 11500.0
643536.64645 3626957.6818250003 11500.0
643246.52715 3627364.905075 11500.0
642956.40785 3627772.128325 11500.0
642666.28855 3628179.351575 11500.0
642376.16925 3628586.574825 11500.0
642086.04995 3628993.7980750003 11500.0
649512.0478 3617708.651025 11500.0
649221.9284999999 3618115.8742750003 11500.0
648931.8091999999 3618523.097525 11500.0
648641.6899 3618930.3207750004 11500.0
648351.5706 3619337.544025 11500.0
648061.4513 3619744.767275 11500.0
647771.3319999999 3620151.9905250003 11500.0
647481.2126999999 3620559.213775 11500.0
647191.0934 3620966.4370250003 11500.0
646900.9741 3621373.660275 11500.0
646610.8548 3621780.8835250004 11500.0
646320.7355 3622188.106775 11500.0
646030.6161999999 3622595.330025 11500.0
645740.4968999999 3623002.5532750003 11500.0
645450.3776 3623409.776525 11500.0
645160.2583 3623816.9997750004 11500.0
644870.139 3624224.223025 11500.0
644580.0197 3624631.446275 11500.0
644289.9003999999 3625038.6695250003 11500.0
643999.7810999999 3625445.892775 11500.0
643709.6618 3625853.1160250003 11500.0
643419.5425 3626260.339275 11500.0
643129.4232 3626667.5625250004 11500.0
642839.3038999999 3627074.785775 11500.0
642549.1845999999 3627482.009025 11500.0
642259.0653 3627889.2322750003 11500.0
641968.946 3628296.455525 11500.0
641678.8267 3628703.6787750004 11500.0
649104.82455 3617418.5317249997 11500.0
648814.70525 3617825.754975 11500.0
648524.58595 3618232.9782249997 11500.0
648234.4666500001 3618640.201475 11500.0
647944.34735 3619047.424725 11500.0
647654.22805 3619454.6479749996 11500.0
647364.10875 3619861.871225 11500.0
647073.98945 3620269.0944749997 11500.0
646783.8701500001 3620676.317725 11500.0
646493.7508500001 3621083.540975 11500.0
646203.63155 3621490.764225 11500.0
645913.51225 3621897.987475 11500.0
645623.39295 3622305.2107249997 11500.0
645333.27365 3622712.433975 11500.0
645043.1543500001 3623119.6572249997 11500.0
644753.0350500001 3623526.880475 11500.0
644462.91575 3623934.103725 11500.0
644172.79645 3624341.3269749996 11500.0
643882.67715 3624748.550225 11500.0
643592.55785 3625155.7734749997 11500.0
643302.4385500001 3625562.996725 11500.0
643012.3192500001 3625970.219975 11500.0
642722.19995 3626377.443225 11500.0
642432.08065 3626784.666475 11500.0
642141.96135 3627191.8897249997 11500.0
641851.8420500001 3627599.112975 11500.0
641561.7227500001 3628006.3362249997 11500.0
641271.60345 3628413.559475 11500.0
648697.6013 3617128.4124249998 11500.0
648407.482 3617535.635675 11500.0
648117.3626999999 3617942.858925 11500.0
647827.2434 3618350.082175 11500.0
647537.1241 3618757.305425 11500.0
647247.0048 3619164.5286749997 11500.0
646956.8855 3619571.751925 11500.0
646666.7662 3619978.975175 11500.0
646376.6469 3620386.198425 11500.0
646086.5276 3620793.421675 11500.0
645796.4083 3621200.644925 11500.0
645506.289 3621607.868175 11500.0
645216.1697 3622015.0914249998 11500.0
644926.0504 3622422.314675 11500.0
644635.9311 3622829.537925 11500.0
644345.8118 3623236.761175 11500.0
644055.6925 3623643.984425 11500.0
643765.5732 3624051.2076749997 11500.0
643475.4539 3624458.430925 11500.0
643185.3346 3624865.654175 11500.0
642895.2153 3625272.877425 11500.0
642605.096 3625680.100675 11500.0
642314.9767 3626087.323925 11500.0
642024.8574 3626494.547175 11500.0
641734.7381 3626901.7704249998 11500.0
641444.6188 3627308.993675 11500.0
641154.4995 3627716.216925 11500.0
640864.3802 3628123.440175 11500.0
648290.3780499999 3616838.293125 11500.0
648000.2587499999 3617245.516375 11500.0
647710.1394499999 3617652.739625 11500.0
647420.02015 3618059.962875 11500.0
647129.90085 3618467.186125 11500.0
646839.78155 3618874.409375 11500.0
646549.6622499999 3619281.632625 11500.0
646259.5429499999 3619688.855875 11500.0
645969.42365 3620096.079125 11500.0
645679.30435 3620503.302375 11500.0
645389.18505 3620910.5256250002 11500.0
645099.06575 3621317.748875 11500.0
644808.9464499999 3621724.972125 11500.0
644518.8271499999 3622132.195375 11500.0
644228.70785 3622539.418625 11500.0
643938.58855 3622946.641875 11500.0
643648.46925 3623353.865125 11500.0
643358.34995 3623761.088375 11500.0
643068.2306499999 3624168.311625 11500.0
642778.1113499999 3624575.534875 11500.0
642487.99205 3624982.758125 11500.0
642197.87275 3625389.981375 11500.0
641907.75345 3625797.2046250002 11500.0
641617.6341499999 3626204.427875 11500.0
641327.5148499999 3626611.651125 11500.0
641037.39555 3627018.874375 11500.0
640747.27625 3627426.097625 11500.0
640457.15695 3627833.320875 11500.0
647883.1548 3616548.173825 11500.0
647593.0355 3616955.397075 11500.0
647302.9162 3617362.620325 11500.0
647012.7969000001 3617769.8435750003 11500.0
646722.6776 3618177.066825 11500.0
646432.5583 3618584.290075 11500.0
646142.439 3618991.513325 11500.0
645852.3197 3619398.736575 11500.0
645562.2004000001 3619805.9598250003 11500.0
645272.0811000001 3620213.183075 11500.0
644981.9618 3620620.4063250003 11500.0
644691.8425 3621027.629575 11500.0
644401.7232 3621434.852825 11500.0
644111.6039 3621842.076075 11500.0
643821.4846000001 3622249.299325 11500.0
643531.3653000001 3622656.5225750003 11500.0
643241.246 3623063.745825 11500.0
642951.1267 3623470.969075 11500.0
642661.0074 3623878.192325 11500.0
642370.8881 3624285.415575 11500.0
642080.7688000001 3624692.6388250003 11500.0
641790.6495 3625099.862075 11500.0
641500.5302 3625507.0853250003 11500.0
641210.4109 3625914.308575 11500.0
640920.2916 3626321.531825 11500.0
640630.1723000001 3626728.755075 11500.0
640340.0530000001 3627135.978325 11500.0
640049.9337 3627543.2015750003 11500.0
647475.93155 3616258.054525 11500.0
647185.81225 3616665.2777750003 11500.0
646895.6929499999 3617072.501025 11500.0
646605.57365 3617479.7242750004 11500.0
646315.45435 3617886.947525 11500.0
646025.33505 3618294.170775 11500.0
645735.21575 3618701.3940250003 11500.0
645445.09645 3619108.617275 11500.0
645154.97715 3619515.8405250004 11500.0
644864.85785 3619923.063775 11500.0
644574.73855 3620330.2870250004 11500.0
644284.61925 3620737.5102750002 11500.0
643994.49995 3621144.733525 11500.0
643704.38065 3621551.9567750003 11500.0
643414.26135 3621959.180025 11500.0
643124.14205 3622366.4032750004 11500.0
642834.02275 3622773.626525 11500.0
642543.90345 3623180.849775 11500.0
642253.78415 3623588.0730250003 11500.0
641963.66485 3623995.296275 11500.0
641673.54555 3624402.5195250004 11500.0
641383.42625 3624809.742775 11500.0
641093.30695 3625216.9660250004 11500.0
640803.18765 3625624.1892750002 11500.0
640513.06835 3626031.412525 11500.0
640222.94905 3626438.6357750003 11500.0
639932.82975 3626845.859025 11500.0
639642.71045 3627253.0822750004 11500.0
647068.7082999999 3615967.9352249997 11500.0
646778.5889999999 3616375.158475 11500.0
646488.4696999999 3616782.3817249998 11500.0
646198.3504 3617189.604975 11500.0
645908.2311 3617596.828225 11500.0
645618.1118 3618004.0514749996 11500.0
645327.9924999999 3618411.274725 11500.0
645037.8731999999 3618818.4979749997 11500.0
644747.7539 3619225.721225 11500.0
644457.6346 3619632.944475 11500.0
644167.5153 3620040.167725 11500.0
643877.396 3620447.390975 11500.0
643587.2766999999 3620854.6142249997 11500.0
643297.1573999999 3621261.837475 11500.0
643007.0381 3621669.0607249998 11500.0
642716.9188 3622076.283975 11500.0
642426.7995 3622483.507225 11500.0
642136.6802 3622890.7304749996 11500.0
641846.5608999999 3623297.953725 11500.0
641556.4415999999 3623705.1769749997 11500.0
641266.3223 3624112.400225 11500.0
640976.203 3624519.623475 11500.0
640686.0837 3624926.846725 11500.0
640395.9643999999 3625334.069975 11500.0
640105.8450999999 3625741.2932249997 11500.0
639815.7258 3626148.516475 11500.0
639525.6065 3626555.7397249998 11500.0
639235.4872 3626962.962975 11500.0
646661.48505 3615677.815925 11500.0
646371.36575 3616085.039175 11500.0
646081.24645 3616492.262425 11500.0
645791.1271500001 3616899.485675 11500.0
645501.00785 3617306.708925 11500.0
645210.88855 3617713.9321749997 11500.0
644920.76925 3618121.155425 11500.0
644630.64995 3618528.378675 11500.0
644340.5306500001 3618935.601925 11500.0
644050.4113500001 3619342.825175 11500.0
643760.29205 3619750.048425 11500.0
643470.17275 3620157.271675 11500.0
643180.05345 3620564.494925 11500.0
642889.93415 3620971.718175 11500.0
642599.8148500001 3621378.941425 11500.0
642309.6955500001 3621786.164675 11500.0
642019.57625 3622193.387925 11500.0
641729.45695 3622600.6111749997 11500.0
641439.33765 3623007.834425 11500.0
641149.21835 3623415.057675 11500.0
640859.0990500001 3623822.280925 11500.0
640568.97975 3624229.504175 11500.0
640278.86045 3624636.727425 11500.0
639988.74115 3625043.950675 11500.0
639698.62185 3625451.173925 11500.0
639408.5025500001 3625858.397175 11500.0
639118.3832500001 3626265.620425 11500.0
638828.26395 3626672.843675 11500.0
646254.2618 3615387.696625 11500.0
645964.1425 3615794.919875 11500.0
645674.0231999999 3616202.143125 11500.0
645383.9039 3616609.366375 11500.0
645093.7846 3617016.589625 11500.0
644803.6653 3617423.812875 11500.0
644513.546 3617831.036125 11500.0
644223.4267 3618238.259375 11500.0
643933.3074 3618645.482625 11500.0
643643.1881 3619052.705875 11500.0
643353.0688 3619459.9291250003 11500.0
643062.9495 3619867.152375 11500.0
642772.8302 3620274.375625 11500.0
642482.7109 3620681.598875 11500.0
642192.5916 3621088.822125 11500.0
641902.4723 3621496.045375 11500.0
641612.353 3621903.268625 11500.0
641322.2337 3622310.491875 11500.0
641032.1144 3622717.715125 11500.0
640741.9951 3623124.938375 11500.0
640451.8758 3623532.161625 11500.0
640161.7565 3623939.384875 11500.0
639871.6372 3624346.6081250003 11500.0
639581.5179 3624753.831375 11500.0
639291.3986 3625161.054625 11500.0
639001.2793 3625568.277875 11500.0
638711.16 3625975.501125 11500.0
638421.0407 3626382.724375 11500.0
645847.0385499999 3615097.577325 11500.0
645556.9192499999 3615504.8005750002 11500.0
645266.7999499999 3615912.023825 11500.0
644976.68065 3616319.2470750003 11500.0
644686.56135 3616726.470325 11500.0
644396.44205 3617133.693575 11500.0
644106.3227499999 3617540.916825 11500.0
643816.2034499999 3617948.140075 11500.0
643526.08415 3618355.3633250003 11500.0
643235.96485 3618762.586575 11500.0
642945.84555 3619169.8098250004 11500.0
642655.72625 3619577.033075 11500.0
642365.6069499999 3619984.256325 11500.0
642075.4876499999 3620391.4795750002 11500.0
641785.36835 3620798.702825 11500.0
641495.24905 3621205.9260750003 11500.0
641205.12975 3621613.149325 11500.0
640915.01045 3622020.372575 11500.0
640624.8911499999 3622427.595825 11500.0
640334.7718499999 3622834.819075 11500.0
640044.65255 3623242.0423250003 11500.0
639754.53325 3623649.265575 11500.0
639464.41395 3624056.4888250004 11500.0
639174.2946499999 3624463.712075 11500.0
638884.1753499999 3624870.935325 11500.0
638594.05605 3625278.1585750002 11500.0
638303.93675 3625685.381825 11500.0
638013.81745 3626092.6050750003 11500.0
645439.8153 3614807.4580249996 11500.0
645149.696 3615214.681275 11500.0
644859.5767 3615621.9045249997 11500.0
644569.4574000001 3616029.127775 11500.0
644279.3381 3616436.3510249997 11500.0
643989.2188 3616843.5742749996 11500.0
643699.0995 3617250.797525 11500.0
643408.9802 3617658.0207749996 11500.0
643118.8609000001 3618065.244025 11500.0
642828.7416000001 3618472.4672749997 11500.0
642538.6223 3618879.690525 11500.0
642248.503 3619286.913775 11500.0
641958.3837 3619694.1370249996 11500.0
641668.2644 3620101.360275 11500.0
641378.1451000001 3620508.5835249997 11500.0
641088.0258000001 3620915.806775 11500.0
640797.9065 3621323.0300249998 11500.0
640507.7872 3621730.2532749996 11500.0
640217.6679 3622137.476525 11500.0
639927.5486 3622544.6997749996 11500.0
639637.4293000001 3622951.923025 11500.0
639347.31 3623359.1462749997 11500.0
639057.1907 3623766.369525 11500.0
638767.0714 3624173.592775 11500.0
638476.9521 3624580.8160249996 11500.0
638186.8328000001 3624988.039275 11500.0
637896.7135000001 3625395.2625249997 11500.0
637606.5942 3625802.485775 11500.0
645032.59205 3614517.3387249997 11500.0
644742.47275 3614924.561975 11500.0
644452.3534499999 3615331.7852249998 11500.0
644162.23415 3615739.008475 11500.0
643872.11485 3616146.231725 11500.0
643581.99555 3616553.4549749997 11500.0
643291.87625 3616960.678225 11500.0
643001.75695 3617367.9014749997 11500.0
642711.63765 3617775.124725 11500.0
642421.51835 3618182.347975 11500.0
642131.39905 3618589.571225 11500.0
641841.27975 3618996.794475 11500.0
641551.16045 3619404.0177249997 11500.0
641261.04115 3619811.240975 11500.0
640970.92185 3620218.464225 11500.0
640680.80255 3620625.687475 11500.0
640390.68325 3621032.910725 11500.0
640100.56395 3621440.1339749997 11500.0
639810.44465 3621847.357225 11500.0
639520.3253499999 3622254.5804749997 11500.0
639230.20605 3622661.803725 11500.0
638940.08675 3623069.026975 11500.0
638649.96745 3623476.250225 11500.0
638359.84815 3623883.473475 11500.0
638069.72885 3624290.6967249997 11500.0
637779.60955 3624697.919975 11500.0
637489.49025 3625105.143225 11500.0
637199.37095 3625512.366475 11500.0
644625.3687999999 3614227.219425 11500.0
644335.2494999999 3614634.442675 11500.0
644045.1301999999 3615041.665925 11500.0
643755.0109 3615448.889175 11500.0
643464.8916 3615856.112425 11500.0
643174.7723 3616263.3356749997 11500.0
642884.6529999999 3616670.558925 11500.0
642594.5336999999 3617077.782175 11500.0
642304.4144 3617485.005425 11500.0
642014.2951 3617892.228675 11500.0
641724.1758 3618299.451925 11500.0
641434.0565 3618706.675175 11500.0
641143.9371999999 3619113.898425 11500.0
640853.8178999999 3619521.121675 11500.0
640563.6986 3619928.344925 11500.0
640273.5793 3620335.568175 11500.0
639983.46 3620742.791425 11500.0
639693.3407 3621150.0146749998 11500.0
639403.2213999999 3621557.237925 11500.0
639113.1020999999 3621964.461175 11500.0
638822.9828 3622371.684425 11500.0
638532.8635 3622778.907675 11500.0
638242.7442 3623186.130925 11500.0
637952.6248999999 3623593.354175 11500.0
637662.5055999999 3624000.577425 11500.0
637372.3863 3624407.800675 11500.0
637082.267 3624815.023925 11500.0
636792.1477 3625222.247175 11500.0
644218.14555 3613937.100125 11500.0
643928.02625 3614344.323375 11500.0
643637.90695 3614751.546625 11500.0
643347.7876500001 3615158.769875 11500.0
643057.66835 3615565.993125 11500.0
642767.54905 3615973.216375 11500.0
642477.42975 3616380.439625 11500.0
642187.31045 3616787.662875 11500.0
641897.1911500001 3617194.886125 11500.0
641607.0718500001 3617602.109375 11500.0
641316.95255 3618009.3326250003 11500.0
641026.83325 3618416.555875 11500.0
640736.71395 3618823.779125 11500.0
640446.59465 3619231.002375 11500.0
640156.4753500001 3619638.225625 11500.0
639866.3560500001 3620045.4488750002 11500.0
639576.23675 3620452.672125 11500.0
639286.11745 3620859.895375 11500.0
638995.99815 3621267.118625 11500.0
638705.87885 3621674.341875 11500.0
638415.7595500001 3622081.565125 11500.0
638125.64025 3622488.788375 11500.0
637835.52095 3622896.0116250003 11500.0
637545.40165 3623303.234875 11500.0
637255.28235 3623710.458125 11500.0
636965.1630500001 3624117.681375 11500.0
636675.0437500001 3624524.904625 11500.0
636384.92445 3624932.1278750002 11500.0
643810.9223 3613646.980825 11500.0
643520.803 3614054.2040750002 11500.0
643230.6836999999 3614461.427325 11500.0
642940.5644 3614868.6505750003 11500.0
642650.4451 3615275.873825 11500.0
642360.3258 3615683.097075 11500.0
642070.2065 3616090.320325 11500.0
641780.0872 3616497.543575 11500.0
641489.9679 3616904.7668250003 11500.0
641199.8486 3617311.990075 11500.0
640909.7293 3617719.2133250004 11500.0
640619.61 3618126.436575 11500.0
640329.4907 3618533.659825 11500.0
640039.3714 3618940.8830750003 11500.0
639749.2521 3619348.106325 11500.0
639459.1328 3619755.3295750003 11500.0
639169.0135 3620162.552825 11500.0
638878.8942 3620569.776075 11500.0
638588.7749 3620976.999325 11500.0
638298.6555999999 3621384.222575 11500.0
638008.5363 3621791.4458250003 11500.0
637718.417 3622198.669075 11500.0
637428.2977 3622605.8923250004 11500.0
637138.1784 3623013.115575 11500.0
636848.0591 3623420.338825 11500.0
636557.9398 3623827.5620750003 11500.0
636267.8205 3624234.785325 11500.0
635977.7012 3624642.0085750003 11500.0
643403.6990499999 3613356.8615249996 11500.0
643113.5797499999 3613764.084775 11500.0
642823.4604499999 3614171.3080249997 11500.0
642533.34115 3614578.531275 11500.0
642243.22185 3614985.7545249998 11500.0
641953.10255 3615392.9777749996 11500.0
641662.9832499999 3615800.201025 11500.0
641372.8639499999 3616207.4242749996 11500.0
641082.74465 3616614.647525 11500.0
640792.62535 3617021.8707749997 11500.0
640502.50605 3617429.094025 11500.0
640212.38675 3617836.317275 11500.0
639922.2674499999 3618243.5405249996 11500.0
639632.1481499999 3618650.763775 11500.0
639342.02885 3619057.9870249997 11500.0
639051.90955 3619465.210275 11500.0
638761.79025 3619872.433525 11500.0
638471.6709499999 3620279.6567749996 11500.0
638181.5516499999 3620686.880025 11500.0
637891.4323499999 3621094.1032749997 11500.0
637601.31305 3621501.326525 11500.0
637311.19375 3621908.5497749997 11500.0
637021.07445 3622315.773025 11500.0
636730.9551499999 3622722.996275 11500.0
636440.8358499999 3623130.2195249996 11500.0
636150.71655 3623537.442775 11500.0
635860.59725 3623944.6660249997 11500.0
635570.47795 3624351.889275 11500.0
642996.4758 3613066.7422249997 11500.0
642706.3565 3613473.965475 11500.0
642416.2372 3613881.188725 11500.0
642126.1179000001 3614288.411975 11500.0
641835.9986 3614695.635225 11500.0
641545.8793 3615102.8584749997 11500.0
641255.76 3615510.081725 11500.0
640965.6407 3615917.3049749997 11500.0
640675.5214000001 3616324.528225 11500.0
640385.4021000001 3616731.751475 11500.0
640095.2828 3617138.974725 11500.0
639805.1635 3617546.197975 11500.0
639515.0442 3617953.4212249997 11500.0
639224.9249 3618360.644475 11500.0
638934.8056000001 3618767.867725 11500.0
638644.6863000001 3619175.090975 11500.0
638354.567 3619582.314225 11500.0
638064.4477 3619989.5374749997 11500.0
637774.3284 3620396.760725 11500.0
637484.2091 3620803.9839749997 11500.0
637194.0898000001 3621211.207225 11500.0
636903.9705 3621618.430475 11500.0
636613.8512 3622025.653725 11500.0
636323.7319 3622432.876975 11500.0
636033.6126 3622840.1002249997 11500.0
635743.4933000001 3623247.323475 11500.0
635453.3740000001 3623654.546725 11500.0
635163.2547 3624061.769975 11500.0
642589.25255 3612776.622925 11500.0
642299.13325 3613183.846175 11500.0
642009.0139499999 3613591.069425 11500.0
641718.89465 3613998.292675 11500.0
641428.77535 3614405.515925 11500.0
641138.65605 3614812.7391749998 11500.0
640848.53675 3615219.962425 11500.0
640558.41745 3615627.185675 11500.0
640268.29815 3616034.408925 11500.0
639978.17885 3616441.632175 11500.0
639688.05955 3616848.855425 11500.0
639397.94025 3617256.078675 11500.0
639107.82095 3617663.301925 11500.0
638817.70165 3618070.525175 11500.0
638527.58235 3618477.748425 11500.0
638237.46305 3618884.971675 11500.0
637947.34375 3619292.194925 11500.0
637657.22445 3619699.4181749998 11500.0
637367.10515 3620106.641425 11500.0
637076.9858499999 3620513.864675 11500.0
636786.86655 3620921.087925 11500.0
636496.74725 3621328.311175 11500.0
636206.62795 3621735.534425 11500.0
635916.50865 3622142.757675 11500.0
635626.38935 3622549.980925 11500.0
635336.27005 3622957.204175 11500.0
635046.15075 3623364.427425 11500.0
634756.03145 3623771.650675 11500.0
642182.0292999999 3612486.503625 11500.0
641891.9099999999 3612893.726875 11500.0
641601.7906999999 3613300.950125 11500.0
641311.6714 3613708.1733750002 11500.0
641021.5521 3614115.396625 11500.0
640731.4328 3614522.619875 11500.0
640441.3134999999 3614929.843125 11500.0
640151.1941999999 3615337.066375 11500.0
639861.0749 3615744.289625 11500.0
639570.9556 3616151.512875 11500.0
639280.8363 3616558.7361250003 11500.0
638990.717 3616965.959375 11500.0
638700.5976999999 3617373.182625 11500.0
638410.4783999999 3617780.405875 11500.0
638120.3591 3618187.629125 11500.0
637830.2398 3618594.8523750002 11500.0
637540.1205 3619002.075625 11500.0
637250.0011999999 3619409.298875 11500.0
636959.8818999999 3619816.522125 11500.0
636669.7625999999 3620223.745375 11500.0
636379.6433 3620630.968625 11500.0
636089.524 3621038.191875 11500.0
635799.4047 3621445.4151250003 11500.0
635509.2853999999 3621852.638375 11500.0
635219.1660999999 3622259.861625 11500.0
634929.0468 3622667.084875 11500.0
634638.9275 3623074.308125 11500.0
634348.8082 3623481.5313750003 11500.0
641774.80605 3612196.384325 11500.0
641484.68675 3612603.6075750003 11500.0
641194.56745 3613010.830825 11500.0
640904.4481500001 3613418.0540750003 11500.0
640614.32885 3613825.277325 11500.0
640324.20955 3614232.500575 11500.0
640034.09025 3614639.723825 11500.0
639743.97095 3615046.947075 11500.0
639453.8516500001 3615454.1703250003 11500.0
639163.7323500001 3615861.393575 11500.0
638873.61305 3616268.6168250004 11500.0
638583.49375 3616675.840075 11500.0
638293.37445 3617083.063325 11500.0
638003.25515 3617490.2865750003 11500.0
637713.1358500001 3617897.509825 11500.0
637423.0165500001 3618304.7330750003 11500.0
637132.89725 3618711.956325 11500.0
636842.77795 3619119.179575 11500.0
636552.65865 3619526.402825 11500.0
636262.53935 3619933.626075 11500.0
635972.4200500001 3620340.8493250003 11500.0
635682.30075 3620748.072575 11500.0
635392.18145 3621155.2958250004 11500.0
635102.06215 3621562.519075 11500.0
634811.94285 3621969.742325 11500.0
634521.8235500001 3622376.9655750003 11500.0
634231.7042500001 3622784.188825 11500.0
633941.58495 3623191.4120750003 11500.0
641367.5828 3611906.2650249996 11500.0
641077.4635 3612313.488275 11500.0
640787.3441999999 3612720.7115249997 11500.0
640497.2249 3613127.934775 11500.0
640207.1056 3613535.158025 11500.0
639916.9863 3613942.3812749996 11500.0
639626.867 3614349.604525 11500.0
639336.7477 3614756.8277749997 11500.0
639046.6284 3615164.051025 11500.0
638756.5091 3615571.2742749997 11500.0
638466.3898 3615978.497525 11500.0
638176.2705 3616385.720775 11500.0
637886.1512 3616792.9440249996 11500.0
637596.0319 3617200.167275 11500.0
637305.9126 3617607.3905249997 11500.0
637015.7933 3618014.613775 11500.0
636725.674 3618421.837025 11500.0
636435.5547 3618829.0602749996 11500.0
636145.4354 3619236.283525 11500.0
635855.3160999999 3619643.5067749997 11500.0
635565.1968 3620050.730025 11500.0
635275.0775 3620457.9532749997 11500.0
634984.9582 3620865.176525 11500.0
634694.8389 3621272.399775 11500.0
634404.7196 3621679.6230249996 11500.0
634114.6003 3622086.846275 11500.0
633824.481 3622494.0695249997 11500.0
633534.3617 3622901.292775 11500.0
652362.61055 3619739.486125 12000.0
652072.49125 3620146.709375 12000.0
651782.37195 3620553.932625 12000.0
651492.25265 3620961.155875 12000.0
651202.13335 3621368.379125 12000.0
650912.01405 3621775.602375 12000.0
650621.89475 3622182.825625 12000.0
650331.77545 3622590.048875 12000.0
650041.65615 3622997.272125 12000.0
649751.53685 3623404.495375 12000.0
649461.41755 3623811.718625 12000.0
649171.29825 3624218.941875 12000.0
648881.17895 3624626.165125 12000.0
648591.05965 3625033.388375 12000.0
648300.94035 3625440.611625 12000.0
648010.82105 3625847.834875 12000.0
647720.70175 3626255.058125 12000.0
647430.58245 3626662.281375 12000.0
647140.46315 3627069.504625 12000.0
646850.34385 3627476.727875 12000.0
646560.22455 3627883.951125 12000.0
646270.10525 3628291.174375 12000.0
645979.98595 3628698.397625 12000.0
645689.86665 3629105.620875 12000.0
645399.74735 3629512.844125 12000.0
645109.62805 3629920.067375 12000.0
644819.50875 3630327.290625 12000.0
644529.38945 3630734.513875 12000.0
651955.3873 3619449.366825 12000.0
651665.2679999999 3619856.590075 12000.0
651375.1486999999 3620263.813325 12000.0
651085.0294 3620671.0365750003 12000.0
650794.9101 3621078.259825 12000.0
650504.7908 3621485.483075 12000.0
650214.6714999999 3621892.706325 12000.0
649924.5521999999 3622299.929575 12000.0
649634.4329 3622707.152825 12000.0
649344.3136 3623114.376075 12000.0
649054.1943 3623521.5993250003 12000.0
648764.075 3623928.822575 12000.0
648473.9556999999 3624336.045825 12000.0
648183.8363999999 3624743.269075 12000.0
647893.7171 3625150.492325 12000.0
647603.5978 3625557.7155750003 12000.0
647313.4785 3625964.938825 12000.0
647023.3592 3626372.162075 12000.0
646733.2398999999 3626779.385325 12000.0
646443.1205999999 3627186.608575 12000.0
646153.0013 3627593.8318250002 12000.0
645862.882 3628001.055075 12000.0
645572.7627 3628408.2783250003 12000.0
645282.6434 3628815.501575 12000.0
644992.5240999999 3629222.724825 12000.0
644702.4048 3629629.948075 12000.0
644412.2855 3630037.171325 12000.0
644122.1662 3630444.3945750003 12000.0
651548.16405 3619159.247525 12000.0
651258.04475 3619566.4707750003 12000.0
650967.92545 3619973.694025 12000.0
650677.8061500001 3620380.9172750004 12000.0
650387.68685 3620788.140525 12000.0
650097.56755 3621195.363775 12000.0
649807.44825 3621602.5870250002 12000.0
649517.32895 3622009.810275 12000.0
649227.2096500001 3622417.0335250003 12000.0
648937.0903500001 3622824.256775 12000.0
648646.97105 3623231.4800250004 12000.0
648356.85175 3623638.703275 12000.0
648066.73245 3624045.926525 12000.0
647776.61315 3624453.1497750003 12000.0
647486.4938500001 3624860.373025 12000.0
647196.3745500001 3625267.5962750004 12000.0
646906.25525 3625674.819525 12000.0
646616.13595 3626082.042775 12000.0
646326.01665 3626489.2660250003 12000.0
646035.89735 3626896.489275 12000.0
645745.7780500001 3627303.7125250003 12000.0
645455.6587500001 3627710.935775 12000.0
645165.53945 3628118.1590250004 12000.0
644875.42015 3628525.382275 12000.0
644585.30085 3628932.605525 12000.0
644295.1815500001 3629339.8287750003 12000.0
644005.0622500001 3629747.052025 12000.0
643714.94295 3630154.2752750004 12000.0
651140.9408 3618869.1282249996 12000.0
650850.8215 3619276.351475 12000.0
650560.7021999999 3619683.5747249997 12000.0
650270.5829 3620090.797975 12000.0
649980.4636 3620498.021225 12000.0
649690.3443 3620905.2444749996 12000.0
649400.225 3621312.467725 12000.0
649110.1057 3621719.6909749997 12000.0
648819.9864 3622126.914225 12000.0
648529.8671 3622534.1374749998 12000.0
648239.7478 3622941.360725 12000.0
647949.6285 3623348.583975 12000.0
647659.5092 3623755.8072249996 12000.0
647369.3899 3624163.030475 12000.0
647079.2706 3624570.2537249997 12000.0
646789.1513 3624977.476975 12000.0
646499.032 3625384.700225 12000.0
646208.9127 3625791.9234749996 12000.0
645918.7934 3626199.146725 12000.0
645628.6741 3626606.3699749997 12000.0
645338.5548 3627013.593225 12000.0
645048.4355 3627420.8164749998 12000.0
644758.3162 3627828.039725 12000.0
644468.1969 3628235.262975 12000.0
644178.0776 3628642.4862249997 12000.0
643887.9583 3629049.709475 12000.0
643597.839 3629456.9327249997 12000.0
643307.7197 3629864.155975 12000.0
650733.71755 3618579.0089249997 12000.0
650443.5982499999 3618986.232175 12000.0
650153.4789499999 3619393.455425 12000.0
649863.35965 3619800.678675 12000.0
649573.24035 3620207.901925 12000.0
649283.12105 3620615.1251749997 12000.0
648993.0017499999 3621022.348425 12000.0
648702.8824499999 3621429.571675 12000.0
648412.76315 3621836.794925 12000.0
648122.64385 3622244.018175 12000.0
647832.52455 3622651.241425 12000.0
647542.40525 3623058.464675 12000.0
647252.2859499999 3623465.6879249997 12000.0
646962.1666499999 3623872.911175 12000.0
646672.04735 3624280.134425 12000.0
646381.92805 3624687.357675 12000.0
646091.80875 3625094.580925 12000.0
645801.68945 3625501.8041749997 12000.0
645511.5701499999 3625909.027425 12000.0
645221.4508499999 3626316.250675 12000.0
644931.33155 3626723.473925 12000.0
644641.21225 3627130.697175 12000.0
644351.09295 3627537.920425 12000.0
644060.9736499999 3627945.143675 12000.0
643770.8543499999 3628352.3669249997 12000.0
643480.73505 3628759.590175 12000.0
643190.61575 3629166.813425 12000.0
642900.49645 3629574.036675 12000.0
650326.4943 3618288.889625 12000.0
650036.375 3618696.112875 12000.0
649746.2557 3619103.336125 12000.0
649456.1364000001 3619510.559375 12000.0
649166.0171 3619917.782625 12000.0
648875.8978 3620325.005875 12000.0
648585.7785 3620732.229125 12000.0
648295.6592 3621139.452375 12000.0
648005.5399000001 3621546.675625 12000.0
647715.4206000001 3621953.898875 12000.0
647425.3013 3622361.122125 12000.0
647135.182 3622768.345375 12000.0
646845.0627 3623175.568625 12000.0
646554.9434 3623582.791875 12000.0
646264.8241000001 3623990.015125 12000.0
645974.7048000001 3624397.238375 12000.0
645684.5855 3624804.461625 12000.0
645394.4662 3625211.684875 12000.0
645104.3469 3625618.908125 12000.0
644814.2276 3626026.131375 12000.0
644524.1083000001 3626433.354625 12000.0
644233.9890000001 3626840.577875 12000.0
643943.8697 3627247.801125 12000.0
643653.7504 3627655.024375 12000.0
643363.6311 3628062.247625 12000.0
643073.5118000001 3628469.470875 12000.0
642783.3925000001 3628876.694125 12000.0
642493.2732 3629283.917375 12000.0
649919.27105 3617998.770325 12000.0
649629.15175 3618405.993575 12000.0
649339.0324499999 3618813.216825 12000.0
649048.91315 3619220.4400750003 12000.0
648758.79385 3619627.663325 12000.0
648468.67455 3620034.886575 12000.0
648178.55525 3620442.109825 12000.0
647888.43595 3620849.333075 12000.0
647598.31665 3621256.5563250002 12000.0
647308.19735 3621663.779575 12000.0
647018.07805 3622071.0028250003 12000.0
646727.95875 3622478.226075 12000.0
646437.83945 3622885.449325 12000.0
646147.72015 3623292.672575 12000.0
645857.60085 3623699.895825 12000.0
645567.48155 3624107.1190750003 12000.0
645277.36225 3624514.342325 12000.0
644987.24295 3624921.565575 12000.0
644697.12365 3625328.788825 12000.0
644407.00435 3625736.012075 12000.0
644116.88505 3626143.2353250002 12000.0
643826.76575 3626550.458575 12000.0
643536.64645 3626957.6818250003 12000.0
643246.52715 3627364.905075 12000.0
642956.40785 3627772.128325 12000.0
642666.28855 3628179.351575 12000.0
642376.16925 3628586.574825 12000.0
642086.04995 3628993.7980750003 12000.0
649512.0478 3617708.651025 12000.0
649221.9284999999 3618115.8742750003 12000.0
648931.8091999999 3618523.097525 12000.0
648641.6899 3618930.3207750004 12000.0
648351.5706 3619337.544025 12000.0
648061.4513 3619744.767275 12000.0
647771.3319999999 3620151.9905250003 12000.0
647481.2126999999 3620559.213775 12000.0
647191.0934 3620966.4370250003 12000.0
646900.9741 3621373.660275 12000.0
646610.8548 3621780.8835250004 12000.0
646320.7355 3622188.106775 12000.0
646030.6161999999 3622595.330025 12000.0
645740.4968999999 3623002.5532750003 12000.0
645450.3776 3623409.776525 12000.0
645160.2583 3623816.9997750004 12000.0
644870.139 3624224.223025 12000.0
644580.0197 3624631.446275 12000.0
644289.9003999999 3625038.6695250003 12000.0
643999.7810999999 3625445.892775 12000.0
643709.6618 3625853.1160250003 12000.0
643419.5425 3626260.339275 12000.0
643129.4232 3626667.5625250004 12000.0
642839.3038999999 3627074.785775 12000.0
642549.1845999999 3627482.009025 12000.0
642259.0653 3627889.2322750003 12000.0
641968.946 3628296.455525 12000.0
641678.8267 3628703.6787750004 12000.0
649104.82455 3617418.5317249997 12000.0
648814.70525 3617825.754975 12000.0
648524.58595 3618232.9782249997 12000.0
648234.4666500001 3618640.201475 12000.0
647944.34735 3619047.424725 12000.0
647654.22805 3619454.6479749996 12000.0
647364.10875 3619861.871225 12000.0
647073.98945 3620269.0944749997 12000.0
646783.8701500001 3620676.317725 12000.0
646493.7508500001 3621083.540975 12000.0
646203.63155 3621490.764225 12000.0
645913.51225 3621897.987475 12000.0
645623.39295 3622305.2107249997 12000.0
645333.27365 3622712.433975 12000.0
645043.1543500001 3623119.6572249997 12000.0
644753.0350500001 3623526.880475 12000.0
644462.91575 3623934.103725 12000.0
644172.79645 3624341.3269749996 12000.0
643882.67715 3624748.550225 12000.0
643592.55785 3625155.7734749997 12000.0
643302.4385500001 3625562.996725 12000.0
643012.3192500001 3625970.219975 12000.0
642722.19995 3626377.443225 12000.0
642432.08065 3626784.666475 12000.0
642141.96135 3627191.8897249997 12000.0
641851.8420500001 3627599.112975 12000.0
641561.7227500001 3628006.3362249997 12000.0
641271.60345 3628413.559475 12000.0
648697.6013 3617128.4124249998 12000.0
648407.482 3617535.635675 12000.0
648117.3626999999 3617942.858925 12000.0
647827.2434 3618350.082175 12000.0
647537.1241 3618757.305425 12000.0
647247.0048 3619164.5286749997 12000.0
646956.8855 3619571.751925 12000.0
646666.7662 3619978.975175 12000.0
646376.6469 3620386.198425 12000.0
646086.5276 3620793.421675 12000.0
645796.4083 3621200.644925 12000.0
645506.289 3621607.868175 12000.0
645216.1697 3622015.0914249998 12000.0
644926.0504 3622422.314675 12000.0
644635.9311 3622829.537925 12000.0
644345.8118 3623236.761175 12000.0
644055.6925 3623643.984425 12000.0
643765.5732 3624051.2076749997 12000.0
643475.4539 3624458.430925 12000.0
643185.3346 3624865.654175 12000.0
642895.2153 3625272.877425 12000.0
642605.096 3625680.100675 12000.0
642314.9767 3626087.323925 12000.0
642024.8574 3626494.547175 12000.0
641734.7381 3626901.7704249998 12000.0
641444.6188 3627308.993675 12000.0
641154.4995 3627716.216925 12000.0
640864.3802 3628123.440175 12000.0
648290.3780499999 3616838.293125 12000.0
648000.2587499999 3617245.516375 12000.0
647710.1394499999 3617652.739625 12000.0
647420.02015 3618059.962875 12000.0
647129.90085 3618467.186125 12000.0
646839.78155 3618874.409375 12000.0
646549.6622499999 3619281.632625 12000.0
646259.5429499999 3619688.855875 12000.0
645969.42365 3620096.079125 12000.0
645679.30435 3620503.302375 12000.0
645389.18505 3620910.5256250002 12000.0
645099.06575 3621317.748875 12000.0
644808.9464499999 3621724.972125 12000.0
644518.8271499999 3622132.195375 12000.0
644228.70785 3622539.418625 12000.0
643938.58855 3622946.641875 12000.0
643648.46925 3623353.865125 12000.0
643358.34995 3623761.088375 12000.0
643068.2306499999 3624168.311625 12000.0
642778.1113499999 3624575.534875 12000.0
642487.99205 3624982.758125 12000.0
642197.87275 3625389.981375 12000.0
641907.75345 3625797.2046250002 12000.0
641617.6341499999 3626204.427875 12000.0
641327.5148499999 3626611.651125 12000.0
641037.39555 3627018.874375 12000.0
640747.27625 3627426.097625 12000.0
640457.15695 3627833.320875 12000.0
647883.1548 3616548.173825 12000.0
647593.0355 3616955.397075 12000.0
647302.9162 3617362.620325 12000.0
647012.7969000001 3617769.8435750003 12000.0
646722.6776 3618177.066825 12000.0
646432.5583 3618584.290075 12000.0
646142.439 3618991.513325 12000.0
645852.3197 3619398.736575 12000.0
645562.2004000001 3619805.9598250003 12000.0
645272.0811000001 3620213.183075 12000.0
644981.9618 3620620.4063250003 12000.0
644691.8425 3621027.629575 12000.0
644401.7232 3621434.852825 12000.0
644111.6039 3621842.076075 12000.0
643821.4846000001 3622249.299325 12000.0
643531.3653000001 3622656.5225750003 12000.0
643241.246 3623063.745825 12000.0
642951.1267 3623470.969075 12000.0
642661.0074 3623878.192325 12000.0
642370.8881 3624285.415575 12000.0
642080.7688000001 3624692.6388250003 12000.0
641790.6495 3625099.862075 12000.0
641500.5302 3625507.0853250003 12000.0
641210.4109 3625914.308575 12000.0
640920.2916 3626321.531825 12000.0
640630.1723000001 3626728.755075 12000.0
640340.0530000001 3627135.978325 12000.0
640049.9337 3627543.2015750003 12000.0
647475.93155 3616258.054525 12000.0
647185.81225 3616665.2777750003 12000.0
646895.6929499999 3617072.501025 12000.0
646605.57365 3617479.7242750004 12000.0
646315.45435 3617886.947525 12000.0
646025.33505 3618294.170775 12000.0
645735.21575 3618701.3940250003 12000.0
645445.09645 3619108.617275 12000.0
645154.97715 3619515.8405250004 12000.0
644864.85785 3619923.063775 12000.0
644574.73855 3620330.2870250004 12000.0
644284.61925 3620737.5102750002 12000.0
643994.49995 3621144.733525 12000.0
643704.38065 3621551.9567750003 12000.0
643414.26135 3621959.180025 12000.0
643124.14205 3622366.4032750004 12000.0
642834.02275 3622773.626525 12000.0
642543.90345 3623180.849775 12000.0
642253.78415 3623588.0730250003 12000.0
641963.66485 3623995.296275 12000.0
641673.54555 3624402.5195250004 12000.0
641383.42625 3624809.742775 12000.0
641093.30695 3625216.9660250004 12000.0
640803.18765 3625624.1892750002 12000.0
640513.06835 3626031.412525 12000.0
640222.94905 3626438.6357750003 12000.0
639932.82975 3626845.859025 12000.0
639642.71045 3627253.0822750004 12000.0
647068.7082999999 3615967.9352249997 12000.0
646778.5889999999 3616375.158475 12000.0
646488.4696999999 3616782.3817249998 12000.0
646198.3504 3617189.604975 12000.0
645908.2311 3617596.828225 12000.0
645618.1118 3618004.0514749996 12000.0
645327.9924999999 3618411.274725 12000.0
645037.8731999999 3618818.4979749997 12000.0
644747.7539 3619225.721225 12000.0
644457.6346 3619632.944475 12000.0
644167.5153 3620040.167725 12000.0
643877.396 3620447.390975 12000.0
643587.2766999999 3620854.6142249997 12000.0
643297.1573999999 3621261.837475 12000.0
643007.0381 3621669.0607249998 12000.0
642716.9188 3622076.283975 12000.0
642426.7995 3622483.507225 12000.0
642136.6802 3622890.7304749996 12000.0
641846.5608999999 3623297.953725 12000.0
641556.4415999999 3623705.1769749997 12000.0
641266.3223 3624112.400225 12000.0
640976.203 3624519.623475 12000.0
640686.0837 3624926.846725 12000.0
640395.9643999999 3625334.069975 12000.0
640105.8450999999 3625741.2932249997 12000.0
639815.7258 3626148.516475 12000.0
639525.6065 3626555.7397249998 12000.0
639235.4872 3626962.962975 12000.0
646661.48505 3615677.815925 12000.0
646371.36575 3616085.039175 12000.0
646081.24645 3616492.262425 12000.0
645791.1271500001 3616899.485675 12000.0
645501.00785 3617306.708925 12000.0
645210.88855 3617713.9321749997 12000.0
644920.76925 3618121.155425 12000.0
644630.64995 3618528.378675 12000.0
644340.5306500001 3618935.601925 12000.0
644050.4113500001 3619342.825175 12000.0
643760.29205 3619750.048425 12000.0
643470.17275 3620157.271675 12000.0
643180.05345 3620564.494925 12000.0
642889.93415 3620971.718175 12000.0
642599.8148500001 3621378.941425 12000.0
642309.6955500001 3621786.164675 12000.0
642019.57625 3622193.387925 12000.0
641729.45695 3622600.6111749997 12000.0
641439.33765 3623007.834425 12000.0
641149.21835 3623415.057675 12000.0
640859.0990500001 3623822.280925 12000.0
640568.97975 3624229.504175 12000.0
640278.86045 3624636.727425 12000.0
639988.74115 3625043.950675 12000.0
639698.62185 3625451.173925 12000.0
639408.5025500001 3625858.397175 12000.0
639118.3832500001 3626265.620425 12000.0
638828.26395 3626672.843675 12000.0
646254.2618 3615387.696625 12000.0
645964.1425 3615794.919875 12000.0
645674.0231999999 3616202.143125 12000.0
645383.9039 3616609.366375 12000.0
645093.7846 3617016.589625 12000.0
644803.6653 3617423.812875 12000.0
644513.546 3617831.036125 12000.0
644223.4267 3618238.259375 12000.0
643933.3074 3618645.482625 12000.0
643643.1881 3619052.705875 12000.0
643353.0688 3619459.9291250003 12000.0
643062.9495 3619867.152375 12000.0
642772.8302 3620274.375625 12000.0
642482.7109 3620681.598875 12000.0
642192.5916 3621088.822125 12000.0
641902.4723 3621496.045375 12000.0
641612.353 3621903.268625 12000.0
641322.2337 3622310.491875 12000.0
641032.1144 3622717.715125 12000.0
640741.9951 3623124.938375 12000.0
640451.8758 3623532.161625 12000.0
640161.7565 3623939.384875 12000.0
639871.6372 3624346.6081250003 12000.0
639581.5179 3624753.831375 12000.0
639291.3986 3625161.054625 12000.0
639001.2793 3625568.277875 12000.0
638711.16 3625975.501125 12000.0
638421.0407 3626382.724375 12000.0
645847.0385499999 3615097.577325 12000.0
645556.9192499999 3615504.8005750002 12000.0
645266.7999499999 3615912.023825 12000.0
644976.68065 3616319.2470750003 12000.0
644686.56135 3616726.470325 12000.0
644396.44205 3617133.693575 12000.0
644106.3227499999 3617540.916825 12000.0
643816.2034499999 3617948.140075 12000.0
643526.08415 3618355.3633250003 12000.0
643235.96485 3618762.586575 12000.0
642945.84555 3619169.8098250004 12000.0
642655.72625 3619577.033075 12000.0
642365.6069499999 3619984.256325 12000.0
642075.4876499999 3620391.4795750002 12000.0
641785.36835 3620798.702825 12000.0
641495.24905 3621205.9260750003 12000.0
641205.12975 3621613.149325 12000.0
640915.01045 3622020.372575 12000.0
640624.8911499999 3622427.595825 12000.0
640334.7718499999 3622834.819075 12000.0
640044.65255 3623242.0423250003 12000.0
639754.53325 3623649.265575 12000.0
639464.41395 3624056.4888250004 12000.0
639174.2946499999 3624463.712075 12000.0
638884.1753499999 3624870.935325 12000.0
638594.05605 3625278.1585750002 12000.0
638303.93675 3625685.381825 12000.0
638013.81745 3626092.6050750003 12000.0
645439.8153 3614807.4580249996 12000.0
645149.696 3615214.681275 12000.0
644859.5767 3615621.9045249997 12000.0
644569.4574000001 3616029.127775 12000.0
644279.3381 3616436.3510249997 12000.0
643989.2188 3616843.5742749996 12000.0
643699.0995 3617250.797525 12000.0
643408.9802 3617658.0207749996 12000.0
643118.8609000001 3618065.244025 12000.0
642828.7416000001 3618472.4672749997 12000.0
642538.6223 3618879.690525 12000.0
642248.503 3619286.913775 12000.0
641958.3837 3619694.1370249996 12000.0
641668.2644 3620101.360275 12000.0
641378.1451000001 3620508.5835249997 12000.0
641088.0258000001 3620915.806775 12000.0
640797.9065 3621323.0300249998 12000.0
640507.7872 3621730.2532749996 12000.0
640217.6679 3622137.476525 12000.0
639927.5486 3622544.6997749996 12000.0
639637.4293000001 3622951.923025 12000.0
639347.31 3623359.1462749997 12000.0
639057.1907 3623766.369525 12000.0
638767.0714 3624173.592775 12000.0
638476.9521 3624580.8160249996 12000.0
638186.8328000001 3624988.039275 12000.0
637896.7135000001 3625395.2625249997 12000.0
637606.5942 3625802.485775 12000.0
645032.59205 3614517.3387249997 12000.0
644742.47275 3614924.561975 12000.0
644452.3534499999 3615331.7852249998 12000.0
644162.23415 3615739.008475 12000.0
643872.11485 3616146.231725 12000.0
643581.99555 3616553.4549749997 12000.0
643291.87625 3616960.678225 12000.0
643001.75695 3617367.9014749997 12000.0
642711.63765 3617775.124725 12000.0
642421.51835 3618182.347975 12000.0
642131.39905 3618589.571225 12000.0
641841.27975 3618996.794475 12000.0
641551.16045 3619404.0177249997 12000.0
641261.04115 3619811.240975 12000.0
640970.92185 3620218.464225 12000.0
640680.80255 3620625.687475 12000.0
640390.68325 3621032.910725 12000.0
640100.56395 3621440.1339749997 12000.0
639810.44465 3621847.357225 12000.0
639520.3253499999 3622254.5804749997 12000.0
639230.20605 3622661.803725 12000.0
638940.08675 3623069.026975 12000.0
638649.96745 3623476.250225 12000.0
638359.84815 3623883.473475 12000.0
638069.72885 3624290.6967249997 12000.0
637779.60955 3624697.919975 12000.0
637489.49025 3625105.143225 12000.0
637199.37095 3625512.366475 12000.0
644625.3687999999 3614227.219425 12000.0
644335.2494999999 3614634.442675 12000.0
644045.1301999999 3615041.665925 12000.0
643755.0109 3615448.889175 12000.0
643464.8916 3615856.112425 12000.0
643174.7723 3616263.3356749997 12000.0
642884.6529999999 3616670.558925 12000.0
642594.5336999999 3617077.782175 12000.0
642304.4144 3617485.005425 12000.0
642014.2951 3617892.228675 12000.0
641724.1758 3618299.451925 12000.0
641434.0565 3618706.675175 12000.0
641143.9371999999 3619113.898425 12000.0
640853.8178999999 3619521.121675 12000.0
640563.6986 3619928.344925 12000.0
640273.5793 3620335.568175 12000.0
639983.46 3620742.791425 12000.0
639693.3407 3621150.0146749998 12000.0
639403.2213999999 3621557.237925 12000.0
639113.1020999999 3621964.461175 12000.0
638822.9828 3622371.684425 12000.0
638532.8635 3622778.907675 12000.0
638242.7442 3623186.130925 12000.0
637952.6248999999 3623593.354175 12000.0
637662.5055999999 3624000.577425 12000.0
637372.3863 3624407.800675 12000.0
637082.267 3624815.023925 12000.0
636792.1477 3625222.247175 12000.0
644218.14555 3613937.100125 12000.0
643928.02625 3614344.323375 12000.0
643637.90695 3614751.546625 12000.0
643347.7876500001 3615158.769875 12000.0
643057.66835 3615565.993125 12000.0
642767.54905 3615973.216375 12000.0
642477.42975 3616380.439625 12000.0
642187.31045 3616787.662875 12000.0
641897.1911500001 3617194.886125 12000.0
641607.0718500001 3617602.109375 12000.0
641316.95255 3618009.3326250003 12000.0
641026.83325 3618416.555875 12000.0
640736.71395 3618823.779125 12000.0
640446.59465 3619231.002375 12000.0
640156.4753500001 3619638.225625 12000.0
639866.3560500001 3620045.4488750002 12000.0
639576.23675 3620452.672125 12000.0
639286.11745 3620859.895375 12000.0
638995.99815 3621267.118625 12000.0
638705.87885 3621674.341875 12000.0
638415.7595500001 3622081.565125 12000.0
638125.64025 3622488.788375 12000.0
637835.52095 3622896.0116250003 12000.0
637545.40165 3623303.234875 12000.0
637255.28235 3623710.458125 12000.0
636965.1630500001 3624117.681375 12000.0
636675.0437500001 3624524.904625 12000.0
636384.92445 3624932.1278750002 12000.0
643810.9223 3613646.980825 12000.0
643520.803 3614054.2040750002 12000.0
643230.6836999999 3614461.427325 12000.0
642940.5644 3614868.6505750003 12000.0
642650.4451 3615275.873825 12000.0
642360.3258 3615683.097075 12000.0
642070.2065 3616090.320325 12000.0
641780.0872 3616497.543575 12000.0
641489.9679 3616904.7668250003 12000.0
641199.8486 3617311.990075 12000.0
640909.7293 3617719.2133250004 12000.0
640619.61 3618126.436575 12000.0
640329.4907 3618533.659825 12000.0
640039.3714 3618940.8830750003 12000.0
639749.2521 3619348.106325 12000.0
639459.1328 3619755.3295750003 12000.0
639169.0135 3620162.552825 12000.0
638878.8942 3620569.776075 12000.0
638588.7749 3620976.999325 12000.0
638298.6555999999 3621384.222575 12000.0
638008.5363 3621791.4458250003 12000.0
637718.417 3622198.669075 12000.0
637428.2977 3622605.8923250004 12000.0
637138.1784 3623013.115575 12000.0
636848.0591 3623420.338825 12000.0
636557.9398 3623827.5620750003 12000.0
636267.8205 3624234.785325 12000.0
635977.7012 3624642.0085750003 12000.0
643403.6990499999 3613356.8615249996 12000.0
643113.5797499999 3613764.084775 12000.0
642823.4604499999 3614171.3080249997 12000.0
642533.34115 3614578.531275 12000.0
642243.22185 3614985.7545249998 12000.0
641953.10255 3615392.9777749996 12000.0
641662.9832499999 3615800.201025 12000.0
641372.8639499999 3616207.4242749996 12000.0
641082.74465 3616614.647525 12000.0
640792.62535 3617021.8707749997 12000.0
640502.50605 3617429.094025 12000.0
640212.38675 3617836.317275 12000.0
639922.2674499999 3618243.5405249996 12000.0
639632.1481499999 3618650.763775 12000.0
639342.02885 3619057.9870249997 12000.0
639051.90955 3619465.210275 12000.0
638761.79025 3619872.433525 12000.0
638471.6709499999 3620279.6567749996 12000.0
638181.5516499999 3620686.880025 12000.0
637891.4323499999 3621094.1032749997 12000.0
637601.31305 3621501.326525 12000.0
637311.19375 3621908.5497749997 12000.0
637021.07445 3622315.773025 12000.0
636730.9551499999 3622722.996275 12000.0
636440.8358499999 3623130.2195249996 12000.0
636150.71655 3623537.442775 12000.0
635860.59725 3623944.6660249997 12000.0
635570.47795 3624351.889275 12000.0
642996.4758 3613066.7422249997 12000.0
642706.3565 3613473.965475 12000.0
642416.2372 3613881.188725 12000.0
642126.1179000001 3614288.411975 12000.0
641835.9986 3614695.635225 12000.0
641545.8793 3615102.8584749997 12000.0
641255.76 3615510.081725 12000.0
640965.6407 3615917.3049749997 12000.0
640675.5214000001 3616324.528225 12000.0
640385.4021000001 3616731.751475 12000.0
640095.2828 3617138.974725 12000.0
639805.1635 3617546.197975 12000.0
639515.0442 3617953.4212249997 12000.0
639224.9249 3618360.644475 12000.0
638934.8056000001 3618767.867725 12000.0
638644.6863000001 3619175.090975 12000.0
638354.567 3619582.314225 12000.0
638064.4477 3619989.5374749997 12000.0
637774.3284 3620396.760725 12000.0
637484.2091 3620803.9839749997 12000.0
637194.0898000001 3621211.207225 12000.0
636903.9705 3621618.430475 12000.0
636613.8512 3622025.653725 12000.0
636323.7319 3622432.876975 12000.0
636033.6126 3622840.1002249997 12000.0
635743.4933000001 3623247.323475 12000.0
635453.3740000001 3623654.546725 12000.0
635163.2547 3624061.769975 12000.0
642589.25255 3612776.622925 12000.0
642299.13325 3613183.846175 12000.0
642009.0139499999 3613591.069425 12000.0
641718.89465 3613998.292675 12000.0
641428.77535 3614405.515925 12000.0
641138.65605 3614812.7391749998 12000.0
640848.53675 3615219.962425 12000.0
640558.41745 3615627.185675 12000.0
640268.29815 3616034.408925 12000.0
639978.17885 3616441.632175 12000.0
639688.05955 3616848.855425 12000.0
639397.94025 3617256.078675 12000.0
639107.82095 3617663.301925 12000.0
638817.70165 3618070.525175 12000.0
638527.58235 3618477.748425 12000.0
638237.46305 3618884.971675 12000.0
637947.34375 3619292.194925 12000.0
637657.22445 3619699.4181749998 12000.0
637367.10515 3620106.641425 12000.0
637076.9858499999 3620513.864675 12000.0
636786.86655 3620921.087925 12000.0
636496.74725 3621328.311175 12000.0
636206.62795 3621735.534425 12000.0
635916.50865 3622142.757675 12000.0
635626.38935 3622549.980925 12000.0
635336.27005 3622957.204175 12000.0
635046.15075 3623364.427425 12000.0
634756.03145 3623771.650675 12000.0
642182.0292999999 3612486.503625 12000.0
641891.9099999999 3612893.726875 12000.0
641601.7906999999 3613300.950125 12000.0
641311.6714 3613708.1733750002 12000.0
641021.5521 3614115.396625 12000.0
640731.4328 3614522.619875 12000.0
640441.3134999999 3614929.843125 12000.0
640151.1941999999 3615337.066375 12000.0
639861.0749 3615744.289625 12000.0
639570.9556 3616151.512875 12000.0
639280.8363 3616558.7361250003 12000.0
638990.717 3616965.959375 12000.0
638700.5976999999 3617373.182625 12000.0
638410.4783999999 3617780.405875 12000.0
638120.3591 3618187.629125 12000.0
637830.2398 3618594.8523750002 12000.0
637540.1205 3619002.075625 12000.0
637250.0011999999 3619409.298875 12000.0
636959.8818999999 3619816.522125 12000.0
636669.7625999999 3620223.745375 12000.0
636379.6433 3620630.968625 12000.0
636089.524 3621038.191875 12000.0
635799.4047 3621445.4151250003 12000.0
635509.2853999999 3621852.638375 12000.0
635219.1660999999 3622259.861625 12000.0
634929.0468 3622667.084875 12000.0
634638.9275 3623074.308125 12000.0
634348.8082 3623481.5313750003 12000.0
641774.80605 3612196.384325 12000.0
641484.68675 3612603.6075750003 12000.0
641194.56745 3613010.830825 12000.0
640904.4481500001 3613418.0540750003 12000.0
640614.32885 3613825.277325 12000.0
640324.20955 3614232.500575 12000.0
640034.09025 3614639.723825 12000.0
639743.97095 3615046.947075 12000.0
639453.8516500001 3615454.1703250003 12000.0
639163.7323500001 3615861.393575 12000.0
638873.61305 3616268.6168250004 12000.0
638583.49375 3616675.840075 12000.0
638293.37445 3617083.063325 12000.0
638003.25515 3617490.2865750003 12000.0
637713.1358500001 3617897.509825 12000.0
637423.0165500001 3618304.7330750003 12000.0
637132.89725 3618711.956325 12000.0
636842.77795 3619119.179575 12000.0
636552.65865 3619526.402825 12000.0
636262.53935 3619933.626075 12000.0
635972.4200500001 3620340.8493250003 12000.0
635682.30075 3620748.072575 12000.0
635392.18145 3621155.2958250004 12000.0
635102.06215 3621562.519075 12000.0
634811.94285 3621969.742325 12000.0
634521.8235500001 3622376.9655750003 12000.0
634231.7042500001 3622784.188825 12000.0
633941.58495 3623191.4120750003 12000.0
641367.5828 3611906.2650249996 12000.0
641077.4635 3612313.488275 12000.0
640787.3441999999 3612720.7115249997 12000.0
640497.2249 3613127.934775 12000.0
640207.1056 3613535.158025 12000.0
639916.9863 3613942.3812749996 12000.0
639626.867 3614349.604525 12000.0
639336.7477 3614756.8277749997 12000.0
639046.6284 3615164.051025 12000.0
638756.5091 3615571.2742749997 12000.0
638466.3898 3615978.497525 12000.0
638176.2705 3616385.720775 12000.0
637886.1512 3616792.9440249996 12000.0
637596.0319 3617200.167275 12000.0
637305.9126 3617607.3905249997 12000.0
637015.7933 3618014.613775 12000.0
636725.674 3618421.837025 12000.0
636435.5547 3618829.0602749996 12000.0
636145.4354 3619236.283525 12000.0
635855.3160999999 3619643.5067749997 12000.0
635565.1968 3620050.730025 12000.0
635275.0775 3620457.9532749997 12000.0
634984.9582 3620865.176525 12000.0
634694.8389 3621272.399775 12000.0
634404.7196 3621679.6230249996 12000.0
634114.6003 3622086.846275 12000.0
633824.481 3622494.0695249997 12000.0
633534.3617 3622901.292775 12000.0
652362.61055 3619739.486125 12500.0
652072.49125 3620146.709375 12500.0
651782.37195 3620553.932625 12500.0
651492.25265 3620961.155875 12500.0
651202.13335 3621368.379125 12500.0
650912.01405 3621775.602375 12500.0
650621.89475 3622182.825625 12500.0
650331.77545 3622590.048875 12500.0
650041.65615 3622997.272125 12500.0
649751.53685 3623404.495375 12500.0
649461.41755 3623811.718625 12500.0
649171.29825 3624218.941875 12500.0
648881.17895 3624626.165125 12500.0
648591.05965 3625033.388375 12500.0
648300.94035 3625440.611625 12500.0
648010.82105 3625847.834875 12500.0
647720.70175 3626255.058125 12500.0
647430.58245 3626662.281375 12500.0
647140.46315 3627069.504625 12500.0
646850.34385 3627476.727875 12500.0
646560.22455 3627883.951125 12500.0
646270.10525 3628291.174375 12500.0
645979.98595 3628698.397625 12500.0
645689.86665 3629105.620875 12500.0
645399.74735 3629512.844125 12500.0
645109.62805 3629920.067375 12500.0
644819.50875 3630327.290625 12500.0
644529.38945 3630734.513875 12500.0
651955.3873 3619449.366825 12500.0
651665.2679999999 3619856.590075 12500.0
651375.1486999999 3620263.813325 12500.0
651085.0294 3620671.0365750003 12500.0
650794.9101 3621078.259825 12500.0
650504.7908 3621485.483075 12500.0
650214.6714999999 3621892.706325 12500.0
649924.5521999999 3622299.929575 12500.0
649634.4329 3622707.152825 12500.0
649344.3136 3623114.376075 12500.0
649054.1943 3623521.5993250003 12500.0
648764.075 3623928.822575 12500.0
648473.9556999999 3624336.045825 12500.0
648183.8363999999 3624743.269075 12500.0
647893.7171 3625150.492325 12500.0
647603.5978 3625557.7155750003 12500.0
647313.4785 3625964.938825 12500.0
647023.3592 3626372.162075 12500.0
646733.2398999999 3626779.385325 12500.0
646443.1205999999 3627186.608575 12500.0
646153.0013 3627593.8318250002 12500.0
645862.882 3628001.055075 12500.0
645572.7627 3628408.2783250003 12500.0
645282.6434 3628815.501575 12500.0
644992.5240999999 3629222.724825 12500.0
644702.4048 3629629.948075 12500.0
644412.2855 3630037.171325 12500.0
644122.1662 3630444.3945750003 12500.0
651548.16405 3619159.247525 12500.0
651258.04475 3619566.4707750003 12500.0
650967.92545 3619973.694025 12500.0
650677.8061500001 3620380.9172750004 12500.0
650387.68685 3620788.140525 12500.0
650097.56755 3621195.363775 12500.0
649807.44825 3621602.5870250002 12500.0
649517.32895 3622009.810275 12500.0
649227.2096500001 3622417.0335250003 12500.0
648937.0903500001 3622824.256775 12500.0
648646.97105 3623231.4800250004 12500.0
648356.85175 3623638.703275 12500.0
648066.73245 3624045.926525 12500.0
647776.61315 3624453.1497750003 12500.0
647486.4938500001 3624860.373025 12500.0
647196.3745500001 3625267.5962750004 12500.0
646906.25525 3625674.819525 12500.0
646616.13595 3626082.042775 12500.0
646326.01665 3626489.2660250003 12500.0
646035.89735 3626896.489275 12500.0
645745.7780500001 3627303.7125250003 12500.0
645455.6587500001 3627710.935775 12500.0
645165.53945 3628118.1590250004 12500.0
644875.42015 3628525.382275 12500.0
644585.30085 3628932.605525 12500.0
644295.1815500001 3629339.8287750003 12500.0
644005.0622500001 3629747.052025 12500.0
643714.94295 3630154.2752750004 12500.0
651140.9408 3618869.1282249996 12500.0
650850.8215 3619276.351475 12500.0
650560.7021999999 3619683.5747249997 12500.0
650270.5829 3620090.797975 12500.0
649980.4636 3620498.021225 12500.0
649690.3443 3620905.2444749996 12500.0
649400.225 3621312.467725 12500.0
649110.1057 3621719.6909749997 12500.0
648819.9864 3622126.914225 12500.0
648529.8671 3622534.1374749998 12500.0
648239.7478 3622941.360725 12500.0
647949.6285 3623348.583975 12500.0
647659.5092 3623755.8072249996 12500.0
647369.3899 3624163.030475 12500.0
647079.2706 3624570.2537249997 12500.0
646789.1513 3624977.476975 12500.0
646499.032 3625384.700225 12500.0
646208.9127 3625791.9234749996 12500.0
645918.7934 3626199.146725 12500.0
645628.6741 3626606.3699749997 12500.0
645338.5548 3627013.593225 12500.0
645048.4355 3627420.8164749998 12500.0
644758.3162 3627828.039725 12500.0
644468.1969 3628235.262975 12500.0
644178.0776 3628642.4862249997 12500.0
643887.9583 3629049.709475 12500.0
643597.839 3629456.9327249997 12500.0
643307.7197 3629864.155975 12500.0
650733.71755 3618579.0089249997 12500.0
650443.5982499999 3618986.232175 12500.0
650153.4789499999 3619393.455425 12500.0
649863.35965 3619800.678675 12500.0
649573.24035 3620207.901925 12500.0
649283.12105 3620615.1251749997 12500.0
648993.0017499999 3621022.348425 12500.0
648702.8824499999 3621429.571675 12500.0
648412.76315 3621836.794925 12500.0
648122.64385 3622244.018175 12500.0
647832.52455 3622651.241425 12500.0
647542.40525 3623058.464675 12500.0
647252.2859499999 3623465.6879249997 12500.0
646962.1666499999 3623872.911175 12500.0
646672.04735 3624280.134425 12500.0
646381.92805 3624687.357675 12500.0
646091.80875 3625094.580925 12500.0
645801.68945 3625501.8041749997 12500.0
645511.5701499999 3625909.027425 12500.0
645221.4508499999 3626316.250675 12500.0
644931.33155 3626723.473925 12500.0
644641.21225 3627130.697175 12500.0
644351.09295 3627537.920425 12500.0
644060.9736499999 3627945.143675 12500.0
643770.8543499999 3628352.3669249997 12500.0
643480.73505 3628759.590175 12500.0
643190.61575 3629166.813425 12500.0
642900.49645 3629574.036675 12500.0
650326.4943 3618288.889625 12500.0
650036.375 3618696.112875 12500.0
649746.2557 3619103.336125 12500.0
649456.1364000001 3619510.559375 12500.0
649166.0171 3619917.782625 12500.0
648875.8978 3620325.005875 12500.0
648585.7785 3620732.229125 12500.0
648295.6592 3621139.452375 12500.0
648005.5399000001 3621546.675625 12500.0
647715.4206000001 3621953.898875 12500.0
647425.3013 3622361.122125 12500.0
647135.182 3622768.345375 12500.0
646845.0627 3623175.568625 12500.0
646554.9434 3623582.791875 12500.0
646264.8241000001 3623990.015125 12500.0
645974.7048000001 3624397.238375 12500.0
645684.5855 3624804.461625 12500.0
645394.4662 3625211.684875 12500.0
645104.3469 3625618.908125 12500.0
644814.2276 3626026.131375 12500.0
644524.1083000001 3626433.354625 12500.0
644233.9890000001 3626840.577875 12500.0
643943.8697 3627247.801125 12500.0
643653.7504 3627655.024375 12500.0
643363.6311 3628062.247625 12500.0
643073.5118000001 3628469.470875 12500.0
642783.3925000001 3628876.694125 12500.0
642493.2732 3629283.917375 12500.0
649919.27105 3617998.770325 12500.0
649629.15175 3618405.993575 12500.0
649339.0324499999 3618813.216825 12500.0
649048.91315 3619220.4400750003 12500.0
648758.79385 3619627.663325 12500.0
648468.67455 3620034.886575 12500.0
648178.55525 3620442.109825 12500.0
647888.43595 3620849.333075 12500.0
647598.31665 3621256.5563250002 12500.0
647308.19735 3621663.779575 12500.0
647018.07805 3622071.0028250003 12500.0
646727.95875 3622478.226075 12500.0
646437.83945 3622885.449325 12500.0
646147.72015 3623292.672575 12500.0
645857.60085 3623699.895825 12500.0
645567.48155 3624107.1190750003 12500.0
645277.36225 3624514.342325 12500.0
644987.24295 3624921.565575 12500.0
644697.12365 3625328.788825 12500.0
644407.00435 3625736.012075 12500.0
644116.88505 3626143.2353250002 12500.0
643826.76575 3626550.458575 12500.0
643536.64645 3626957.6818250003 12500.0
643246.52715 3627364.905075 12500.0
642956.40785 3627772.128325 12500.0
642666.28855 3628179.351575 12500.0
642376.16925 3628586.574825 12500.0
642086.04995 3628993.7980750003 12500.0
649512.0478 3617708.651025 12500.0
649221.9284999999 3618115.8742750003 12500.0
648931.8091999999 3618523.097525 12500.0
648641.6899 3618930.3207750004 12500.0
648351.5706 3619337.544025 12500.0
648061.4513 3619744.767275 12500.0
647771.3319999999 3620151.9905250003 12500.0
647481.2126999999 3620559.213775 12500.0
647191.0934 3620966.4370250003 12500.0
646900.9741 3621373.660275 12500.0
646610.8548 3621780.8835250004 12500.0
646320.7355 3622188.106775 12500.0
646030.6161999999 3622595.330025 12500.0
645740.4968999999 3623002.5532750003 12500.0
645450.3776 3623409.776525 12500.0
645160.2583 3623816.9997750004 12500.0
644870.139 3624224.223025 12500.0
644580.0197 3624631.446275 12500.0
644289.9003999999 3625038.6695250003 12500.0
643999.7810999999 3625445.892775 12500.0
643709.6618 3625853.1160250003 12500.0
643419.5425 3626260.339275 12500.0
643129.4232 3626667.5625250004 12500.0
642839.3038999999 3627074.785775 12500.0
642549.1845999999 3627482.009025 12500.0
642259.0653 3627889.2322750003 12500.0
641968.946 3628296.455525 12500.0
641678.8267 3628703.6787750004 12500.0
649104.82455 3617418.5317249997 12500.0
648814.70525 3617825.754975 12500.0
648524.58595 3618232.9782249997 12500.0
648234.4666500001 3618640.201475 12500.0
647944.34735 3619047.424725 12500.0
647654.22805 3619454.6479749996 12500.0
647364.10875 3619861.871225 12500.0
647073.98945 3620269.0944749997 12500.0
646783.8701500001 3620676.317725 12500.0
646493.7508500001 3621083.540975 12500.0
646203.63155 3621490.764225 12500.0
645913.51225 3621897.987475 12500.0
645623.39295 3622305.2107249997 12500.0
645333.27365 3622712.433975 12500.0
645043.1543500001 3623119.6572249997 12500.0
644753.0350500001 3623526.880475 12500.0
644462.91575 3623934.103725 12500.0
644172.79645 3624341.3269749996 12500.0
643882.67715 3624748.550225 12500.0
643592.55785 3625155.7734749997 12500.0
643302.4385500001 3625562.996725 12500.0
643012.3192500001 3625970.219975 12500.0
642722.19995 3626377.443225 12500.0
642432.08065 3626784.666475 12500.0
642141.96135 3627191.8897249997 12500.0
641851.8420500001 3627599.112975 12500.0
641561.7227500001 3628006.3362249997 12500.0
641271.60345 3628413.559475 12500.0
648697.6013 3617128.4124249998 12500.0
648407.482 3617535.635675 12500.0
648117.3626999999 3617942.858925 12500.0
647827.2434 3618350.082175 12500.0
647537.1241 3618757.305425 12500.0
647247.0048 3619164.5286749997 12500.0
646956.8855 3619571.751925 12500.0
646666.7662 3619978.975175 12500.0
646376.6469 3620386.198425 12500.0
646086.5276 3620793.421675 12500.0
645796.4083 3621200.644925 12500.0
645506.289 3621607.868175 12500.0
645216.1697 3622015.0914249998 12500.0
644926.0504 3622422.314675 12500.0
644635.9311 3622829.537925 12500.0
644345.8118 3623236.761175 12500.0
644055.6925 3623643.984425 12500.0
643765.5732 3624051.2076749997 12500.0
643475.4539 3624458.430925 12500.0
643185.3346 3624865.654175 12500.0
642895.2153 3625272.877425 12500.0
642605.096 3625680.100675 12500.0
642314.9767 3626087.323925 12500.0
642024.8574 3626494.547175 12500.0
641734.7381 3626901.7704249998 12500.0
641444.6188 3627308.993675 12500.0
641154.4995 3627716.216925 12500.0
640864.3802 3628123.440175 12500.0
648290.3780499999 3616838.293125 12500.0
648000.2587499999 3617245.516375 12500.0
647710.1394499999 3617652.739625 12500.0
647420.02015 3618059.962875 12500.0
647129.90085 3618467.186125 12500.0
646839.78155 3618874.409375 12500.0
646549.6622499999 3619281.632625 12500.0
646259.5429499999 3619688.855875 12500.0
645969.42365 3620096.079125 12500.0
645679.30435 3620503.302375 12500.0
645389.18505 3620910.5256250002 12500.0
645099.06575 3621317.748875 12500.0
644808.9464499999 3621724.972125 12500.0
644518.8271499999 3622132.195375 12500.0
644228.70785 3622539.418625 12500.0
643938.58855 3622946.641875 12500.0
643648.46925 3623353.865125 12500.0
643358.34995 3623761.088375 12500.0
643068.2306499999 3624168.311625 12500.0
642778.1113499999 3624575.534875 12500.0
642487.99205 3624982.758125 12500.0
642197.87275 3625389.981375 12500.0
641907.75345 3625797.2046250002 12500.0
641617.6341499999 3626204.427875 12500.0
641327.5148499999 3626611.651125 12500.0
641037.39555 3627018.874375 12500.0
640747.27625 3627426.097625 12500.0
640457.15695 3627833.320875 12500.0
647883.1548 3616548.173825 12500.0
647593.0355 3616955.397075 12500.0
647302.9162 3617362.620325 12500.0
647012.7969000001 3617769.8435750003 12500.0
646722.6776 3618177.066825 12500.0
646432.5583 3618584.290075 12500.0
646142.439 3618991.513325 12500.0
645852.3197 3619398.736575 12500.0
645562.2004000001 3619805.9598250003 12500.0
645272.0811000001 3620213.183075 12500.0
644981.9618 3620620.4063250003 12500.0
644691.8425 3621027.629575 12500.0
644401.7232 3621434.852825 12500.0
644111.6039 3621842.076075 12500.0
643821.4846000001 3622249.299325 12500.0
643531.3653000001 3622656.5225750003 12500.0
643241.246 3623063.745825 12500.0
642951.1267 3623470.969075 12500.0
642661.0074 3623878.192325 12500.0
642370.8881 3624285.415575 12500.0
642080.7688000001 3624692.6388250003 12500.0
641790.6495 3625099.862075 12500.0
641500.5302 3625507.0853250003 12500.0
641210.4109 3625914.308575 12500.0
640920.2916 3626321.531825 12500.0
640630.1723000001 3626728.755075 12500.0
640340.0530000001 3627135.978325 12500.0
640049.9337 3627543.2015750003 12500.0
647475.93155 3616258.054525 12500.0
647185.81225 3616665.2777750003 12500.0
646895.6929499999 3617072.501025 12500.0
646605.57365 3617479.7242750004 12500.0
646315.45435 3617886.947525 12500.0
646025.33505 3618294.170775 12500.0
645735.21575 3618701.3940250003 12500.0
645445.09645 3619108.617275 12500.0
645154.97715 3619515.8405250004 12500.0
644864.85785 3619923.063775 12500.0
644574.73855 3620330.2870250004 12500.0
644284.61925 3620737.5102750002 12500.0
643994.49995 3621144.733525 12500.0
643704.38065 3621551.9567750003 12500.0
643414.26135 3621959.180025 12500.0
643124.14205 3622366.4032750004 12500.0
642834.02275 3622773.626525 12500.0
642543.90345 3623180.849775 12500.0
642253.78415 3623588.0730250003 12500.0
641963.66485 3623995.296275 12500.0
641673.54555 3624402.5195250004 12500.0
641383.42625 3624809.742775 12500.0
641093.30695 3625216.9660250004 12500.0
640803.18765 3625624.1892750002 12500.0
640513.06835 3626031.412525 12500.0
640222.94905 3626438.6357750003 12500.0
639932.82975 3626845.859025 12500.0
639642.71045 3627253.0822750004 12500.0
647068.7082999999 3615967.9352249997 12500.0
646778.5889999999 3616375.158475 12500.0
646488.4696999999 3616782.3817249998 12500.0
646198.3504 3617189.604975 12500.0
645908.2311 3617596.828225 12500.0
645618.1118 3618004.0514749996 12500.0
645327.9924999999 3618411.274725 12500.0
645037.8731999999 3618818.4979749997 12500.0
644747.7539 3619225.721225 12500.0
644457.6346 3619632.944475 12500.0
644167.5153 3620040.167725 12500.0
643877.396 3620447.390975 12500.0
643587.2766999999 3620854.6142249997 12500.0
643297.1573999999 3621261.837475 12500.0
643007.0381 3621669.0607249998 12500.0
642716.9188 3622076.283975 12500.0
642426.7995 3622483.507225 12500.0
642136.6802 3622890.7304749996 12500.0
641846.5608999999 3623297.953725 12500.0
641556.4415999999 3623705.1769749997 12500.0
641266.3223 3624112.400225 12500.0
640976.203 3624519.623475 12500.0
640686.0837 3624926.846725 12500.0
640395.9643999999 3625334.069975 12500.0
640105.8450999999 3625741.2932249997 12500.0
639815.7258 3626148.516475 12500.0
639525.6065 3626555.7397249998 12500.0
639235.4872 3626962.962975 12500.0
646661.48505 3615677.815925 12500.0
646371.36575 3616085.039175 12500.0
646081.24645 3616492.262425 12500.0
645791.1271500001 3616899.485675 12500.0
645501.00785 3617306.708925 12500.0
645210.88855 3617713.9321749997 12500.0
644920.76925 3618121.155425 12500.0
644630.64995 3618528.378675 12500.0
644340.5306500001 3618935.601925 12500.0
644050.4113500001 3619342.825175 12500.0
643760.29205 3619750.048425 12500.0
643470.17275 3620157.271675 12500.0
643180.05345 3620564.494925 12500.0
642889.93415 3620971.718175 12500.0
642599.8148500001 3621378.941425 12500.0
642309.6955500001 3621786.164675 12500.0
642019.57625 3622193.387925 12500.0
641729.45695 3622600.6111749997 12500.0
641439.33765 3623007.834425 12500.0
641149.21835 3623415.057675 12500.0
640859.0990500001 3623822.280925 12500.0
640568.97975 3624229.504175 12500.0
640278.86045 3624636.727425 12500.0
639988.74115 3625043.950675 12500.0
639698.62185 3625451.173925 12500.0
639408.5025500001 3625858.397175 12500.0
639118.3832500001 3626265.620425 12500.0
638828.26395 3626672.843675 12500.0
646254.2618 3615387.696625 12500.0
645964.1425 3615794.919875 12500.0
645674.0231999999 3616202.143125 12500.0
645383.9039 3616609.366375 12500.0
645093.7846 3617016.589625 12500.0
644803.6653 3617423.812875 12500.0
644513.546 3617831.036125 12500.0
644223.4267 3618238.259375 12500.0
643933.3074 3618645.482625 12500.0
643643.1881 3619052.705875 12500.0
643353.0688 3619459.9291250003 12500.0
643062.9495 3619867.152375 12500.0
642772.8302 3620274.375625 12500.0
642482.7109 3620681.598875 12500.0
642192.5916 3621088.822125 12500.0
641902.4723 3621496.045375 12500.0
641612.353 3621903.268625 12500.0
641322.2337 3622310.491875 12500.0
641032.1144 3622717.715125 12500.0
640741.9951 3623124.938375 12500.0
640451.8758 3623532.161625 12500.0
640161.7565 3623939.384875 12500.0
639871.6372 3624346.6081250003 12500.0
639581.5179 3624753.831375 12500.0
639291.3986 3625161.054625 12500.0
639001.2793 3625568.277875 12500.0
638711.16 3625975.501125 12500.0
638421.0407 3626382.724375 12500.0
645847.0385499999 3615097.577325 12500.0
645556.9192499999 3615504.8005750002 12500.0
645266.7999499999 3615912.023825 12500.0
644976.68065 3616319.2470750003 12500.0
644686.56135 3616726.470325 12500.0
644396.44205 3617133.693575 12500.0
644106.3227499999 3617540.916825 12500.0
643816.2034499999 3617948.140075 12500.0
643526.08415 3618355.3633250003 12500.0
643235.96485 3618762.586575 12500.0
642945.84555 3619169.8098250004 12500.0
642655.72625 3619577.033075 12500.0
642365.6069499999 3619984.256325 12500.0
642075.4876499999 3620391.4795750002 12500.0
641785.36835 3620798.702825 12500.0
641495.24905 3621205.9260750003 12500.0
641205.12975 3621613.149325 12500.0
640915.01045 3622020.372575 12500.0
640624.8911499999 3622427.595825 12500.0
640334.7718499999 3622834.819075 12500.0
640044.65255 3623242.0423250003 12500.0
639754.53325 3623649.265575 12500.0
639464.41395 3624056.4888250004 12500.0
639174.2946499999 3624463.712075 12500.0
638884.1753499999 3624870.935325 12500.0
638594.05605 3625278.1585750002 12500.0
638303.93675 3625685.381825 12500.0
638013.81745 3626092.6050750003 12500.0
645439.8153 3614807.4580249996 12500.0
645149.696 3615214.681275 12500.0
644859.5767 3615621.9045249997 12500.0
644569.4574000001 3616029.127775 12500.0
644279.3381 3616436.3510249997 12500.0
643989.2188 3616843.5742749996 12500.0
643699.0995 3617250.797525 12500.0
643408.9802 3617658.0207749996 12500.0
643118.8609000001 3618065.244025 12500.0
642828.7416000001 3618472.4672749997 12500.0
642538.6223 3618879.690525 12500.0
642248.503 3619286.913775 12500.0
641958.3837 3619694.1370249996 12500.0
641668.2644 3620101.360275 12500.0
641378.1451000001 3620508.5835249997 12500.0
641088.0258000001 3620915.806775 12500.0
640797.9065 3621323.0300249998 12500.0
640507.7872 3621730.2532749996 12500.0
640217.6679 3622137.476525 12500.0
639927.5486 3622544.6997749996 12500.0
639637.4293000001 3622951.923025 12500.0
639347.31 3623359.1462749997 12500.0
639057.1907 3623766.369525 12500.0
638767.0714 3624173.592775 12500.0
638476.9521 3624580.8160249996 12500.0
638186.8328000001 3624988.039275 12500.0
637896.7135000001 3625395.2625249997 12500.0
637606.5942 3625802.485775 12500.0
645032.59205 3614517.3387249997 12500.0
644742.47275 3614924.561975 12500.0
644452.3534499999 3615331.7852249998 12500.0
644162.23415 3615739.008475 12500.0
643872.11485 3616146.231725 12500.0
643581.99555 3616553.4549749997 12500.0
643291.87625 3616960.678225 12500.0
643001.75695 3617367.9014749997 12500.0
642711.63765 3617775.124725 12500.0
642421.51835 3618182.347975 12500.0
642131.39905 3618589.571225 12500.0
641841.27975 3618996.794475 12500.0
641551.16045 3619404.0177249997 12500.0
641261.04115 3619811.240975 12500.0
640970.92185 3620218.464225 12500.0
640680.80255 3620625.687475 12500.0
640390.68325 3621032.910725 12500.0
640100.56395 3621440.1339749997 12500.0
639810.44465 3621847.357225 12500.0
639520.3253499999 3622254.5804749997 12500.0
639230.20605 3622661.803725 12500.0
638940.08675 3623069.026975 12500.0
638649.96745 3623476.250225 12500.0
638359.84815 3623883.473475 12500.0
638069.72885 3624290.6967249997 12500.0
637779.60955 3624697.919975 12500.0
637489.49025 3625105.143225 12500.0
637199.37095 3625512.366475 12500.0
644625.3687999999 3614227.219425 12500.0
644335.2494999999 3614634.442675 12500.0
644045.1301999999 3615041.665925 12500.0
643755.0109 3615448.889175 12500.0
643464.8916 3615856.112425 12500.0
643174.7723 3616263.3356749997 12500.0
642884.6529999999 3616670.558925 12500.0
642594.5336999999 3617077.782175 12500.0
642304.4144 3617485.005425 12500.0
642014.2951 3617892.228675 12500.0
641724.1758 3618299.451925 12500.0
641434.0565 3618706.675175 12500.0
641143.9371999999 3619113.898425 12500.0
640853.8178999999 3619521.121675 12500.0
640563.6986 3619928.344925 12500.0
640273.5793 3620335.568175 12500.0
639983.46 3620742.791425 12500.0
639693.3407 3621150.0146749998 12500.0
639403.2213999999 3621557.237925 12500.0
639113.1020999999 3621964.461175 12500.0
638822.9828 3622371.684425 12500.0
638532.8635 3622778.907675 12500.0
638242.7442 3623186.130925 12500.0
637952.6248999999 3623593.354175 12500.0
637662.5055999999 3624000.577425 12500.0
637372.3863 3624407.800675 12500.0
637082.267 3624815.023925 12500.0
636792.1477 3625222.247175 12500.0
644218.14555 3613937.100125 12500.0
643928.02625 3614344.323375 12500.0
643637.90695 3614751.546625 12500.0
643347.7876500001 3615158.769875 12500.0
643057.66835 3615565.993125 12500.0
642767.54905 3615973.216375 12500.0
642477.42975 3616380.439625 12500.0
642187.31045 3616787.662875 12500.0
641897.1911500001 3617194.886125 12500.0
641607.0718500001 3617602.109375 12500.0
641316.95255 3618009.3326250003 12500.0
641026.83325 3618416.555875 12500.0
640736.71395 3618823.779125 12500.0
640446.59465 3619231.002375 12500.0
640156.4753500001 3619638.225625 12500.0
639866.3560500001 3620045.4488750002 12500.0
639576.23675 3620452.672125 12500.0
639286.11745 3620859.895375 12500.0
638995.99815 3621267.118625 12500.0
638705.87885 3621674.341875 12500.0
638415.7595500001 3622081.565125 12500.0
638125.64025 3622488.788375 12500.0
637835.52095 3622896.0116250003 12500.0
637545.40165 3623303.234875 12500.0
637255.28235 3623710.458125 12500.0
636965.1630500001 3624117.681375 12500.0
636675.0437500001 3624524.904625 12500.0
636384.92445 3624932.1278750002 12500.0
643810.9223 3613646.980825 12500.0
643520.803 3614054.2040750002 12500.0
643230.6836999999 3614461.427325 12500.0
642940.5644 3614868.6505750003 12500.0
642650.4451 3615275.873825 12500.0
642360.3258 3615683.097075 12500.0
642070.2065 3616090.320325 12500.0
641780.0872 3616497.543575 12500.0
641489.9679 3616904.7668250003 12500.0
641199.8486 3617311.990075 12500.0
640909.7293 3617719.2133250004 12500.0
640619.61 3618126.436575 12500.0
640329.4907 3618533.659825 12500.0
640039.3714 3618940.8830750003 12500.0
639749.2521 3619348.106325 12500.0
639459.1328 3619755.3295750003 12500.0
639169.0135 3620162.552825 12500.0
638878.8942 3620569.776075 12500.0
638588.7749 3620976.999325 12500.0
638298.6555999999 3621384.222575 12500.0
638008.5363 3621791.4458250003 12500.0
637718.417 3622198.669075 12500.0
637428.2977 3622605.8923250004 12500.0
637138.1784 3623013.115575 12500.0
636848.0591 3623420.338825 12500.0
636557.9398 3623827.5620750003 12500.0
636267.8205 3624234.785325 12500.0
635977.7012 3624642.0085750003 12500.0
643403.6990499999 3613356.8615249996 12500.0
643113.5797499999 3613764.084775 12500.0
642823.4604499999 3614171.3080249997 12500.0
642533.34115 3614578.531275 12500.0
642243.22185 3614985.7545249998 12500.0
641953.10255 3615392.9777749996 12500.0
641662.9832499999 3615800.201025 12500.0
641372.8639499999 3616207.4242749996 12500.0
641082.74465 3616614.647525 12500.0
640792.62535 3617021.8707749997 12500.0
640502.50605 3617429.094025 12500.0
640212.38675 3617836.317275 12500.0
639922.2674499999 3618243.5405249996 12500.0
639632.1481499999 3618650.763775 12500.0
639342.02885 3619057.9870249997 12500.0
639051.90955 3619465.210275 12500.0
638761.79025 3619872.433525 12500.0
638471.6709499999 3620279.6567749996 12500.0
638181.5516499999 3620686.880025 12500.0
637891.4323499999 3621094.1032749997 12500.0
637601.31305 3621501.326525 12500.0
637311.19375 3621908.5497749997 12500.0
637021.07445 3622315.773025 12500.0
636730.9551499999 3622722.996275 12500.0
636440.8358499999 3623130.2195249996 12500.0
636150.71655 3623537.442775 12500.0
635860.59725 3623944.6660249997 12500.0
635570.47795 3624351.889275 12500.0
642996.4758 3613066.7422249997 12500.0
642706.3565 3613473.965475 12500.0
642416.2372 3613881.188725 12500.0
642126.1179000001 3614288.411975 12500.0
641835.9986 3614695.635225 12500.0
641545.8793 3615102.8584749997 12500.0
641255.76 3615510.081725 12500.0
640965.6407 3615917.3049749997 12500.0
640675.5214000001 3616324.528225 12500.0
640385.4021000001 3616731.751475 12500.0
640095.2828 3617138.974725 12500.0
639805.1635 3617546.197975 12500.0
639515.0442 3617953.4212249997 12500.0
639224.9249 3618360.644475 12500.0
638934.8056000001 3618767.867725 12500.0
638644.6863000001 3619175.090975 12500.0
638354.567 3619582.314225 12500.0
638064.4477 3619989.5374749997 12500.0
637774.3284 3620396.760725 12500.0
637484.2091 3620803.9839749997 12500.0
637194.0898000001 3621211.207225 12500.0
636903.9705 3621618.430475 12500.0
636613.8512 3622025.653725 12500.0
636323.7319 3622432.876975 12500.0
636033.6126 3622840.1002249997 12500.0
635743.4933000001 3623247.323475 12500.0
635453.3740000001 3623654.546725 12500.0
635163.2547 3624061.769975 12500.0
642589.25255 3612776.622925 12500.0
642299.13325 3613183.846175 12500.0
642009.0139499999 3613591.069425 12500.0
641718.89465 3613998.292675 12500.0
641428.77535 3614405.515925 12500.0
641138.65605 3614812.7391749998 12500.0
640848.53675 3615219.962425 12500.0
640558.41745 3615627.185675 12500.0
640268.29815 3616034.408925 12500.0
639978.17885 3616441.632175 12500.0
639688.05955 3616848.855425 12500.0
639397.94025 3617256.078675 12500.0
639107.82095 3617663.301925 12500.0
638817.70165 3618070.525175 12500.0
638527.58235 3618477.748425 12500.0
638237.46305 3618884.971675 12500.0
637947.34375 3619292.194925 12500.0
637657.22445 3619699.4181749998 12500.0
637367.10515 3620106.641425 12500.0
637076.9858499999 3620513.864675 12500.0
636786.86655 3620921.087925 12500.0
636496.74725 3621328.311175 12500.0
636206.62795 3621735.534425 12500.0
635916.50865 3622142.757675 12500.0
635626.38935 3622549.980925 12500.0
635336.27005 3622957.204175 12500.0
635046.15075 3623364.427425 12500.0
634756.03145 3623771.650675 12500.0
642182.0292999999 3612486.503625 12500.0
641891.9099999999 3612893.726875 12500.0
641601.7906999999 3613300.950125 12500.0
641311.6714 3613708.1733750002 12500.0
641021.5521 3614115.396625 12500.0
640731.4328 3614522.619875 12500.0
640441.3134999999 3614929.843125 12500.0
640151.1941999999 3615337.066375 12500.0
639861.0749 3615744.289625 12500.0
639570.9556 3616151.512875 12500.0
639280.8363 3616558.7361250003 12500.0
638990.717 3616965.959375 12500.0
638700.5976999999 3617373.182625 12500.0
638410.4783999999 3617780.405875 12500.0
638120.3591 3618187.629125 12500.0
637830.2398 3618594.8523750002 12500.0
637540.1205 3619002.075625 12500.0
637250.0011999999 3619409.298875 12500.0
636959.8818999999 3619816.522125 12500.0
636669.7625999999 3620223.745375 12500.0
636379.6433 3620630.968625 12500.0
636089.524 3621038.191875 12500.0
635799.4047 3621445.4151250003 12500.0
635509.2853999999 3621852.638375 12500.0
635219.1660999999 3622259.861625 12500.0
634929.0468 3622667.084875 12500.0
634638.9275 3623074.308125 12500.0
634348.8082 3623481.5313750003 12500.0
641774.80605 3612196.384325 12500.0
641484.68675 3612603.6075750003 12500.0
641194.56745 3613010.830825 12500.0
640904.4481500001 3613418.0540750003 12500.0
640614.32885 3613825.277325 12500.0
640324.20955 3614232.500575 12500.0
640034.09025 3614639.723825 12500.0
639743.97095 3615046.947075 12500.0
639453.8516500001 3615454.1703250003 12500.0
639163.7323500001 3615861.393575 12500.0
638873.61305 3616268.6168250004 12500.0
638583.49375 3616675.840075 12500.0
638293.37445 3617083.063325 12500.0
638003.25515 3617490.2865750003 12500.0
637713.1358500001 3617897.509825 12500.0
637423.0165500001 3618304.7330750003 12500.0
637132.89725 3618711.956325 12500.0
636842.77795 3619119.179575 12500.0
636552.65865 3619526.402825 12500.0
636262.53935 3619933.626075 12500.0
635972.4200500001 3620340.8493250003 12500.0
635682.30075 3620748.072575 12500.0
635392.18145 3621155.2958250004 12500.0
635102.06215 3621562.519075 12500.0
634811.94285 3621969.742325 12500.0
634521.8235500001 3622376.9655750003 12500.0
634231.7042500001 3622784.188825 12500.0
633941.58495 3623191.4120750003 12500.0
641367.5828 3611906.2650249996 12500.0
641077.4635 3612313.488275 12500.0
640787.3441999999 3612720.7115249997 12500.0
640497.2249 3613127.934775 12500.0
640207.1056 3613535.158025 12500.0
639916.9863 3613942.3812749996 12500.0
639626.867 3614349.604525 12500.0
639336.7477 3614756.8277749997 12500.0
639046.6284 3615164.051025 12500.0
638756.5091 3615571.2742749997 12500.0
638466.3898 3615978.497525 12500.0
638176.2705 3616385.720775 12500.0
637886.1512 3616792.9440249996 12500.0
637596.0319 3617200.167275 12500.0
637305.9126 3617607.3905249997 12500.0
637015.7933 3618014.613775 12500.0
636725.674 3618421.837025 12500.0
636435.5547 3618829.0602749996 12500.0
636145.4354 3619236.283525 12500.0
635855.3160999999 3619643.5067749997 12500.0
635565.1968 3620050.730025 12500.0
635275.0775 3620457.9532749997 12500.0
634984.9582 3620865.176525 12500.0
634694.8389 3621272.399775 12500.0
634404.7196 3621679.6230249996 12500.0
634114.6003 3622086.846275 12500.0
633824.481 3622494.0695249997 12500.0
633534.3617 3622901.292775 12500.0
652362.61055 3619739.486125 13000.0
652072.49125 3620146.709375 13000.0
651782.37195 3620553.932625 13000.0
651492.25265 3620961.155875 13000.0
651202.13335 3621368.379125 13000.0
650912.01405 3621775.602375 13000.0
650621.89475 3622182.825625 13000.0
650331.77545 3622590.048875 13000.0
650041.65615 3622997.272125 13000.0
649751.53685 3623404.495375 13000.0
649461.41755 3623811.718625 13000.0
649171.29825 3624218.941875 13000.0
648881.17895 3624626.165125 13000.0
648591.05965 3625033.388375 13000.0
648300.94035 3625440.611625 13000.0
648010.82105 3625847.834875 13000.0
647720.70175 3626255.058125 13000.0
647430.58245 3626662.281375 13000.0
647140.46315 3627069.504625 13000.0
646850.34385 3627476.727875 13000.0
646560.22455 3627883.951125 13000.0
646270.10525 3628291.174375 13000.0
645979.98595 3628698.397625 13000.0
645689.86665 3629105.620875 13000.0
645399.74735 3629512.844125 13000.0
645109.62805 3629920.067375 13000.0
644819.50875 3630327.290625 13000.0
644529.38945 3630734.513875 13000.0
651955.3873 3619449.366825 13000.0
651665.2679999999 3619856.590075 13000.0
651375.1486999999 3620263.813325 13000.0
651085.0294 3620671.0365750003 13000.0
650794.9101 3621078.259825 13000.0
650504.7908 3621485.483075 13000.0
650214.6714999999 3621892.706325 13000.0
649924.5521999999 3622299.929575 13000.0
649634.4329 3622707.152825 13000.0
649344.3136 3623114.376075 13000.0
649054.1943 3623521.5993250003 13000.0
648764.075 3623928.822575 13000.0
648473.9556999999 3624336.045825 13000.0
648183.8363999999 3624743.269075 13000.0
647893.7171 3625150.492325 13000.0
647603.5978 3625557.7155750003 13000.0
647313.4785 3625964.938825 13000.0
647023.3592 3626372.162075 13000.0
646733.2398999999 3626779.385325 13000.0
646443.1205999999 3627186.608575 13000.0
646153.0013 3627593.8318250002 13000.0
645862.882 3628001.055075 13000.0
645572.7627 3628408.2783250003 13000.0
645282.6434 3628815.501575 13000.0
644992.5240999999 3629222.724825 13000.0
644702.4048 3629629.948075 13000.0
644412.2855 3630037.171325 13000.0
644122.1662 3630444.3945750003 13000.0
651548.16405 3619159.247525 13000.0
651258.04475 3619566.4707750003 13000.0
650967.92545 3619973.694025 13000.0
650677.8061500001 3620380.9172750004 13000.0
650387.68685 3620788.140525 13000.0
650097.56755 3621195.363775 13000.0
649807.44825 3621602.5870250002 13000.0
649517.32895 3622009.810275 13000.0
649227.2096500001 3622417.0335250003 13000.0
648937.0903500001 3622824.256775 13000.0
648646.97105 3623231.4800250004 13000.0
648356.85175 3623638.703275 13000.0
648066.73245 3624045.926525 13000.0
647776.61315 3624453.1497750003 13000.0
647486.4938500001 3624860.373025 13000.0
647196.3745500001 3625267.5962750004 13000.0
646906.25525 3625674.819525 13000.0
646616.13595 3626082.042775 13000.0
646326.01665 3626489.2660250003 13000.0
646035.89735 3626896.489275 13000.0
645745.7780500001 3627303.7125250003 13000.0
645455.6587500001 3627710.935775 13000.0
645165.53945 3628118.1590250004 13000.0
644875.42015 3628525.382275 13000.0
644585.30085 3628932.605525 13000.0
644295.1815500001 3629339.8287750003 13000.0
644005.0622500001 3629747.052025 13000.0
643714.94295 3630154.2752750004 13000.0
651140.9408 3618869.1282249996 13000.0
650850.8215 3619276.351475 13000.0
650560.7021999999 3619683.5747249997 13000.0
650270.5829 3620090.797975 13000.0
649980.4636 3620498.021225 13000.0
649690.3443 3620905.2444749996 13000.0
649400.225 3621312.467725 13000.0
649110.1057 3621719.6909749997 13000.0
648819.9864 3622126.914225 13000.0
648529.8671 3622534.1374749998 13000.0
648239.7478 3622941.360725 13000.0
647949.6285 3623348.583975 13000.0
647659.5092 3623755.8072249996 13000.0
647369.3899 3624163.030475 13000.0
647079.2706 3624570.2537249997 13000.0
646789.1513 3624977.476975 13000.0
646499.032 3625384.700225 13000.0
646208.9127 3625791.9234749996 13000.0
645918.7934 3626199.146725 13000.0
645628.6741 3626606.3699749997 13000.0
645338.5548 3627013.593225 13000.0
645048.4355 3627420.8164749998 13000.0
644758.3162 3627828.039725 13000.0
644468.1969 3628235.262975 13000.0
644178.0776 3628642.4862249997 13000.0
643887.9583 3629049.709475 13000.0
643597.839 3629456.9327249997 13000.0
643307.7197 3629864.155975 13000.0
650733.71755 3618579.0089249997 13000.0
650443.5982499999 3618986.232175 13000.0
650153.4789499999 3619393.455425 13000.0
649863.35965 3619800.678675 13000.0
649573.24035 3620207.901925 13000.0
649283.12105 3620615.1251749997 13000.0
648993.0017499999 3621022.348425 13000.0
648702.8824499999 3621429.571675 13000.0
648412.76315 3621836.794925 13000.0
648122.64385 3622244.018175 13000.0
647832.52455 3622651.241425 13000.0
647542.40525 3623058.464675 13000.0
647252.2859499999 3623465.6879249997 13000.0
646962.1666499999 3623872.911175 13000.0
646672.04735 3624280.134425 13000.0
646381.92805 3624687.357675 13000.0
646091.80875 3625094.580925 13000.0
645801.68945 3625501.8041749997 13000.0
645511.5701499999 3625909.027425 13000.0
645221.4508499999 3626316.250675 13000.0
644931.33155 3626723.473925 13000.0
644641.21225 3627130.697175 13000.0
644351.09295 3627537.920425 13000.0
644060.9736499999 3627945.143675 13000.0
643770.8543499999 3628352.3669249997 13000.0
643480.73505 3628759.590175 13000.0
643190.61575 3629166.813425 13000.0
642900.49645 3629574.036675 13000.0
650326.4943 3618288.889625 13000.0
650036.375 3618696.112875 13000.0
649746.2557 3619103.336125 13000.0
649456.1364000001 3619510.559375 13000.0
649166.0171 3619917.782625 13000.0
648875.8978 3620325.005875 13000.0
648585.7785 3620732.229125 13000.0
648295.6592 3621139.452375 13000.0
648005.5399000001 3621546.675625 13000.0
647715.4206000001 3621953.898875 13000.0
647425.3013 3622361.122125 13000.0
647135.182 3622768.345375 13000.0
646845.0627 3623175.568625 13000.0
646554.9434 3623582.791875 13000.0
646264.8241000001 3623990.015125 13000.0
645974.7048000001 3624397.238375 13000.0
645684.5855 3624804.461625 13000.0
645394.4662 3625211.684875 13000.0
645104.3469 3625618.908125 13000.0
644814.2276 3626026.131375 13000.0
644524.1083000001 3626433.354625 13000.0
644233.9890000001 3626840.577875 13000.0
643943.8697 3627247.801125 13000.0
643653.7504 3627655.024375 13000.0
643363.6311 3628062.247625 13000.0
643073.5118000001 3628469.470875 13000.0
642783.3925000001 3628876.694125 13000.0
642493.2732 3629283.917375 13000.0
649919.27105 3617998.770325 13000.0
649629.15175 3618405.993575 13000.0
649339.0324499999 3618813.216825 13000.0
649048.91315 3619220.4400750003 13000.0
648758.79385 3619627.663325 13000.0
648468.67455 3620034.886575 13000.0
648178.55525 3620442.109825 13000.0
647888.43595 3620849.333075 13000.0
647598.31665 3621256.5563250002 13000.0
647308.19735 3621663.779575 13000.0
647018.07805 3622071.0028250003 13000.0
646727.95875 3622478.226075 13000.0
646437.83945 3622885.449325 13000.0
646147.72015 3623292.672575 13000.0
645857.60085 3623699.895825 13000.0
645567.48155 3624107.1190750003 13000.0
645277.36225 3624514.342325 13000.0
644987.24295 3624921.565575 13000.0
644697.12365 3625328.788825 13000.0
644407.00435 3625736.012075 13000.0
644116.88505 3626143.2353250002 13000.0
643826.76575 3626550.458575 13000.0
643536.64645 3626957.6818250003 13000.0
643246.52715 3627364.905075 13000.0
642956.40785 3627772.128325 13000.0
642666.28855 3628179.351575 13000.0
642376.16925 3628586.574825 13000.0
642086.04995 3628993.7980750003 13000.0
649512.0478 3617708.651025 13000.0
649221.9284999999 3618115.8742750003 13000.0
648931.8091999999 3618523.097525 13000.0
648641.6899 3618930.3207750004 13000.0
648351.5706 3619337.544025 13000.0
648061.4513 3619744.767275 13000.0
647771.3319999999 3620151.9905250003 13000.0
647481.2126999999 3620559.213775 13000.0
647191.0934 3620966.4370250003 13000.0
646900.9741 3621373.660275 13000.0
646610.8548 3621780.8835250004 13000.0
646320.7355 3622188.106775 13000.0
646030.6161999999 3622595.330025 13000.0
645740.4968999999 3623002.5532750003 13000.0
645450.3776 3623409.776525 13000.0
645160.2583 3623816.9997750004 13000.0
644870.139 3624224.223025 13000.0
644580.0197 3624631.446275 13000.0
644289.9003999999 3625038.6695250003 13000.0
643999.7810999999 3625445.892775 13000.0
643709.6618 3625853.1160250003 13000.0
643419.5425 3626260.339275 13000.0
643129.4232 3626667.5625250004 13000.0
642839.3038999999 3627074.785775 13000.0
642549.1845999999 3627482.009025 13000.0
642259.0653 3627889.2322750003 13000.0
641968.946 3628296.455525 13000.0
641678.8267 3628703.6787750004 13000.0
649104.82455 3617418.5317249997 13000.0
648814.70525 3617825.754975 13000.0
648524.58595 3618232.9782249997 13000.0
648234.4666500001 3618640.201475 13000.0
647944.34735 3619047.424725 13000.0
647654.22805 3619454.6479749996 13000.0
647364.10875 3619861.871225 13000.0
647073.98945 3620269.0944749997 13000.0
646783.8701500001 3620676.317725 13000.0
646493.7508500001 3621083.540975 13000.0
646203.63155 3621490.764225 13000.0
645913.51225 3621897.987475 13000.0
645623.39295 3622305.2107249997 13000.0
645333.27365 3622712.433975 13000.0
645043.1543500001 3623119.6572249997 13000.0
644753.0350500001 3623526.880475 13000.0
644462.91575 3623934.103725 13000.0
644172.79645 3624341.3269749996 13000.0
643882.67715 3624748.550225 13000.0
643592.55785 3625155.7734749997 13000.0
643302.4385500001 3625562.996725 13000.0
643012.3192500001 3625970.219975 13000.0
642722.19995 3626377.443225 13000.0
642432.08065 3626784.666475 13000.0
642141.96135 3627191.8897249997 13000.0
641851.8420500001 3627599.112975 13000.0
641561.7227500001 3628006.3362249997 13000.0
641271.60345 3628413.559475 13000.0
648697.6013 3617128.4124249998 13000.0
648407.482 3617535.635675 13000.0
648117.3626999999 3617942.858925 13000.0
647827.2434 3618350.082175 13000.0
647537.1241 3618757.305425 13000.0
647247.0048 3619164.5286749997 13000.0
646956.8855 3619571.751925 13000.0
646666.7662 3619978.975175 13000.0
646376.6469 3620386.198425 13000.0
646086.5276 3620793.421675 13000.0
645796.4083 3621200.644925 13000.0
645506.289 3621607.868175 13000.0
645216.1697 3622015.0914249998 13000.0
644926.0504 3622422.314675 13000.0
644635.9311 3622829.537925 13000.0
644345.8118 3623236.761175 13000.0
644055.6925 3623643.984425 13000.0
643765.5732 3624051.2076749997 13000.0
643475.4539 3624458.430925 13000.0
643185.3346 3624865.654175 13000.0
642895.2153 3625272.877425 13000.0
642605.096 3625680.100675 13000.0
642314.9767 3626087.323925 13000.0
642024.8574 3626494.547175 13000.0
641734.7381 3626901.7704249998 13000.0
641444.6188 3627308.993675 13000.0
641154.4995 3627716.216925 13000.0
640864.3802 3628123.440175 13000.0
648290.3780499999 3616838.293125 13000.0
648000.2587499999 3617245.516375 13000.0
647710.1394499999 3617652.739625 13000.0
647420.02015 3618059.962875 13000.0
647129.90085 3618467.186125 13000.0
646839.78155 3618874.409375 13000.0
646549.6622499999 3619281.632625 13000.0
646259.5429499999 3619688.855875 13000.0
645969.42365 3620096.079125 13000.0
645679.30435 3620503.302375 13000.0
645389.18505 3620910.5256250002 13000.0
645099.06575 3621317.748875 13000.0
644808.9464499999 3621724.972125 13000.0
644518.8271499999 3622132.195375 13000.0
644228.70785 3622539.418625 13000.0
643938.58855 3622946.641875 13000.0
643648.46925 3623353.865125 13000.0
643358.34995 3623761.088375 13000.0
643068.2306499999 3624168.311625 13000.0
642778.1113499999 3624575.534875 13000.0
642487.99205 3624982.758125 13000.0
642197.87275 3625389.981375 13000.0
641907.75345 3625797.2046250002 13000.0
641617.6341499999 3626204.427875 13000.0
641327.5148499999 3626611.651125 13000.0
641037.39555 3627018.874375 13000.0
640747.27625 3627426.097625 13000.0
640457.15695 3627833.320875 13000.0
647883.1548 3616548.173825 13000.0
647593.0355 3616955.397075 13000.0
647302.9162 3617362.620325 13000.0
647012.7969000001 3617769.8435750003 13000.0
646722.6776 3618177.066825 13000.0
646432.5583 3618584.290075 13000.0
646142.439 3618991.513325 13000.0
645852.3197 3619398.736575 13000.0
645562.2004000001 3619805.9598250003 13000.0
645272.0811000001 3620213.183075 13000.0
644981.9618 3620620.4063250003 13000.0
644691.8425 3621027.629575 13000.0
644401.7232 3621434.852825 13000.0
644111.6039 3621842.076075 13000.0
643821.4846000001 3622249.299325 13000.0
643531.3653000001 3622656.5225750003 13000.0
643241.246 3623063.745825 13000.0
642951.1267 3623470.969075 13000.0
642661.0074 3623878.192325 13000.0
642370.8881 3624285.415575 13000.0
642080.7688000001 3624692.6388250003 13000.0
641790.6495 3625099.862075 13000.0
641500.5302 3625507.0853250003 13000.0
641210.4109 3625914.308575 13000.0
640920.2916 3626321.531825 13000.0
640630.1723000001 3626728.755075 13000.0
640340.0530000001 3627135.978325 13000.0
640049.9337 3627543.2015750003 13000.0
647475.93155 3616258.054525 13000.0
647185.81225 3616665.2777750003 13000.0
646895.6929499999 3617072.501025 13000.0
646605.57365 3617479.7242750004 13000.0
646315.45435 3617886.947525 13000.0
646025.33505 3618294.170775 13000.0
645735.21575 3618701.3940250003 13000.0
645445.09645 3619108.617275 13000.0
645154.97715 3619515.8405250004 13000.0
644864.85785 3619923.063775 13000.0
644574.73855 3620330.2870250004 13000.0
644284.61925 3620737.5102750002 13000.0
643994.49995 3621144.733525 13000.0
643704.38065 3621551.9567750003 13000.0
643414.26135 3621959.180025 13000.0
643124.14205 3622366.4032750004 13000.0
642834.02275 3622773.626525 13000.0
642543.90345 3623180.849775 13000.0
642253.78415 3623588.0730250003 13000.0
641963.66485 3623995.296275 13000.0
641673.54555 3624402.5195250004 13000.0
641383.42625 3624809.742775 13000.0
641093.30695 3625216.9660250004 13000.0
640803.18765 3625624.1892750002 13000.0
640513.06835 3626031.412525 13000.0
640222.94905 3626438.6357750003 13000.0
639932.82975 3626845.859025 13000.0
639642.71045 3627253.0822750004 13000.0
647068.7082999999 3615967.9352249997 13000.0
646778.5889999999 3616375.158475 13000.0
646488.4696999999 3616782.3817249998 13000.0
646198.3504 3617189.604975 13000.0
645908.2311 3617596.828225 13000.0
645618.1118 3618004.0514749996 13000.0
645327.9924999999 3618411.274725 13000.0
645037.8731999999 3618818.4979749997 13000.0
644747.7539 3619225.721225 13000.0
644457.6346 3619632.944475 13000.0
644167.5153 3620040.167725 13000.0
643877.396 3620447.390975 13000.0
643587.2766999999 3620854.6142249997 13000.0
643297.1573999999 3621261.837475 13000.0
643007.0381 3621669.0607249998 13000.0
642716.9188 3622076.283975 13000.0
642426.7995 3622483.507225 13000.0
642136.6802 3622890.7304749996 13000.0
641846.5608999999 3623297.953725 13000.0
641556.4415999999 3623705.1769749997 13000.0
641266.3223 3624112.400225 13000.0
640976.203 3624519.623475 13000.0
640686.0837 3624926.846725 13000.0
640395.9643999999 3625334.069975 13000.0
640105.8450999999 3625741.2932249997 13000.0
639815.7258 3626148.516475 13000.0
639525.6065 3626555.7397249998 13000.0
639235.4872 3626962.962975 13000.0
646661.48505 3615677.815925 13000.0
646371.36575 3616085.039175 13000.0
646081.24645 3616492.262425 13000.0
645791.1271500001 3616899.485675 13000.0
645501.00785 3617306.708925 13000.0
645210.88855 3617713.9321749997 13000.0
644920.76925 3618121.155425 13000.0
644630.64995 3618528.378675 13000.0
644340.5306500001 3618935.601925 13000.0
644050.4113500001 3619342.825175 13000.0
643760.29205 3619750.048425 13000.0
643470.17275 3620157.271675 13000.0
643180.05345 3620564.494925 13000.0
642889.93415 3620971.718175 13000.0
642599.8148500001 3621378.941425 13000.0
642309.6955500001 3621786.164675 13000.0
642019.57625 3622193.387925 13000.0
641729.45695 3622600.6111749997 13000.0
641439.33765 3623007.834425 13000.0
641149.21835 3623415.057675 13000.0
640859.0990500001 3623822.280925 13000.0
640568.97975 3624229.504175 13000.0
640278.86045 3624636.727425 13000.0
639988.74115 3625043.950675 13000.0
639698.62185 3625451.173925 13000.0
639408.5025500001 3625858.397175 13000.0
639118.3832500001 3626265.620425 13000.0
638828.26395 3626672.843675 13000.0
646254.2618 3615387.696625 13000.0
645964.1425 3615794.919875 13000.0
645674.0231999999 3616202.143125 13000.0
645383.9039 3616609.366375 13000.0
645093.7846 3617016.589625 13000.0
644803.6653 3617423.812875 13000.0
644513.546 3617831.036125 13000.0
644223.4267 3618238.259375 13000.0
643933.3074 3618645.482625 13000.0
643643.1881 3619052.705875 13000.0
643353.0688 3619459.9291250003 13000.0
643062.9495 3619867.152375 13000.0
642772.8302 3620274.375625 13000.0
642482.7109 3620681.598875 13000.0
642192.5916 3621088.822125 13000.0
641902.4723 3621496.045375 13000.0
641612.353 3621903.268625 13000.0
641322.2337 3622310.491875 13000.0
641032.1144 3622717.715125 13000.0
640741.9951 3623124.938375 13000.0
640451.8758 3623532.161625 13000.0
640161.7565 3623939.384875 13000.0
639871.6372 3624346.6081250003 13000.0
639581.5179 3624753.831375 13000.0
639291.3986 3625161.054625 13000.0
639001.2793 3625568.277875 13000.0
638711.16 3625975.501125 13000.0
638421.0407 3626382.724375 13000.0
645847.0385499999 3615097.577325 13000.0
645556.9192499999 3615504.8005750002 13000.0
645266.7999499999 3615912.023825 13000.0
644976.68065 3616319.2470750003 13000.0
644686.56135 3616726.470325 13000.0
644396.44205 3617133.693575 13000.0
644106.3227499999 3617540.916825 13000.0
643816.2034499999 3617948.140075 13000.0
643526.08415 3618355.3633250003 13000.0
643235.96485 3618762.586575 13000.0
642945.84555 3619169.8098250004 13000.0
642655.72625 3619577.033075 13000.0
642365.6069499999 3619984.256325 13000.0
642075.4876499999 3620391.4795750002 13000.0
641785.36835 3620798.702825 13000.0
641495.24905 3621205.9260750003 13000.0
641205.12975 3621613.149325 13000.0
640915.01045 3622020.372575 13000.0
640624.8911499999 3622427.595825 13000.0
640334.7718499999 3622834.819075 13000.0
640044.65255 3623242.0423250003 13000.0
639754.53325 3623649.265575 13000.0
639464.41395 3624056.4888250004 13000.0
639174.2946499999 3624463.712075 13000.0
638884.1753499999 3624870.935325 13000.0
638594.05605 3625278.1585750002 13000.0
638303.93675 3625685.381825 13000.0
638013.81745 3626092.6050750003 13000.0
645439.8153 3614807.4580249996 13000.0
645149.696 3615214.681275 13000.0
644859.5767 3615621.9045249997 13000.0
644569.4574000001 3616029.127775 13000.0
644279.3381 3616436.3510249997 13000.0
643989.2188 3616843.5742749996 13000.0
643699.0995 3617250.797525 13000.0
643408.9802 3617658.0207749996 13000.0
643118.8609000001 3618065.244025 13000.0
642828.7416000001 3618472.4672749997 13000.0
642538.6223 3618879.690525 13000.0
642248.503 3619286.913775 13000.0
641958.3837 3619694.1370249996 13000.0
641668.2644 3620101.360275 13000.0
641378.1451000001 3620508.5835249997 13000.0
641088.0258000001 3620915.806775 13000.0
640797.9065 3621323.0300249998 13000.0
640507.7872 3621730.2532749996 13000.0
640217.6679 3622137.476525 13000.0
639927.5486 3622544.6997749996 13000.0
639637.4293000001 3622951.923025 13000.0
639347.31 3623359.1462749997 13000.0
639057.1907 3623766.369525 13000.0
638767.0714 3624173.592775 13000.0
638476.9521 3624580.8160249996 13000.0
638186.8328000001 3624988.039275 13000.0
637896.7135000001 3625395.2625249997 13000.0
637606.5942 3625802.485775 13000.0
645032.59205 3614517.3387249997 13000.0
644742.47275 3614924.561975 13000.0
644452.3534499999 3615331.7852249998 13000.0
644162.23415 3615739.008475 13000.0
643872.11485 3616146.231725 13000.0
643581.99555 3616553.4549749997 13000.0
643291.87625 3616960.678225 13000.0
643001.75695 3617367.9014749997 13000.0
642711.63765 3617775.124725 13000.0
642421.51835 3618182.347975 13000.0
642131.39905 3618589.571225 13000.0
641841.27975 3618996.794475 13000.0
641551.16045 3619404.0177249997 13000.0
641261.04115 3619811.240975 13000.0
640970.92185 3620218.464225 13000.0
640680.80255 3620625.687475 13000.0
640390.68325 3621032.910725 13000.0
640100.56395 3621440.1339749997 13000.0
639810.44465 3621847.357225 13000.0
639520.3253499999 3622254.5804749997 13000.0
639230.20605 3622661.803725 13000.0
638940.08675 3623069.026975 13000.0
638649.96745 3623476.250225 13000.0
638359.84815 3623883.473475 13000.0
638069.72885 3624290.6967249997 13000.0
637779.60955 3624697.919975 13000.0
637489.49025 3625105.143225 13000.0
637199.37095 3625512.366475 13000.0
644625.3687999999 3614227.219425 13000.0
644335.2494999999 3614634.442675 13000.0
644045.1301999999 3615041.665925 13000.0
643755.0109 3615448.889175 13000.0
643464.8916 3615856.112425 13000.0
643174.7723 3616263.3356749997 13000.0
642884.6529999999 3616670.558925 13000.0
642594.5336999999 3617077.782175 13000.0
642304.4144 3617485.005425 13000.0
642014.2951 3617892.228675 13000.0
641724.1758 3618299.451925 13000.0
641434.0565 3618706.675175 13000.0
641143.9371999999 3619113.898425 13000.0
640853.8178999999 3619521.121675 13000.0
640563.6986 3619928.344925 13000.0
640273.5793 3620335.568175 13000.0
639983.46 3620742.791425 13000.0
639693.3407 3621150.0146749998 13000.0
639403.2213999999 3621557.237925 13000.0
639113.1020999999 3621964.461175 13000.0
638822.9828 3622371.684425 13000.0
638532.8635 3622778.907675 13000.0
638242.7442 3623186.130925 13000.0
637952.6248999999 3623593.354175 13000.0
637662.5055999999 3624000.577425 13000.0
637372.3863 3624407.800675 13000.0
637082.267 3624815.023925 13000.0
636792.1477 3625222.247175 13000.0
644218.14555 3613937.100125 13000.0
643928.02625 3614344.323375 13000.0
643637.90695 3614751.546625 13000.0
643347.7876500001 3615158.769875 13000.0
643057.66835 3615565.993125 13000.0
642767.54905 3615973.216375 13000.0
642477.42975 3616380.439625 13000.0
642187.31045 3616787.662875 13000.0
641897.1911500001 3617194.886125 13000.0
641607.0718500001 3617602.109375 13000.0
641316.95255 3618009.3326250003 13000.0
641026.83325 3618416.555875 13000.0
640736.71395 3618823.779125 13000.0
640446.59465 3619231.002375 13000.0
640156.4753500001 3619638.225625 13000.0
639866.3560500001 3620045.4488750002 13000.0
639576.23675 3620452.672125 13000.0
639286.11745 3620859.895375 13000.0
638995.99815 3621267.118625 13000.0
638705.87885 3621674.341875 13000.0
638415.7595500001 3622081.565125 13000.0
638125.64025 3622488.788375 13000.0
637835.52095 3622896.0116250003 13000.0
637545.40165 3623303.234875 13000.0
637255.28235 3623710.458125 13000.0
636965.1630500001 3624117.681375 13000.0
636675.0437500001 3624524.904625 13000.0
636384.92445 3624932.1278750002 13000.0
643810.9223 3613646.980825 13000.0
643520.803 3614054.2040750002 13000.0
643230.6836999999 3614461.427325 13000.0
642940.5644 3614868.6505750003 13000.0
642650.4451 3615275.873825 13000.0
642360.3258 3615683.097075 13000.0
642070.2065 3616090.320325 13000.0
641780.0872 3616497.543575 13000.0
641489.9679 3616904.7668250003 13000.0
641199.8486 3617311.990075 13000.0
640909.7293 3617719.2133250004 13000.0
640619.61 3618126.436575 13000.0
640329.4907 3618533.659825 13000.0
640039.3714 3618940.8830750003 13000.0
639749.2521 3619348.106325 13000.0
639459.1328 3619755.3295750003 13000.0
639169.0135 3620162.552825 13000.0
638878.8942 3620569.776075 13000.0
638588.7749 3620976.999325 13000.0
638298.6555999999 3621384.222575 13000.0
638008.5363 3621791.4458250003 13000.0
637718.417 3622198.669075 13000.0
637428.2977 3622605.8923250004 13000.0
637138.1784 3623013.115575 13000.0
636848.0591 3623420.338825 13000.0
636557.9398 3623827.5620750003 13000.0
636267.8205 3624234.785325 13000.0
635977.7012 3624642.0085750003 13000.0
643403.6990499999 3613356.8615249996 13000.0
643113.5797499999 3613764.084775 13000.0
642823.4604499999 3614171.3080249997 13000.0
642533.34115 3614578.531275 13000.0
642243.22185 3614985.7545249998 13000.0
641953.10255 3615392.9777749996 13000.0
641662.9832499999 3615800.201025 13000.0
641372.8639499999 3616207.4242749996 13000.0
641082.74465 3616614.647525 13000.0
640792.62535 3617021.8707749997 13000.0
640502.50605 3617429.094025 13000.0
640212.38675 3617836.317275 13000.0
639922.2674499999 3618243.5405249996 13000.0
639632.1481499999 3618650.763775 13000.0
639342.02885 3619057.9870249997 13000.0
639051.90955 3619465.210275 13000.0
638761.79025 3619872.433525 13000.0
638471.6709499999 3620279.6567749996 13000.0
638181.5516499999 3620686.880025 13000.0
637891.4323499999 3621094.1032749997 13000.0
637601.31305 3621501.326525 13000.0
637311.19375 3621908.5497749997 13000.0
637021.07445 3622315.773025 13000.0
636730.9551499999 3622722.996275 13000.0
636440.8358499999 3623130.2195249996 13000.0
636150.71655 3623537.442775 13000.0
635860.59725 3623944.6660249997 13000.0
635570.47795 3624351.889275 13000.0
642996.4758 3613066.7422249997 13000.0
642706.3565 3613473.965475 13000.0
642416.2372 3613881.188725 13000.0
642126.1179000001 3614288.411975 13000.0
641835.9986 3614695.635225 13000.0
641545.8793 3615102.8584749997 13000.0
641255.76 3615510.081725 13000.0
640965.6407 3615917.3049749997 13000.0
640675.5214000001 3616324.528225 13000.0
640385.4021000001 3616731.751475 13000.0
640095.2828 3617138.974725 13000.0
639805.1635 3617546.197975 13000.0
639515.0442 3617953.4212249997 13000.0
639224.9249 3618360.644475 13000.0
638934.8056000001 3618767.867725 13000.0
638644.6863000001 3619175.090975 13000.0
638354.567 3619582.314225 13000.0
638064.4477 3619989.5374749997 13000.0
637774.3284 3620396.760725 13000.0
637484.2091 3620803.9839749997 13000.0
637194.0898000001 3621211.207225 13000.0
636903.9705 3621618.430475 13000.0
636613.8512 3622025.653725 13000.0
636323.7319 3622432.876975 13000.0
636033.6126 3622840.1002249997 13000.0
635743.4933000001 3623247.323475 13000.0
635453.3740000001 3623654.546725 13000.0
635163.2547 3624061.769975 13000.0
642589.25255 3612776.622925 13000.0
642299.13325 3613183.846175 13000.0
642009.0139499999 3613591.069425 13000.0
641718.89465 3613998.292675 13000.0
641428.77535 3614405.515925 13000.0
641138.65605 3614812.7391749998 13000.0
640848.53675 3615219.962425 13000.0
640558.41745 3615627.185675 13000.0
640268.29815 3616034.408925 13000.0
639978.17885 3616441.632175 13000.0
639688.05955 3616848.855425 13000.0
639397.94025 3617256.078675 13000.0
639107.82095 3617663.301925 13000.0
638817.70165 3618070.525175 13000.0
638527.58235 3618477.748425 13000.0
638237.46305 3618884.971675 13000.0
637947.34375 3619292.194925 13000.0
637657.22445 3619699.4181749998 13000.0
637367.10515 3620106.641425 13000.0
637076.9858499999 3620513.864675 13000.0
636786.86655 3620921.087925 13000.0
636496.74725 3621328.311175 13000.0
636206.62795 3621735.534425 13000.0
635916.50865 3622142.757675 13000.0
635626.38935 3622549.980925 13000.0
635336.27005 3622957.204175 13000.0
635046.15075 3623364.427425 13000.0
634756.03145 3623771.650675 13000.0
642182.0292999999 3612486.503625 13000.0
641891.9099999999 3612893.726875 13000.0
641601.7906999999 3613300.950125 13000.0
641311.6714 3613708.1733750002 13000.0
641021.5521 3614115.396625 13000.0
640731.4328 3614522.619875 13000.0
640441.3134999999 3614929.843125 13000.0
640151.1941999999 3615337.066375 13000.0
639861.0749 3615744.289625 13000.0
639570.9556 3616151.512875 13000.0
639280.8363 3616558.7361250003 13000.0
638990.717 3616965.959375 13000.0
638700.5976999999 3617373.182625 13000.0
638410.4783999999 3617780.405875 13000.0
638120.3591 3618187.629125 13000.0
637830.2398 3618594.8523750002 13000.0
637540.1205 3619002.075625 13000.0
637250.0011999999 3619409.298875 13000.0
636959.8818999999 3619816.522125 13000.0
636669.7625999999 3620223.745375 13000.0
636379.6433 3620630.968625 13000.0
636089.524 3621038.191875 13000.0
635799.4047 3621445.4151250003 13000.0
635509.2853999999 3621852.638375 13000.0
635219.1660999999 3622259.861625 13000.0
634929.0468 3622667.084875 13000.0
634638.9275 3623074.308125 13000.0
634348.8082 3623481.5313750003 13000.0
641774.80605 3612196.384325 13000.0
641484.68675 3612603.6075750003 13000.0
641194.56745 3613010.830825 13000.0
640904.4481500001 3613418.0540750003 13000.0
640614.32885 3613825.277325 13000.0
640324.20955 3614232.500575 13000.0
640034.09025 3614639.723825 13000.0
639743.97095 3615046.947075 13000.0
639453.8516500001 3615454.1703250003 13000.0
639163.7323500001 3615861.393575 13000.0
638873.61305 3616268.6168250004 13000.0
638583.49375 3616675.840075 13000.0
638293.37445 3617083.063325 13000.0
638003.25515 3617490.2865750003 13000.0
637713.1358500001 3617897.509825 13000.0
637423.0165500001 3618304.7330750003 13000.0
637132.89725 3618711.956325 13000.0
636842.77795 3619119.179575 13000.0
636552.65865 3619526.402825 13000.0
636262.53935 3619933.626075 13000.0
635972.4200500001 3620340.8493250003 13000.0
635682.30075 3620748.072575 13000.0
635392.18145 3621155.2958250004 13000.0
635102.06215 3621562.519075 13000.0
634811.94285 3621969.742325 13000.0
634521.8235500001 3622376.9655750003 13000.0
634231.7042500001 3622784.188825 13000.0
633941.58495 3623191.4120750003 13000.0
641367.5828 3611906.2650249996 13000.0
641077.4635 3612313.488275 13000.0
640787.3441999999 3612720.7115249997 13000.0
640497.2249 3613127.934775 13000.0
640207.1056 3613535.158025 13000.0
639916.9863 3613942.3812749996 13000.0
639626.867 3614349.604525 13000.0
639336.7477 3614756.8277749997 13000.0
639046.6284 3615164.051025 13000.0
638756.5091 3615571.2742749997 13000.0
638466.3898 3615978.497525 13000.0
638176.2705 3616385.720775 13000.0
637886.1512 3616792.9440249996 13000.0
637596.0319 3617200.167275 13000.0
637305.9126 3617607.3905249997 13000.0
637015.7933 3618014.613775 13000.0
636725.674 3618421.837025 13000.0
636435.5547 3618829.0602749996 13000.0
636145.4354 3619236.283525 13000.0
635855.3160999999 3619643.5067749997 13000.0
635565.1968 3620050.730025 13000.0
635275.0775 3620457.9532749997 13000.0
634984.9582 3620865.176525 13000.0
634694.8389 3621272.399775 13000.0
634404.7196 3621679.6230249996 13000.0
634114.6003 3622086.846275 13000.0
633824.481 3622494.0695249997 13000.0
633534.3617 3622901.292775 13000.0
652362.61055 3619739.486125 13500.0
652072.49125 3620146.709375 13500.0
651782.37195 3620553.932625 13500.0
651492.25265 3620961.155875 13500.0
651202.13335 3621368.379125 13500.0
650912.01405 3621775.602375 13500.0
650621.89475 3622182.825625 13500.0
650331.77545 3622590.048875 13500.0
650041.65615 3622997.272125 13500.0
649751.53685 3623404.495375 13500.0
649461.41755 3623811.718625 13500.0
649171.29825 3624218.941875 13500.0
648881.17895 3624626.165125 13500.0
648591.05965 3625033.388375 13500.0
648300.94035 3625440.611625 13500.0
648010.82105 3625847.834875 13500.0
647720.70175 3626255.058125 13500.0
647430.58245 3626662.281375 13500.0
647140.46315 3627069.504625 13500.0
646850.34385 3627476.727875 13500.0
646560.22455 3627883.951125 13500.0
646270.10525 3628291.174375 13500.0
645979.98595 3628698.397625 13500.0
645689.86665 3629105.620875 13500.0
645399.74735 3629512.844125 13500.0
645109.62805 3629920.067375 13500.0
644819.50875 3630327.290625 13500.0
644529.38945 3630734.513875 13500.0
651955.3873 3619449.366825 13500.0
651665.2679999999 3619856.590075 13500.0
651375.1486999999 3620263.813325 13500.0
651085.0294 3620671.0365750003 13500.0
650794.9101 3621078.259825 13500.0
650504.7908 3621485.483075 13500.0
650214.6714999999 3621892.706325 13500.0
649924.5521999999 3622299.929575 13500.0
649634.4329 3622707.152825 13500.0
649344.3136 3623114.376075 13500.0
649054.1943 3623521.5993250003 13500.0
648764.075 3623928.822575 13500.0
648473.9556999999 3624336.045825 13500.0
648183.8363999999 3624743.269075 13500.0
647893.7171 3625150.492325 13500.0
647603.5978 3625557.7155750003 13500.0
647313.4785 3625964.938825 13500.0
647023.3592 3626372.162075 13500.0
646733.2398999999 3626779.385325 13500.0
646443.1205999999 3627186.608575 13500.0
646153.0013 3627593.8318250002 13500.0
645862.882 3628001.055075 13500.0
645572.7627 3628408.2783250003 13500.0
645282.6434 3628815.501575 13500.0
644992.5240999999 3629222.724825 13500.0
644702.4048 3629629.948075 13500.0
644412.2855 3630037.171325 13500.0
644122.1662 3630444.3945750003 13500.0
651548.16405 3619159.247525 13500.0
651258.04475 3619566.4707750003 13500.0
650967.92545 3619973.694025 13500.0
650677.8061500001 3620380.9172750004 13500.0
650387.68685 3620788.140525 13500.0
650097.56755 3621195.363775 13500.0
649807.44825 3621602.5870250002 13500.0
649517.32895 3622009.810275 13500.0
649227.2096500001 3622417.0335250003 13500.0
648937.0903500001 3622824.256775 13500.0
648646.97105 3623231.4800250004 13500.0
648356.85175 3623638.703275 13500.0
648066.73245 3624045.926525 13500.0
647776.61315 3624453.1497750003 13500.0
647486.4938500001 3624860.373025 13500.0
647196.3745500001 3625267.5962750004 13500.0
646906.25525 3625674.819525 13500.0
646616.13595 3626082.042775 13500.0
646326.01665 3626489.2660250003 13500.0
646035.89735 3626896.489275 13500.0
645745.7780500001 3627303.7125250003 13500.0
645455.6587500001 3627710.935775 13500.0
645165.53945 3628118.1590250004 13500.0
644875.42015 3628525.382275 13500.0
644585.30085 3628932.605525 13500.0
644295.1815500001 3629339.8287750003 13500.0
644005.0622500001 3629747.052025 13500.0
643714.94295 3630154.2752750004 13500.0
651140.9408 3618869.1282249996 13500.0
650850.8215 3619276.351475 13500.0
650560.7021999999 3619683.5747249997 13500.0
650270.5829 3620090.797975 13500.0
649980.4636 3620498.021225 13500.0
649690.3443 3620905.2444749996 13500.0
649400.225 3621312.467725 13500.0
649110.1057 3621719.6909749997 13500.0
648819.9864 3622126.914225 13500.0
648529.8671 3622534.1374749998 13500.0
648239.7478 3622941.360725 13500.0
647949.6285 3623348.583975 13500.0
647659.5092 3623755.8072249996 13500.0
647369.3899 3624163.030475 13500.0
647079.2706 3624570.2537249997 13500.0
646789.1513 3624977.476975 13500.0
646499.032 3625384.700225 13500.0
646208.9127 3625791.9234749996 13500.0
645918.7934 3626199.146725 13500.0
645628.6741 3626606.3699749997 13500.0
645338.5548 3627013.593225 13500.0
645048.4355 3627420.8164749998 13500.0
644758.3162 3627828.039725 13500.0
644468.1969 3628235.262975 13500.0
644178.0776 3628642.4862249997 13500.0
643887.9583 3629049.709475 13500.0
643597.839 3629456.9327249997 13500.0
643307.7197 3629864.155975 13500.0
650733.71755 3618579.0089249997 13500.0
650443.5982499999 3618986.232175 13500.0
650153.4789499999 3619393.455425 13500.0
649863.35965 3619800.678675 13500.0
649573.24035 3620207.901925 13500.0
649283.12105 3620615.1251749997 13500.0
648993.0017499999 3621022.348425 13500.0
648702.8824499999 3621429.571675 13500.0
648412.76315 3621836.794925 13500.0
648122.64385 3622244.018175 13500.0
647832.52455 3622651.241425 13500.0
647542.40525 3623058.464675 13500.0
647252.2859499999 3623465.6879249997 13500.0
646962.1666499999 3623872.911175 13500.0
646672.04735 3624280.134425 13500.0
646381.92805 3624687.357675 13500.0
646091.80875 3625094.580925 13500.0
645801.68945 3625501.8041749997 13500.0
645511.5701499999 3625909.027425 13500.0
645221.4508499999 3626316.250675 13500.0
644931.33155 3626723.473925 13500.0
644641.21225 3627130.697175 13500.0
644351.09295 3627537.920425 13500.0
644060.9736499999 3627945.143675 13500.0
643770.8543499999 3628352.3669249997 13500.0
643480.73505 3628759.590175 13500.0
643190.61575 3629166.813425 13500.0
642900.49645 3629574.036675 13500.0
650326.4943 3618288.889625 13500.0
650036.375 3618696.112875 13500.0
649746.2557 3619103.336125 13500.0
649456.1364000001 3619510.559375 13500.0
649166.0171 3619917.782625 13500.0
648875.8978 3620325.005875 13500.0
648585.7785 3620732.229125 13500.0
648295.6592 3621139.452375 13500.0
648005.5399000001 3621546.675625 13500.0
647715.4206000001 3621953.898875 13500.0
647425.3013 3622361.122125 13500.0
647135.182 3622768.345375 13500.0
646845.0627 3623175.568625 13500.0
646554.9434 3623582.791875 13500.0
646264.8241000001 3623990.015125 13500.0
645974.7048000001 3624397.238375 13500.0
645684.5855 3624804.461625 13500.0
645394.4662 3625211.684875 13500.0
645104.3469 3625618.908125 13500.0
644814.2276 3626026.131375 13500.0
644524.1083000001 3626433.354625 13500.0
644233.9890000001 3626840.577875 13500.0
643943.8697 3627247.801125 13500.0
643653.7504 3627655.024375 13500.0
643363.6311 3628062.247625 13500.0
643073.5118000001 3628469.470875 13500.0
642783.3925000001 3628876.694125 13500.0
642493.2732 3629283.917375 13500.0
649919.27105 3617998.770325 13500.0
649629.15175 3618405.993575 13500.0
649339.0324499999 3618813.216825 13500.0
649048.91315 3619220.4400750003 13500.0
648758.79385 3619627.663325 13500.0
648468.67455 3620034.886575 13500.0
648178.55525 3620442.109825 13500.0
647888.43595 3620849.333075 13500.0
647598.31665 3621256.5563250002 13500.0
647308.19735 3621663.779575 13500.0
647018.07805 3622071.0028250003 13500.0
646727.95875 3622478.226075 13500.0
646437.83945 3622885.449325 13500.0
646147.72015 3623292.672575 13500.0
645857.60085 3623699.895825 13500.0
645567.48155 3624107.1190750003 13500.0
645277.36225 3624514.342325 13500.0
644987.24295 3624921.565575 13500.0
644697.12365 3625328.788825 13500.0
644407.00435 3625736.012075 13500.0
644116.88505 3626143.2353250002 13500.0
643826.76575 3626550.458575 13500.0
643536.64645 3626957.6818250003 13500.0
643246.52715 3627364.905075 13500.0
642956.40785 3627772.128325 13500.0
642666.28855 3628179.351575 13500.0
642376.16925 3628586.574825 13500.0
642086.04995 3628993.7980750003 13500.0
649512.0478 3617708.651025 13500.0
649221.9284999999 3618115.8742750003 13500.0
648931.8091999999 3618523.097525 13500.0
648641.6899 3618930.3207750004 13500.0
648351.5706 3619337.544025 13500.0
648061.4513 3619744.767275 13500.0
647771.3319999999 3620151.9905250003 13500.0
647481.2126999999 3620559.213775 13500.0
647191.0934 3620966.4370250003 13500.0
646900.9741 3621373.660275 13500.0
646610.8548 3621780.8835250004 13500.0
646320.7355 3622188.106775 13500.0
646030.6161999999 3622595.330025 13500.0
645740.4968999999 3623002.5532750003 13500.0
645450.3776 3623409.776525 13500.0
645160.2583 3623816.9997750004 13500.0
644870.139 3624224.223025 13500.0
644580.0197 3624631.446275 13500.0
644289.9003999999 3625038.6695250003 13500.0
643999.7810999999 3625445.892775 13500.0
643709.6618 3625853.1160250003 13500.0
643419.5425 3626260.339275 13500.0
643129.4232 3626667.5625250004 13500.0
642839.3038999999 3627074.785775 13500.0
642549.1845999999 3627482.009025 13500.0
642259.0653 3627889.2322750003 13500.0
641968.946 3628296.455525 13500.0
641678.8267 3628703.6787750004 13500.0
649104.82455 3617418.5317249997 13500.0
648814.70525 3617825.754975 13500.0
648524.58595 3618232.9782249997 13500.0
648234.4666500001 3618640.201475 13500.0
647944.34735 3619047.424725 13500.0
647654.22805 3619454.6479749996 13500.0
647364.10875 3619861.871225 13500.0
647073.98945 3620269.0944749997 13500.0
646783.8701500001 3620676.317725 13500.0
646493.7508500001 3621083.540975 13500.0
646203.63155 3621490.764225 13500.0
645913.51225 3621897.987475 13500.0
645623.39295 3622305.2107249997 13500.0
645333.27365 3622712.433975 13500.0
645043.1543500001 3623119.6572249997 13500.0
644753.0350500001 3623526.880475 13500.0
644462.91575 3623934.103725 13500.0
644172.79645 3624341.3269749996 13500.0
643882.67715 3624748.550225 13500.0
643592.55785 3625155.7734749997 13500.0
643302.4385500001 3625562.996725 13500.0
643012.3192500001 3625970.219975 13500.0
642722.19995 3626377.443225 13500.0
642432.08065 3626784.666475 13500.0
642141.96135 3627191.8897249997 13500.0
641851.8420500001 3627599.112975 13500.0
641561.7227500001 3628006.3362249997 13500.0
641271.60345 3628413.559475 13500.0
648697.6013 3617128.4124249998 13500.0
648407.482 3617535.635675 13500.0
648117.3626999999 3617942.858925 13500.0
647827.2434 3618350.082175 13500.0
647537.1241 3618757.305425 13500.0
647247.0048 3619164.5286749997 13500.0
646956.8855 3619571.751925 13500.0
646666.7662 3619978.975175 13500.0
646376.6469 3620386.198425 13500.0
646086.5276 3620793.421675 13500.0
645796.4083 3621200.644925 13500.0
645506.289 3621607.868175 13500.0
645216.1697 3622015.0914249998 13500.0
644926.0504 3622422.314675 13500.0
644635.9311 3622829.537925 13500.0
644345.8118 3623236.761175 13500.0
644055.6925 3623643.984425 13500.0
643765.5732 3624051.2076749997 13500.0
643475.4539 3624458.430925 13500.0
643185.3346 3624865.654175 13500.0
642895.2153 3625272.877425 13500.0
642605.096 3625680.100675 13500.0
642314.9767 3626087.323925 13500.0
642024.8574 3626494.547175 13500.0
641734.7381 3626901.7704249998 13500.0
641444.6188 3627308.993675 13500.0
641154.4995 3627716.216925 13500.0
640864.3802 3628123.440175 13500.0
648290.3780499999 3616838.293125 13500.0
648000.2587499999 3617245.516375 13500.0
647710.1394499999 3617652.739625 13500.0
647420.02015 3618059.962875 13500.0
647129.90085 3618467.186125 13500.0
646839.78155 3618874.409375 13500.0
646549.6622499999 3619281.632625 13500.0
646259.5429499999 3619688.855875 13500.0
645969.42365 3620096.079125 13500.0
645679.30435 3620503.302375 13500.0
645389.18505 3620910.5256250002 13500.0
645099.06575 3621317.748875 13500.0
644808.9464499999 3621724.972125 13500.0
644518.8271499999 3622132.195375 13500.0
644228.70785 3622539.418625 13500.0
643938.58855 3622946.641875 13500.0
643648.46925 3623353.865125 13500.0
643358.34995 3623761.088375 13500.0
643068.2306499999 3624168.311625 13500.0
642778.1113499999 3624575.534875 13500.0
642487.99205 3624982.758125 13500.0
642197.87275 3625389.981375 13500.0
641907.75345 3625797.2046250002 13500.0
641617.6341499999 3626204.427875 13500.0
641327.5148499999 3626611.651125 13500.0
641037.39555 3627018.874375 13500.0
640747.27625 3627426.097625 13500.0
640457.15695 3627833.320875 13500.0
647883.1548 3616548.173825 13500.0
647593.0355 3616955.397075 13500.0
647302.9162 3617362.620325 13500.0
647012.7969000001 3617769.8435750003 13500.0
646722.6776 3618177.066825 13500.0
646432.5583 3618584.290075 13500.0
646142.439 3618991.513325 13500.0
645852.3197 3619398.736575 13500.0
645562.2004000001 3619805.9598250003 13500.0
645272.0811000001 3620213.183075 13500.0
644981.9618 3620620.4063250003 13500.0
644691.8425 3621027.629575 13500.0
644401.7232 3621434.852825 13500.0
644111.6039 3621842.076075 13500.0
643821.4846000001 3622249.299325 13500.0
643531.3653000001 3622656.5225750003 13500.0
643241.246 3623063.745825 13500.0
642951.1267 3623470.969075 13500.0
642661.0074 3623878.192325 13500.0
642370.8881 3624285.415575 13500.0
642080.7688000001 3624692.6388250003 13500.0
641790.6495 3625099.862075 13500.0
641500.5302 3625507.0853250003 13500.0
641210.4109 3625914.308575 13500.0
640920.2916 3626321.531825 13500.0
640630.1723000001 3626728.755075 13500.0
640340.0530000001 3627135.978325 13500.0
640049.9337 3627543.2015750003 13500.0
647475.93155 3616258.054525 13500.0
647185.81225 3616665.2777750003 13500.0
646895.6929499999 3617072.501025 13500.0
646605.57365 3617479.7242750004 13500.0
646315.45435 3617886.947525 13500.0
646025.33505 3618294.170775 13500.0
645735.21575 3618701.3940250003 13500.0
645445.09645 3619108.617275 13500.0
645154.97715 3619515.8405250004 13500.0
644864.85785 3619923.063775 13500.0
644574.73855 3620330.2870250004 13500.0
644284.61925 3620737.5102750002 13500.0
643994.49995 3621144.733525 13500.0
643704.38065 3621551.9567750003 13500.0
643414.26135 3621959.180025 13500.0
643124.14205 3622366.4032750004 13500.0
642834.02275 3622773.626525 13500.0
642543.90345 3623180.849775 13500.0
642253.78415 3623588.0730250003 13500.0
641963.66485 3623995.296275 13500.0
641673.54555 3624402.5195250004 13500.0
641383.42625 3624809.742775 13500.0
641093.30695 3625216.9660250004 13500.0
640803.18765 3625624.1892750002 13500.0
640513.06835 3626031.412525 13500.0
640222.94905 3626438.6357750003 13500.0
639932.82975 3626845.859025 13500.0
639642.71045 3627253.0822750004 13500.0
647068.7082999999 3615967.9352249997 13500.0
646778.5889999999 3616375.158475 13500.0
646488.4696999999 3616782.3817249998 13500.0
646198.3504 3617189.604975 13500.0
645908.2311 3617596.828225 13500.0
645618.1118 3618004.0514749996 13500.0
645327.9924999999 3618411.274725 13500.0
645037.8731999999 3618818.4979749997 13500.0
644747.7539 3619225.721225 13500.0
644457.6346 3619632.944475 13500.0
644167.5153 3620040.167725 13500.0
643877.396 3620447.390975 13500.0
643587.2766999999 3620854.6142249997 13500.0
643297.1573999999 3621261.837475 13500.0
643007.0381 3621669.0607249998 13500.0
642716.9188 3622076.283975 13500.0
642426.7995 3622483.507225 13500.0
642136.6802 3622890.7304749996 13500.0
641846.5608999999 3623297.953725 13500.0
641556.4415999999 3623705.1769749997 13500.0
641266.3223 3624112.400225 13500.0
640976.203 3624519.623475 13500.0
640686.0837 3624926.846725 13500.0
640395.9643999999 3625334.069975 13500.0
640105.8450999999 3625741.2932249997 13500.0
639815.7258 3626148.516475 13500.0
639525.6065 3626555.7397249998 13500.0
639235.4872 3626962.962975 13500.0
646661.48505 3615677.815925 13500.0
646371.36575 3616085.039175 13500.0
646081.24645 3616492.262425 13500.0
645791.1271500001 3616899.485675 13500.0
645501.00785 3617306.708925 13500.0
645210.88855 3617713.9321749997 13500.0
644920.76925 3618121.155425 13500.0
644630.64995 3618528.378675 13500.0
644340.5306500001 3618935.601925 13500.0
644050.4113500001 3619342.825175 13500.0
643760.29205 3619750.048425 13500.0
643470.17275 3620157.271675 13500.0
643180.05345 3620564.494925 13500.0
642889.93415 3620971.718175 13500.0
642599.8148500001 3621378.941425 13500.0
642309.6955500001 3621786.164675 13500.0
642019.57625 3622193.387925 13500.0
641729.45695 3622600.6111749997 13500.0
641439.33765 3623007.834425 13500.0
641149.21835 3623415.057675 13500.0
640859.0990500001 3623822.280925 13500.0
640568.97975 3624229.504175 13500.0
640278.86045 3624636.727425 13500.0
639988.74115 3625043.950675 13500.0
639698.62185 3625451.173925 13500.0
639408.5025500001 3625858.397175 13500.0
639118.3832500001 3626265.620425 13500.0
638828.26395 3626672.843675 13500.0
646254.2618 3615387.696625 13500.0
645964.1425 3615794.919875 13500.0
645674.0231999999 3616202.143125 13500.0
645383.9039 3616609.366375 13500.0
645093.7846 3617016.589625 13500.0
644803.6653 3617423.812875 13500.0
644513.546 3617831.036125 13500.0
644223.4267 3618238.259375 13500.0
643933.3074 3618645.482625 13500.0
643643.1881 3619052.705875 13500.0
643353.0688 3619459.9291250003 13500.0
643062.9495 3619867.152375 13500.0
642772.8302 3620274.375625 13500.0
642482.7109 3620681.598875 13500.0
642192.5916 3621088.822125 13500.0
641902.4723 3621496.045375 13500.0
641612.353 3621903.268625 13500.0
641322.2337 3622310.491875 13500.0
641032.1144 3622717.715125 13500.0
640741.9951 3623124.938375 13500.0
640451.8758 3623532.161625 13500.0
640161.7565 3623939.384875 13500.0
639871.6372 3624346.6081250003 13500.0
639581.5179 3624753.831375 13500.0
639291.3986 3625161.054625 13500.0
639001.2793 3625568.277875 13500.0
638711.16 3625975.501125 13500.0
638421.0407 3626382.724375 13500.0
645847.0385499999 3615097.577325 13500.0
645556.9192499999 3615504.8005750002 13500.0
645266.7999499999 3615912.023825 13500.0
644976.68065 3616319.2470750003 13500.0
644686.56135 3616726.470325 13500.0
644396.44205 3617133.693575 13500.0
644106.3227499999 3617540.916825 13500.0
643816.2034499999 3617948.140075 13500.0
643526.08415 3618355.3633250003 13500.0
643235.96485 3618762.586575 13500.0
642945.84555 3619169.8098250004 13500.0
642655.72625 3619577.033075 13500.0
642365.6069499999 3619984.256325 13500.0
642075.4876499999 3620391.4795750002 13500.0
641785.36835 3620798.702825 13500.0
641495.24905 3621205.9260750003 13500.0
641205.12975 3621613.149325 13500.0
640915.01045 3622020.372575 13500.0
640624.8911499999 3622427.595825 13500.0
640334.7718499999 3622834.819075 13500.0
640044.65255 3623242.0423250003 13500.0
639754.53325 3623649.265575 13500.0
639464.41395 3624056.4888250004 13500.0
639174.2946499999 3624463.712075 13500.0
638884.1753499999 3624870.935325 13500.0
638594.05605 3625278.1585750002 13500.0
638303.93675 3625685.381825 13500.0
638013.81745 3626092.6050750003 13500.0
645439.8153 3614807.4580249996 13500.0
645149.696 3615214.681275 13500.0
644859.5767 3615621.9045249997 13500.0
644569.4574000001 3616029.127775 13500.0
644279.3381 3616436.3510249997 13500.0
643989.2188 3616843.5742749996 13500.0
643699.0995 3617250.797525 13500.0
643408.9802 3617658.0207749996 13500.0
643118.8609000001 3618065.244025 13500.0
642828.7416000001 3618472.4672749997 13500.0
642538.6223 3618879.690525 13500.0
642248.503 3619286.913775 13500.0
641958.3837 3619694.1370249996 13500.0
641668.2644 3620101.360275 13500.0
641378.1451000001 3620508.5835249997 13500.0
641088.0258000001 3620915.806775 13500.0
640797.9065 3621323.0300249998 13500.0
640507.7872 3621730.2532749996 13500.0
640217.6679 3622137.476525 13500.0
639927.5486 3622544.6997749996 13500.0
639637.4293000001 3622951.923025 13500.0
639347.31 3623359.1462749997 13500.0
639057.1907 3623766.369525 13500.0
638767.0714 3624173.592775 13500.0
638476.9521 3624580.8160249996 13500.0
638186.8328000001 3624988.039275 13500.0
637896.7135000001 3625395.2625249997 13500.0
637606.5942 3625802.485775 13500.0
645032.59205 3614517.3387249997 13500.0
644742.47275 3614924.561975 13500.0
644452.3534499999 3615331.7852249998 13500.0
644162.23415 3615739.008475 13500.0
643872.11485 3616146.231725 13500.0
643581.99555 3616553.4549749997 13500.0
643291.87625 3616960.678225 13500.0
643001.75695 3617367.9014749997 13500.0
642711.63765 3617775.124725 13500.0
642421.51835 3618182.347975 13500.0
642131.39905 3618589.571225 13500.0
641841.27975 3618996.794475 13500.0
641551.16045 3619404.0177249997 13500.0
641261.04115 3619811.240975 13500.0
640970.92185 3620218.464225 13500.0
640680.80255 3620625.687475 13500.0
640390.68325 3621032.910725 13500.0
640100.56395 3621440.1339749997 13500.0
639810.44465 3621847.357225 13500.0
639520.3253499999 3622254.5804749997 13500.0
639230.20605 3622661.803725 13500.0
638940.08675 3623069.026975 13500.0
638649.96745 3623476.250225 13500.0
638359.84815 3623883.473475 13500.0
638069.72885 3624290.6967249997 13500.0
637779.60955 3624697.919975 13500.0
637489.49025 3625105.143225 13500.0
637199.37095 3625512.366475 13500.0
644625.3687999999 3614227.219425 13500.0
644335.2494999999 3614634.442675 13500.0
644045.1301999999 3615041.665925 13500.0
643755.0109 3615448.889175 13500.0
643464.8916 3615856.112425 13500.0
643174.7723 3616263.3356749997 13500.0
642884.6529999999 3616670.558925 13500.0
642594.5336999999 3617077.782175 13500.0
642304.4144 3617485.005425 13500.0
642014.2951 3617892.228675 13500.0
641724.1758 3618299.451925 13500.0
641434.0565 3618706.675175 13500.0
641143.9371999999 3619113.898425 13500.0
640853.8178999999 3619521.121675 13500.0
640563.6986 3619928.344925 13500.0
640273.5793 3620335.568175 13500.0
639983.46 3620742.791425 13500.0
639693.3407 3621150.0146749998 13500.0
639403.2213999999 3621557.237925 13500.0
639113.1020999999 3621964.461175 13500.0
638822.9828 3622371.684425 13500.0
638532.8635 3622778.907675 13500.0
638242.7442 3623186.130925 13500.0
637952.6248999999 3623593.354175 13500.0
637662.5055999999 3624000.577425 13500.0
637372.3863 3624407.800675 13500.0
637082.267 3624815.023925 13500.0
636792.1477 3625222.247175 13500.0
644218.14555 3613937.100125 13500.0
643928.02625 3614344.323375 13500.0
643637.90695 3614751.546625 13500.0
643347.7876500001 3615158.769875 13500.0
643057.66835 3615565.993125 13500.0
642767.54905 3615973.216375 13500.0
642477.42975 3616380.439625 13500.0
642187.31045 3616787.662875 13500.0
641897.1911500001 3617194.886125 13500.0
641607.0718500001 3617602.109375 13500.0
641316.95255 3618009.3326250003 13500.0
641026.83325 3618416.555875 13500.0
640736.71395 3618823.779125 13500.0
640446.59465 3619231.002375 13500.0
640156.4753500001 3619638.225625 13500.0
639866.3560500001 3620045.4488750002 13500.0
639576.23675 3620452.672125 13500.0
639286.11745 3620859.895375 13500.0
638995.99815 3621267.118625 13500.0
638705.87885 3621674.341875 13500.0
638415.7595500001 3622081.565125 13500.0
638125.64025 3622488.788375 13500.0
637835.52095 3622896.0116250003 13500.0
637545.40165 3623303.234875 13500.0
637255.28235 3623710.458125 13500.0
636965.1630500001 3624117.681375 13500.0
636675.0437500001 3624524.904625 13500.0
636384.92445 3624932.1278750002 13500.0
643810.9223 3613646.980825 13500.0
643520.803 3614054.2040750002 13500.0
643230.6836999999 3614461.427325 13500.0
642940.5644 3614868.6505750003 13500.0
642650.4451 3615275.873825 13500.0
642360.3258 3615683.097075 13500.0
642070.2065 3616090.320325 13500.0
641780.0872 3616497.543575 13500.0
641489.9679 3616904.7668250003 13500.0
641199.8486 3617311.990075 13500.0
640909.7293 3617719.2133250004 13500.0
640619.61 3618126.436575 13500.0
640329.4907 3618533.659825 13500.0
640039.3714 3618940.8830750003 13500.0
639749.2521 3619348.106325 13500.0
639459.1328 3619755.3295750003 13500.0
639169.0135 3620162.552825 13500.0
638878.8942 3620569.776075 13500.0
638588.7749 3620976.999325 13500.0
638298.6555999999 3621384.222575 13500.0
638008.5363 3621791.4458250003 13500.0
637718.417 3622198.669075 13500.0
637428.2977 3622605.8923250004 13500.0
637138.1784 3623013.115575 13500.0
636848.0591 3623420.338825 13500.0
636557.9398 3623827.5620750003 13500.0
636267.8205 3624234.785325 13500.0
635977.7012 3624642.0085750003 13500.0
643403.6990499999 3613356.8615249996 13500.0
643113.5797499999 3613764.084775 13500.0
642823.4604499999 3614171.3080249997 13500.0
642533.34115 3614578.531275 13500.0
642243.22185 3614985.7545249998 13500.0
641953.10255 3615392.9777749996 13500.0
641662.9832499999 3615800.201025 13500.0
641372.8639499999 3616207.4242749996 13500.0
641082.74465 3616614.647525 13500.0
640792.62535 3617021.8707749997 13500.0
640502.50605 3617429.094025 13500.0
640212.38675 3617836.317275 13500.0
639922.2674499999 3618243.5405249996 13500.0
639632.1481499999 3618650.763775 13500.0
639342.02885 3619057.9870249997 13500.0
639051.90955 3619465.210275 13500.0
638761.79025 3619872.433525 13500.0
638471.6709499999 3620279.6567749996 13500.0
638181.5516499999 3620686.880025 13500.0
637891.4323499999 3621094.1032749997 13500.0
637601.31305 3621501.326525 13500.0
637311.19375 3621908.5497749997 13500.0
637021.07445 3622315.773025 13500.0
636730.9551499999 3622722.996275 13500.0
636440.8358499999 3623130.2195249996 13500.0
636150.71655 3623537.442775 13500.0
635860.59725 3623944.6660249997 13500.0
635570.47795 3624351.889275 13500.0
642996.4758 3613066.7422249997 13500.0
642706.3565 3613473.965475 13500.0
642416.2372 3613881.188725 13500.0
642126.1179000001 3614288.411975 13500.0
641835.9986 3614695.635225 13500.0
641545.8793 3615102.8584749997 13500.0
641255.76 3615510.081725 13500.0
640965.6407 3615917.3049749997 13500.0
640675.5214000001 3616324.528225 13500.0
640385.4021000001 3616731.751475 13500.0
640095.2828 3617138.974725 13500.0
639805.1635 3617546.197975 13500.0
639515.0442 3617953.4212249997 13500.0
639224.9249 3618360.644475 13500.0
638934.8056000001 3618767.867725 13500.0
638644.6863000001 3619175.090975 13500.0
638354.567 3619582.314225 13500.0
638064.4477 3619989.5374749997 13500.0
637774.3284 3620396.760725 13500.0
637484.2091 3620803.9839749997 13500.0
637194.0898000001 3621211.207225 13500.0
636903.9705 3621618.430475 13500.0
636613.8512 3622025.653725 13500.0
636323.7319 3622432.876975 13500.0
636033.6126 3622840.1002249997 13500.0
635743.4933000001 3623247.323475 13500.0
635453.3740000001 3623654.546725 13500.0
635163.2547 3624061.769975 13500.0
642589.25255 3612776.622925 13500.0
642299.13325 3613183.846175 13500.0
642009.0139499999 3613591.069425 13500.0
641718.89465 3613998.292675 13500.0
641428.77535 3614405.515925 13500.0
641138.65605 3614812.7391749998 13500.0
640848.53675 3615219.962425 13500.0
640558.41745 3615627.185675 13500.0
640268.29815 3616034.408925 13500.0
639978.17885 3616441.632175 13500.0
639688.05955 3616848.855425 13500.0
639397.94025 3617256.078675 13500.0
639107.82095 3617663.301925 13500.0
638817.70165 3618070.525175 13500.0
638527.58235 3618477.748425 13500.0
638237.46305 3618884.971675 13500.0
637947.34375 3619292.194925 13500.0
637657.22445 3619699.4181749998 13500.0
637367.10515 3620106.641425 13500.0
637076.9858499999 3620513.864675 13500.0
636786.86655 3620921.087925 13500.0
636496.74725 3621328.311175 13500.0
636206.62795 3621735.534425 13500.0
635916.50865 3622142.757675 13500.0
635626.38935 3622549.980925 13500.0
635336.27005 3622957.204175 13500.0
635046.15075 3623364.427425 13500.0
634756.03145 3623771.650675 13500.0
642182.0292999999 3612486.503625 13500.0
641891.9099999999 3612893.726875 13500.0
641601.7906999999 3613300.950125 13500.0
641311.6714 3613708.1733750002 13500.0
641021.5521 3614115.396625 13500.0
640731.4328 3614522.619875 13500.0
640441.3134999999 3614929.843125 13500.0
640151.1941999999 3615337.066375 13500.0
639861.0749 3615744.289625 13500.0
639570.9556 3616151.512875 13500.0
639280.8363 3616558.7361250003 13500.0
638990.717 3616965.959375 13500.0
638700.5976999999 3617373.182625 13500.0
638410.4783999999 3617780.405875 13500.0
638120.3591 3618187.629125 13500.0
637830.2398 3618594.8523750002 13500.0
637540.1205 3619002.075625 13500.0
637250.0011999999 3619409.298875 13500.0
636959.8818999999 3619816.522125 13500.0
636669.7625999999 3620223.745375 13500.0
636379.6433 3620630.968625 13500.0
636089.524 3621038.191875 13500.0
635799.4047 3621445.4151250003 13500.0
635509.2853999999 3621852.638375 13500.0
635219.1660999999 3622259.861625 13500.0
634929.0468 3622667.084875 13500.0
634638.9275 3623074.308125 13500.0
634348.8082 3623481.5313750003 13500.0
641774.80605 3612196.384325 13500.0
641484.68675 3612603.6075750003 13500.0
641194.56745 3613010.830825 13500.0
640904.4481500001 3613418.0540750003 13500.0
640614.32885 3613825.277325 13500.0
640324.20955 3614232.500575 13500.0
640034.09025 3614639.723825 13500.0
639743.97095 3615046.947075 13500.0
639453.8516500001 3615454.1703250003 13500.0
639163.7323500001 3615861.393575 13500.0
638873.61305 3616268.6168250004 13500.0
638583.49375 3616675.840075 13500.0
638293.37445 3617083.063325 13500.0
638003.25515 3617490.2865750003 13500.0
637713.1358500001 3617897.509825 13500.0
637423.0165500001 3618304.7330750003 13500.0
637132.89725 3618711.956325 13500.0
636842.77795 3619119.179575 13500.0
636552.65865 3619526.402825 13500.0
636262.53935 3619933.626075 13500.0
635972.4200500001 3620340.8493250003 13500.0
635682.30075 3620748.072575 13500.0
635392.18145 3621155.2958250004 13500.0
635102.06215 3621562.519075 13500.0
634811.94285 3621969.742325 13500.0
634521.8235500001 3622376.9655750003 13500.0
634231.7042500001 3622784.188825 13500.0
633941.58495 3623191.4120750003 13500.0
641367.5828 3611906.2650249996 13500.0
641077.4635 3612313.488275 13500.0
640787.3441999999 3612720.7115249997 13500.0
640497.2249 3613127.934775 13500.0
640207.1056 3613535.158025 13500.0
639916.9863 3613942.3812749996 13500.0
639626.867 3614349.604525 13500.0
639336.7477 3614756.8277749997 13500.0
639046.6284 3615164.051025 13500.0
638756.5091 3615571.2742749997 13500.0
638466.3898 3615978.497525 13500.0
638176.2705 3616385.720775 13500.0
637886.1512 3616792.9440249996 13500.0
637596.0319 3617200.167275 13500.0
637305.9126 3617607.3905249997 13500.0
637015.7933 3618014.613775 13500.0
636725.674 3618421.837025 13500.0
636435.5547 3618829.0602749996 13500.0
636145.4354 3619236.283525 13500.0
635855.3160999999 3619643.5067749997 13500.0
635565.1968 3620050.730025 13500.0
635275.0775 3620457.9532749997 13500.0
634984.9582 3620865.176525 13500.0
634694.8389 3621272.399775 13500.0
634404.7196 3621679.6230249996 13500.0
634114.6003 3622086.846275 13500.0
633824.481 3622494.0695249997 13500.0
633534.3617 3622901.292775 13500.0
652362.61055 3619739.486125 14000.0
652072.49125 3620146.709375 14000.0
651782.37195 3620553.932625 14000.0
651492.25265 3620961.155875 14000.0
651202.13335 3621368.379125 14000.0
650912.01405 3621775.602375 14000.0
650621.89475 3622182.825625 14000.0
650331.77545 3622590.048875 14000.0
650041.65615 3622997.272125 14000.0
649751.53685 3623404.495375 14000.0
649461.41755 3623811.718625 14000.0
649171.29825 3624218.941875 14000.0
648881.17895 3624626.165125 14000.0
648591.05965 3625033.388375 14000.0
648300.94035 3625440.611625 14000.0
648010.82105 3625847.834875 14000.0
647720.70175 3626255.058125 14000.0
647430.58245 3626662.281375 14000.0
647140.46315 3627069.504625 14000.0
646850.34385 3627476.727875 14000.0
646560.22455 3627883.951125 14000.0
646270.10525 3628291.174375 14000.0
645979.98595 3628698.397625 14000.0
645689.86665 3629105.620875 14000.0
645399.74735 3629512.844125 14000.0
645109.62805 3629920.067375 14000.0
644819.50875 3630327.290625 14000.0
644529.38945 3630734.513875 14000.0
651955.3873 3619449.366825 14000.0
651665.2679999999 3619856.590075 14000.0
651375.1486999999 3620263.813325 14000.0
651085.0294 3620671.0365750003 14000.0
650794.9101 3621078.259825 14000.0
650504.7908 3621485.483075 14000.0
650214.6714999999 3621892.706325 14000.0
649924.5521999999 3622299.929575 14000.0
649634.4329 3622707.152825 14000.0
649344.3136 3623114.376075 14000.0
649054.1943 3623521.5993250003 14000.0
648764.075 3623928.822575 14000.0
648473.9556999999 3624336.045825 14000.0
648183.8363999999 3624743.269075 14000.0
647893.7171 3625150.492325 14000.0
647603.5978 3625557.7155750003 14000.0
647313.4785 3625964.938825 14000.0
647023.3592 3626372.162075 14000.0
646733.2398999999 3626779.385325 14000.0
646443.1205999999 3627186.608575 14000.0
646153.0013 3627593.8318250002 14000.0
645862.882 3628001.055075 14000.0
645572.7627 3628408.2783250003 14000.0
645282.6434 3628815.501575 14000.0
644992.5240999999 3629222.724825 14000.0
644702.4048 3629629.948075 14000.0
644412.2855 3630037.171325 14000.0
644122.1662 3630444.3945750003 14000.0
651548.16405 3619159.247525 14000.0
651258.04475 3619566.4707750003 14000.0
650967.92545 3619973.694025 14000.0
650677.8061500001 3620380.9172750004 14000.0
650387.68685 3620788.140525 14000.0
650097.56755 3621195.363775 14000.0
649807.44825 3621602.5870250002 14000.0
649517.32895 3622009.810275 14000.0
649227.2096500001 3622417.0335250003 14000.0
648937.0903500001 3622824.256775 14000.0
648646.97105 3623231.4800250004 14000.0
648356.85175 3623638.703275 14000.0
648066.73245 3624045.926525 14000.0
647776.61315 3624453.1497750003 14000.0
647486.4938500001 3624860.373025 14000.0
647196.3745500001 3625267.5962750004 14000.0
646906.25525 3625674.819525 14000.0
646616.13595 3626082.042775 14000.0
646326.01665 3626489.2660250003 14000.0
646035.89735 3626896.489275 14000.0
645745.7780500001 3627303.7125250003 14000.0
645455.6587500001 3627710.935775 14000.0
645165.53945 3628118.1590250004 14000.0
644875.42015 3628525.382275 14000.0
644585.30085 3628932.605525 14000.0
644295.1815500001 3629339.8287750003 14000.0
644005.0622500001 3629747.052025 14000.0
643714.94295 3630154.2752750004 14000.0
651140.9408 3618869.1282249996 14000.0
650850.8215 3619276.351475 14000.0
650560.7021999999 3619683.5747249997 14000.0
650270.5829 3620090.797975 14000.0
649980.4636 3620498.021225 14000.0
649690.3443 3620905.2444749996 14000.0
649400.225 3621312.467725 14000.0
649110.1057 3621719.6909749997 14000.0
648819.9864 3622126.914225 14000.0
648529.8671 3622534.1374749998 14000.0
648239.7478 3622941.360725 14000.0
647949.6285 3623348.583975 14000.0
647659.5092 3623755.8072249996 14000.0
647369.3899 3624163.030475 14000.0
647079.2706 3624570.2537249997 14000.0
646789.1513 3624977.476975 14000.0
646499.032 3625384.700225 14000.0
646208.9127 3625791.9234749996 14000.0
645918.7934 3626199.146725 14000.0
645628.6741 3626606.3699749997 14000.0
645338.5548 3627013.593225 14000.0
645048.4355 3627420.8164749998 14000.0
644758.3162 3627828.039725 14000.0
644468.1969 3628235.262975 14000.0
644178.0776 3628642.4862249997 14000.0
643887.9583 3629049.709475 14000.0
643597.839 3629456.9327249997 14000.0
643307.7197 3629864.155975 14000.0
650733.71755 3618579.0089249997 14000.0
650443.5982499999 3618986.232175 14000.0
650153.4789499999 3619393.455425 14000.0
649863.35965 3619800.678675 14000.0
649573.24035 3620207.901925 14000.0
649283.12105 3620615.1251749997 14000.0
648993.0017499999 3621022.348425 14000.0
648702.8824499999 3621429.571675 14000.0
648412.76315 3621836.794925 14000.0
648122.64385 3622244.018175 14000.0
647832.52455 3622651.241425 14000.0
647542.40525 3623058.464675 14000.0
647252.2859499999 3623465.6879249997 14000.0
646962.1666499999 3623872.911175 14000.0
646672.04735 3624280.134425 14000.0
646381.92805 3624687.357675 14000.0
646091.80875 3625094.580925 14000.0
645801.68945 3625501.8041749997 14000.0
645511.5701499999 3625909.027425 14000.0
645221.4508499999 3626316.250675 14000.0
644931.33155 3626723.473925 14000.0
644641.21225 3627130.697175 14000.0
644351.09295 3627537.920425 14000.0
644060.9736499999 3627945.143675 14000.0
643770.8543499999 3628352.3669249997 14000.0
643480.73505 3628759.590175 14000.0
643190.61575 3629166.813425 14000.0
642900.49645 3629574.036675 14000.0
650326.4943 3618288.889625 14000.0
650036.375 3618696.112875 14000.0
649746.2557 3619103.336125 14000.0
649456.1364000001 3619510.559375 14000.0
649166.0171 3619917.782625 14000.0
648875.8978 3620325.005875 14000.0
648585.7785 3620732.229125 14000.0
648295.6592 3621139.452375 14000.0
648005.5399000001 3621546.675625 14000.0
647715.4206000001 3621953.898875 14000.0
647425.3013 3622361.122125 14000.0
647135.182 3622768.345375 14000.0
646845.0627 3623175.568625 14000.0
646554.9434 3623582.791875 14000.0
646264.8241000001 3623990.015125 14000.0
645974.7048000001 3624397.238375 14000.0
645684.5855 3624804.461625 14000.0
645394.4662 3625211.684875 14000.0
645104.3469 3625618.908125 14000.0
644814.2276 3626026.131375 14000.0
644524.1083000001 3626433.354625 14000.0
644233.9890000001 3626840.577875 14000.0
643943.8697 3627247.801125 14000.0
643653.7504 3627655.024375 14000.0
643363.6311 3628062.247625 14000.0
643073.5118000001 3628469.470875 14000.0
642783.3925000001 3628876.694125 14000.0
642493.2732 3629283.917375 14000.0
649919.27105 3617998.770325 14000.0
649629.15175 3618405.993575 14000.0
649339.0324499999 3618813.216825 14000.0
649048.91315 3619220.4400750003 14000.0
648758.79385 3619627.663325 14000.0
648468.67455 3620034.886575 14000.0
648178.55525 3620442.109825 14000.0
647888.43595 3620849.333075 14000.0
647598.31665 3621256.5563250002 14000.0
647308.19735 3621663.779575 14000.0
647018.07805 3622071.0028250003 14000.0
646727.95875 3622478.226075 14000.0
646437.83945 3622885.449325 14000.0
646147.72015 3623292.672575 14000.0
645857.60085 3623699.895825 14000.0
645567.48155 3624107.1190750003 14000.0
645277.36225 3624514.342325 14000.0
644987.24295 3624921.565575 14000.0
644697.12365 3625328.788825 14000.0
644407.00435 3625736.012075 14000.0
644116.88505 3626143.2353250002 14000.0
643826.76575 3626550.458575 14000.0
643536.64645 3626957.6818250003 14000.0
643246.52715 3627364.905075 14000.0
642956.40785 3627772.128325 14000.0
642666.28855 3628179.351575 14000.0
642376.16925 3628586.574825 14000.0
642086.04995 3628993.7980750003 14000.0
649512.0478 3617708.651025 14000.0
649221.9284999999 3618115.8742750003 14000.0
648931.8091999999 3618523.097525 14000.0
648641.6899 3618930.3207750004 14000.0
648351.5706 3619337.544025 14000.0
648061.4513 3619744.767275 14000.0
647771.3319999999 3620151.9905250003 14000.0
647481.2126999999 3620559.213775 14000.0
647191.0934 3620966.4370250003 14000.0
646900.9741 3621373.660275 14000.0
646610.8548 3621780.8835250004 14000.0
646320.7355 3622188.106775 14000.0
646030.6161999999 3622595.330025 14000.0
645740.4968999999 3623002.5532750003 14000.0
645450.3776 3623409.776525 14000.0
645160.2583 3623816.9997750004 14000.0
644870.139 3624224.223025 14000.0
644580.0197 3624631.446275 14000.0
644289.9003999999 3625038.6695250003 14000.0
643999.7810999999 3625445.892775 14000.0
643709.6618 3625853.1160250003 14000.0
643419.5425 3626260.339275 14000.0
643129.4232 3626667.5625250004 14000.0
642839.3038999999 3627074.785775 14000.0
642549.1845999999 3627482.009025 14000.0
642259.0653 3627889.2322750003 14000.0
641968.946 3628296.455525 14000.0
641678.8267 3628703.6787750004 14000.0
649104.82455 3617418.5317249997 14000.0
648814.70525 3617825.754975 14000.0
648524.58595 3618232.9782249997 14000.0
648234.4666500001 3618640.201475 14000.0
647944.34735 3619047.424725 14000.0
647654.22805 3619454.6479749996 14000.0
647364.10875 3619861.871225 14000.0
647073.98945 3620269.0944749997 14000.0
646783.8701500001 3620676.317725 14000.0
646493.7508500001 3621083.540975 14000.0
646203.63155 3621490.764225 14000.0
645913.51225 3621897.987475 14000.0
645623.39295 3622305.2107249997 14000.0
645333.27365 3622712.433975 14000.0
645043.1543500001 3623119.6572249997 14000.0
644753.0350500001 3623526.880475 14000.0
644462.91575 3623934.103725 14000.0
644172.79645 3624341.3269749996 14000.0
643882.67715 3624748.550225 14000.0
643592.55785 3625155.7734749997 14000.0
643302.4385500001 3625562.996725 14000.0
643012.3192500001 3625970.219975 14000.0
642722.19995 3626377.443225 14000.0
642432.08065 3626784.666475 14000.0
642141.96135 3627191.8897249997 14000.0
641851.8420500001 3627599.112975 14000.0
641561.7227500001 3628006.3362249997 14000.0
641271.60345 3628413.559475 14000.0
648697.6013 3617128.4124249998 14000.0
648407.482 3617535.635675 14000.0
648117.3626999999 3617942.858925 14000.0
647827.2434 3618350.082175 14000.0
647537.1241 3618757.305425 14000.0
647247.0048 3619164.5286749997 14000.0
646956.8855 3619571.751925 14000.0
646666.7662 3619978.975175 14000.0
646376.6469 3620386.198425 14000.0
646086.5276 3620793.421675 14000.0
645796.4083 3621200.644925 14000.0
645506.289 3621607.868175 14000.0
645216.1697 3622015.0914249998 14000.0
644926.0504 3622422.314675 14000.0
644635.9311 3622829.537925 14000.0
644345.8118 3623236.761175 14000.0
644055.6925 3623643.984425 14000.0
643765.5732 3624051.2076749997 14000.0
643475.4539 3624458.430925 14000.0
643185.3346 3624865.654175 14000.0
642895.2153 3625272.877425 14000.0
642605.096 3625680.100675 14000.0
642314.9767 3626087.323925 14000.0
642024.8574 3626494.547175 14000.0
641734.7381 3626901.7704249998 14000.0
641444.6188 3627308.993675 14000.0
641154.4995 3627716.216925 14000.0
640864.3802 3628123.440175 14000.0
648290.3780499999 3616838.293125 14000.0
648000.2587499999 3617245.516375 14000.0
647710.1394499999 3617652.739625 14000.0
647420.02015 3618059.962875 14000.0
647129.90085 3618467.186125 14000.0
646839.78155 3618874.409375 14000.0
646549.6622499999 3619281.632625 14000.0
646259.5429499999 3619688.855875 14000.0
645969.42365 3620096.079125 14000.0
645679.30435 3620503.302375 14000.0
645389.18505 3620910.5256250002 14000.0
645099.06575 3621317.748875 14000.0
644808.9464499999 3621724.972125 14000.0
644518.8271499999 3622132.195375 14000.0
644228.70785 3622539.418625 14000.0
643938.58855 3622946.641875 14000.0
643648.46925 3623353.865125 14000.0
643358.34995 3623761.088375 14000.0
643068.2306499999 3624168.311625 14000.0
642778.1113499999 3624575.534875 14000.0
642487.99205 3624982.758125 14000.0
642197.87275 3625389.981375 14000.0
641907.75345 3625797.2046250002 14000.0
641617.6341499999 3626204.427875 14000.0
641327.5148499999 3626611.651125 14000.0
641037.39555 3627018.874375 14000.0
640747.27625 3627426.097625 14000.0
640457.15695 3627833.320875 14000.0
647883.1548 3616548.173825 14000.0
647593.0355 3616955.397075 14000.0
647302.9162 3617362.620325 14000.0
647012.7969000001 3617769.8435750003 14000.0
646722.6776 3618177.066825 14000.0
646432.5583 3618584.290075 14000.0
646142.439 3618991.513325 14000.0
645852.3197 3619398.736575 14000.0
645562.2004000001 3619805.9598250003 14000.0
645272.0811000001 3620213.183075 14000.0
644981.9618 3620620.4063250003 14000.0
644691.8425 3621027.629575 14000.0
644401.7232 3621434.852825 14000.0
644111.6039 3621842.076075 14000.0
643821.4846000001 3622249.299325 14000.0
643531.3653000001 3622656.5225750003 14000.0
643241.246 3623063.745825 14000.0
642951.1267 3623470.969075 14000.0
642661.0074 3623878.192325 14000.0
642370.8881 3624285.415575 14000.0
642080.7688000001 3624692.6388250003 14000.0
641790.6495 3625099.862075 14000.0
641500.5302 3625507.0853250003 14000.0
641210.4109 3625914.308575 14000.0
640920.2916 3626321.531825 14000.0
640630.1723000001 3626728.755075 14000.0
640340.0530000001 3627135.978325 14000.0
640049.9337 3627543.2015750003 14000.0
647475.93155 3616258.054525 14000.0
647185.81225 3616665.2777750003 14000.0
646895.6929499999 3617072.501025 14000.0
646605.57365 3617479.7242750004 14000.0
646315.45435 3617886.947525 14000.0
646025.33505 3618294.170775 14000.0
645735.21575 3618701.3940250003 14000.0
645445.09645 3619108.617275 14000.0
645154.97715 3619515.8405250004 14000.0
644864.85785 3619923.063775 14000.0
644574.73855 3620330.2870250004 14000.0
644284.61925 3620737.5102750002 14000.0
643994.49995 3621144.733525 14000.0
643704.38065 3621551.9567750003 14000.0
643414.26135 3621959.180025 14000.0
643124.14205 3622366.4032750004 14000.0
642834.02275 3622773.626525 14000.0
642543.90345 3623180.849775 14000.0
642253.78415 3623588.0730250003 14000.0
641963.66485 3623995.296275 14000.0
641673.54555 3624402.5195250004 14000.0
641383.42625 3624809.742775 14000.0
641093.30695 3625216.9660250004 14000.0
640803.18765 3625624.1892750002 14000.0
640513.06835 3626031.412525 14000.0
640222.94905 3626438.6357750003 14000.0
639932.82975 3626845.859025 14000.0
639642.71045 3627253.0822750004 14000.0
647068.7082999999 3615967.9352249997 14000.0
646778.5889999999 3616375.158475 14000.0
646488.4696999999 3616782.3817249998 14000.0
646198.3504 3617189.604975 14000.0
645908.2311 3617596.828225 14000.0
645618.1118 3618004.0514749996 14000.0
645327.9924999999 3618411.274725 14000.0
645037.8731999999 3618818.4979749997 14000.0
644747.7539 3619225.721225 14000.0
644457.6346 3619632.944475 14000.0
644167.5153 3620040.167725 14000.0
643877.396 3620447.390975 14000.0
643587.2766999999 3620854.6142249997 14000.0
643297.1573999999 3621261.837475 14000.0
643007.0381 3621669.0607249998 14000.0
642716.9188 3622076.283975 14000.0
642426.7995 3622483.507225 14000.0
642136.6802 3622890.7304749996 14000.0
641846.5608999999 3623297.953725 14000.0
641556.4415999999 3623705.1769749997 14000.0
641266.3223 3624112.400225 14000.0
640976.203 3624519.623475 14000.0
640686.0837 3624926.846725 14000.0
640395.9643999999 3625334.069975 14000.0
640105.8450999999 3625741.2932249997 14000.0
639815.7258 3626148.516475 14000.0
639525.6065 3626555.7397249998 14000.0
639235.4872 3626962.962975 14000.0
646661.48505 3615677.815925 14000.0
646371.36575 3616085.039175 14000.0
646081.24645 3616492.262425 14000.0
645791.1271500001 3616899.485675 14000.0
645501.00785 3617306.708925 14000.0
645210.88855 3617713.9321749997 14000.0
644920.76925 3618121.155425 14000.0
644630.64995 3618528.378675 14000.0
644340.5306500001 3618935.601925 14000.0
644050.4113500001 3619342.825175 14000.0
643760.29205 3619750.048425 14000.0
643470.17275 3620157.271675 14000.0
643180.05345 3620564.494925 14000.0
642889.93415 3620971.718175 14000.0
642599.8148500001 3621378.941425 14000.0
642309.6955500001 3621786.164675 14000.0
642019.57625 3622193.387925 14000.0
641729.45695 3622600.6111749997 14000.0
641439.33765 3623007.834425 14000.0
641149.21835 3623415.057675 14000.0
640859.0990500001 3623822.280925 14000.0
640568.97975 3624229.504175 14000.0
640278.86045 3624636.727425 14000.0
639988.74115 3625043.950675 14000.0
639698.62185 3625451.173925 14000.0
639408.5025500001 3625858.397175 14000.0
639118.3832500001 3626265.620425 14000.0
638828.26395 3626672.843675 14000.0
646254.2618 3615387.696625 14000.0
645964.1425 3615794.919875 14000.0
645674.0231999999 3616202.143125 14000.0
645383.9039 3616609.366375 14000.0
645093.7846 3617016.589625 14000.0
644803.6653 3617423.812875 14000.0
644513.546 3617831.036125 14000.0
644223.4267 3618238.259375 14000.0
643933.3074 3618645.482625 14000.0
643643.1881 3619052.705875 14000.0
643353.0688 3619459.9291250003 14000.0
643062.9495 3619867.152375 14000.0
642772.8302 3620274.375625 14000.0
642482.7109 3620681.598875 14000.0
642192.5916 3621088.822125 14000.0
641902.4723 3621496.045375 14000.0
641612.353 3621903.268625 14000.0
641322.2337 3622310.491875 14000.0
641032.1144 3622717.715125 14000.0
640741.9951 3623124.938375 14000.0
640451.8758 3623532.161625 14000.0
640161.7565 3623939.384875 14000.0
639871.6372 3624346.6081250003 14000.0
639581.5179 3624753.831375 14000.0
639291.3986 3625161.054625 14000.0
639001.2793 3625568.277875 14000.0
638711.16 3625975.501125 14000.0
638421.0407 3626382.724375 14000.0
645847.0385499999 3615097.577325 14000.0
645556.9192499999 3615504.8005750002 14000.0
645266.7999499999 3615912.023825 14000.0
644976.68065 3616319.2470750003 14000.0
644686.56135 3616726.470325 14000.0
644396.44205 3617133.693575 14000.0
644106.3227499999 3617540.916825 14000.0
643816.2034499999 3617948.140075 14000.0
643526.08415 3618355.3633250003 14000.0
643235.96485 3618762.586575 14000.0
642945.84555 3619169.8098250004 14000.0
642655.72625 3619577.033075 14000.0
642365.6069499999 3619984.256325 14000.0
642075.4876499999 3620391.4795750002 14000.0
641785.36835 3620798.702825 14000.0
641495.24905 3621205.9260750003 14000.0
641205.12975 3621613.149325 14000.0
640915.01045 3622020.372575 14000.0
640624.8911499999 3622427.595825 14000.0
640334.7718499999 3622834.819075 14000.0
640044.65255 3623242.0423250003 14000.0
639754.53325 3623649.265575 14000.0
639464.41395 3624056.4888250004 14000.0
639174.2946499999 3624463.712075 14000.0
638884.1753499999 3624870.935325 14000.0
638594.05605 3625278.1585750002 14000.0
638303.93675 3625685.381825 14000.0
638013.81745 3626092.6050750003 14000.0
645439.8153 3614807.4580249996 14000.0
645149.696 3615214.681275 14000.0
644859.5767 3615621.9045249997 14000.0
644569.4574000001 3616029.127775 14000.0
644279.3381 3616436.3510249997 14000.0
643989.2188 3616843.5742749996 14000.0
643699.0995 3617250.797525 14000.0
643408.9802 3617658.0207749996 14000.0
643118.8609000001 3618065.244025 14000.0
642828.7416000001 3618472.4672749997 14000.0
642538.6223 3618879.690525 14000.0
642248.503 3619286.913775 14000.0
641958.3837 3619694.1370249996 14000.0
641668.2644 3620101.360275 14000.0
641378.1451000001 3620508.5835249997 14000.0
641088.0258000001 3620915.806775 14000.0
640797.9065 3621323.0300249998 14000.0
640507.7872 3621730.2532749996 14000.0
640217.6679 3622137.476525 14000.0
639927.5486 3622544.6997749996 14000.0
639637.4293000001 3622951.923025 14000.0
639347.31 3623359.1462749997 14000.0
639057.1907 3623766.369525 14000.0
638767.0714 3624173.592775 14000.0
638476.9521 3624580.8160249996 14000.0
638186.8328000001 3624988.039275 14000.0
637896.7135000001 3625395.2625249997 14000.0
637606.5942 3625802.485775 14000.0
645032.59205 3614517.3387249997 14000.0
644742.47275 3614924.561975 14000.0
644452.3534499999 3615331.7852249998 14000.0
644162.23415 3615739.008475 14000.0
643872.11485 3616146.231725 14000.0
643581.99555 3616553.4549749997 14000.0
643291.87625 3616960.678225 14000.0
643001.75695 3617367.9014749997 14000.0
642711.63765 3617775.124725 14000.0
642421.51835 3618182.347975 14000.0
642131.39905 3618589.571225 14000.0
641841.27975 3618996.794475 14000.0
641551.16045 3619404.0177249997 14000.0
641261.04115 3619811.240975 14000.0
640970.92185 3620218.464225 14000.0
640680.80255 3620625.687475 14000.0
640390.68325 3621032.910725 14000.0
640100.56395 3621440.1339749997 14000.0
639810.44465 3621847.357225 14000.0
639520.3253499999 3622254.5804749997 14000.0
639230.20605 3622661.803725 14000.0
638940.08675 3623069.026975 14000.0
638649.96745 3623476.250225 14000.0
638359.84815 3623883.473475 14000.0
638069.72885 3624290.6967249997 14000.0
637779.60955 3624697.919975 14000.0
637489.49025 3625105.143225 14000.0
637199.37095 3625512.366475 14000.0
644625.3687999999 3614227.219425 14000.0
644335.2494999999 3614634.442675 14000.0
644045.1301999999 3615041.665925 14000.0
643755.0109 3615448.889175 14000.0
643464.8916 3615856.112425 14000.0
643174.7723 3616263.3356749997 14000.0
642884.6529999999 3616670.558925 14000.0
642594.5336999999 3617077.782175 14000.0
642304.4144 3617485.005425 14000.0
642014.2951 3617892.228675 14000.0
641724.1758 3618299.451925 14000.0
641434.0565 3618706.675175 14000.0
641143.9371999999 3619113.898425 14000.0
640853.8178999999 3619521.121675 14000.0
640563.6986 3619928.344925 14000.0
640273.5793 3620335.568175 14000.0
639983.46 3620742.791425 14000.0
639693.3407 3621150.0146749998 14000.0
639403.2213999999 3621557.237925 14000.0
639113.1020999999 3621964.461175 14000.0
638822.9828 3622371.684425 14000.0
638532.8635 3622778.907675 14000.0
638242.7442 3623186.130925 14000.0
637952.6248999999 3623593.354175 14000.0
637662.5055999999 3624000.577425 14000.0
637372.3863 3624407.800675 14000.0
637082.267 3624815.023925 14000.0
636792.1477 3625222.247175 14000.0
644218.14555 3613937.100125 14000.0
643928.02625 3614344.323375 14000.0
643637.90695 3614751.546625 14000.0
643347.7876500001 3615158.769875 14000.0
643057.66835 3615565.993125 14000.0
642767.54905 3615973.216375 14000.0
642477.42975 3616380.439625 14000.0
642187.31045 3616787.662875 14000.0
641897.1911500001 3617194.886125 14000.0
641607.0718500001 3617602.109375 14000.0
641316.95255 3618009.3326250003 14000.0
641026.83325 3618416.555875 14000.0
640736.71395 3618823.779125 14000.0
640446.59465 3619231.002375 14000.0
640156.4753500001 3619638.225625 14000.0
639866.3560500001 3620045.4488750002 14000.0
639576.23675 3620452.672125 14000.0
639286.11745 3620859.895375 14000.0
638995.99815 3621267.118625 14000.0
638705.87885 3621674.341875 14000.0
638415.7595500001 3622081.565125 14000.0
638125.64025 3622488.788375 14000.0
637835.52095 3622896.0116250003 14000.0
637545.40165 3623303.234875 14000.0
637255.28235 3623710.458125 14000.0
636965.1630500001 3624117.681375 14000.0
636675.0437500001 3624524.904625 14000.0
636384.92445 3624932.1278750002 14000.0
643810.9223 3613646.980825 14000.0
643520.803 3614054.2040750002 14000.0
643230.6836999999 3614461.427325 14000.0
642940.5644 3614868.6505750003 14000.0
642650.4451 3615275.873825 14000.0
642360.3258 3615683.097075 14000.0
642070.2065 3616090.320325 14000.0
641780.0872 3616497.543575 14000.0
641489.9679 3616904.7668250003 14000.0
641199.8486 3617311.990075 14000.0
640909.7293 3617719.2133250004 14000.0
640619.61 3618126.436575 14000.0
640329.4907 3618533.659825 14000.0
640039.3714 3618940.8830750003 14000.0
639749.2521 3619348.106325 14000.0
639459.1328 3619755.3295750003 14000.0
639169.0135 3620162.552825 14000.0
638878.8942 3620569.776075 14000.0
638588.7749 3620976.999325 14000.0
638298.6555999999 3621384.222575 14000.0
638008.5363 3621791.4458250003 14000.0
637718.417 3622198.669075 14000.0
637428.2977 3622605.8923250004 14000.0
637138.1784 3623013.115575 14000.0
636848.0591 3623420.338825 14000.0
636557.9398 3623827.5620750003 14000.0
636267.8205 3624234.785325 14000.0
635977.7012 3624642.0085750003 14000.0
643403.6990499999 3613356.8615249996 14000.0
643113.5797499999 3613764.084775 14000.0
642823.4604499999 3614171.3080249997 14000.0
642533.34115 3614578.531275 14000.0
642243.22185 3614985.7545249998 14000.0
641953.10255 3615392.9777749996 14000.0
641662.9832499999 3615800.201025 14000.0
641372.8639499999 3616207.4242749996 14000.0
641082.74465 3616614.647525 14000.0
640792.62535 3617021.8707749997 14000.0
640502.50605 3617429.094025 14000.0
640212.38675 3617836.317275 14000.0
639922.2674499999 3618243.5405249996 14000.0
639632.1481499999 3618650.763775 14000.0
639342.02885 3619057.9870249997 14000.0
639051.90955 3619465.210275 14000.0
638761.79025 3619872.433525 14000.0
638471.6709499999 3620279.6567749996 14000.0
638181.5516499999 3620686.880025 14000.0
637891.4323499999 3621094.1032749997 14000.0
637601.31305 3621501.326525 14000.0
637311.19375 3621908.5497749997 14000.0
637021.07445 3622315.773025 14000.0
636730.9551499999 3622722.996275 14000.0
636440.8358499999 3623130.2195249996 14000.0
636150.71655 3623537.442775 14000.0
635860.59725 3623944.6660249997 14000.0
635570.47795 3624351.889275 14000.0
642996.4758 3613066.7422249997 14000.0
642706.3565 3613473.965475 14000.0
642416.2372 3613881.188725 14000.0
642126.1179000001 3614288.411975 14000.0
641835.9986 3614695.635225 14000.0
641545.8793 3615102.8584749997 14000.0
641255.76 3615510.081725 14000.0
640965.6407 3615917.3049749997 14000.0
640675.5214000001 3616324.528225 14000.0
640385.4021000001 3616731.751475 14000.0
640095.2828 3617138.974725 14000.0
639805.1635 3617546.197975 14000.0
639515.0442 3617953.4212249997 14000.0
639224.9249 3618360.644475 14000.0
638934.8056000001 3618767.867725 14000.0
638644.6863000001 3619175.090975 14000.0
638354.567 3619582.314225 14000.0
638064.4477 3619989.5374749997 14000.0
637774.3284 3620396.760725 14000.0
637484.2091 3620803.9839749997 14000.0
637194.0898000001 3621211.207225 14000.0
636903.9705 3621618.430475 14000.0
636613.8512 3622025.653725 14000.0
636323.7319 3622432.876975 14000.0
636033.6126 3622840.1002249997 14000.0
635743.4933000001 3623247.323475 14000.0
635453.3740000001 3623654.546725 14000.0
635163.2547 3624061.769975 14000.0
642589.25255 3612776.622925 14000.0
642299.13325 3613183.846175 14000.0
642009.0139499999 3613591.069425 14000.0
641718.89465 3613998.292675 14000.0
641428.77535 3614405.515925 14000.0
641138.65605 3614812.7391749998 14000.0
640848.53675 3615219.962425 14000.0
640558.41745 3615627.185675 14000.0
640268.29815 3616034.408925 14000.0
639978.17885 3616441.632175 14000.0
639688.05955 3616848.855425 14000.0
639397.94025 3617256.078675 14000.0
639107.82095 3617663.301925 14000.0
638817.70165 3618070.525175 14000.0
638527.58235 3618477.748425 14000.0
638237.46305 3618884.971675 14000.0
637947.34375 3619292.194925 14000.0
637657.22445 3619699.4181749998 14000.0
637367.10515 3620106.641425 14000.0
637076.9858499999 3620513.864675 14000.0
636786.86655 3620921.087925 14000.0
636496.74725 3621328.311175 14000.0
636206.62795 3621735.534425 14000.0
635916.50865 3622142.757675 14000.0
635626.38935 3622549.980925 14000.0
635336.27005 3622957.204175 14000.0
635046.15075 3623364.427425 14000.0
634756.03145 3623771.650675 14000.0
642182.0292999999 3612486.503625 14000.0
641891.9099999999 3612893.726875 14000.0
641601.7906999999 3613300.950125 14000.0
641311.6714 3613708.1733750002 14000.0
641021.5521 3614115.396625 14000.0
640731.4328 3614522.619875 14000.0
640441.3134999999 3614929.843125 14000.0
640151.1941999999 3615337.066375 14000.0
639861.0749 3615744.289625 14000.0
639570.9556 3616151.512875 14000.0
639280.8363 3616558.7361250003 14000.0
638990.717 3616965.959375 14000.0
638700.5976999999 3617373.182625 14000.0
638410.4783999999 3617780.405875 14000.0
638120.3591 3618187.629125 14000.0
637830.2398 3618594.8523750002 14000.0
637540.1205 3619002.075625 14000.0
637250.0011999999 3619409.298875 14000.0
636959.8818999999 3619816.522125 14000.0
636669.7625999999 3620223.745375 14000.0
636379.6433 3620630.968625 14000.0
636089.524 3621038.191875 14000.0
635799.4047 3621445.4151250003 14000.0
635509.2853999999 3621852.638375 14000.0
635219.1660999999 3622259.861625 14000.0
634929.0468 3622667.084875 14000.0
634638.9275 3623074.308125 14000.0
634348.8082 3623481.5313750003 14000.0
641774.80605 3612196.384325 14000.0
641484.68675 3612603.6075750003 14000.0
641194.56745 3613010.830825 14000.0
640904.4481500001 3613418.0540750003 14000.0
640614.32885 3613825.277325 14000.0
640324.20955 3614232.500575 14000.0
640034.09025 3614639.723825 14000.0
639743.97095 3615046.947075 14000.0
639453.8516500001 3615454.1703250003 14000.0
639163.7323500001 3615861.393575 14000.0
638873.61305 3616268.6168250004 14000.0
638583.49375 3616675.840075 14000.0
638293.37445 3617083.063325 14000.0
638003.25515 3617490.2865750003 14000.0
637713.1358500001 3617897.509825 14000.0
637423.0165500001 3618304.7330750003 14000.0
637132.89725 3618711.956325 14000.0
636842.77795 3619119.179575 14000.0
636552.65865 3619526.402825 14000.0
636262.53935 3619933.626075 14000.0
635972.4200500001 3620340.8493250003 14000.0
635682.30075 3620748.072575 14000.0
635392.18145 3621155.2958250004 14000.0
635102.06215 3621562.519075 14000.0
634811.94285 3621969.742325 14000.0
634521.8235500001 3622376.9655750003 14000.0
634231.7042500001 3622784.188825 14000.0
633941.58495 3623191.4120750003 14000.0
641367.5828 3611906.2650249996 14000.0
641077.4635 3612313.488275 14000.0
640787.3441999999 3612720.7115249997 14000.0
640497.2249 3613127.934775 14000.0
640207.1056 3613535.158025 14000.0
639916.9863 3613942.3812749996 14000.0
639626.867 3614349.604525 14000.0
639336.7477 3614756.8277749997 14000.0
639046.6284 3615164.051025 14000.0
638756.5091 3615571.2742749997 14000.0
638466.3898 3615978.497525 14000.0
638176.2705 3616385.720775 14000.0
637886.1512 3616792.9440249996 14000.0
637596.0319 3617200.167275 14000.0
637305.9126 3617607.3905249997 14000.0
637015.7933 3618014.613775 14000.0
636725.674 3618421.837025 14000.0
636435.5547 3618829.0602749996 14000.0
636145.4354 3619236.283525 14000.0
635855.3160999999 3619643.5067749997 14000.0
635565.1968 3620050.730025 14000.0
635275.0775 3620457.9532749997 14000.0
634984.9582 3620865.176525 14000.0
634694.8389 3621272.399775 14000.0
634404.7196 3621679.6230249996 14000.0
634114.6003 3622086.846275 14000.0
633824.481 3622494.0695249997 14000.0
633534.3617 3622901.292775 14000.0
652362.61055 3619739.486125 14500.0
652072.49125 3620146.709375 14500.0
651782.37195 3620553.932625 14500.0
651492.25265 3620961.155875 14500.0
651202.13335 3621368.379125 14500.0
650912.01405 3621775.602375 14500.0
650621.89475 3622182.825625 14500.0
650331.77545 3622590.048875 14500.0
650041.65615 3622997.272125 14500.0
649751.53685 3623404.495375 14500.0
649461.41755 3623811.718625 14500.0
649171.29825 3624218.941875 14500.0
648881.17895 3624626.165125 14500.0
648591.05965 3625033.388375 14500.0
648300.94035 3625440.611625 14500.0
648010.82105 3625847.834875 14500.0
647720.70175 3626255.058125 14500.0
647430.58245 3626662.281375 14500.0
647140.46315 3627069.504625 14500.0
646850.34385 3627476.727875 14500.0
646560.22455 3627883.951125 14500.0
646270.10525 3628291.174375 14500.0
645979.98595 3628698.397625 14500.0
645689.86665 3629105.620875 14500.0
645399.74735 3629512.844125 14500.0
645109.62805 3629920.067375 14500.0
644819.50875 3630327.290625 14500.0
644529.38945 3630734.513875 14500.0
651955.3873 3619449.366825 14500.0
651665.2679999999 3619856.590075 14500.0
651375.1486999999 3620263.813325 14500.0
651085.0294 3620671.0365750003 14500.0
650794.9101 3621078.259825 14500.0
650504.7908 3621485.483075 14500.0
650214.6714999999 3621892.706325 14500.0
649924.5521999999 3622299.929575 14500.0
649634.4329 3622707.152825 14500.0
649344.3136 3623114.376075 14500.0
649054.1943 3623521.5993250003 14500.0
648764.075 3623928.822575 14500.0
648473.9556999999 3624336.045825 14500.0
648183.8363999999 3624743.269075 14500.0
647893.7171 3625150.492325 14500.0
647603.5978 3625557.7155750003 14500.0
647313.4785 3625964.938825 14500.0
647023.3592 3626372.162075 14500.0
646733.2398999999 3626779.385325 14500.0
646443.1205999999 3627186.608575 14500.0
646153.0013 3627593.8318250002 14500.0
645862.882 3628001.055075 14500.0
645572.7627 3628408.2783250003 14500.0
645282.6434 3628815.501575 14500.0
644992.5240999999 3629222.724825 14500.0
644702.4048 3629629.948075 14500.0
644412.2855 3630037.171325 14500.0
644122.1662 3630444.3945750003 14500.0
651548.16405 3619159.247525 14500.0
651258.04475 3619566.4707750003 14500.0
650967.92545 3619973.694025 14500.0
650677.8061500001 3620380.9172750004 14500.0
650387.68685 3620788.140525 14500.0
650097.56755 3621195.363775 14500.0
649807.44825 3621602.5870250002 14500.0
649517.32895 3622009.810275 14500.0
649227.2096500001 3622417.0335250003 14500.0
648937.0903500001 3622824.256775 14500.0
648646.97105 3623231.4800250004 14500.0
648356.85175 3623638.703275 14500.0
648066.73245 3624045.926525 14500.0
647776.61315 3624453.1497750003 14500.0
647486.4938500001 3624860.373025 14500.0
647196.3745500001 3625267.5962750004 14500.0
646906.25525 3625674.819525 14500.0
646616.13595 3626082.042775 14500.0
646326.01665 3626489.2660250003 14500.0
646035.89735 3626896.489275 14500.0
645745.7780500001 3627303.7125250003 14500.0
645455.6587500001 3627710.935775 14500.0
645165.53945 3628118.1590250004 14500.0
644875.42015 3628525.382275 14500.0
644585.30085 3628932.605525 14500.0
644295.1815500001 3629339.8287750003 14500.0
644005.0622500001 3629747.052025 14500.0
643714.94295 3630154.2752750004 14500.0
651140.9408 3618869.1282249996 14500.0
650850.8215 3619276.351475 14500.0
650560.7021999999 3619683.5747249997 14500.0
650270.5829 3620090.797975 14500.0
649980.4636 3620498.021225 14500.0
649690.3443 3620905.2444749996 14500.0
649400.225 3621312.467725 14500.0
649110.1057 3621719.6909749997 14500.0
648819.9864 3622126.914225 14500.0
648529.8671 3622534.1374749998 14500.0
648239.7478 3622941.360725 14500.0
647949.6285 3623348.583975 14500.0
647659.5092 3623755.8072249996 14500.0
647369.3899 3624163.030475 14500.0
647079.2706 3624570.2537249997 14500.0
646789.1513 3624977.476975 14500.0
646499.032 3625384.700225 14500.0
646208.9127 3625791.9234749996 14500.0
645918.7934 3626199.146725 14500.0
645628.6741 3626606.3699749997 14500.0
645338.5548 3627013.593225 14500.0
645048.4355 3627420.8164749998 14500.0
644758.3162 3627828.039725 14500.0
644468.1969 3628235.262975 14500.0
644178.0776 3628642.4862249997 14500.0
643887.9583 3629049.709475 14500.0
643597.839 3629456.9327249997 14500.0
643307.7197 3629864.155975 14500.0
650733.71755 3618579.0089249997 14500.0
650443.5982499999 3618986.232175 14500.0
650153.4789499999 3619393.455425 14500.0
649863.35965 3619800.678675 14500.0
649573.24035 3620207.901925 14500.0
649283.12105 3620615.1251749997 14500.0
648993.0017499999 3621022.348425 14500.0
648702.8824499999 3621429.571675 14500.0
648412.76315 3621836.794925 14500.0
648122.64385 3622244.018175 14500.0
647832.52455 3622651.241425 14500.0
647542.40525 3623058.464675 14500.0
647252.2859499999 3623465.6879249997 14500.0
646962.1666499999 3623872.911175 14500.0
646672.04735 3624280.134425 14500.0
646381.92805 3624687.357675 14500.0
646091.80875 3625094.580925 14500.0
645801.68945 3625501.8041749997 14500.0
645511.5701499999 3625909.027425 14500.0
645221.4508499999 3626316.250675 14500.0
644931.33155 3626723.473925 14500.0
644641.21225 3627130.697175 14500.0
644351.09295 3627537.920425 14500.0
644060.9736499999 3627945.143675 14500.0
643770.8543499999 3628352.3669249997 14500.0
643480.73505 3628759.590175 14500.0
643190.61575 3629166.813425 14500.0
642900.49645 3629574.036675 14500.0
650326.4943 3618288.889625 14500.0
650036.375 3618696.112875 14500.0
649746.2557 3619103.336125 14500.0
649456.1364000001 3619510.559375 14500.0
649166.0171 3619917.782625 14500.0
648875.8978 3620325.005875 14500.0
648585.7785 3620732.229125 14500.0
648295.6592 3621139.452375 14500.0
648005.5399000001 3621546.675625 14500.0
647715.4206000001 3621953.898875 14500.0
647425.3013 3622361.122125 14500.0
647135.182 3622768.345375 14500.0
646845.0627 3623175.568625 14500.0
646554.9434 3623582.791875 14500.0
646264.8241000001 3623990.015125 14500.0
645974.7048000001 3624397.238375 14500.0
645684.5855 3624804.461625 14500.0
645394.4662 3625211.684875 14500.0
645104.3469 3625618.908125 14500.0
644814.2276 3626026.131375 14500.0
644524.1083000001 3626433.354625 14500.0
644233.9890000001 3626840.577875 14500.0
643943.8697 3627247.801125 14500.0
643653.7504 3627655.024375 14500.0
643363.6311 3628062.247625 14500.0
643073.5118000001 3628469.470875 14500.0
642783.3925000001 3628876.694125 14500.0
642493.2732 3629283.917375 14500.0
649919.27105 3617998.770325 14500.0
649629.15175 3618405.993575 14500.0
649339.0324499999 3618813.216825 14500.0
649048.91315 3619220.4400750003 14500.0
648758.79385 3619627.663325 14500.0
648468.67455 3620034.886575 14500.0
648178.55525 3620442.109825 14500.0
647888.43595 3620849.333075 14500.0
647598.31665 3621256.5563250002 14500.0
647308.19735 3621663.779575 14500.0
647018.07805 3622071.0028250003 14500.0
646727.95875 3622478.226075 14500.0
646437.83945 3622885.449325 14500.0
646147.72015 3623292.672575 14500.0
645857.60085 3623699.895825 14500.0
645567.48155 3624107.1190750003 14500.0
645277.36225 3624514.342325 14500.0
644987.24295 3624921.565575 14500.0
644697.12365 3625328.788825 14500.0
644407.00435 3625736.012075 14500.0
644116.88505 3626143.2353250002 14500.0
643826.76575 3626550.458575 14500.0
643536.64645 3626957.6818250003 14500.0
643246.52715 3627364.905075 14500.0
642956.40785 3627772.128325 14500.0
642666.28855 3628179.351575 14500.0
642376.16925 3628586.574825 14500.0
642086.04995 3628993.7980750003 14500.0
649512.0478 3617708.651025 14500.0
649221.9284999999 3618115.8742750003 14500.0
648931.8091999999 3618523.097525 14500.0
648641.6899 3618930.3207750004 14500.0
648351.5706 3619337.544025 14500.0
648061.4513 3619744.767275 14500.0
647771.3319999999 3620151.9905250003 14500.0
647481.2126999999 3620559.213775 14500.0
647191.0934 3620966.4370250003 14500.0
646900.9741 3621373.660275 14500.0
646610.8548 3621780.8835250004 14500.0
646320.7355 3622188.106775 14500.0
646030.6161999999 3622595.330025 14500.0
645740.4968999999 3623002.5532750003 14500.0
645450.3776 3623409.776525 14500.0
645160.2583 3623816.9997750004 14500.0
644870.139 3624224.223025 14500.0
644580.0197 3624631.446275 14500.0
644289.9003999999 3625038.6695250003 14500.0
643999.7810999999 3625445.892775 14500.0
643709.6618 3625853.1160250003 14500.0
643419.5425 3626260.339275 14500.0
643129.4232 3626667.5625250004 14500.0
642839.3038999999 3627074.785775 14500.0
642549.1845999999 3627482.009025 14500.0
642259.0653 3627889.2322750003 14500.0
641968.946 3628296.455525 14500.0
641678.8267 3628703.6787750004 14500.0
649104.82455 3617418.5317249997 14500.0
648814.70525 3617825.754975 14500.0
648524.58595 3618232.9782249997 14500.0
648234.4666500001 3618640.201475 14500.0
647944.34735 3619047.424725 14500.0
647654.22805 3619454.6479749996 14500.0
647364.10875 3619861.871225 14500.0
647073.98945 3620269.0944749997 14500.0
646783.8701500001 3620676.317725 14500.0
646493.7508500001 3621083.540975 14500.0
646203.63155 3621490.764225 14500.0
645913.51225 3621897.987475 14500.0
645623.39295 3622305.2107249997 14500.0
645333.27365 3622712.433975 14500.0
645043.1543500001 3623119.6572249997 14500.0
644753.0350500001 3623526.880475 14500.0
644462.91575 3623934.103725 14500.0
644172.79645 3624341.3269749996 14500.0
643882.67715 3624748.550225 14500.0
643592.55785 3625155.7734749997 14500.0
643302.4385500001 3625562.996725 14500.0
643012.3192500001 3625970.219975 14500.0
642722.19995 3626377.443225 14500.0
642432.08065 3626784.666475 14500.0
642141.96135 3627191.8897249997 14500.0
641851.8420500001 3627599.112975 14500.0
641561.7227500001 3628006.3362249997 14500.0
641271.60345 3628413.559475 14500.0
648697.6013 3617128.4124249998 14500.0
648407.482 3617535.635675 14500.0
648117.3626999999 3617942.858925 14500.0
647827.2434 3618350.082175 14500.0
647537.1241 3618757.305425 14500.0
647247.0048 3619164.5286749997 14500.0
646956.8855 3619571.751925 14500.0
646666.7662 3619978.975175 14500.0
646376.6469 3620386.198425 14500.0
646086.5276 3620793.421675 14500.0
645796.4083 3621200.644925 14500.0
645506.289 3621607.868175 14500.0
645216.1697 3622015.0914249998 14500.0
644926.0504 3622422.314675 14500.0
644635.9311 3622829.537925 14500.0
644345.8118 3623236.761175 14500.0
644055.6925 3623643.984425 14500.0
643765.5732 3624051.2076749997 14500.0
643475.4539 3624458.430925 14500.0
643185.3346 3624865.654175 14500.0
642895.2153 3625272.877425 14500.0
642605.096 3625680.100675 14500.0
642314.9767 3626087.323925 14500.0
642024.8574 3626494.547175 14500.0
641734.7381 3626901.7704249998 14500.0
641444.6188 3627308.993675 14500.0
641154.4995 3627716.216925 14500.0
640864.3802 3628123.440175 14500.0
648290.3780499999 3616838.293125 14500.0
648000.2587499999 3617245.516375 14500.0
647710.1394499999 3617652.739625 14500.0
647420.02015 3618059.962875 14500.0
647129.90085 3618467.186125 14500.0
646839.78155 3618874.409375 14500.0
646549.6622499999 3619281.632625 14500.0
646259.5429499999 3619688.855875 14500.0
645969.42365 3620096.079125 14500.0
645679.30435 3620503.302375 14500.0
645389.18505 3620910.5256250002 14500.0
645099.06575 3621317.748875 14500.0
644808.9464499999 3621724.972125 14500.0
644518.8271499999 3622132.195375 14500.0
644228.70785 3622539.418625 14500.0
643938.58855 3622946.641875 14500.0
643648.46925 3623353.865125 14500.0
643358.34995 3623761.088375 14500.0
643068.2306499999 3624168.311625 14500.0
642778.1113499999 3624575.534875 14500.0
642487.99205 3624982.758125 14500.0
642197.87275 3625389.981375 14500.0
641907.75345 3625797.2046250002 14500.0
641617.6341499999 3626204.427875 14500.0
641327.5148499999 3626611.651125 14500.0
641037.39555 3627018.874375 14500.0
640747.27625 3627426.097625 14500.0
640457.15695 3627833.320875 14500.0
647883.1548 3616548.173825 14500.0
647593.0355 3616955.397075 14500.0
647302.9162 3617362.620325 14500.0
647012.7969000001 3617769.8435750003 14500.0
646722.6776 3618177.066825 14500.0
646432.5583 3618584.290075 14500.0
646142.439 3618991.513325 14500.0
645852.3197 3619398.736575 14500.0
645562.2004000001 3619805.9598250003 14500.0
645272.0811000001 3620213.183075 14500.0
644981.9618 3620620.4063250003 14500.0
644691.8425 3621027.629575 14500.0
644401.7232 3621434.852825 14500.0
644111.6039 3621842.076075 14500.0
643821.4846000001 3622249.299325 14500.0
643531.3653000001 3622656.5225750003 14500.0
643241.246 3623063.745825 14500.0
642951.1267 3623470.969075 14500.0
642661.0074 3623878.192325 14500.0
642370.8881 3624285.415575 14500.0
642080.7688000001 3624692.6388250003 14500.0
641790.6495 3625099.862075 14500.0
641500.5302 3625507.0853250003 14500.0
641210.4109 3625914.308575 14500.0
640920.2916 3626321.531825 14500.0
640630.1723000001 3626728.755075 14500.0
640340.0530000001 3627135.978325 14500.0
640049.9337 3627543.2015750003 14500.0
647475.93155 3616258.054525 14500.0
647185.81225 3616665.2777750003 14500.0
646895.6929499999 3617072.501025 14500.0
646605.57365 3617479.7242750004 14500.0
646315.45435 3617886.947525 14500.0
646025.33505 3618294.170775 14500.0
645735.21575 3618701.3940250003 14500.0
645445.09645 3619108.617275 14500.0
645154.97715 3619515.8405250004 14500.0
644864.85785 3619923.063775 14500.0
644574.73855 3620330.2870250004 14500.0
644284.61925 3620737.5102750002 14500.0
643994.49995 3621144.733525 14500.0
643704.38065 3621551.9567750003 14500.0
643414.26135 3621959.180025 14500.0
643124.14205 3622366.4032750004 14500.0
642834.02275 3622773.626525 14500.0
642543.90345 3623180.849775 14500.0
642253.78415 3623588.0730250003 14500.0
641963.66485 3623995.296275 14500.0
641673.54555 3624402.5195250004 14500.0
641383.42625 3624809.742775 14500.0
641093.30695 3625216.9660250004 14500.0
640803.18765 3625624.1892750002 14500.0
640513.06835 3626031.412525 14500.0
640222.94905 3626438.6357750003 14500.0
639932.82975 3626845.859025 14500.0
639642.71045 3627253.0822750004 14500.0
647068.7082999999 3615967.9352249997 14500.0
646778.5889999999 3616375.158475 14500.0
646488.4696999999 3616782.3817249998 14500.0
646198.3504 3617189.604975 14500.0
645908.2311 3617596.828225 14500.0
645618.1118 3618004.0514749996 14500.0
645327.9924999999 3618411.274725 14500.0
645037.8731999999 3618818.4979749997 14500.0
644747.7539 3619225.721225 14500.0
644457.6346 3619632.944475 14500.0
644167.5153 3620040.167725 14500.0
643877.396 3620447.390975 14500.0
643587.2766999999 3620854.6142249997 14500.0
643297.1573999999 3621261.837475 14500.0
643007.0381 3621669.0607249998 14500.0
642716.9188 3622076.283975 14500.0
642426.7995 3622483.507225 14500.0
642136.6802 3622890.7304749996 14500.0
641846.5608999999 3623297.953725 14500.0
641556.4415999999 3623705.1769749997 14500.0
641266.3223 3624112.400225 14500.0
640976.203 3624519.623475 14500.0
640686.0837 3624926.846725 14500.0
640395.9643999999 3625334.069975 14500.0
640105.8450999999 3625741.2932249997 14500.0
639815.7258 3626148.516475 14500.0
639525.6065 3626555.7397249998 14500.0
639235.4872 3626962.962975 14500.0
646661.48505 3615677.815925 14500.0
646371.36575 3616085.039175 14500.0
646081.24645 3616492.262425 14500.0
645791.1271500001 3616899.485675 14500.0
645501.00785 3617306.708925 14500.0
645210.88855 3617713.9321749997 14500.0
644920.76925 3618121.155425 14500.0
644630.64995 3618528.378675 14500.0
644340.5306500001 3618935.601925 14500.0
644050.4113500001 3619342.825175 14500.0
643760.29205 3619750.048425 14500.0
643470.17275 3620157.271675 14500.0
643180.05345 3620564.494925 14500.0
642889.93415 3620971.718175 14500.0
642599.8148500001 3621378.941425 14500.0
642309.6955500001 3621786.164675 14500.0
642019.57625 3622193.387925 14500.0
641729.45695 3622600.6111749997 14500.0
641439.33765 3623007.834425 14500.0
641149.21835 3623415.057675 14500.0
640859.0990500001 3623822.280925 14500.0
640568.97975 3624229.504175 14500.0
640278.86045 3624636.727425 14500.0
639988.74115 3625043.950675 14500.0
639698.62185 3625451.173925 14500.0
639408.5025500001 3625858.397175 14500.0
639118.3832500001 3626265.620425 14500.0
638828.26395 3626672.843675 14500.0
646254.2618 3615387.696625 14500.0
645964.1425 3615794.919875 14500.0
645674.0231999999 3616202.143125 14500.0
645383.9039 3616609.366375 14500.0
645093.7846 3617016.589625 14500.0
644803.6653 3617423.812875 14500.0
644513.546 3617831.036125 14500.0
644223.4267 3618238.259375 14500.0
643933.3074 3618645.482625 14500.0
643643.1881 3619052.705875 14500.0
643353.0688 3619459.9291250003 14500.0
643062.9495 3619867.152375 14500.0
642772.8302 3620274.375625 14500.0
642482.7109 3620681.598875 14500.0
642192.5916 3621088.822125 14500.0
641902.4723 3621496.045375 14500.0
641612.353 3621903.268625 14500.0
641322.2337 3622310.491875 14500.0
641032.1144 3622717.715125 14500.0
640741.9951 3623124.938375 14500.0
640451.8758 3623532.161625 14500.0
640161.7565 3623939.384875 14500.0
639871.6372 3624346.6081250003 14500.0
639581.5179 3624753.831375 14500.0
639291.3986 3625161.054625 14500.0
639001.2793 3625568.277875 14500.0
638711.16 3625975.501125 14500.0
638421.0407 3626382.724375 14500.0
645847.0385499999 3615097.577325 14500.0
645556.9192499999 3615504.8005750002 14500.0
645266.7999499999 3615912.023825 14500.0
644976.68065 3616319.2470750003 14500.0
644686.56135 3616726.470325 14500.0
644396.44205 3617133.693575 14500.0
644106.3227499999 3617540.916825 14500.0
643816.2034499999 3617948.140075 14500.0
643526.08415 3618355.3633250003 14500.0
643235.96485 3618762.586575 14500.0
642945.84555 3619169.8098250004 14500.0
642655.72625 3619577.033075 14500.0
642365.6069499999 3619984.256325 14500.0
642075.4876499999 3620391.4795750002 14500.0
641785.36835 3620798.702825 14500.0
641495.24905 3621205.9260750003 14500.0
641205.12975 3621613.149325 14500.0
640915.01045 3622020.372575 14500.0
640624.8911499999 3622427.595825 14500.0
640334.7718499999 3622834.819075 14500.0
640044.65255 3623242.0423250003 14500.0
639754.53325 3623649.265575 14500.0
639464.41395 3624056.4888250004 14500.0
639174.2946499999 3624463.712075 14500.0
638884.1753499999 3624870.935325 14500.0
638594.05605 3625278.1585750002 14500.0
638303.93675 3625685.381825 14500.0
638013.81745 3626092.6050750003 14500.0
645439.8153 3614807.4580249996 14500.0
645149.696 3615214.681275 14500.0
644859.5767 3615621.9045249997 14500.0
644569.4574000001 3616029.127775 14500.0
644279.3381 3616436.3510249997 14500.0
643989.2188 3616843.5742749996 14500.0
643699.0995 3617250.797525 14500.0
643408.9802 3617658.0207749996 14500.0
643118.8609000001 3618065.244025 14500.0
642828.7416000001 3618472.4672749997 14500.0
642538.6223 3618879.690525 14500.0
642248.503 3619286.913775 14500.0
641958.3837 3619694.1370249996 14500.0
641668.2644 3620101.360275 14500.0
641378.1451000001 3620508.5835249997 14500.0
641088.0258000001 3620915.806775 14500.0
640797.9065 3621323.0300249998 14500.0
640507.7872 3621730.2532749996 14500.0
640217.6679 3622137.476525 14500.0
639927.5486 3622544.6997749996 14500.0
639637.4293000001 3622951.923025 14500.0
639347.31 3623359.1462749997 14500.0
639057.1907 3623766.369525 14500.0
638767.0714 3624173.592775 14500.0
638476.9521 3624580.8160249996 14500.0
638186.8328000001 3624988.039275 14500.0
637896.7135000001 3625395.2625249997 14500.0
637606.5942 3625802.485775 14500.0
645032.59205 3614517.3387249997 14500.0
644742.47275 3614924.561975 14500.0
644452.3534499999 3615331.7852249998 14500.0
644162.23415 3615739.008475 14500.0
643872.11485 3616146.231725 14500.0
643581.99555 3616553.4549749997 14500.0
643291.87625 3616960.678225 14500.0
643001.75695 3617367.9014749997 14500.0
642711.63765 3617775.124725 14500.0
642421.51835 3618182.347975 14500.0
642131.39905 3618589.571225 14500.0
641841.27975 3618996.794475 14500.0
641551.16045 3619404.0177249997 14500.0
641261.04115 3619811.240975 14500.0
640970.92185 3620218.464225 14500.0
640680.80255 3620625.687475 14500.0
640390.68325 3621032.910725 14500.0
640100.56395 3621440.1339749997 14500.0
639810.44465 3621847.357225 14500.0
639520.3253499999 3622254.5804749997 14500.0
639230.20605 3622661.803725 14500.0
638940.08675 3623069.026975 14500.0
638649.96745 3623476.250225 14500.0
638359.84815 3623883.473475 14500.0
638069.72885 3624290.6967249997 14500.0
637779.60955 3624697.919975 14500.0
637489.49025 3625105.143225 14500.0
637199.37095 3625512.366475 14500.0
644625.3687999999 3614227.219425 14500.0
644335.2494999999 3614634.442675 14500.0
644045.1301999999 3615041.665925 14500.0
643755.0109 3615448.889175 14500.0
643464.8916 3615856.112425 14500.0
643174.7723 3616263.3356749997 14500.0
642884.6529999999 3616670.558925 14500.0
642594.5336999999 3617077.782175 14500.0
642304.4144 3617485.005425 14500.0
642014.2951 3617892.228675 14500.0
641724.1758 3618299.451925 14500.0
641434.0565 3618706.675175 14500.0
641143.9371999999 3619113.898425 14500.0
640853.8178999999 3619521.121675 14500.0
640563.6986 3619928.344925 14500.0
640273.5793 3620335.568175 14500.0
639983.46 3620742.791425 14500.0
639693.3407 3621150.0146749998 14500.0
639403.2213999999 3621557.237925 14500.0
639113.1020999999 3621964.461175 14500.0
638822.9828 3622371.684425 14500.0
638532.8635 3622778.907675 14500.0
638242.7442 3623186.130925 14500.0
637952.6248999999 3623593.354175 14500.0
637662.5055999999 3624000.577425 14500.0
637372.3863 3624407.800675 14500.0
637082.267 3624815.023925 14500.0
636792.1477 3625222.247175 14500.0
644218.14555 3613937.100125 14500.0
643928.02625 3614344.323375 14500.0
643637.90695 3614751.546625 14500.0
643347.7876500001 3615158.769875 14500.0
643057.66835 3615565.993125 14500.0
642767.54905 3615973.216375 14500.0
642477.42975 3616380.439625 14500.0
642187.31045 3616787.662875 14500.0
641897.1911500001 3617194.886125 14500.0
641607.0718500001 3617602.109375 14500.0
641316.95255 3618009.3326250003 14500.0
641026.83325 3618416.555875 14500.0
640736.71395 3618823.779125 14500.0
640446.59465 3619231.002375 14500.0
640156.4753500001 3619638.225625 14500.0
639866.3560500001 3620045.4488750002 14500.0
639576.23675 3620452.672125 14500.0
639286.11745 3620859.895375 14500.0
638995.99815 3621267.118625 14500.0
638705.87885 3621674.341875 14500.0
638415.7595500001 3622081.565125 14500.0
638125.64025 3622488.788375 14500.0
637835.52095 3622896.0116250003 14500.0
637545.40165 3623303.234875 14500.0
637255.28235 3623710.458125 14500.0
636965.1630500001 3624117.681375 14500.0
636675.0437500001 3624524.904625 14500.0
636384.92445 3624932.1278750002 14500.0
643810.9223 3613646.980825 14500.0
643520.803 3614054.2040750002 14500.0
643230.6836999999 3614461.427325 14500.0
642940.5644 3614868.6505750003 14500.0
642650.4451 3615275.873825 14500.0
642360.3258 3615683.097075 14500.0
642070.2065 3616090.320325 14500.0
641780.0872 3616497.543575 14500.0
641489.9679 3616904.7668250003 14500.0
641199.8486 3617311.990075 14500.0
640909.7293 3617719.2133250004 14500.0
640619.61 3618126.436575 14500.0
640329.4907 3618533.659825 14500.0
640039.3714 3618940.8830750003 14500.0
639749.2521 3619348.106325 14500.0
639459.1328 3619755.3295750003 14500.0
639169.0135 3620162.552825 14500.0
638878.8942 3620569.776075 14500.0
638588.7749 3620976.999325 14500.0
638298.6555999999 3621384.222575 14500.0
638008.5363 3621791.4458250003 14500.0
637718.417 3622198.669075 14500.0
637428.2977 3622605.8923250004 14500.0
637138.1784 3623013.115575 14500.0
636848.0591 3623420.338825 14500.0
636557.9398 3623827.5620750003 14500.0
636267.8205 3624234.785325 14500.0
635977.7012 3624642.0085750003 14500.0
643403.6990499999 3613356.8615249996 14500.0
643113.5797499999 3613764.084775 14500.0
642823.4604499999 3614171.3080249997 14500.0
642533.34115 3614578.531275 14500.0
642243.22185 3614985.7545249998 14500.0
641953.10255 3615392.9777749996 14500.0
641662.9832499999 3615800.201025 14500.0
641372.8639499999 3616207.4242749996 14500.0
641082.74465 3616614.647525 14500.0
640792.62535 3617021.8707749997 14500.0
640502.50605 3617429.094025 14500.0
640212.38675 3617836.317275 14500.0
639922.2674499999 3618243.5405249996 14500.0
639632.1481499999 3618650.763775 14500.0
639342.02885 3619057.9870249997 14500.0
639051.90955 3619465.210275 14500.0
638761.79025 3619872.433525 14500.0
638471.6709499999 3620279.6567749996 14500.0
638181.5516499999 3620686.880025 14500.0
637891.4323499999 3621094.1032749997 14500.0
637601.31305 3621501.326525 14500.0
637311.19375 3621908.5497749997 14500.0
637021.07445 3622315.773025 14500.0
636730.9551499999 3622722.996275 14500.0
636440.8358499999 3623130.2195249996 14500.0
636150.71655 3623537.442775 14500.0
635860.59725 3623944.6660249997 14500.0
635570.47795 3624351.889275 14500.0
642996.4758 3613066.7422249997 14500.0
642706.3565 3613473.965475 14500.0
642416.2372 3613881.188725 14500.0
642126.1179000001 3614288.411975 14500.0
641835.9986 3614695.635225 14500.0
641545.8793 3615102.8584749997 14500.0
641255.76 3615510.081725 14500.0
640965.6407 3615917.3049749997 14500.0
640675.5214000001 3616324.528225 14500.0
640385.4021000001 3616731.751475 14500.0
640095.2828 3617138.974725 14500.0
639805.1635 3617546.197975 14500.0
639515.0442 3617953.4212249997 14500.0
639224.9249 3618360.644475 14500.0
638934.8056000001 3618767.867725 14500.0
638644.6863000001 3619175.090975 14500.0
638354.567 3619582.314225 14500.0
638064.4477 3619989.5374749997 14500.0
637774.3284 3620396.760725 14500.0
637484.2091 3620803.9839749997 14500.0
637194.0898000001 3621211.207225 14500.0
636903.9705 3621618.430475 14500.0
636613.8512 3622025.653725 14500.0
636323.7319 3622432.876975 14500.0
636033.6126 3622840.1002249997 14500.0
635743.4933000001 3623247.323475 14500.0
635453.3740000001 3623654.546725 14500.0
635163.2547 3624061.769975 14500.0
642589.25255 3612776.622925 14500.0
642299.13325 3613183.846175 14500.0
642009.0139499999 3613591.069425 14500.0
641718.89465 3613998.292675 14500.0
641428.77535 3614405.515925 14500.0
641138.65605 3614812.7391749998 14500.0
640848.53675 3615219.962425 14500.0
640558.41745 3615627.185675 14500.0
640268.29815 3616034.408925 14500.0
639978.17885 3616441.632175 14500.0
639688.05955 3616848.855425 14500.0
639397.94025 3617256.078675 14500.0
639107.82095 3617663.301925 14500.0
638817.70165 3618070.525175 14500.0
638527.58235 3618477.748425 14500.0
638237.46305 3618884.971675 14500.0
637947.34375 3619292.194925 14500.0
637657.22445 3619699.4181749998 14500.0
637367.10515 3620106.641425 14500.0
637076.9858499999 3620513.864675 14500.0
636786.86655 3620921.087925 14500.0
636496.74725 3621328.311175 14500.0
636206.62795 3621735.534425 14500.0
635916.50865 3622142.757675 14500.0
635626.38935 3622549.980925 14500.0
635336.27005 3622957.204175 14500.0
635046.15075 3623364.427425 14500.0
634756.03145 3623771.650675 14500.0
642182.0292999999 3612486.503625 14500.0
641891.9099999999 3612893.726875 14500.0
641601.7906999999 3613300.950125 14500.0
641311.6714 3613708.1733750002 14500.0
641021.5521 3614115.396625 14500.0
640731.4328 3614522.619875 14500.0
640441.3134999999 3614929.843125 14500.0
640151.1941999999 3615337.066375 14500.0
639861.0749 3615744.289625 14500.0
639570.9556 3616151.512875 14500.0
639280.8363 3616558.7361250003 14500.0
638990.717 3616965.959375 14500.0
638700.5976999999 3617373.182625 14500.0
638410.4783999999 3617780.405875 14500.0
638120.3591 3618187.629125 14500.0
637830.2398 3618594.8523750002 14500.0
637540.1205 3619002.075625 14500.0
637250.0011999999 3619409.298875 14500.0
636959.8818999999 3619816.522125 14500.0
636669.7625999999 3620223.745375 14500.0
636379.6433 3620630.968625 14500.0
636089.524 3621038.191875 14500.0
635799.4047 3621445.4151250003 14500.0
635509.2853999999 3621852.638375 14500.0
635219.1660999999 3622259.861625 14500.0
634929.0468 3622667.084875 14500.0
634638.9275 3623074.308125 14500.0
634348.8082 3623481.5313750003 14500.0
641774.80605 3612196.384325 14500.0
641484.68675 3612603.6075750003 14500.0
641194.56745 3613010.830825 14500.0
640904.4481500001 3613418.0540750003 14500.0
640614.32885 3613825.277325 14500.0
640324.20955 3614232.500575 14500.0
640034.09025 3614639.723825 14500.0
639743.97095 3615046.947075 14500.0
639453.8516500001 3615454.1703250003 14500.0
639163.7323500001 3615861.393575 14500.0
638873.61305 3616268.6168250004 14500.0
638583.49375 3616675.840075 14500.0
638293.37445 3617083.063325 14500.0
638003.25515 3617490.2865750003 14500.0
637713.1358500001 3617897.509825 14500.0
637423.0165500001 3618304.7330750003 14500.0
637132.89725 3618711.956325 14500.0
636842.77795 3619119.179575 14500.0
636552.65865 3619526.402825 14500.0
636262.53935 3619933.626075 14500.0
635972.4200500001 3620340.8493250003 14500.0
635682.30075 3620748.072575 14500.0
635392.18145 3621155.2958250004 14500.0
635102.06215 3621562.519075 14500.0
634811.94285 3621969.742325 14500.0
634521.8235500001 3622376.9655750003 14500.0
634231.7042500001 3622784.188825 14500.0
633941.58495 3623191.4120750003 14500.0
641367.5828 3611906.2650249996 14500.0
641077.4635 3612313.488275 14500.0
640787.3441999999 3612720.7115249997 14500.0
640497.2249 3613127.934775 14500.0
640207.1056 3613535.158025 14500.0
639916.9863 3613942.3812749996 14500.0
639626.867 3614349.604525 14500.0
639336.7477 3614756.8277749997 14500.0
639046.6284 3615164.051025 14500.0
638756.5091 3615571.2742749997 14500.0
638466.3898 3615978.497525 14500.0
638176.2705 3616385.720775 14500.0
637886.1512 3616792.9440249996 14500.0
637596.0319 3617200.167275 14500.0
637305.9126 3617607.3905249997 14500.0
637015.7933 3618014.613775 14500.0
636725.674 3618421.837025 14500.0
636435.5547 3618829.0602749996 14500.0
636145.4354 3619236.283525 14500.0
635855.3160999999 3619643.5067749997 14500.0
635565.1968 3620050.730025 14500.0
635275.0775 3620457.9532749997 14500.0
634984.9582 3620865.176525 14500.0
634694.8389 3621272.399775 14500.0
634404.7196 3621679.6230249996 14500.0
634114.6003 3622086.846275 14500.0
633824.481 3622494.0695249997 14500.0
633534.3617 3622901.292775 14500.0
652362.61055 3619739.486125 15000.0
652072.49125 3620146.709375 15000.0
651782.37195 3620553.932625 15000.0
651492.25265 3620961.155875 15000.0
651202.13335 3621368.379125 15000.0
650912.01405 3621775.602375 15000.0
650621.89475 3622182.825625 15000.0
650331.77545 3622590.048875 15000.0
650041.65615 3622997.272125 15000.0
649751.53685 3623404.495375 15000.0
649461.41755 3623811.718625 15000.0
649171.29825 3624218.941875 15000.0
648881.17895 3624626.165125 15000.0
648591.05965 3625033.388375 15000.0
648300.94035 3625440.611625 15000.0
648010.82105 3625847.834875 15000.0
647720.70175 3626255.058125 15000.0
647430.58245 3626662.281375 15000.0
647140.46315 3627069.504625 15000.0
646850.34385 3627476.727875 15000.0
646560.22455 3627883.951125 15000.0
646270.10525 3628291.174375 15000.0
645979.98595 3628698.397625 15000.0
645689.86665 3629105.620875 15000.0
645399.74735 3629512.844125 15000.0
645109.62805 3629920.067375 15000.0
644819.50875 3630327.290625 15000.0
644529.38945 3630734.513875 15000.0
651955.3873 3619449.366825 15000.0
651665.2679999999 3619856.590075 15000.0
651375.1486999999 3620263.813325 15000.0
651085.0294 3620671.0365750003 15000.0
650794.9101 3621078.259825 15000.0
650504.7908 3621485.483075 15000.0
650214.6714999999 3621892.706325 15000.0
649924.5521999999 3622299.929575 15000.0
649634.4329 3622707.152825 15000.0
649344.3136 3623114.376075 15000.0
649054.1943 3623521.5993250003 15000.0
648764.075 3623928.822575 15000.0
648473.9556999999 3624336.045825 15000.0
648183.8363999999 3624743.269075 15000.0
647893.7171 3625150.492325 15000.0
647603.5978 3625557.7155750003 15000.0
647313.4785 3625964.938825 15000.0
647023.3592 3626372.162075 15000.0
646733.2398999999 3626779.385325 15000.0
646443.1205999999 3627186.608575 15000.0
646153.0013 3627593.8318250002 15000.0
645862.882 3628001.055075 15000.0
645572.7627 3628408.2783250003 15000.0
645282.6434 3628815.501575 15000.0
644992.5240999999 3629222.724825 15000.0
644702.4048 3629629.948075 15000.0
644412.2855 3630037.171325 15000.0
644122.1662 3630444.3945750003 15000.0
651548.16405 3619159.247525 15000.0
651258.04475 3619566.4707750003 15000.0
650967.92545 3619973.694025 15000.0
650677.8061500001 3620380.9172750004 15000.0
650387.68685 3620788.140525 15000.0
650097.56755 3621195.363775 15000.0
649807.44825 3621602.5870250002 15000.0
649517.32895 3622009.810275 15000.0
649227.2096500001 3622417.0335250003 15000.0
648937.0903500001 3622824.256775 15000.0
648646.97105 3623231.4800250004 15000.0
648356.85175 3623638.703275 15000.0
648066.73245 3624045.926525 15000.0
647776.61315 3624453.1497750003 15000.0
647486.4938500001 3624860.373025 15000.0
647196.3745500001 3625267.5962750004 15000.0
646906.25525 3625674.819525 15000.0
646616.13595 3626082.042775 15000.0
646326.01665 3626489.2660250003 15000.0
646035.89735 3626896.489275 15000.0
645745.7780500001 3627303.7125250003 15000.0
645455.6587500001 3627710.935775 15000.0
645165.53945 3628118.1590250004 15000.0
644875.42015 3628525.382275 15000.0
644585.30085 3628932.605525 15000.0
644295.1815500001 3629339.8287750003 15000.0
644005.0622500001 3629747.052025 15000.0
643714.94295 3630154.2752750004 15000.0
651140.9408 3618869.1282249996 15000.0
650850.8215 3619276.351475 15000.0
650560.7021999999 3619683.5747249997 15000.0
650270.5829 3620090.797975 15000.0
649980.4636 3620498.021225 15000.0
649690.3443 3620905.2444749996 15000.0
649400.225 3621312.467725 15000.0
649110.1057 3621719.6909749997 15000.0
648819.9864 3622126.914225 15000.0
648529.8671 3622534.1374749998 15000.0
648239.7478 3622941.360725 15000.0
647949.6285 3623348.583975 15000.0
647659.5092 3623755.8072249996 15000.0
647369.3899 3624163.030475 15000.0
647079.2706 3624570.2537249997 15000.0
646789.1513 3624977.476975 15000.0
646499.032 3625384.700225 15000.0
646208.9127 3625791.9234749996 15000.0
645918.7934 3626199.146725 15000.0
645628.6741 3626606.3699749997 15000.0
645338.5548 3627013.593225 15000.0
645048.4355 3627420.8164749998 15000.0
644758.3162 3627828.039725 15000.0
644468.1969 3628235.262975 15000.0
644178.0776 3628642.4862249997 15000.0
643887.9583 3629049.709475 15000.0
643597.839 3629456.9327249997 15000.0
643307.7197 3629864.155975 15000.0
650733.71755 3618579.0089249997 15000.0
650443.5982499999 3618986.232175 15000.0
650153.4789499999 3619393.455425 15000.0
649863.35965 3619800.678675 15000.0
649573.24035 3620207.901925 15000.0
649283.12105 3620615.1251749997 15000.0
648993.0017499999 3621022.348425 15000.0
648702.8824499999 3621429.571675 15000.0
648412.76315 3621836.794925 15000.0
648122.64385 3622244.018175 15000.0
647832.52455 3622651.241425 15000.0
647542.40525 3623058.464675 15000.0
647252.2859499999 3623465.6879249997 15000.0
646962.1666499999 3623872.911175 15000.0
646672.04735 3624280.134425 15000.0
646381.92805 3624687.357675 15000.0
646091.80875 3625094.580925 15000.0
645801.68945 3625501.8041749997 15000.0
645511.5701499999 3625909.027425 15000.0
645221.4508499999 3626316.250675 15000.0
644931.33155 3626723.473925 15000.0
644641.21225 3627130.697175 15000.0
644351.09295 3627537.920425 15000.0
644060.9736499999 3627945.143675 15000.0
643770.8543499999 3628352.3669249997 15000.0
643480.73505 3628759.590175 15000.0
643190.61575 3629166.813425 15000.0
642900.49645 3629574.036675 15000.0
650326.4943 3618288.889625 15000.0
650036.375 3618696.112875 15000.0
649746.2557 3619103.336125 15000.0
649456.1364000001 3619510.559375 15000.0
649166.0171 3619917.782625 15000.0
648875.8978 3620325.005875 15000.0
648585.7785 3620732.229125 15000.0
648295.6592 3621139.452375 15000.0
648005.5399000001 3621546.675625 15000.0
647715.4206000001 3621953.898875 15000.0
647425.3013 3622361.122125 15000.0
647135.182 3622768.345375 15000.0
646845.0627 3623175.568625 15000.0
646554.9434 3623582.791875 15000.0
646264.8241000001 3623990.015125 15000.0
645974.7048000001 3624397.238375 15000.0
645684.5855 3624804.461625 15000.0
645394.4662 3625211.684875 15000.0
645104.3469 3625618.908125 15000.0
644814.2276 3626026.131375 15000.0
644524.1083000001 3626433.354625 15000.0
644233.9890000001 3626840.577875 15000.0
643943.8697 3627247.801125 15000.0
643653.7504 3627655.024375 15000.0
643363.6311 3628062.247625 15000.0
643073.5118000001 3628469.470875 15000.0
642783.3925000001 3628876.694125 15000.0
642493.2732 3629283.917375 15000.0
649919.27105 3617998.770325 15000.0
649629.15175 3618405.993575 15000.0
649339.0324499999 3618813.216825 15000.0
649048.91315 3619220.4400750003 15000.0
648758.79385 3619627.663325 15000.0
648468.67455 3620034.886575 15000.0
648178.55525 3620442.109825 15000.0
647888.43595 3620849.333075 15000.0
647598.31665 3621256.5563250002 15000.0
647308.19735 3621663.779575 15000.0
647018.07805 3622071.0028250003 15000.0
646727.95875 3622478.226075 15000.0
646437.83945 3622885.449325 15000.0
646147.72015 3623292.672575 15000.0
645857.60085 3623699.895825 15000.0
645567.48155 3624107.1190750003 15000.0
645277.36225 3624514.342325 15000.0
644987.24295 3624921.565575 15000.0
644697.12365 3625328.788825 15000.0
644407.00435 3625736.012075 15000.0
644116.88505 3626143.2353250002 15000.0
643826.76575 3626550.458575 15000.0
643536.64645 3626957.6818250003 15000.0
643246.52715 3627364.905075 15000.0
642956.40785 3627772.128325 15000.0
642666.28855 3628179.351575 15000.0
642376.16925 3628586.574825 15000.0
642086.04995 3628993.7980750003 15000.0
649512.0478 3617708.651025 15000.0
649221.9284999999 3618115.8742750003 15000.0
648931.8091999999 3618523.097525 15000.0
648641.6899 3618930.3207750004 15000.0
648351.5706 3619337.544025 15000.0
648061.4513 3619744.767275 15000.0
647771.3319999999 3620151.9905250003 15000.0
647481.2126999999 3620559.213775 15000.0
647191.0934 3620966.4370250003 15000.0
646900.9741 3621373.660275 15000.0
646610.8548 3621780.8835250004 15000.0
646320.7355 3622188.106775 15000.0
646030.6161999999 3622595.330025 15000.0
645740.4968999999 3623002.5532750003 15000.0
645450.3776 3623409.776525 15000.0
645160.2583 3623816.9997750004 15000.0
644870.139 3624224.223025 15000.0
644580.0197 3624631.446275 15000.0
644289.9003999999 3625038.6695250003 15000.0
643999.7810999999 3625445.892775 15000.0
643709.6618 3625853.1160250003 15000.0
643419.5425 3626260.339275 15000.0
643129.4232 3626667.5625250004 15000.0
642839.3038999999 3627074.785775 15000.0
642549.1845999999 3627482.009025 15000.0
642259.0653 3627889.2322750003 15000.0
641968.946 3628296.455525 15000.0
641678.8267 3628703.6787750004 15000.0
649104.82455 3617418.5317249997 15000.0
648814.70525 3617825.754975 15000.0
648524.58595 3618232.9782249997 15000.0
648234.4666500001 3618640.201475 15000.0
647944.34735 3619047.424725 15000.0
647654.22805 3619454.6479749996 15000.0
647364.10875 3619861.871225 15000.0
647073.98945 3620269.0944749997 15000.0
646783.8701500001 3620676.317725 15000.0
646493.7508500001 3621083.540975 15000.0
646203.63155 3621490.764225 15000.0
645913.51225 3621897.987475 15000.0
645623.39295 3622305.2107249997 15000.0
645333.27365 3622712.433975 15000.0
645043.1543500001 3623119.6572249997 15000.0
644753.0350500001 3623526.880475 15000.0
644462.91575 3623934.103725 15000.0
644172.79645 3624341.3269749996 15000.0
643882.67715 3624748.550225 15000.0
643592.55785 3625155.7734749997 15000.0
643302.4385500001 3625562.996725 15000.0
643012.3192500001 3625970.219975 15000.0
642722.19995 3626377.443225 15000.0
642432.08065 3626784.666475 15000.0
642141.96135 3627191.8897249997 15000.0
641851.8420500001 3627599.112975 15000.0
641561.7227500001 3628006.3362249997 15000.0
641271.60345 3628413.559475 15000.0
648697.6013 3617128.4124249998 15000.0
648407.482 3617535.635675 15000.0
648117.3626999999 3617942.858925 15000.0
647827.2434 3618350.082175 15000.0
647537.1241 3618757.305425 15000.0
647247.0048 3619164.5286749997 15000.0
646956.8855 3619571.751925 15000.0
646666.7662 3619978.975175 15000.0
646376.6469 3620386.198425 15000.0
646086.5276 3620793.421675 15000.0
645796.4083 3621200.644925 15000.0
645506.289 3621607.868175 15000.0
645216.1697 3622015.0914249998 15000.0
644926.0504 3622422.314675 15000.0
644635.9311 3622829.537925 15000.0
644345.8118 3623236.761175 15000.0
644055.6925 3623643.984425 15000.0
643765.5732 3624051.2076749997 15000.0
643475.4539 3624458.430925 15000.0
643185.3346 3624865.654175 15000.0
642895.2153 3625272.877425 15000.0
642605.096 3625680.100675 15000.0
642314.9767 3626087.323925 15000.0
642024.8574 3626494.547175 15000.0
641734.7381 3626901.7704249998 15000.0
641444.6188 3627308.993675 15000.0
641154.4995 3627716.216925 15000.0
640864.3802 3628123.440175 15000.0
648290.3780499999 3616838.293125 15000.0
648000.2587499999 3617245.516375 15000.0
647710.1394499999 3617652.739625 15000.0
647420.02015 3618059.962875 15000.0
647129.90085 3618467.186125 15000.0
646839.78155 3618874.409375 15000.0
646549.6622499999 3619281.632625 15000.0
646259.5429499999 3619688.855875 15000.0
645969.42365 3620096.079125 15000.0
645679.30435 3620503.302375 15000.0
645389.18505 3620910.5256250002 15000.0
645099.06575 3621317.748875 15000.0
644808.9464499999 3621724.972125 15000.0
644518.8271499999 3622132.195375 15000.0
644228.70785 3622539.418625 15000.0
643938.58855 3622946.641875 15000.0
643648.46925 3623353.865125 15000.0
643358.34995 3623761.088375 15000.0
643068.2306499999 3624168.311625 15000.0
642778.1113499999 3624575.534875 15000.0
642487.99205 3624982.758125 15000.0
642197.87275 3625389.981375 15000.0
641907.75345 3625797.2046250002 15000.0
641617.6341499999 3626204.427875 15000.0
641327.5148499999 3626611.651125 15000.0
641037.39555 3627018.874375 15000.0
640747.27625 3627426.097625 15000.0
640457.15695 3627833.320875 15000.0
647883.1548 3616548.173825 15000.0
647593.0355 3616955.397075 15000.0
647302.9162 3617362.620325 15000.0
647012.7969000001 3617769.8435750003 15000.0
646722.6776 3618177.066825 15000.0
646432.5583 3618584.290075 15000.0
646142.439 3618991.513325 15000.0
645852.3197 3619398.736575 15000.0
645562.2004000001 3619805.9598250003 15000.0
645272.0811000001 3620213.183075 15000.0
644981.9618 3620620.4063250003 15000.0
644691.8425 3621027.629575 15000.0
644401.7232 3621434.852825 15000.0
644111.6039 3621842.076075 15000.0
643821.4846000001 3622249.299325 15000.0
643531.3653000001 3622656.5225750003 15000.0
643241.246 3623063.745825 15000.0
642951.1267 3623470.969075 15000.0
642661.0074 3623878.192325 15000.0
642370.8881 3624285.415575 15000.0
642080.7688000001 3624692.6388250003 15000.0
641790.6495 3625099.862075 15000.0
641500.5302 3625507.0853250003 15000.0
641210.4109 3625914.308575 15000.0
640920.2916 3626321.531825 15000.0
640630.1723000001 3626728.755075 15000.0
640340.0530000001 3627135.978325 15000.0
640049.9337 3627543.2015750003 15000.0
647475.93155 3616258.054525 15000.0
647185.81225 3616665.2777750003 15000.0
646895.6929499999 3617072.501025 15000.0
646605.57365 3617479.7242750004 15000.0
646315.45435 3617886.947525 15000.0
646025.33505 3618294.170775 15000.0
645735.21575 3618701.3940250003 15000.0
645445.09645 3619108.617275 15000.0
645154.97715 3619515.8405250004 15000.0
644864.85785 3619923.063775 15000.0
644574.73855 3620330.2870250004 15000.0
644284.61925 3620737.5102750002 15000.0
643994.49995 3621144.733525 15000.0
643704.38065 3621551.9567750003 15000.0
643414.26135 3621959.180025 15000.0
643124.14205 3622366.4032750004 15000.0
642834.02275 3622773.626525 15000.0
642543.90345 3623180.849775 15000.0
642253.78415 3623588.0730250003 15000.0
641963.66485 3623995.296275 15000.0
641673.54555 3624402.5195250004 15000.0
641383.42625 3624809.742775 15000.0
641093.30695 3625216.9660250004 15000.0
640803.18765 3625624.1892750002 15000.0
640513.06835 3626031.412525 15000.0
640222.94905 3626438.6357750003 15000.0
639932.82975 3626845.859025 15000.0
639642.71045 3627253.0822750004 15000.0
647068.7082999999 3615967.9352249997 15000.0
646778.5889999999 3616375.158475 15000.0
646488.4696999999 3616782.3817249998 15000.0
646198.3504 3617189.604975 15000.0
645908.2311 3617596.828225 15000.0
645618.1118 3618004.0514749996 15000.0
645327.9924999999 3618411.274725 15000.0
645037.8731999999 3618818.4979749997 15000.0
644747.7539 3619225.721225 15000.0
644457.6346 3619632.944475 15000.0
644167.5153 3620040.167725 15000.0
643877.396 3620447.390975 15000.0
643587.2766999999 3620854.6142249997 15000.0
643297.1573999999 3621261.837475 15000.0
643007.0381 3621669.0607249998 15000.0
642716.9188 3622076.283975 15000.0
642426.7995 3622483.507225 15000.0
642136.6802 3622890.7304749996 15000.0
641846.5608999999 3623297.953725 15000.0
641556.4415999999 3623705.1769749997 15000.0
641266.3223 3624112.400225 15000.0
640976.203 3624519.623475 15000.0
640686.0837 3624926.846725 15000.0
640395.9643999999 3625334.069975 15000.0
640105.8450999999 3625741.2932249997 15000.0
639815.7258 3626148.516475 15000.0
639525.6065 3626555.7397249998 15000.0
639235.4872 3626962.962975 15000.0
646661.48505 3615677.815925 15000.0
646371.36575 3616085.039175 15000.0
646081.24645 3616492.262425 15000.0
645791.1271500001 3616899.485675 15000.0
645501.00785 3617306.708925 15000.0
645210.88855 3617713.9321749997 15000.0
644920.76925 3618121.155425 15000.0
644630.64995 3618528.378675 15000.0
644340.5306500001 3618935.601925 15000.0
644050.4113500001 3619342.825175 15000.0
643760.29205 3619750.048425 15000.0
643470.17275 3620157.271675 15000.0
643180.05345 3620564.494925 15000.0
642889.93415 3620971.718175 15000.0
642599.8148500001 3621378.941425 15000.0
642309.6955500001 3621786.164675 15000.0
642019.57625 3622193.387925 15000.0
641729.45695 3622600.6111749997 15000.0
641439.33765 3623007.834425 15000.0
641149.21835 3623415.057675 15000.0
640859.0990500001 3623822.280925 15000.0
640568.97975 3624229.504175 15000.0
640278.86045 3624636.727425 15000.0
639988.74115 3625043.950675 15000.0
639698.62185 3625451.173925 15000.0
639408.5025500001 3625858.397175 15000.0
639118.3832500001 3626265.620425 15000.0
638828.26395 3626672.843675 15000.0
646254.2618 3615387.696625 15000.0
645964.1425 3615794.919875 15000.0
645674.0231999999 3616202.143125 15000.0
645383.9039 3616609.366375 15000.0
645093.7846 3617016.589625 15000.0
644803.6653 3617423.812875 15000.0
644513.546 3617831.036125 15000.0
644223.4267 3618238.259375 15000.0
643933.3074 3618645.482625 15000.0
643643.1881 3619052.705875 15000.0
643353.0688 3619459.9291250003 15000.0
643062.9495 3619867.152375 15000.0
642772.8302 3620274.375625 15000.0
642482.7109 3620681.598875 15000.0
642192.5916 3621088.822125 15000.0
641902.4723 3621496.045375 15000.0
641612.353 3621903.268625 15000.0
641322.2337 3622310.491875 15000.0
641032.1144 3622717.715125 15000.0
640741.9951 3623124.938375 15000.0
640451.8758 3623532.161625 15000.0
640161.7565 3623939.384875 15000.0
639871.6372 3624346.6081250003 15000.0
639581.5179 3624753.831375 15000.0
639291.3986 3625161.054625 15000.0
639001.2793 3625568.277875 15000.0
638711.16 3625975.501125 15000.0
638421.0407 3626382.724375 15000.0
645847.0385499999 3615097.577325 15000.0
645556.9192499999 3615504.8005750002 15000.0
645266.7999499999 3615912.023825 15000.0
644976.68065 3616319.2470750003 15000.0
644686.56135 3616726.470325 15000.0
644396.44205 3617133.693575 15000.0
644106.3227499999 3617540.916825 15000.0
643816.2034499999 3617948.140075 15000.0
643526.08415 3618355.3633250003 15000.0
643235.96485 3618762.586575 15000.0
642945.84555 3619169.8098250004 15000.0
642655.72625 3619577.033075 15000.0
642365.6069499999 3619984.256325 15000.0
642075.4876499999 3620391.4795750002 15000.0
641785.36835 3620798.702825 15000.0
641495.24905 3621205.9260750003 15000.0
641205.12975 3621613.149325 15000.0
640915.01045 3622020.372575 15000.0
640624.8911499999 3622427.595825 15000.0
640334.7718499999 3622834.819075 15000.0
640044.65255 3623242.0423250003 15000.0
639754.53325 3623649.265575 15000.0
639464.41395 3624056.4888250004 15000.0
639174.2946499999 3624463.712075 15000.0
638884.1753499999 3624870.935325 15000.0
638594.05605 3625278.1585750002 15000.0
638303.93675 3625685.381825 15000.0
638013.81745 3626092.6050750003 15000.0
645439.8153 3614807.4580249996 15000.0
645149.696 3615214.681275 15000.0
644859.5767 3615621.9045249997 15000.0
644569.4574000001 3616029.127775 15000.0
644279.3381 3616436.3510249997 15000.0
643989.2188 3616843.5742749996 15000.0
643699.0995 3617250.797525 15000.0
643408.9802 3617658.0207749996 15000.0
643118.8609000001 3618065.244025 15000.0
642828.7416000001 3618472.4672749997 15000.0
642538.6223 3618879.690525 15000.0
642248.503 3619286.913775 15000.0
641958.3837 3619694.1370249996 15000.0
641668.2644 3620101.360275 15000.0
641378.1451000001 3620508.5835249997 15000.0
641088.0258000001 3620915.806775 15000.0
640797.9065 3621323.0300249998 15000.0
640507.7872 3621730.2532749996 15000.0
640217.6679 3622137.476525 15000.0
639927.5486 3622544.6997749996 15000.0
639637.4293000001 3622951.923025 15000.0
639347.31 3623359.1462749997 15000.0
639057.1907 3623766.369525 15000.0
638767.0714 3624173.592775 15000.0
638476.9521 3624580.8160249996 15000.0
638186.8328000001 3624988.039275 15000.0
637896.7135000001 3625395.2625249997 15000.0
637606.5942 3625802.485775 15000.0
645032.59205 3614517.3387249997 15000.0
644742.47275 3614924.561975 15000.0
644452.3534499999 3615331.7852249998 15000.0
644162.23415 3615739.008475 15000.0
643872.11485 3616146.231725 15000.0
643581.99555 3616553.4549749997 15000.0
643291.87625 3616960.678225 15000.0
643001.75695 3617367.9014749997 15000.0
642711.63765 3617775.124725 15000.0
642421.51835 3618182.347975 15000.0
642131.39905 3618589.571225 15000.0
641841.27975 3618996.794475 15000.0
641551.16045 3619404.0177249997 15000.0
641261.04115 3619811.240975 15000.0
640970.92185 3620218.464225 15000.0
640680.80255 3620625.687475 15000.0
640390.68325 3621032.910725 15000.0
640100.56395 3621440.1339749997 15000.0
639810.44465 3621847.357225 15000.0
639520.3253499999 3622254.5804749997 15000.0
639230.20605 3622661.803725 15000.0
638940.08675 3623069.026975 15000.0
638649.96745 3623476.250225 15000.0
638359.84815 3623883.473475 15000.0
638069.72885 3624290.6967249997 15000.0
637779.60955 3624697.919975 15000.0
637489.49025 3625105.143225 15000.0
637199.37095 3625512.366475 15000.0
644625.3687999999 3614227.219425 15000.0
644335.2494999999 3614634.442675 15000.0
644045.1301999999 3615041.665925 15000.0
643755.0109 3615448.889175 15000.0
643464.8916 3615856.112425 15000.0
643174.7723 3616263.3356749997 15000.0
642884.6529999999 3616670.558925 15000.0
642594.5336999999 3617077.782175 15000.0
642304.4144 3617485.005425 15000.0
642014.2951 3617892.228675 15000.0
641724.1758 3618299.451925 15000.0
641434.0565 3618706.675175 15000.0
641143.9371999999 3619113.898425 15000.0
640853.8178999999 3619521.121675 15000.0
640563.6986 3619928.344925 15000.0
640273.5793 3620335.568175 15000.0
639983.46 3620742.791425 15000.0
639693.3407 3621150.0146749998 15000.0
639403.2213999999 3621557.237925 15000.0
639113.1020999999 3621964.461175 15000.0
638822.9828 3622371.684425 15000.0
638532.8635 3622778.907675 15000.0
638242.7442 3623186.130925 15000.0
637952.6248999999 3623593.354175 15000.0
637662.5055999999 3624000.577425 15000.0
637372.3863 3624407.800675 15000.0
637082.267 3624815.023925 15000.0
636792.1477 3625222.247175 15000.0
644218.14555 3613937.100125 15000.0
643928.02625 3614344.323375 15000.0
643637.90695 3614751.546625 15000.0
643347.7876500001 3615158.769875 15000.0
643057.66835 3615565.993125 15000.0
642767.54905 3615973.216375 15000.0
642477.42975 3616380.439625 15000.0
642187.31045 3616787.662875 15000.0
641897.1911500001 3617194.886125 15000.0
641607.0718500001 3617602.109375 15000.0
641316.95255 3618009.3326250003 15000.0
641026.83325 3618416.555875 15000.0
640736.71395 3618823.779125 15000.0
640446.59465 3619231.002375 15000.0
640156.4753500001 3619638.225625 15000.0
639866.3560500001 3620045.4488750002 15000.0
639576.23675 3620452.672125 15000.0
639286.11745 3620859.895375 15000.0
638995.99815 3621267.118625 15000.0
638705.87885 3621674.341875 15000.0
638415.7595500001 3622081.565125 15000.0
638125.64025 3622488.788375 15000.0
637835.52095 3622896.0116250003 15000.0
637545.40165 3623303.234875 15000.0
637255.28235 3623710.458125 15000.0
636965.1630500001 3624117.681375 15000.0
636675.0437500001 3624524.904625 15000.0
636384.92445 3624932.1278750002 15000.0
643810.9223 3613646.980825 15000.0
643520.803 3614054.2040750002 15000.0
643230.6836999999 3614461.427325 15000.0
642940.5644 3614868.6505750003 15000.0
642650.4451 3615275.873825 15000.0
642360.3258 3615683.097075 15000.0
642070.2065 3616090.320325 15000.0
641780.0872 3616497.543575 15000.0
641489.9679 3616904.7668250003 15000.0
641199.8486 3617311.990075 15000.0
640909.7293 3617719.2133250004 15000.0
640619.61 3618126.436575 15000.0
640329.4907 3618533.659825 15000.0
640039.3714 3618940.8830750003 15000.0
639749.2521 3619348.106325 15000.0
639459.1328 3619755.3295750003 15000.0
639169.0135 3620162.552825 15000.0
638878.8942 3620569.776075 15000.0
638588.7749 3620976.999325 15000.0
638298.6555999999 3621384.222575 15000.0
638008.5363 3621791.4458250003 15000.0
637718.417 3622198.669075 15000.0
637428.2977 3622605.8923250004 15000.0
637138.1784 3623013.115575 15000.0
636848.0591 3623420.338825 15000.0
636557.9398 3623827.5620750003 15000.0
636267.8205 3624234.785325 15000.0
635977.7012 3624642.0085750003 15000.0
643403.6990499999 3613356.8615249996 15000.0
643113.5797499999 3613764.084775 15000.0
642823.4604499999 3614171.3080249997 15000.0
642533.34115 3614578.531275 15000.0
642243.22185 3614985.7545249998 15000.0
641953.10255 3615392.9777749996 15000.0
641662.9832499999 3615800.201025 15000.0
641372.8639499999 3616207.4242749996 15000.0
641082.74465 3616614.647525 15000.0
640792.62535 3617021.8707749997 15000.0
640502.50605 3617429.094025 15000.0
640212.38675 3617836.317275 15000.0
639922.2674499999 3618243.5405249996 15000.0
639632.1481499999 3618650.763775 15000.0
639342.02885 3619057.9870249997 15000.0
639051.90955 3619465.210275 15000.0
638761.79025 3619872.433525 15000.0
638471.6709499999 3620279.6567749996 15000.0
638181.5516499999 3620686.880025 15000.0
637891.4323499999 3621094.1032749997 15000.0
637601.31305 3621501.326525 15000.0
637311.19375 3621908.5497749997 15000.0
637021.07445 3622315.773025 15000.0
636730.9551499999 3622722.996275 15000.0
636440.8358499999 3623130.2195249996 15000.0
636150.71655 3623537.442775 15000.0
635860.59725 3623944.6660249997 15000.0
635570.47795 3624351.889275 15000.0
642996.4758 3613066.7422249997 15000.0
642706.3565 3613473.965475 15000.0
642416.2372 3613881.188725 15000.0
642126.1179000001 3614288.411975 15000.0
641835.9986 3614695.635225 15000.0
641545.8793 3615102.8584749997 15000.0
641255.76 3615510.081725 15000.0
640965.6407 3615917.3049749997 15000.0
640675.5214000001 3616324.528225 15000.0
640385.4021000001 3616731.751475 15000.0
640095.2828 3617138.974725 15000.0
639805.1635 3617546.197975 15000.0
639515.0442 3617953.4212249997 15000.0
639224.9249 3618360.644475 15000.0
638934.8056000001 3618767.867725 15000.0
638644.6863000001 3619175.090975 15000.0
638354.567 3619582.314225 15000.0
638064.4477 3619989.5374749997 15000.0
637774.3284 3620396.760725 15000.0
637484.2091 3620803.9839749997 15000.0
637194.0898000001 3621211.207225 15000.0
636903.9705 3621618.430475 15000.0
636613.8512 3622025.653725 15000.0
636323.7319 3622432.876975 15000.0
636033.6126 3622840.1002249997 15000.0
635743.4933000001 3623247.323475 15000.0
635453.3740000001 3623654.546725 15000.0
635163.2547 3624061.769975 15000.0
642589.25255 3612776.622925 15000.0
642299.13325 3613183.846175 15000.0
642009.0139499999 3613591.069425 15000.0
641718.89465 3613998.292675 15000.0
641428.77535 3614405.515925 15000.0
641138.65605 3614812.7391749998 15000.0
640848.53675 3615219.962425 15000.0
640558.41745 3615627.185675 15000.0
640268.29815 3616034.408925 15000.0
639978.17885 3616441.632175 15000.0
639688.05955 3616848.855425 15000.0
639397.94025 3617256.078675 15000.0
639107.82095 3617663.301925 15000.0
638817.70165 3618070.525175 15000.0
638527.58235 3618477.748425 15000.0
638237.46305 3618884.971675 15000.0
637947.34375 3619292.194925 15000.0
637657.22445 3619699.4181749998 15000.0
637367.10515 3620106.641425 15000.0
637076.9858499999 3620513.864675 15000.0
636786.86655 3620921.087925 15000.0
636496.74725 3621328.311175 15000.0
636206.62795 3621735.534425 15000.0
635916.50865 3622142.757675 15000.0
635626.38935 3622549.980925 15000.0
635336.27005 3622957.204175 15000.0
635046.15075 3623364.427425 15000.0
634756.03145 3623771.650675 15000.0
642182.0292999999 3612486.503625 15000.0
641891.9099999999 3612893.726875 15000.0
641601.7906999999 3613300.950125 15000.0
641311.6714 3613708.1733750002 15000.0
641021.5521 3614115.396625 15000.0
640731.4328 3614522.619875 15000.0
640441.3134999999 3614929.843125 15000.0
640151.1941999999 3615337.066375 15000.0
639861.0749 3615744.289625 15000.0
639570.9556 3616151.512875 15000.0
639280.8363 3616558.7361250003 15000.0
638990.717 3616965.959375 15000.0
638700.5976999999 3617373.182625 15000.0
638410.4783999999 3617780.405875 15000.0
638120.3591 3618187.629125 15000.0
637830.2398 3618594.8523750002 15000.0
637540.1205 3619002.075625 15000.0
637250.0011999999 3619409.298875 15000.0
636959.8818999999 3619816.522125 15000.0
636669.7625999999 3620223.745375 15000.0
636379.6433 3620630.968625 15000.0
636089.524 3621038.191875 15000.0
635799.4047 3621445.4151250003 15000.0
635509.2853999999 3621852.638375 15000.0
635219.1660999999 3622259.861625 15000.0
634929.0468 3622667.084875 15000.0
634638.9275 3623074.308125 15000.0
634348.8082 3623481.5313750003 15000.0
641774.80605 3612196.384325 15000.0
641484.68675 3612603.6075750003 15000.0
641194.56745 3613010.830825 15000.0
640904.4481500001 3613418.0540750003 15000.0
640614.32885 3613825.277325 15000.0
640324.20955 3614232.500575 15000.0
640034.09025 3614639.723825 15000.0
639743.97095 3615046.947075 15000.0
639453.8516500001 3615454.1703250003 15000.0
639163.7323500001 3615861.393575 15000.0
638873.61305 3616268.6168250004 15000.0
638583.49375 3616675.840075 15000.0
638293.37445 3617083.063325 15000.0
638003.25515 3617490.2865750003 15000.0
637713.1358500001 3617897.509825 15000.0
637423.0165500001 3618304.7330750003 15000.0
637132.89725 3618711.956325 15000.0
636842.77795 3619119.179575 15000.0
636552.65865 3619526.402825 15000.0
636262.53935 3619933.626075 15000.0
635972.4200500001 3620340.8493250003 15000.0
635682.30075 3620748.072575 15000.0
635392.18145 3621155.2958250004 15000.0
635102.06215 3621562.519075 15000.0
634811.94285 3621969.742325 15000.0
634521.8235500001 3622376.9655750003 15000.0
634231.7042500001 3622784.188825 15000.0
633941.58495 3623191.4120750003 15000.0
641367.5828 3611906.2650249996 15000.0
641077.4635 3612313.488275 15000.0
640787.3441999999 3612720.7115249997 15000.0
640497.2249 3613127.934775 15000.0
640207.1056 3613535.158025 15000.0
639916.9863 3613942.3812749996 15000.0
639626.867 3614349.604525 15000.0
639336.7477 3614756.8277749997 15000.0
639046.6284 3615164.051025 15000.0
638756.5091 3615571.2742749997 15000.0
638466.3898 3615978.497525 15000.0
638176.2705 3616385.720775 15000.0
637886.1512 3616792.9440249996 15000.0
637596.0319 3617200.167275 15000.0
637305.9126 3617607.3905249997 15000.0
637015.7933 3618014.613775 15000.0
636725.674 3618421.837025 15000.0
636435.5547 3618829.0602749996 15000.0
636145.4354 3619236.283525 15000.0
635855.3160999999 3619643.5067749997 15000.0
635565.1968 3620050.730025 15000.0
635275.0775 3620457.9532749997 15000.0
634984.9582 3620865.176525 15000.0
634694.8389 3621272.399775 15000.0
634404.7196 3621679.6230249996 15000.0
634114.6003 3622086.846275 15000.0
633824.481 3622494.0695249997 15000.0
633534.3617 3622901.292775 15000.0
